{
    "t_user_1": {
        "redirect_time": 0.014004622999999994,
        "pkce_time": 5.725700000003e-05,
        "get_access_token_time": 0.013929627999999639,
        "decode_id_token_time": 0.00023017000000002952,
        "complete_login_time": 0.019145258,
        "dispatch_time": 0.05919414099999987
    },
    "t_user_2": {
        "redirect_time": 0.013863538000000064,
        "pkce_time": 4.677799999997e-05,
        "get_access_token_time": 0.0175924890000001,
        "decode_id_token_time": 0.0002339380000000446,
        "complete_login_time": 0.014384340000000329,
        "dispatch_time": 0.05704495699999956
    },
    "t_user_3": {
        "redirect_time": 0.016134601999999942,
        "pkce_time": 5.930100000007e-05,
        "get_access_token_time": 0.0129768290000003,
        "decode_id_token_time": 0.00026678800000023983,
        "complete_login_time": 0.015934724000000067,
        "dispatch_time": 0.05402745900000028
    },
    "t_user_4": {
        "redirect_time": 0.014852093999999982,
        "pkce_time": 6.164500000005e-05,
        "get_access_token_time": 0.01300256400000066,
        "decode_id_token_time": 0.00023519000000060686,
        "complete_login_time": 0.01739247300000013,
        "dispatch_time": 0.056446592999999545
    },
    "t_user_5": {
        "redirect_time": 0.015512579999999998,
        "pkce_time": 5.988200000007e-05,
        "get_access_token_time": 0.01275340399999969,
        "decode_id_token_time": 0.00019875100000010804,
        "complete_login_time": 0.013561723999999664,
        "dispatch_time": 0.05309921799999984
    },
    "t_user_6": {
        "redirect_time": 0.015434418000000005,
        "pkce_time": 7.680300000001e-05,
        "get_access_token_time": 0.012458832000000086,
        "decode_id_token_time": 0.0002312220000000309,
        "complete_login_time": 0.014266188999999763,
        "dispatch_time": 0.05488002199999986
    },
    "t_user_7": {
        "redirect_time": 0.015677457000000006,
        "pkce_time": 5.973199999998e-05,
        "get_access_token_time": 0.012031062000000148,
        "decode_id_token_time": 0.00022915899999986777,
        "complete_login_time": 0.014096107000000302,
        "dispatch_time": 0.04969967000000075
    },
    "t_user_8": {
        "redirect_time": 0.018003295999999946,
        "pkce_time": 5.092500000003e-05,
        "get_access_token_time": 0.012368713000000309,
        "decode_id_token_time": 0.0002696840000000478,
        "complete_login_time": 0.018071153000000173,
        "dispatch_time": 0.05447071999999986
    },
    "t_user_9": {
        "redirect_time": 0.016930392999999988,
        "pkce_time": 5.631500000003e-05
    },
    "t_user_10": {
        "redirect_time": 0.01569905599999999,
        "pkce_time": 5.845900000001e-05,
        "get_access_token_time": 0.012758220000000264,
        "decode_id_token_time": 0.0003082669999994181,
        "complete_login_time": 0.017856639999999757,
        "dispatch_time": 0.055306246999999864
    },
    "t_user_11": {
        "redirect_time": 0.015322422000000113,
        "pkce_time": 5.880000000014e-05,
        "get_access_token_time": 0.012978297000000083,
        "decode_id_token_time": 0.00023921799999993,
        "complete_login_time": 0.015085288999999946,
        "dispatch_time": 0.0560964610000001
    },
    "t_user_12": {
        "redirect_time": 0.015024755,
        "pkce_time": 6.391900000002e-05
    },
    "t_user_13": {
        "redirect_time": 0.015536290000000008,
        "pkce_time": 5.888099999996e-05
    },
    "t_user_14": {
        "redirect_time": 0.015716998000000038,
        "pkce_time": 5.828799999996e-05,
        "get_access_token_time": 0.01209046000000047,
        "decode_id_token_time": 0.00026595799999995506,
        "complete_login_time": 0.014480891999999912,
        "dispatch_time": 0.0503881659999994
    },
    "t_user_15": {
        "redirect_time": 0.01525797799999995,
        "pkce_time": 5.636500000006e-05
    },
    "t_user_16": {
        "redirect_time": 0.014432659999999986,
        "pkce_time": 6.674500000003e-05
    },
    "t_user_17": {
        "redirect_time": 0.016139010999999925,
        "pkce_time": 5.972200000004e-05,
        "dispatch_time": 0.0339448800000004
    },
    "t_user_18": {
        "redirect_time": 0.014632406000000042,
        "pkce_time": 6.197500000016e-05
    },
    "t_user_19": {
        "redirect_time": 0.01468836699999998,
        "pkce_time": 5.879900000005e-05,
        "get_access_token_time": 0.017801788999999957,
        "decode_id_token_time": 0.00025170099999982654,
        "complete_login_time": 0.015174352999999918,
        "dispatch_time": 0.05697736299999967
    },
    "t_user_20": {
        "redirect_time": 0.01844741300000008,
        "pkce_time": 4.732799999996e-05,
        "get_access_token_time": 0.012996303999999625,
        "decode_id_token_time": 0.0002499379999996165,
        "complete_login_time": 0.014527909999999977,
        "dispatch_time": 0.05668373399999993
    },
    "t_user_21": {
        "redirect_time": 0.014956144999999976,
        "pkce_time": 7.671300000012e-05,
        "get_access_token_time": 0.012607637000000338,
        "decode_id_token_time": 0.0002260119999997201,
        "complete_login_time": 0.013822106999999306,
        "dispatch_time": 0.05240209399999962
    },
    "t_user_22": {
        "redirect_time": 0.015264289999999958,
        "pkce_time": 4.771800000003e-05,
        "get_access_token_time": 0.013065072999999927,
        "decode_id_token_time": 0.0006292370000000602,
        "complete_login_time": 0.015141779999999994,
        "dispatch_time": 0.05664548000000025
    },
    "t_user_23": {
        "redirect_time": 0.01681338699999979,
        "pkce_time": 4.700800000013e-05,
        "get_access_token_time": 0.01248860900000004,
        "decode_id_token_time": 0.00024606900000012644,
        "complete_login_time": 0.014109835000000182,
        "dispatch_time": 0.05435355200000025
    },
    "t_user_24": {
        "redirect_time": 0.014650498999999817,
        "pkce_time": 4.908200000009e-05,
        "get_access_token_time": 0.012773211999999923,
        "decode_id_token_time": 0.00025219200000003994,
        "complete_login_time": 0.016047127000000216,
        "dispatch_time": 0.05813374699999985
    },
    "t_user_25": {
        "redirect_time": 0.015542786000000142,
        "pkce_time": 7.091300000006e-05,
        "get_access_token_time": 0.012637612000000686,
        "decode_id_token_time": 0.00023763400000031965,
        "complete_login_time": 0.014607010999999837,
        "dispatch_time": 0.055097423999999506
    },
    "t_user_26": {
        "redirect_time": 0.0187937789999999,
        "pkce_time": 6.479100000001e-05,
        "get_access_token_time": 0.01299041600000006,
        "decode_id_token_time": 0.00025184099999986387,
        "complete_login_time": 0.021113311999999773,
        "dispatch_time": 0.05776663799999948
    },
    "t_user_27": {
        "redirect_time": 0.015417451000000026,
        "pkce_time": 5.144699999993e-05,
        "get_access_token_time": 0.012987058000000218,
        "decode_id_token_time": 0.00029723499999967373,
        "complete_login_time": 0.015118028999999922,
        "dispatch_time": 0.05575101199999999
    },
    "t_user_28": {
        "redirect_time": 0.01489149199999984,
        "pkce_time": 5.788799999995e-05,
        "get_access_token_time": 0.012352871999999238,
        "decode_id_token_time": 0.00024047900000034872,
        "complete_login_time": 0.014642757000000728,
        "dispatch_time": 0.05126524900000007
    },
    "t_user_29": {
        "redirect_time": 0.015823864000000132,
        "pkce_time": 5.308900000012e-05,
        "get_access_token_time": 0.011913181000000606,
        "decode_id_token_time": 0.00024971699999998265,
        "complete_login_time": 0.014831463000000156,
        "dispatch_time": 0.05380034700000014
    },
    "t_user_30": {
        "redirect_time": 0.015147060999999962,
        "pkce_time": 7.21450000003e-05,