{
    "login_method": "saml",
    "test_length": 1,
    "number_of_users_used_in_test": 1,
    "number_of_test_cycles": 10,
    "data": {
        "t_user_1": {
            "redirect_time": [
                0.003704565999999687,
                0.0036358950000003887,
                0.003553532999999831,
                0.003675551999998916,
                0.0036341129999986066,
                0.0036496719999998817,
                0.0036366979999993276,
                0.003592767000000663,
                0.0036437429999995885,
                0.0036366769999993664
            ],
            "build_auth_time": [
                0.0012239379999989808,
                0.0012133470000001978,
                0.0012507180000014273,
                0.0012870459999998474,
                0.0012830889999992934,
                0.00126765899999981,
                0.001264894000000183,
                0.0012471820000001799,
                0.0012674800000009867,
                0.001322371000000544
            ],
            "login_time": [
                0.00245269500000056,
                0.002392351000001014,
                0.0022732299999983496,
                0.0023496439999988183,
                0.0023226110000003075,
                0.0023483689999999058,
                0.0023407060000000257,
                0.0023158490000003695,
                0.002345665999998303,
                0.002276845999999111
            ],
            "acs_dispatch_time": [
                0.004128528000000742,
                0.003970491999998771,
                0.0041795370000006216,
                0.004218875999999483,
                0.004192769000001206,
                0.004621772000000135,
                0.0042339550000001225,
                0.0042131410000010305,
                0.004335171999999332,
                0.00539725099999977
            ],
            "finish_acs_dispatch_time": [
                0.02326821499999987,
                0.022699856999999213,
                0.022471781000000135,
                0.022812741999999275,
                0.02297441999999883,
                0.022371796999999916,
                0.022506875999999565,
                0.023641640999999325,
                0.02649665200000051,
                0.025750766999999897
            ],
            "failed_measurements": 0,
            "failed_measurement_ids": []
        }
    }
}