{
    "t_user_1": {
        "redirect_time": 0.0031009369999999703,
        "build_auth_time": 0.0008738139999999728,
        "login_time": 0.002206705000000031,
        "acs_dispatch_time": 0.004283645000000003,
        "finish_acs_dispatch_time": 0.02016935800000008
    },
    "t_user_2": {
        "redirect_time": 0.003165337999999962,
        "build_auth_time": 0.0008579049999999366,
        "login_time": 0.002284050000000093,
        "acs_dispatch_time": 0.003346504000000028,
        "finish_acs_dispatch_time": 0.016420650000000037
    },
    "t_user_3": {
        "redirect_time": 0.00389613600000005,
        "build_auth_time": 0.0015521830000000403,
        "login_time": 0.002320458999999997,
        "acs_dispatch_time": 0.0028288120000000694,
        "finish_acs_dispatch_time": 0.014874412000000059
    },
    "t_user_4": {
        "redirect_time": 0.003087741999999949,
        "build_auth_time": 0.0008884119999998941,
        "login_time": 0.002178692000000093,
        "acs_dispatch_time": 0.003004997999999981,
        "finish_acs_dispatch_time": 0.016503782000000022
    },
    "t_user_5": {
        "redirect_time": 0.003033189000000047,
        "build_auth_time": 0.0008197910000000697,
        "login_time": 0.0021939519999999435,
        "acs_dispatch_time": 0.003787129,
        "finish_acs_dispatch_time": 0.014883603000000023
    },
    "t_user_6": {
        "redirect_time": 0.0030828809999999818,
        "build_auth_time": 0.0008817580000000103,
        "login_time": 0.0021800039999999576,
        "acs_dispatch_time": 0.002900475999999985,
        "finish_acs_dispatch_time": 0.015545477999999946
    },
    "t_user_7": {
        "redirect_time": 0.003117124999999943,
        "build_auth_time": 0.000839539999999972,
        "login_time": 0.00225460200000005,
        "acs_dispatch_time": 0.0031566619999999768,
        "finish_acs_dispatch_time": 0.015798381999999833
    },
    "t_user_8": {
        "redirect_time": 0.0030141649999999576,
        "build_auth_time": 0.0008373649999999788,
        "login_time": 0.002155520999999938,
        "acs_dispatch_time": 0.0031864770000000764,
        "finish_acs_dispatch_time": 0.016814362999999943
    },
    "t_user_9": {
        "redirect_time": 0.0029855600000001647,
        "build_auth_time": 0.0008097630000001299,
        "login_time": 0.0021556789999999104,
        "acs_dispatch_time": 0.003371452000000108,
        "finish_acs_dispatch_time": 0.01772415999999999
    },
    "t_user_10": {
        "redirect_time": 0.0031376630000001793,
        "build_auth_time": 0.0008760180000000339,
        "login_time": 0.002240596000000039,
        "acs_dispatch_time": 0.0028236379999999617,
        "finish_acs_dispatch_time": 0.01646584700000009
    },
    "t_user_11": {
        "redirect_time": 0.003078694999999909,
        "build_auth_time": 0.000839499999999882,
        "login_time": 0.0022158310000000014,
        "acs_dispatch_time": 0.0030823289999999393,
        "finish_acs_dispatch_time": 0.015968305000000127
    },
    "t_user_12": {
        "redirect_time": 0.0030243850000000183,
        "build_auth_time": 0.0008343100000001158,
        "login_time": 0.0021677330000000605,
        "acs_dispatch_time": 0.00473889999999999,
        "finish_acs_dispatch_time": 0.017892428999999987
    },
    "t_user_13": {
        "redirect_time": 0.0030167690000000302,
        "build_auth_time": 0.0008071880000000142,
        "login_time": 0.002188752000000127,
        "acs_dispatch_time": 0.0036652920000002087,
        "finish_acs_dispatch_time": 0.017121853999999992
    },
    "t_user_14": {
        "redirect_time": 0.003134170000000047,
        "build_auth_time": 0.0009020669999999509,
        "login_time": 0.0022115950000001217,
        "acs_dispatch_time": 0.0036914789999999975,
        "finish_acs_dispatch_time": 0.016478062999999876
    },
    "t_user_15": {
        "redirect_time": 0.0031764270000000927,
        "build_auth_time": 0.0009026570000001399,
        "login_time": 0.002247871999999873,
        "acs_dispatch_time": 0.0028250690000000134,
        "finish_acs_dispatch_time": 0.017263937000000062
    },
    "t_user_16": {
        "redirect_time": 0.003244674999999919,
        "build_auth_time": 0.0009524109999998753,
        "login_time": 0.002268249000000111,
        "acs_dispatch_time": 0.0034743870000002453,
        "finish_acs_dispatch_time": 0.017111106999999848
    },
    "t_user_17": {
        "redirect_time": 0.0030821300000001273,
        "build_auth_time": 0.0008365330000001947,
        "login_time": 0.0022262710000000574,
        "acs_dispatch_time": 0.003235489000000147,
        "finish_acs_dispatch_time": 0.01687877399999982
    },
    "t_user_18": {
        "redirect_time": 0.003032219000000058,
        "build_auth_time": 0.0008005469999998738,
        "login_time": 0.0021850150000002344,
        "acs_dispatch_time": 0.003587997999999981,
        "finish_acs_dispatch_time": 0.016925392000000095
    },
    "t_user_19": {
        "redirect_time": 0.003034350999999713,
        "build_auth_time": 0.0008349399999998397,
        "login_time": 0.002188079000000176,
        "acs_dispatch_time": 0.0028364929999997734,
        "finish_acs_dispatch_time": 0.01681752900000033
    },
    "t_user_20": {
        "redirect_time": 0.003060038999999737,
        "build_auth_time": 0.0008498579999995926,
        "login_time": 0.002189222000000157,
        "acs_dispatch_time": 0.003487282000000036,
        "finish_acs_dispatch_time": 0.01670427100000005
    },
    "t_user_21": {
        "redirect_time": 0.0033877719999999556,
        "build_auth_time": 0.0008912049999998395,
        "login_time": 0.002452234000000164,
        "acs_dispatch_time": 0.00477129800000009,
        "finish_acs_dispatch_time": 0.02065950300000008
    },
    "t_user_22": {
        "redirect_time": 0.003324575000000163,
        "build_auth_time": 0.000836071999999799,
        "login_time": 0.0024431980000003684,
        "acs_dispatch_time": 0.003598825000000083,
        "finish_acs_dispatch_time": 0.017338289000000007
    },
    "t_user_23": {
        "redirect_time": 0.003042729000000133,
        "build_auth_time": 0.0008652080000000062,
        "login_time": 0.0021581040000002716,
        "acs_dispatch_time": 0.004377982999999919,
        "finish_acs_dispatch_time": 0.016893807999999844
    },
    "t_user_24": {
        "redirect_time": 0.003245468000000251,
        "build_auth_time": 0.0009467299999998957,
        "login_time": 0.0022729890000001696,
        "acs_dispatch_time": 0.0034790729999998327,
        "finish_acs_dispatch_time": 0.01826207000000002
    },
    "t_user_25": {
        "redirect_time": 0.003093773000000244,
        "build_auth_time": 0.0008775000000000865,
        "login_time": 0.0021971779999998553,
        "acs_dispatch_time": 0.003350445999999785,
        "finish_acs_dispatch_time": 0.01693967499999971
    },
    "t_user_26": {
        "redirect_time": 0.003167552999999934,
        "build_auth_time": 0.0009487940000001416,
        "login_time": 0.0021985810000000328,
        "acs_dispatch_time": 0.0035163510000000286,
        "finish_acs_dispatch_time": 0.017168405000000053
    },
    "t_user_27": {
        "redirect_time": 0.003342759999999778,
        "build_auth_time": 0.001085718999999763,
        "login_time": 0.0022264039999999596,
        "acs_dispatch_time": 0.003601420999999938,
        "finish_acs_dispatch_time": 0.015996786999999735
    },
    "t_user_28": {
        "redirect_time": 0.0029559959999998497,
        "build_auth_time": 0.0008459909999998239,
        "login_time": 0.0020930430000003497,
        "acs_dispatch_time": 0.0035328149999998004,
        "finish_acs_dispatch_time": 0.016349453000000125
    },
    "t_user_29": {
        "redirect_time": 0.0031187410000002025,
        "build_auth_time": 0.0008843550000001699,
        "login_time": 0.0022082370000000573,
        "acs_dispatch_time": 0.0041056870000000245,
        "finish_acs_dispatch_time": 0.016825836999999844
    },