{
    "t_user_1": {
        "redirect_time": 0.0030601009999999818,
        "build_auth_time": 0.0008461730000000056,
        "login_time": 0.0021894330000000184,
        "acs_dispatch_time": 0.0031685719999999806,
        "finish_acs_dispatch_time": 0.015953444000000094
    },
    "t_user_2": {
        "redirect_time": 0.003041626999999991,
        "build_auth_time": 0.0008385079999999601,
        "login_time": 0.002180818000000029,
        "acs_dispatch_time": 0.003043670000000054,
        "finish_acs_dispatch_time": 0.016761786
    },
    "t_user_3": {
        "redirect_time": 0.003561478999999923,
        "build_auth_time": 0.0013879149999999063,
        "login_time": 0.0021526849999999875,
        "acs_dispatch_time": 0.0034989500000000007,
        "finish_acs_dispatch_time": 0.017043516000000092
    },
    "t_user_4": {
        "redirect_time": 0.003068983999999997,
        "build_auth_time": 0.000857892999999943,
        "login_time": 0.00219220600000003,
        "acs_dispatch_time": 0.0027947219999999717,
        "finish_acs_dispatch_time": 0.016185035999999986
    },
    "t_user_5": {
        "redirect_time": 0.003042325999999984,
        "build_auth_time": 0.0008384270000000305,
        "login_time": 0.0021829899999999958,
        "acs_dispatch_time": 0.004031435000000028,
        "finish_acs_dispatch_time": 0.021407606000000023
    },
    "t_user_6": {
        "redirect_time": 0.0031883300000000725,
        "build_auth_time": 0.0009024579999999949,
        "login_time": 0.002262427999999983,
        "acs_dispatch_time": 0.0037657369999999357,
        "finish_acs_dispatch_time": 0.015983693999999993
    },
    "t_user_7": {
        "redirect_time": 0.0030935420000000047,
        "build_auth_time": 0.0008570720000000698,
        "login_time": 0.0022162219999999344,
        "acs_dispatch_time": 0.003314033000000105,
        "finish_acs_dispatch_time": 0.016607434999999837
    },
    "t_user_8": {
        "redirect_time": 0.00314691300000014,
        "build_auth_time": 0.000840871999999937,
        "login_time": 0.0022669980000000756,
        "acs_dispatch_time": 0.003340031000000021,
        "finish_acs_dispatch_time": 0.01651830700000012
    },
    "t_user_9": {
        "redirect_time": 0.0030834140000000065,
        "build_auth_time": 0.0008472050000001285,
        "login_time": 0.0022115729999998557,
        "acs_dispatch_time": 0.0031476320000001223,
        "finish_acs_dispatch_time": 0.016187369999999923
    },
    "t_user_10": {
        "redirect_time": 0.003109685000000084,
        "build_auth_time": 0.0008641959999999838,
        "login_time": 0.0022249810000001258,
        "acs_dispatch_time": 0.00284437500000001,
        "finish_acs_dispatch_time": 0.015888310999999877
    },
    "t_user_11": {
        "redirect_time": 0.003107817999999929,
        "build_auth_time": 0.0008901740000000213,
        "login_time": 0.002198297999999932,
        "acs_dispatch_time": 0.003334374000000029,
        "finish_acs_dispatch_time": 0.016034644000000098
    },
    "t_user_12": {
        "redirect_time": 0.0030522429999999545,
        "build_auth_time": 0.0008545449999999288,
        "login_time": 0.002179123000000116,
        "acs_dispatch_time": 0.003214698999999932,
        "finish_acs_dispatch_time": 0.015602217000000085
    },
    "t_user_13": {
        "redirect_time": 0.0030740070000001563,
        "build_auth_time": 0.0008496989999999816,
        "login_time": 0.002202717000000076,
        "acs_dispatch_time": 0.00286478499999987,
        "finish_acs_dispatch_time": 0.01652480199999995
    },
    "t_user_14": {
        "redirect_time": 0.0030999030000000705,
        "build_auth_time": 0.0008797830000000229,
        "login_time": 0.002198641000000112,
        "acs_dispatch_time": 0.003396136000000105,
        "finish_acs_dispatch_time": 0.017741792000000034
    },
    "t_user_15": {
        "redirect_time": 0.003066090999999993,
        "build_auth_time": 0.0008131590000000077,
        "login_time": 0.002229899000000035,
        "acs_dispatch_time": 0.0034502200000003924,
        "finish_acs_dispatch_time": 0.016175673999999862
    },
    "t_user_17": {
        "redirect_time": 0.0032972629999998837,
        "build_auth_time": 0.0008576129999999793,
        "login_time": 0.00241917299999983,
        "acs_dispatch_time": 0.0035566489999996342,
        "finish_acs_dispatch_time": 0.01679631799999992
    },
    "t_user_16": {
        "redirect_time": 0.003048598999999985,
        "build_auth_time": 0.0008566809999996927,
        "login_time": 0.002172742000000394,
        "acs_dispatch_time": 0.003225682000000063,
        "finish_acs_dispatch_time": 0.017898624000000307
    },
    "t_user_18": {
        "redirect_time": 0.0029893180000000186,
        "build_auth_time": 0.0008117269999998733,
        "login_time": 0.0021571530000001893,
        "acs_dispatch_time": 0.003426614999999966,
        "finish_acs_dispatch_time": 0.016863088999999665
    },
    "t_user_20": {
        "redirect_time": 0.0031689740000002686,
        "build_auth_time": 0.0008664590000000416,
        "login_time": 0.0022760449999998933,
        "acs_dispatch_time": 0.0034797540000002236,
        "finish_acs_dispatch_time": 0.020681785999999924
    },
    "t_user_21": {
        "redirect_time": 0.002959791999999961,
        "build_auth_time": 0.0008326749999998384,
        "login_time": 0.0021108970000001115,
        "acs_dispatch_time": 0.004503716999999963,
        "finish_acs_dispatch_time": 0.018243916000000304
    },
    "t_user_19": {
        "redirect_time": 0.00303677800000024,
        "build_auth_time": 0.0008655079999999593,
        "login_time": 0.0021532969999999985,
        "acs_dispatch_time": 0.0029123669999999713,
        "finish_acs_dispatch_time": 0.01657360299999988
    },
    "t_user_22": {
        "redirect_time": 0.003035472999999733,
        "build_auth_time": 0.0008454509999999971,
        "login_time": 0.002172769999999602,
        "acs_dispatch_time": 0.003003564999999764,
        "finish_acs_dispatch_time": 0.017534863999999928
    },
    "t_user_23": {
        "redirect_time": 0.0030688290000000507,
        "build_auth_time": 0.0008474550000001635,
        "login_time": 0.0021998530000000294,
        "acs_dispatch_time": 0.0032463289999999922,
        "finish_acs_dispatch_time": 0.016345302000000395
    },
    "t_user_25": {
        "redirect_time": 0.0031294310000000714,
        "build_auth_time": 0.0008444600000001579,
        "login_time": 0.0022642330000000044,
        "acs_dispatch_time": 0.0034495169999999575,
        "finish_acs_dispatch_time": 0.01675864500000035
    },
    "t_user_24": {
        "redirect_time": 0.0029930140000002936,
        "build_auth_time": 0.0008165360000003119,
        "login_time": 0.002155058000000043,
        "acs_dispatch_time": 0.00286880899999975,
        "finish_acs_dispatch_time": 0.01573983400000012
    },
    "t_user_27": {
        "redirect_time": 0.0033564929999996274,
        "build_auth_time": 0.0008952639999999512,
        "login_time": 0.002413750999999742,
        "acs_dispatch_time": 0.002854247000000143,
        "finish_acs_dispatch_time": 0.017238520000000257
    },
    "t_user_26": {
        "redirect_time": 0.003253400000000184,
        "build_auth_time": 0.0009056530000002283,
        "login_time": 0.0023249139999999002,
        "acs_dispatch_time": 0.0032620389999999944,
        "finish_acs_dispatch_time": 0.01882319999999993
    },
    "t_user_28": {
        "redirect_time": 0.003128457999999945,
        "build_auth_time": 0.0009072259999998167,
        "login_time": 0.0021977890000002276,
        "acs_dispatch_time": 0.004143746000000004,
        "finish_acs_dispatch_time": 0.018543796999999973
    },
    "t_user_29": {
        "redirect_time": 0.003129370999999992,
        "build_auth_time": 0.0008188119999998911,
        "login_time": 0.0022889380000004067,
        "acs_dispatch_time": 0.0029173619999998124,
        "finish_acs_dispatch_time": 0.017244196999999684
    },