{
    "t_user_1": {
        "redirect_time": 0.00307447700000002,
        "build_auth_time": 0.000854398000000034,
        "login_time": 0.002197906999999999,
        "acs_dispatch_time": 0.003396258999999957,
        "finish_acs_dispatch_time": 0.016757343999999952
    },
    "t_user_2": {
        "redirect_time": 0.003252910999999914,
        "build_auth_time": 0.0009611779999999515,
        "login_time": 0.0022110819999999753,
        "acs_dispatch_time": 0.003262489000000035,
        "finish_acs_dispatch_time": 0.017669460999999997
    },
    "t_user_3": {
        "redirect_time": 0.004087119000000028,
        "build_auth_time": 0.0016133950000000175,
        "login_time": 0.002437374999999964,
        "acs_dispatch_time": 0.003763643999999955,
        "finish_acs_dispatch_time": 0.02056096900000004
    },
    "t_user_4": {
        "redirect_time": 0.003201135000000077,
        "build_auth_time": 0.0009259710000000254,
        "login_time": 0.0022498770000000112,
        "acs_dispatch_time": 0.00270079099999998,
        "finish_acs_dispatch_time": 0.016763507999999927
    },
    "t_user_5": {
        "redirect_time": 0.003117005000000006,
        "build_auth_time": 0.0008777610000000324,
        "login_time": 0.0022165619999999775,
        "acs_dispatch_time": 0.0031074170000000567,
        "finish_acs_dispatch_time": 0.01583169899999992
    },
    "t_user_6": {
        "redirect_time": 0.0030446619999999758,
        "build_auth_time": 0.0008491069999999601,
        "login_time": 0.0021763080000000157,
        "acs_dispatch_time": 0.0032511680000000265,
        "finish_acs_dispatch_time": 0.01636622200000004
    },
    "t_user_7": {
        "redirect_time": 0.0031106250000000335,
        "build_auth_time": 0.0009236570000000777,
        "login_time": 0.0021674720000000036,
        "acs_dispatch_time": 0.0037989619999998503,
        "finish_acs_dispatch_time": 0.016190982999999992
    },
    "t_user_8": {
        "redirect_time": 0.0030982629999999345,
        "build_auth_time": 0.0008866379999999952,
        "login_time": 0.002187029000000007,
        "acs_dispatch_time": 0.004014697999999983,
        "finish_acs_dispatch_time": 0.017821430000000138
    },
    "t_user_9": {
        "redirect_time": 0.0031187510000001417,
        "build_auth_time": 0.0009240990000001226,
        "login_time": 0.002174543999999834,
        "acs_dispatch_time": 0.003637051999999974,
        "finish_acs_dispatch_time": 0.01695594300000014
    },
    "t_user_10": {
        "redirect_time": 0.003240067999999985,
        "build_auth_time": 0.0008733519999999384,
        "login_time": 0.0023449349999999924,
        "acs_dispatch_time": 0.003133637999999994,
        "finish_acs_dispatch_time": 0.015966208999999898
    },
    "t_user_11": {
        "redirect_time": 0.0032720360000000337,
        "build_auth_time": 0.0010039069999998596,
        "login_time": 0.0022393450000000037,
        "acs_dispatch_time": 0.0034909939999998585,
        "finish_acs_dispatch_time": 0.016176149000000084
    },
    "t_user_12": {
        "redirect_time": 0.00312015500000018,
        "build_auth_time": 0.0008406420000000026,
        "login_time": 0.0022569310000000176,
        "acs_dispatch_time": 0.0028690430000000156,
        "finish_acs_dispatch_time": 0.015611618000000105
    },
    "t_user_14": {
        "redirect_time": 0.0031702369999999647,
        "build_auth_time": 0.0009028779999999959,
        "login_time": 0.0022439749999998426,
        "acs_dispatch_time": 0.0030283509999999847,
        "finish_acs_dispatch_time": 0.01648658199999975
    },
    "t_user_13": {
        "redirect_time": 0.002923034999999796,
        "build_auth_time": 0.0008457599999998067,
        "login_time": 0.0020590710000001344,
        "acs_dispatch_time": 0.004169185999999936,
        "finish_acs_dispatch_time": 0.015914072000000168
    },
    "t_user_15": {
        "redirect_time": 0.0031395290000000298,
        "build_auth_time": 0.0009078170000000885,
        "login_time": 0.002207807000000006,
        "acs_dispatch_time": 0.0032771559999997812,
        "finish_acs_dispatch_time": 0.01966171399999972
    },
    "t_user_16": {
        "redirect_time": 0.0030461250000000106,
        "build_auth_time": 0.0008501699999998724,
        "login_time": 0.0021747149999999937,
        "acs_dispatch_time": 0.00372245700000029,
        "finish_acs_dispatch_time": 0.017034176000000123
    },
    "t_user_17": {
        "redirect_time": 0.0031467840000001246,
        "build_auth_time": 0.0009001620000002042,
        "login_time": 0.0022238089999997435,
        "acs_dispatch_time": 0.0035455650000000283,
        "finish_acs_dispatch_time": 0.017207850999999774
    },
    "t_user_18": {
        "redirect_time": 0.0033868310000002566,
        "build_auth_time": 0.0008952740000003345,
        "login_time": 0.0024686639999997873,
        "acs_dispatch_time": 0.0034207349999997305,
        "finish_acs_dispatch_time": 0.017528922999999974
    },
    "t_user_19": {
        "redirect_time": 0.0030326079999998257,
        "build_auth_time": 0.0008329069999999383,
        "login_time": 0.0021788419999997366,
        "acs_dispatch_time": 0.002985146999999966,
        "finish_acs_dispatch_time": 0.017570754999999938
    },
    "t_user_20": {
        "redirect_time": 0.003153865999999894,
        "build_auth_time": 0.0009172950000002622,
        "login_time": 0.0022141689999997105,
        "acs_dispatch_time": 0.003035144000000045,
        "finish_acs_dispatch_time": 0.017733397000000206
    },
    "t_user_21": {
        "redirect_time": 0.003369277000000004,
        "build_auth_time": 0.001008795999999812,
        "login_time": 0.002338980999999851,
        "acs_dispatch_time": 0.0032693410000002032,
        "finish_acs_dispatch_time": 0.01645588199999981
    },
    "t_user_22": {
        "redirect_time": 0.0031376550000001835,
        "build_auth_time": 0.0009026670000000792,
        "login_time": 0.0022119859999998326,
        "acs_dispatch_time": 0.003475835999999788,
        "finish_acs_dispatch_time": 0.017129238999999963
    },
    "t_user_23": {
        "redirect_time": 0.0030990449999999115,
        "build_auth_time": 0.0008433069999997933,
        "login_time": 0.0022355699999998535,
        "acs_dispatch_time": 0.003447734999999952,
        "finish_acs_dispatch_time": 0.01899387500000005
    },
    "t_user_24": {
        "redirect_time": 0.003243853999999935,
        "build_auth_time": 0.0009081379999997807,
        "login_time": 0.002312381999999946,
        "acs_dispatch_time": 0.0033569849999999235,
        "finish_acs_dispatch_time": 0.018351433000000306
    },
    "t_user_25": {
        "redirect_time": 0.0030565039999999044,
        "build_auth_time": 0.0008614599999998696,
        "login_time": 0.002175507000000021,
        "acs_dispatch_time": 0.00311462299999965,
        "finish_acs_dispatch_time": 0.016993725000000293
    },
    "t_user_26": {
        "redirect_time": 0.0031526340000000985,
        "build_auth_time": 0.0008608699999999025,
        "login_time": 0.00227063499999991,
        "acs_dispatch_time": 0.004854592000000046,
        "finish_acs_dispatch_time": 0.018607124999999947
    },
    "t_user_28": {
        "redirect_time": 0.0031529750000003354,
        "build_auth_time": 0.0008761780000003938,
        "login_time": 0.0022471109999999683,
        "acs_dispatch_time": 0.003192606999999903,
        "finish_acs_dispatch_time": 0.017911710000000358
    },
    "t_user_27": {
        "redirect_time": 0.003165196999999953,
        "build_auth_time": 0.0008632340000001015,
        "login_time": 0.0022724279999999375,
        "acs_dispatch_time": 0.0033320590000003314,
        "finish_acs_dispatch_time": 0.01728480199999982
    },
    "t_user_29": {
        "redirect_time": 0.0031687930000003917,
        "build_auth_time": 0.0009360590000002666,
        "login_time": 0.002211513999999859,
        "acs_dispatch_time": 0.00422949699999986,
        "finish_acs_dispatch_time": 0.018826032000000215
    },