{
    "t_user_1": {
        "redirect_time": 0.003112867999999991,
        "build_auth_time": 0.00091975900000002,
        "login_time": 0.0021732819999999986,
        "acs_dispatch_time": 0.0028895930000000236,
        "finish_acs_dispatch_time": 0.018627445999999992
    },
    "t_user_2": {
        "redirect_time": 0.00308798499999996,
        "build_auth_time": 0.0008779620000000099,
        "login_time": 0.0021886819999999974,
        "acs_dispatch_time": 0.004241638999999964,
        "finish_acs_dispatch_time": 0.02474388500000002
    },
    "t_user_3": {
        "redirect_time": 0.0035647640000000536,
        "build_auth_time": 0.0013635389999999692,
        "login_time": 0.0021783419999999998,
        "acs_dispatch_time": 0.0027435089999999773,
        "finish_acs_dispatch_time": 0.01803820700000003
    },
    "t_user_4": {
        "redirect_time": 0.0030693580000000775,
        "build_auth_time": 0.0008532749999999867,
        "login_time": 0.002196136000000015,
        "acs_dispatch_time": 0.002681229999999979,
        "finish_acs_dispatch_time": 0.017100714000000017
    },
    "t_user_5": {
        "redirect_time": 0.0031126380000000564,
        "build_auth_time": 0.0008751160000000091,
        "login_time": 0.002216463000000002,
        "acs_dispatch_time": 0.0044470589999999754,
        "finish_acs_dispatch_time": 0.01813880500000009
    },
    "t_user_6": {
        "redirect_time": 0.0034420670000000486,
        "build_auth_time": 0.0010665240000000686,
        "login_time": 0.0023462879999999187,
        "acs_dispatch_time": 0.003731704999999974,
        "finish_acs_dispatch_time": 0.01544837599999993
    },
    "t_user_7": {
        "redirect_time": 0.0031635020000000402,
        "build_auth_time": 0.0009313790000000655,
        "login_time": 0.0022115240000000203,
        "acs_dispatch_time": 0.004043097000000051,
        "finish_acs_dispatch_time": 0.01643627999999997
    },
    "t_user_8": {
        "redirect_time": 0.003113009,
        "build_auth_time": 0.0008360119999999416,
        "login_time": 0.0022533430000000187,
        "acs_dispatch_time": 0.003744812999999958,
        "finish_acs_dispatch_time": 0.01726206600000002
    },
    "t_user_9": {
        "redirect_time": 0.0031146830000001735,
        "build_auth_time": 0.0008887720000001487,
        "login_time": 0.002205432999999868,
        "acs_dispatch_time": 0.0028878880000000606,
        "finish_acs_dispatch_time": 0.017241846999999977
    },
    "t_user_10": {
        "redirect_time": 0.0033623759999998892,
        "build_auth_time": 0.0009407390000000238,
        "login_time": 0.0023938949999999792,
        "acs_dispatch_time": 0.002846482000000039,
        "finish_acs_dispatch_time": 0.017218469999999986
    },
    "t_user_11": {
        "redirect_time": 0.003463384000000014,
        "build_auth_time": 0.0008848040000000168,
        "login_time": 0.002530810999999966,
        "acs_dispatch_time": 0.003530087999999987,
        "finish_acs_dispatch_time": 0.01699062200000001
    },
    "t_user_12": {
        "redirect_time": 0.0032192879999999313,
        "build_auth_time": 0.0009184769999999176,
        "login_time": 0.0022770370000000373,
        "acs_dispatch_time": 0.002817041999999992,
        "finish_acs_dispatch_time": 0.01692382799999992
    },
    "t_user_14": {
        "redirect_time": 0.0030724419999998975,
        "build_auth_time": 0.0008625220000000322,
        "login_time": 0.0021880699999998754,
        "acs_dispatch_time": 0.0035226129999998967,
        "finish_acs_dispatch_time": 0.017216598000000083
    },
    "t_user_13": {
        "redirect_time": 0.003460929000000057,
        "build_auth_time": 0.0011037840000001076,
        "login_time": 0.002329493999999821,
        "acs_dispatch_time": 0.0034208230000003503,
        "finish_acs_dispatch_time": 0.016141431999999956
    },
    "t_user_15": {
        "redirect_time": 0.0031393989999999317,
        "build_auth_time": 0.000863644999999913,
        "login_time": 0.002254594000000054,
        "acs_dispatch_time": 0.003440751999999936,
        "finish_acs_dispatch_time": 0.016131034999999905
    },
    "t_user_16": {
        "redirect_time": 0.003071261000000103,
        "build_auth_time": 0.0008498679999999759,
        "login_time": 0.002201085000000047,
        "acs_dispatch_time": 0.0027908760000001642,
        "finish_acs_dispatch_time": 0.015674892000000273
    },
    "t_user_17": {
        "redirect_time": 0.003217124999999932,
        "build_auth_time": 0.0009094699999998568,
        "login_time": 0.002284240999999909,
        "acs_dispatch_time": 0.003157823000000004,
        "finish_acs_dispatch_time": 0.019196344000000032
    },
    "t_user_18": {
        "redirect_time": 0.0031127980000000832,
        "build_auth_time": 0.0008802260000000395,
        "login_time": 0.00221093200000011,
        "acs_dispatch_time": 0.003550316000000109,
        "finish_acs_dispatch_time": 0.01678045500000014
    },
    "t_user_19": {
        "redirect_time": 0.003065320000000149,
        "build_auth_time": 0.0008423360000002766,
        "login_time": 0.0022013940000000787,
        "acs_dispatch_time": 0.0032368609999999798,
        "finish_acs_dispatch_time": 0.01641432399999987
    },
    "t_user_20": {
        "redirect_time": 0.003108592000000243,
        "build_auth_time": 0.0008938010000001384,
        "login_time": 0.0021940719999999914,
        "acs_dispatch_time": 0.002763384000000091,
        "finish_acs_dispatch_time": 0.017770189999999797
    },
    "t_user_21": {
        "redirect_time": 0.003192277999999771,
        "build_auth_time": 0.0009324329999995662,
        "login_time": 0.0022382240000000664,
        "acs_dispatch_time": 0.0037033310000000874,
        "finish_acs_dispatch_time": 0.018444909999999926
    },
    "t_user_22": {
        "redirect_time": 0.0030726340000000185,
        "build_auth_time": 0.0008527539999998446,
        "login_time": 0.0022002039999997614,
        "acs_dispatch_time": 0.004002529000000088,
        "finish_acs_dispatch_time": 0.01680999399999994
    },
    "t_user_23": {
        "redirect_time": 0.0030734840000001817,
        "build_auth_time": 0.0008837420000000762,
        "login_time": 0.0021675710000002013,
        "acs_dispatch_time": 0.0032846329999998147,
        "finish_acs_dispatch_time": 0.0162704739999997
    },
    "t_user_24": {
        "redirect_time": 0.0037008369999997903,
        "build_auth_time": 0.0015450969999997177,
        "login_time": 0.0021363240000003003,
        "acs_dispatch_time": 0.003939524000000194,
        "finish_acs_dispatch_time": 0.016298493000000303
    },
    "t_user_25": {
        "redirect_time": 0.00305739599999999,
        "build_auth_time": 0.0008380169999999687,
        "login_time": 0.0021993020000001806,
        "acs_dispatch_time": 0.0033058290000003154,
        "finish_acs_dispatch_time": 0.018761140000000065
    },
    "t_user_26": {
        "redirect_time": 0.003357655999999931,
        "build_auth_time": 0.0010305669999999267,
        "login_time": 0.0022941369999998074,
        "acs_dispatch_time": 0.004577375999999855,
        "finish_acs_dispatch_time": 0.016108288999999942
    },
    "t_user_27": {
        "redirect_time": 0.0029649520000001317,
        "build_auth_time": 0.0008348090000001029,
        "login_time": 0.0021098649999999886,
        "acs_dispatch_time": 0.0032774350000002173,
        "finish_acs_dispatch_time": 0.017368181999999788
    },
    "t_user_28": {
        "redirect_time": 0.003051845999999969,
        "build_auth_time": 0.0008748350000002958,
        "login_time": 0.002156642999999736,
        "acs_dispatch_time": 0.003163583000000081,
        "finish_acs_dispatch_time": 0.015564137999999783
    },
    "t_user_29": {
        "redirect_time": 0.003124049999999823,
        "build_auth_time": 0.0009045720000000479,
        "login_time": 0.002197798000000084,
        "acs_dispatch_time": 0.0043569230000000125,
        "finish_acs_dispatch_time": 0.015513138999999843
    },