{
    "t_user_1": {
        "redirect_time": 0.0030495320000000214,
        "build_auth_time": 0.000876547999999977,
        "login_time": 0.002151873999999998,
        "acs_dispatch_time": 0.0038776430000000417,
        "finish_acs_dispatch_time": 0.020630291000000023
    },
    "t_user_2": {
        "redirect_time": 0.0031672910000000165,
        "build_auth_time": 0.0008833609999999714,
        "login_time": 0.0022617790000000193,
        "acs_dispatch_time": 0.0035234760000000254,
        "finish_acs_dispatch_time": 0.017772175000000057
    },
    "t_user_3": {
        "redirect_time": 0.003524848999999941,
        "build_auth_time": 0.0013410269999999391,
        "login_time": 0.002163283000000016,
        "acs_dispatch_time": 0.0030371590000000115,
        "finish_acs_dispatch_time": 0.016338238000000005
    },
    "t_user_4": {
        "redirect_time": 0.0030720619999999865,
        "build_auth_time": 0.0008356820000000598,
        "login_time": 0.0022150100000000172,
        "acs_dispatch_time": 0.003173194000000046,
        "finish_acs_dispatch_time": 0.016751841000000045
    },
    "t_user_5": {
        "redirect_time": 0.0030329380000000405,
        "build_auth_time": 0.0008343889999999909,
        "login_time": 0.0021785420000000055,
        "acs_dispatch_time": 0.003841201000000072,
        "finish_acs_dispatch_time": 0.015723356999999938
    },
    "t_user_6": {
        "redirect_time": 0.003063047000000041,
        "build_auth_time": 0.00084476,
        "login_time": 0.002197759000000077,
        "acs_dispatch_time": 0.003210229000000009,
        "finish_acs_dispatch_time": 0.01947264900000012
    },
    "t_user_7": {
        "redirect_time": 0.0031493969999999427,
        "build_auth_time": 0.0009140490000000279,
        "login_time": 0.0022122839999999533,
        "acs_dispatch_time": 0.0033954250000000075,
        "finish_acs_dispatch_time": 0.01646915300000007
    },
    "t_user_8": {
        "redirect_time": 0.003121572999999933,
        "build_auth_time": 0.0009016849999999854,
        "login_time": 0.0021991900000000175,
        "acs_dispatch_time": 0.0035730069999999614,
        "finish_acs_dispatch_time": 0.01665166100000004
    },
    "t_user_9": {
        "redirect_time": 0.003075209000000134,
        "build_auth_time": 0.0008272559999999984,
        "login_time": 0.0022257709999999875,
        "acs_dispatch_time": 0.003118760999999859,
        "finish_acs_dispatch_time": 0.015964520000000038
    },
    "t_user_10": {
        "redirect_time": 0.0029968910000000015,
        "build_auth_time": 0.000796567999999942,
        "login_time": 0.0021784330000000907,
        "acs_dispatch_time": 0.0037085109999999144,
        "finish_acs_dispatch_time": 0.01575440299999986
    },
    "t_user_11": {
        "redirect_time": 0.00335400099999994,
        "build_auth_time": 0.0008739049999999526,
        "login_time": 0.0024465430000000232,
        "acs_dispatch_time": 0.0032777559999999095,
        "finish_acs_dispatch_time": 0.016445897000000098
    },
    "t_user_12": {
        "redirect_time": 0.0031094229999999445,
        "build_auth_time": 0.000873824000000134,
        "login_time": 0.0022123159999998254,
        "acs_dispatch_time": 0.003509167999999896,
        "finish_acs_dispatch_time": 0.01611376599999992
    },
    "t_user_13": {
        "redirect_time": 0.003048237000000009,
        "build_auth_time": 0.0008835409999998767,
        "login_time": 0.002145110000000061,
        "acs_dispatch_time": 0.0032986559999999,
        "finish_acs_dispatch_time": 0.016275285000000084
    },
    "t_user_14": {
        "redirect_time": 0.003290290000000029,
        "build_auth_time": 0.001019115999999931,
        "login_time": 0.0022451560000000814,
        "acs_dispatch_time": 0.003556229999999827,
        "finish_acs_dispatch_time": 0.01565876399999988
    },
    "t_user_15": {
        "redirect_time": 0.003020067000000015,
        "build_auth_time": 0.0008466729999998535,
        "login_time": 0.002152375000000095,
        "acs_dispatch_time": 0.0034213620000000944,
        "finish_acs_dispatch_time": 0.017646622
    },
    "t_user_16": {
        "redirect_time": 0.0029568869999998526,
        "build_auth_time": 0.0008171479999998787,
        "login_time": 0.002120524000000179,
        "acs_dispatch_time": 0.0035124570000002464,
        "finish_acs_dispatch_time": 0.01740834400000013
    },
    "t_user_17": {
        "redirect_time": 0.003054971000000073,
        "build_auth_time": 0.0008677430000001429,
        "login_time": 0.002165616999999731,
        "acs_dispatch_time": 0.0040846990000003025,
        "finish_acs_dispatch_time": 0.016867940000000026
    },
    "t_user_18": {
        "redirect_time": 0.0030181110000002676,
        "build_auth_time": 0.0008326360000001642,
        "login_time": 0.0021652269999998808,
        "acs_dispatch_time": 0.003011831999999881,
        "finish_acs_dispatch_time": 0.01631469399999963
    },
    "t_user_19": {
        "redirect_time": 0.0031527250000000784,
        "build_auth_time": 0.0008780019999998778,
        "login_time": 0.002247952000000275,
        "acs_dispatch_time": 0.0034677730000001183,
        "finish_acs_dispatch_time": 0.01719006200000006
    },
    "t_user_20": {
        "redirect_time": 0.0032012360000002182,
        "build_auth_time": 0.0008683230000001707,
        "login_time": 0.002306101999999921,
        "acs_dispatch_time": 0.003491433999999849,
        "finish_acs_dispatch_time": 0.017665387999999727
    },
    "t_user_21": {
        "redirect_time": 0.0030011920000001524,
        "build_auth_time": 0.00084712400000031,
        "login_time": 0.0021352919999997333,
        "acs_dispatch_time": 0.0032936949999999854,
        "finish_acs_dispatch_time": 0.018553094000000048
    },
    "t_user_22": {
        "redirect_time": 0.0030674039999998293,
        "build_auth_time": 0.0008123879999999417,
        "login_time": 0.0022330550000000393,
        "acs_dispatch_time": 0.003150211000000347,
        "finish_acs_dispatch_time": 0.016326176000000192
    },
    "t_user_23": {
        "redirect_time": 0.0031411509999998977,
        "build_auth_time": 0.000923575999999926,
        "login_time": 0.002196456000000069,
        "acs_dispatch_time": 0.0032803509999999036,
        "finish_acs_dispatch_time": 0.01619897899999989
    },
    "t_user_24": {
        "redirect_time": 0.0032097410000000437,
        "build_auth_time": 0.0008924780000003629,
        "login_time": 0.0022960229999999804,
        "acs_dispatch_time": 0.003183471000000271,
        "finish_acs_dispatch_time": 0.01663780199999998
    },
    "t_user_25": {
        "redirect_time": 0.003147462999999906,
        "build_auth_time": 0.0008718590000000859,
        "login_time": 0.0022526819999999503,
        "acs_dispatch_time": 0.00418940000000001,
        "finish_acs_dispatch_time": 0.01864939199999993
    },
    "t_user_26": {
        "redirect_time": 0.003023282000000016,
        "build_auth_time": 0.0008285890000001572,
        "login_time": 0.002173663999999853,
        "acs_dispatch_time": 0.0036936069999997656,
        "finish_acs_dispatch_time": 0.018762041000000007
    },
    "t_user_28": {
        "redirect_time": 0.0030938709999999148,
        "build_auth_time": 0.0008790130000000396,
        "login_time": 0.00219484099999967,
        "acs_dispatch_time": 0.003399974000000139,
        "finish_acs_dispatch_time": 0.01635357099999979
    },
    "t_user_27": {
        "redirect_time": 0.0032916540000003103,
        "build_auth_time": 0.0009881260000002001,
        "login_time": 0.002276998000000141,
        "acs_dispatch_time": 0.0032304910000000575,
        "finish_acs_dispatch_time": 0.01927698599999994
    },
    "t_user_29": {
        "redirect_time": 0.0029587509999999817,
        "build_auth_time": 0.0008358729999997649,
        "login_time": 0.00210278999999991,
        "acs_dispatch_time": 0.0033836859999998303,
        "finish_acs_dispatch_time": 0.018043129000000047
    },