{
    "t_user_1": {
        "redirect_time": 0.003376593000000039,
        "build_auth_time": 0.0009309510000000132,
        "login_time": 0.002414603999999987,
        "acs_dispatch_time": 0.0032675669999999712,
        "finish_acs_dispatch_time": 0.01565361799999998
    },
    "t_user_2": {
        "redirect_time": 0.0031993809999999456,
        "build_auth_time": 0.0009329839999999701,
        "login_time": 0.0022410499999999667,
        "acs_dispatch_time": 0.00403011200000003,
        "finish_acs_dispatch_time": 0.020485865999999908
    },
    "t_user_3": {
        "redirect_time": 0.003690521000000002,
        "build_auth_time": 0.0013645410000000524,
        "login_time": 0.0022958229999999746,
        "acs_dispatch_time": 0.003066209999999958,
        "finish_acs_dispatch_time": 0.01736495199999999
    },
    "t_user_4": {
        "redirect_time": 0.0031352110000000266,
        "build_auth_time": 0.0008575629999999501,
        "login_time": 0.0022539129999999963,
        "acs_dispatch_time": 0.0034789139999999996,
        "finish_acs_dispatch_time": 0.015750354999999994
    },
    "t_user_5": {
        "redirect_time": 0.0035132890000000305,
        "build_auth_time": 0.0013507270000000515,
        "login_time": 0.0021430849999999335,
        "acs_dispatch_time": 0.002798493000000013,
        "finish_acs_dispatch_time": 0.016332895000000014
    },
    "t_user_6": {
        "redirect_time": 0.0031399290000000413,
        "build_auth_time": 0.00084008999999996,
        "login_time": 0.002280423000000087,
        "acs_dispatch_time": 0.0034370139999999605,
        "finish_acs_dispatch_time": 0.01682361599999993
    },
    "t_user_7": {
        "redirect_time": 0.003168382000000025,
        "build_auth_time": 0.0009242459999999619,
        "login_time": 0.002221263000000029,
        "acs_dispatch_time": 0.004762651999999923,
        "finish_acs_dispatch_time": 0.01814148300000018
    },
    "t_user_8": {
        "redirect_time": 0.003035796000000035,
        "build_auth_time": 0.0008047440000000794,
        "login_time": 0.0022113349999999254,
        "acs_dispatch_time": 0.0035371039999998466,
        "finish_acs_dispatch_time": 0.017046404999999876
    },
    "t_user_9": {
        "redirect_time": 0.0031950739999999644,
        "build_auth_time": 0.0008914470000001007,
        "login_time": 0.002276205999999892,
        "acs_dispatch_time": 0.0035001919999999576,
        "finish_acs_dispatch_time": 0.016766912000000023
    },
    "t_user_10": {
        "redirect_time": 0.003205818999999943,
        "build_auth_time": 0.0009403660000000258,
        "login_time": 0.0022436029999999274,
        "acs_dispatch_time": 0.0036142479999998756,
        "finish_acs_dispatch_time": 0.017355392000000025
    },
    "t_user_11": {
        "redirect_time": 0.0030209239999998694,
        "build_auth_time": 0.0008145209999999015,
        "login_time": 0.0021863760000000454,
        "acs_dispatch_time": 0.0035148890000000765,
        "finish_acs_dispatch_time": 0.018325556000000187
    },
    "t_user_12": {
        "redirect_time": 0.0030615019999999937,
        "build_auth_time": 0.0008922980000001246,
        "login_time": 0.002150609000000081,
        "acs_dispatch_time": 0.0032723379999999302,
        "finish_acs_dispatch_time": 0.016403448000000154
    },
    "t_user_13": {
        "redirect_time": 0.0033763009999998594,
        "build_auth_time": 0.0010769029999999624,
        "login_time": 0.0022735499999999575,
        "acs_dispatch_time": 0.0037275580000000197,
        "finish_acs_dispatch_time": 0.01759925200000012
    },
    "t_user_14": {
        "redirect_time": 0.00380472300000001,
        "build_auth_time": 0.0016170829999999636,
        "login_time": 0.002168194000000012,
        "acs_dispatch_time": 0.0031264439999998395,
        "finish_acs_dispatch_time": 0.017793436000000273
    },
    "t_user_15": {
        "redirect_time": 0.0033908389999999233,
        "build_auth_time": 0.0009664579999999479,
        "login_time": 0.002394486000000029,
        "acs_dispatch_time": 0.003525681999999808,
        "finish_acs_dispatch_time": 0.01595218799999998
    },
    "t_user_16": {
        "redirect_time": 0.0033066619999999602,
        "build_auth_time": 0.0008964259999999502,
        "login_time": 0.0023725760000001817,
        "acs_dispatch_time": 0.003812828000000046,
        "finish_acs_dispatch_time": 0.01646457899999998
    },
    "t_user_17": {
        "redirect_time": 0.0030685969999999507,
        "build_auth_time": 0.0008470929999999655,
        "login_time": 0.002201797999999755,
        "acs_dispatch_time": 0.004164153000000059,
        "finish_acs_dispatch_time": 0.016919640999999874
    },
    "t_user_18": {
        "redirect_time": 0.003152103999999767,
        "build_auth_time": 0.0009108030000000156,
        "login_time": 0.0022175469999998754,
        "acs_dispatch_time": 0.00341514399999987,
        "finish_acs_dispatch_time": 0.01814674599999977
    },
    "t_user_19": {
        "redirect_time": 0.0030764210000002734,
        "build_auth_time": 0.0008632340000001015,
        "login_time": 0.0021913859999997953,
        "acs_dispatch_time": 0.003193522000000115,
        "finish_acs_dispatch_time": 0.016459011999999884
    },
    "t_user_20": {
        "redirect_time": 0.003110174000000132,
        "build_auth_time": 0.0008672610000002301,
        "login_time": 0.002222915999999575,
        "acs_dispatch_time": 0.003254692000000059,
        "finish_acs_dispatch_time": 0.018724128000000118
    },
    "t_user_21": {
        "redirect_time": 0.0033255459999996795,
        "build_auth_time": 0.0010747890000000204,
        "login_time": 0.002229015999999806,
        "acs_dispatch_time": 0.0041503349999998385,
        "finish_acs_dispatch_time": 0.01632854199999967
    },
    "t_user_22": {
        "redirect_time": 0.003039224000000118,
        "build_auth_time": 0.0008361340000000439,
        "login_time": 0.002183764000000199,
        "acs_dispatch_time": 0.0034380060000001045,
        "finish_acs_dispatch_time": 0.017879649999999803
    },
    "t_user_23": {
        "redirect_time": 0.0030481880000001738,
        "build_auth_time": 0.0008603480000002328,
        "login_time": 0.002167060999999748,
        "acs_dispatch_time": 0.0035679419999996576,
        "finish_acs_dispatch_time": 0.016762766000000262
    },
    "t_user_24": {
        "redirect_time": 0.0030982930000003073,
        "build_auth_time": 0.0008785829999999883,
        "login_time": 0.0021980100000003056,
        "acs_dispatch_time": 0.0032137270000003326,
        "finish_acs_dispatch_time": 0.01939248700000018
    },
    "t_user_25": {
        "redirect_time": 0.0030784839999999924,
        "build_auth_time": 0.0008544269999997134,
        "login_time": 0.0022032080000000676,
        "acs_dispatch_time": 0.0033101690000001405,
        "finish_acs_dispatch_time": 0.018148601000000042
    },
    "t_user_26": {
        "redirect_time": 0.0033232510000003046,
        "build_auth_time": 0.0008922270000000232,
        "login_time": 0.0023881540000001422,
        "acs_dispatch_time": 0.00367788400000002,
        "finish_acs_dispatch_time": 0.016869583000000077
    },
    "t_user_27": {
        "redirect_time": 0.003088714999999631,
        "build_auth_time": 0.0008874899999997687,
        "login_time": 0.002179814999999863,
        "acs_dispatch_time": 0.0036452210000001983,
        "finish_acs_dispatch_time": 0.01687448199999997
    },
    "t_user_28": {
        "redirect_time": 0.0030940450000001007,
        "build_auth_time": 0.0008533050000001374,
        "login_time": 0.0022193599999997815,
        "acs_dispatch_time": 0.003766829999999999,
        "finish_acs_dispatch_time": 0.01780879099999977
    },
    "t_user_29": {
        "redirect_time": 0.0030468450000000757,
        "build_auth_time": 0.0008718609999998073,
        "login_time": 0.0021543859999999526,
        "acs_dispatch_time": 0.0034298150000000582,