{
    "t_user_1": {
        "redirect_time": 0.003057111999999973,
        "build_auth_time": 0.0008364029999999856,
        "login_time": 0.002199950999999978,
        "acs_dispatch_time": 0.003634271999999994,
        "finish_acs_dispatch_time": 0.017695346
    },
    "t_user_2": {
        "redirect_time": 0.003144777000000043,
        "build_auth_time": 0.0008700850000000759,
        "login_time": 0.0022460789999999564,
        "acs_dispatch_time": 0.003392913999999969,
        "finish_acs_dispatch_time": 0.017201557000000034
    },
    "t_user_3": {
        "redirect_time": 0.0037694560000000044,
        "build_auth_time": 0.001528868000000072,
        "login_time": 0.00222052099999992,
        "acs_dispatch_time": 0.003227065000000029,
        "finish_acs_dispatch_time": 0.018942537000000037
    },
    "t_user_4": {
        "redirect_time": 0.0032033599999999884,
        "build_auth_time": 0.0009531629999999236,
        "login_time": 0.002226302000000069,
        "acs_dispatch_time": 0.002815061000000063,
        "finish_acs_dispatch_time": 0.017048669999999988
    },
    "t_user_5": {
        "redirect_time": 0.0030767320000000264,
        "build_auth_time": 0.0008804060000000558,
        "login_time": 0.002177320999999899,
        "acs_dispatch_time": 0.0035553779999999424,
        "finish_acs_dispatch_time": 0.021473403999999974
    },
    "t_user_6": {
        "redirect_time": 0.003099083000000058,
        "build_auth_time": 0.0008876890000000248,
        "login_time": 0.002190974999999984,
        "acs_dispatch_time": 0.003762101999999934,
        "finish_acs_dispatch_time": 0.01658878000000008
    },
    "t_user_7": {
        "redirect_time": 0.0030955660000000496,
        "build_auth_time": 0.0008894320000000233,
        "login_time": 0.0021847440000000162,
        "acs_dispatch_time": 0.0035131590000000434,
        "finish_acs_dispatch_time": 0.01757389900000006
    },
    "t_user_8": {
        "redirect_time": 0.0030881820000000504,
        "build_auth_time": 0.0008872580000000019,
        "login_time": 0.0021784120000000184,
        "acs_dispatch_time": 0.004217825000000008,
        "finish_acs_dispatch_time": 0.019440794000000094
    },
    "t_user_9": {
        "redirect_time": 0.003434209999999993,
        "build_auth_time": 0.0009469690000000197,
        "login_time": 0.0024397620000000675,
        "acs_dispatch_time": 0.003557331000000108,
        "finish_acs_dispatch_time": 0.017288438000000017
    },
    "t_user_10": {
        "redirect_time": 0.0030938219999998573,
        "build_auth_time": 0.0008703059999999319,
        "login_time": 0.0022022859999999422,
        "acs_dispatch_time": 0.002931973000000143,
        "finish_acs_dispatch_time": 0.020955070000000076
    },
    "t_user_11": {
        "redirect_time": 0.0032673890000001204,
        "build_auth_time": 0.0008148530000000598,
        "login_time": 0.00240130999999999,
        "acs_dispatch_time": 0.003185264999999937,
        "finish_acs_dispatch_time": 0.018867796000000103
    },
    "t_user_12": {
        "redirect_time": 0.0030568550000000805,
        "build_auth_time": 0.0008500290000001964,
        "login_time": 0.002185906999999876,
        "acs_dispatch_time": 0.0033436920000000647,
        "finish_acs_dispatch_time": 0.016050351999999934
    },
    "t_user_13": {
        "redirect_time": 0.003135780999999893,
        "build_auth_time": 0.0009135570000000648,
        "login_time": 0.0021992509999999577,
        "acs_dispatch_time": 0.003678123999999894,
        "finish_acs_dispatch_time": 0.017040288000000015
    },
    "t_user_14": {
        "redirect_time": 0.0029591100000001536,
        "build_auth_time": 0.0008134600000000436,
        "login_time": 0.002127015000000121,
        "acs_dispatch_time": 0.0034924610000000023,
        "finish_acs_dispatch_time": 0.017078663000000383
    },
    "t_user_15": {
        "redirect_time": 0.003851437000000013,
        "build_auth_time": 0.0013337119999998759,
        "login_time": 0.0024920870000000317,
        "acs_dispatch_time": 0.0036571919999999203,
        "finish_acs_dispatch_time": 0.019214697000000225
    },
    "t_user_16": {
        "redirect_time": 0.0031209229999999977,
        "build_auth_time": 0.0009040399999999948,
        "login_time": 0.0021957640000001,
        "acs_dispatch_time": 0.004145507000000048,
        "finish_acs_dispatch_time": 0.017857682999999902
    },
    "t_user_17": {
        "redirect_time": 0.003178010999999925,
        "build_auth_time": 0.0008866279999999449,
        "login_time": 0.00226773899999988,
        "acs_dispatch_time": 0.00392227200000006,
        "finish_acs_dispatch_time": 0.01708862600000005
    },
    "t_user_18": {
        "redirect_time": 0.0034160149999999945,
        "build_auth_time": 0.0011033920000000919,
        "login_time": 0.00229082199999997,
        "acs_dispatch_time": 0.00381589300000007,
        "finish_acs_dispatch_time": 0.017148603999999956
    },
    "t_user_19": {
        "redirect_time": 0.004043739000000102,
        "build_auth_time": 0.0015262129999999985,
        "login_time": 0.002481729000000321,
        "acs_dispatch_time": 0.0029401849999999286,
        "finish_acs_dispatch_time": 0.017870649999999877
    },
    "t_user_20": {
        "redirect_time": 0.0031329849999996995,
        "build_auth_time": 0.0008711779999996949,
        "login_time": 0.0022414890000002075,
        "acs_dispatch_time": 0.0037724419999998204,
        "finish_acs_dispatch_time": 0.016402806999999964
    },
    "t_user_21": {
        "redirect_time": 0.003220371999999916,
        "build_auth_time": 0.0009271040000000674,
        "login_time": 0.002269874000000005,
        "acs_dispatch_time": 0.0033538979999998553,
        "finish_acs_dispatch_time": 0.016525349000000134
    },
    "t_user_22": {
        "redirect_time": 0.0037733730000000243,
        "build_auth_time": 0.0015862050000001737,
        "login_time": 0.002167792999999918,
        "acs_dispatch_time": 0.004476655000000385,
        "finish_acs_dispatch_time": 0.020520517000000016
    },
    "t_user_23": {
        "redirect_time": 0.0032838590000001666,
        "build_auth_time": 0.0010142860000001974,
        "login_time": 0.0022382349999996443,
        "acs_dispatch_time": 0.002746117000000048,
        "finish_acs_dispatch_time": 0.01730845400000014
    },
    "t_user_24": {
        "redirect_time": 0.003068755000000145,
        "build_auth_time": 0.0008666690000000976,
        "login_time": 0.002182138999999861,
        "acs_dispatch_time": 0.003689399000000204,
        "finish_acs_dispatch_time": 0.0191492839999996
    },
    "t_user_25": {
        "redirect_time": 0.0032405469999998715,
        "build_auth_time": 0.0008697060000000256,
        "login_time": 0.002351264000000075,
        "acs_dispatch_time": 0.004072111000000156,
        "finish_acs_dispatch_time": 0.0204312609999997
    },
    "t_user_26": {
        "redirect_time": 0.0030974909999996747,
        "build_auth_time": 0.0008841929999996445,
        "login_time": 0.0021922789999999637,
        "acs_dispatch_time": 0.0032253580000003446,
        "finish_acs_dispatch_time": 0.01726390099999975
    },
    "t_user_27": {
        "redirect_time": 0.003341656999999998,
        "build_auth_time": 0.0009674079999997254,
        "login_time": 0.0023503640000002157,
        "acs_dispatch_time": 0.003470527999999806,
        "finish_acs_dispatch_time": 0.019703439000000156
    },
    "t_user_28": {
        "redirect_time": 0.0031444889999998615,
        "build_auth_time": 0.0009194299999997213,
        "login_time": 0.002203007999999951,
        "acs_dispatch_time": 0.0041966050000001864,
        "finish_acs_dispatch_time": 0.017575985999999766
    },
    "t_user_29": {
        "redirect_time": 0.003125505000000306,
        "build_auth_time": 0.0009119550000002974,
        "login_time": 0.002191998999999889,
        "acs_dispatch_time": 0.003322398999999976,
        "finish_acs_dispatch_time": 0.017527654999999864
    },