{
    "t_user_1": {
        "redirect_time": 0.003026519999999977,
        "build_auth_time": 0.0008332079999999742,
        "login_time": 0.0021728330000000406,
        "acs_dispatch_time": 0.003279629000000006,
        "finish_acs_dispatch_time": 0.016958297000000067
    },
    "t_user_2": {
        "redirect_time": 0.003088251999999958,
        "build_auth_time": 0.0008763079999999368,
        "login_time": 0.0021900130000001017,
        "acs_dispatch_time": 0.0041893359999999324,
        "finish_acs_dispatch_time": 0.02121856199999994
    },
    "t_user_3": {
        "redirect_time": 0.0036357949999999972,
        "build_auth_time": 0.001403623000000076,
        "login_time": 0.002208148000000021,
        "acs_dispatch_time": 0.0035928440000000395,
        "finish_acs_dispatch_time": 0.017647782000000056
    },
    "t_user_4": {
        "redirect_time": 0.003100476999999935,
        "build_auth_time": 0.0008635649999999551,
        "login_time": 0.002214570000000027,
        "acs_dispatch_time": 0.0028672299999999984,
        "finish_acs_dispatch_time": 0.01641799899999996
    },
    "t_user_5": {
        "redirect_time": 0.0030435489999999232,
        "build_auth_time": 0.000868433999999918,
        "login_time": 0.0021517720000000518,
        "acs_dispatch_time": 0.0038005540000000115,
        "finish_acs_dispatch_time": 0.016398733000000054
    },
    "t_user_6": {
        "redirect_time": 0.0030377099999999713,
        "build_auth_time": 0.000823569000000024,
        "login_time": 0.0021883120000000256,
        "acs_dispatch_time": 0.003280903000000057,
        "finish_acs_dispatch_time": 0.01665479099999989
    },
    "t_user_7": {
        "redirect_time": 0.0031389069999999686,
        "build_auth_time": 0.000954022999999915,
        "login_time": 0.002162232000000097,
        "acs_dispatch_time": 0.0033203189999999605,
        "finish_acs_dispatch_time": 0.015626144999999925
    },
    "t_user_8": {
        "redirect_time": 0.0030042649999999504,
        "build_auth_time": 0.0008602479999999524,
        "login_time": 0.00212253699999998,
        "acs_dispatch_time": 0.0035175240000000496,
        "finish_acs_dispatch_time": 0.015711943000000117
    },
    "t_user_9": {
        "redirect_time": 0.002954584000000038,
        "build_auth_time": 0.0008164170000000137,
        "login_time": 0.002115603999999882,
        "acs_dispatch_time": 0.0033181829999999746,
        "finish_acs_dispatch_time": 0.018606627000000042
    },
    "t_user_10": {
        "redirect_time": 0.0030573769999999723,
        "build_auth_time": 0.0008503499999998887,
        "login_time": 0.002185596000000123,
        "acs_dispatch_time": 0.002827354999999976,
        "finish_acs_dispatch_time": 0.017253055999999933
    },
    "t_user_11": {
        "redirect_time": 0.003042428000000097,
        "build_auth_time": 0.0008517020000000652,
        "login_time": 0.0021713500000000163,
        "acs_dispatch_time": 0.003660312999999915,
        "finish_acs_dispatch_time": 0.01671256600000004
    },
    "t_user_12": {
        "redirect_time": 0.0031344179999999167,
        "build_auth_time": 0.0009173540000000369,
        "login_time": 0.002190944999999944,
        "acs_dispatch_time": 0.003477060000000032,
        "finish_acs_dispatch_time": 0.016566746000000077
    },
    "t_user_13": {
        "redirect_time": 0.003230368999999955,
        "build_auth_time": 0.0009190779999999066,
        "login_time": 0.002282627000000037,
        "acs_dispatch_time": 0.0035941179999998685,
        "finish_acs_dispatch_time": 0.016611956999999844
    },
    "t_user_14": {
        "redirect_time": 0.00308495799999986,
        "build_auth_time": 0.0008706979999999476,
        "login_time": 0.002190055000000024,
        "acs_dispatch_time": 0.0031291880000001715,
        "finish_acs_dispatch_time": 0.01627660200000003
    },
    "t_user_15": {
        "redirect_time": 0.003164975999999875,
        "build_auth_time": 0.0008967659999998823,
        "login_time": 0.0022242980000000134,
        "acs_dispatch_time": 0.003702730999999737,
        "finish_acs_dispatch_time": 0.017081389999999974
    },
    "t_user_16": {
        "redirect_time": 0.003032266999999811,
        "build_auth_time": 0.0008502389999998083,
        "login_time": 0.0021617600000001236,
        "acs_dispatch_time": 0.003749407000000371,
        "finish_acs_dispatch_time": 0.017693916999999892
    },
    "t_user_17": {
        "redirect_time": 0.0031893300000001013,
        "build_auth_time": 0.0009149490000002203,
        "login_time": 0.0022541330000001025,
        "acs_dispatch_time": 0.0031995109999995996,
        "finish_acs_dispatch_time": 0.016741185999999963
    },
    "t_user_18": {
        "redirect_time": 0.003141605999999797,
        "build_auth_time": 0.0009105229999999409,
        "login_time": 0.0022003850000000824,
        "acs_dispatch_time": 0.003325776000000058,
        "finish_acs_dispatch_time": 0.018732023999999736
    },
    "t_user_19": {
        "redirect_time": 0.003141551000000131,
        "build_auth_time": 0.0008847840000001383,
        "login_time": 0.0022297170000000754,
        "acs_dispatch_time": 0.003034081000000022,
        "finish_acs_dispatch_time": 0.016573962000000275
    },
    "t_user_20": {
        "redirect_time": 0.0030012199999998046,
        "build_auth_time": 0.0007981639999998791,
        "login_time": 0.002184701000000011,
        "acs_dispatch_time": 0.003543255999999939,
        "finish_acs_dispatch_time": 0.01828729600000001
    },
    "t_user_21": {
        "redirect_time": 0.0031934670000000054,
        "build_auth_time": 0.0008981380000001593,
        "login_time": 0.0022624979999998907,
        "acs_dispatch_time": 0.003608936000000007,
        "finish_acs_dispatch_time": 0.016417444000000003
    },
    "t_user_22": {
        "redirect_time": 0.0032057030000003373,
        "build_auth_time": 0.0008566420000000186,
        "login_time": 0.0023145060000002715,
        "acs_dispatch_time": 0.003260983000000106,
        "finish_acs_dispatch_time": 0.01615495499999975
    },
    "t_user_23": {
        "redirect_time": 0.003094582999999762,
        "build_auth_time": 0.000876918999999976,
        "login_time": 0.002196194000000151,
        "acs_dispatch_time": 0.0035225520000001787,
        "finish_acs_dispatch_time": 0.01598569800000016
    },
    "t_user_24": {
        "redirect_time": 0.0032423820000002657,
        "build_auth_time": 0.0010053400000002988,
        "login_time": 0.002212585999999739,
        "acs_dispatch_time": 0.0033974409999997235,
        "finish_acs_dispatch_time": 0.016591325000000268
    },
    "t_user_25": {
        "redirect_time": 0.0030591890000000177,
        "build_auth_time": 0.0008706880000000083,
        "login_time": 0.002164946999999806,
        "acs_dispatch_time": 0.003966095000000003,
        "finish_acs_dispatch_time": 0.018120648000000017
    },
    "t_user_26": {
        "redirect_time": 0.004381351999999783,
        "build_auth_time": 0.001997835000000059,
        "login_time": 0.002355824999999978,
        "acs_dispatch_time": 0.003908768000000062,
        "finish_acs_dispatch_time": 0.01664328199999998
    },
    "t_user_28": {
        "redirect_time": 0.0031914140000002256,
        "build_auth_time": 0.0008658079999999124,
        "login_time": 0.0022869730000003585,
        "acs_dispatch_time": 0.0027247939999996973,
        "finish_acs_dispatch_time": 0.016910011000000225
    },
    "t_user_27": {
        "redirect_time": 0.0030029729999996313,
        "build_auth_time": 0.0008373159999996993,
        "login_time": 0.0021468320000002095,
        "acs_dispatch_time": 0.0034503209999998674,
        "finish_acs_dispatch_time": 0.01634528599999996
    },
    "t_user_29": {
        "redirect_time": 0.0030165990000003973,
        "build_auth_time": 0.0008343500000003168,
        "login_time": 0.0021592550000000266,
        "acs_dispatch_time": 0.0034036309999998515,
        "finish_acs_dispatch_time": 0.01767651300000006
    },