{
    "t_user_1": {
        "redirect_time": 0.003268188999999977,
        "build_auth_time": 0.000826473999999966,
        "login_time": 0.002422177999999997,
        "acs_dispatch_time": 0.004060870999999966,
        "finish_acs_dispatch_time": 0.01830327899999995
    },
    "t_user_2": {
        "redirect_time": 0.00299944799999996,
        "build_auth_time": 0.0008520530000000193,
        "login_time": 0.002126785999999936,
        "acs_dispatch_time": 0.003115133999999964,
        "finish_acs_dispatch_time": 0.016676713999999926
    },
    "t_user_3": {
        "redirect_time": 0.003493931000000061,
        "build_auth_time": 0.00130216400000005,
        "login_time": 0.0021700470000000083,
        "acs_dispatch_time": 0.004235371000000043,
        "finish_acs_dispatch_time": 0.02114209300000003
    },
    "t_user_4": {
        "redirect_time": 0.0030618040000000013,
        "build_auth_time": 0.0008403710000000064,
        "login_time": 0.0022031390000000206,
        "acs_dispatch_time": 0.002850789999999992,
        "finish_acs_dispatch_time": 0.016746457000000103
    },
    "t_user_5": {
        "redirect_time": 0.0029850899999999125,
        "build_auth_time": 0.0008388480000000031,
        "login_time": 0.002126253999999994,
        "acs_dispatch_time": 0.003193409999999952,
        "finish_acs_dispatch_time": 0.017517439999999995
    },
    "t_user_6": {
        "redirect_time": 0.0030569449999999776,
        "build_auth_time": 0.0008774999999999755,
        "login_time": 0.002159387999999929,
        "acs_dispatch_time": 0.003730011000000033,
        "finish_acs_dispatch_time": 0.01705147600000001
    },
    "t_user_7": {
        "redirect_time": 0.0036113190000000017,
        "build_auth_time": 0.0010949980000000137,
        "login_time": 0.002476597000000136,
        "acs_dispatch_time": 0.0037519249999999893,
        "finish_acs_dispatch_time": 0.017648596999999988
    },
    "t_user_8": {
        "redirect_time": 0.00315353400000018,
        "build_auth_time": 0.0008842130000001891,
        "login_time": 0.00224911399999983,
        "acs_dispatch_time": 0.004278475000000004,
        "finish_acs_dispatch_time": 0.021047639000000062
    },
    "t_user_9": {
        "redirect_time": 0.00336871900000002,
        "build_auth_time": 0.0008471740000000061,
        "login_time": 0.0024927109999999253,
        "acs_dispatch_time": 0.004069203000000021,
        "finish_acs_dispatch_time": 0.018406015000000053
    },
    "t_user_10": {
        "redirect_time": 0.003123256000000074,
        "build_auth_time": 0.0008350399999998981,
        "login_time": 0.002267417000000105,
        "acs_dispatch_time": 0.003333352999999928,
        "finish_acs_dispatch_time": 0.019041445999999906
    },
    "t_user_11": {
        "redirect_time": 0.0031342480000000617,
        "build_auth_time": 0.0008882200000002172,
        "login_time": 0.0022242869999999915,
        "acs_dispatch_time": 0.0033757509999998714,
        "finish_acs_dispatch_time": 0.017352519999999982
    },
    "t_user_12": {
        "redirect_time": 0.003208654000000033,
        "build_auth_time": 0.0009594719999999057,
        "login_time": 0.002223054000000113,
        "acs_dispatch_time": 0.003463086000000004,
        "finish_acs_dispatch_time": 0.017050825999999963
    },
    "t_user_13": {
        "redirect_time": 0.0036235539999998068,
        "build_auth_time": 0.0009741119999999714,
        "login_time": 0.002621047999999959,
        "acs_dispatch_time": 0.003991292000000035,
        "finish_acs_dispatch_time": 0.016467185000000217
    },
    "t_user_14": {
        "redirect_time": 0.003294517999999913,
        "build_auth_time": 0.0009695919999999081,
        "login_time": 0.0023022639999998873,
        "acs_dispatch_time": 0.0034827509999999506,
        "finish_acs_dispatch_time": 0.01761624599999978
    },
    "t_user_15": {
        "redirect_time": 0.0029901510000001075,
        "build_auth_time": 0.0008216570000001422,
        "login_time": 0.00214672199999999,
        "acs_dispatch_time": 0.0035881559999997314,
        "finish_acs_dispatch_time": 0.016427628999999833
    },
    "t_user_16": {
        "redirect_time": 0.003154975000000171,
        "build_auth_time": 0.000922284000000051,
        "login_time": 0.0022105699999999118,
        "acs_dispatch_time": 0.0031610209999999306,
        "finish_acs_dispatch_time": 0.01816030599999996
    },
    "t_user_17": {
        "redirect_time": 0.00316232999999988,
        "build_auth_time": 0.0008912859999998801,
        "login_time": 0.0022491630000001095,
        "acs_dispatch_time": 0.0038733790000002877,
        "finish_acs_dispatch_time": 0.01804179699999997
    },
    "t_user_18": {
        "redirect_time": 0.0031141720000000817,
        "build_auth_time": 0.0009063540000000536,
        "login_time": 0.002186387999999706,
        "acs_dispatch_time": 0.0027953890000000925,
        "finish_acs_dispatch_time": 0.01717816300000008
    },
    "t_user_19": {
        "redirect_time": 0.003235818000000279,
        "build_auth_time": 0.0009016349999999562,
        "login_time": 0.0023130830000002156,
        "acs_dispatch_time": 0.0036428889999999825,
        "finish_acs_dispatch_time": 0.017633679999999874
    },
    "t_user_20": {
        "redirect_time": 0.0031510200000002264,
        "build_auth_time": 0.0008631430000001217,
        "login_time": 0.0022652249999999263,
        "acs_dispatch_time": 0.004034738999999732,
        "finish_acs_dispatch_time": 0.018543544999999995
    },
    "t_user_21": {
        "redirect_time": 0.0034926199999998353,
        "build_auth_time": 0.0008402720000000308,
        "login_time": 0.002607604000000041,
        "acs_dispatch_time": 0.0034445079999998462,
        "finish_acs_dispatch_time": 0.016929536999999772
    },
    "t_user_22": {
        "redirect_time": 0.003087058000000198,
        "build_auth_time": 0.0008566810000001368,
        "login_time": 0.002208607000000029,
        "acs_dispatch_time": 0.0035431249999997583,
        "finish_acs_dispatch_time": 0.01754985100000006
    },
    "t_user_23": {
        "redirect_time": 0.0031833420000002555,
        "build_auth_time": 0.0009439840000000643,
        "login_time": 0.0022180170000001276,
        "acs_dispatch_time": 0.0031570620000000993,
        "finish_acs_dispatch_time": 0.017402029999999957
    },
    "t_user_24": {
        "redirect_time": 0.004505561999999852,
        "build_auth_time": 0.0012881490000000717,
        "login_time": 0.0031906930000000777,
        "acs_dispatch_time": 0.0028310309999999284,
        "finish_acs_dispatch_time": 0.01749895300000004
    },
    "t_user_25": {
        "redirect_time": 0.00304885999999982,
        "build_auth_time": 0.000863803999999746,
        "login_time": 0.002165699999999937,
        "acs_dispatch_time": 0.003866446000000412,
        "finish_acs_dispatch_time": 0.01737750899999968
    },
    "t_user_26": {
        "redirect_time": 0.0031239779999996387,
        "build_auth_time": 0.000906764999999865,
        "login_time": 0.002193107000000083,
        "acs_dispatch_time": 0.0031588519999998788,
        "finish_acs_dispatch_time": 0.01682657600000015
    },
    "t_user_27": {
        "redirect_time": 0.0030847240000002607,
        "build_auth_time": 0.0008845220000002207,
        "login_time": 0.0021788019999999797,
        "acs_dispatch_time": 0.0034179549999997505,
        "finish_acs_dispatch_time": 0.01605372599999999
    },
    "t_user_28": {
        "redirect_time": 0.003071811000000313,
        "build_auth_time": 0.0008524530000002528,
        "login_time": 0.0021995809999997284,
        "acs_dispatch_time": 0.003161443000000208,
        "finish_acs_dispatch_time": 0.017629860999999636
    },
    "t_user_29": {
        "redirect_time": 0.0032668569999998454,
        "build_auth_time": 0.0009816759999998759,
        "login_time": 0.0022584810000001454,
        "acs_dispatch_time": 0.0033615060000000696,
        "finish_acs_dispatch_time": 0.017536595000000155
    },