{
    "t_user_1": {
        "redirect_time": 0.003014907000000011,
        "build_auth_time": 0.0008464129999999903,
        "login_time": 0.0021498389999999867,
        "acs_dispatch_time": 0.002692562999999981,
        "finish_acs_dispatch_time": 0.01653272700000008
    },
    "t_user_2": {
        "redirect_time": 0.0030905479999999708,
        "build_auth_time": 0.0008667599999999664,
        "login_time": 0.0022014369999999728,
        "acs_dispatch_time": 0.0034488179999999646,
        "finish_acs_dispatch_time": 0.01627042699999992
    },
    "t_user_3": {
        "redirect_time": 0.0035445570000000037,
        "build_auth_time": 0.0013314809999999122,
        "login_time": 0.0021890910000000874,
        "acs_dispatch_time": 0.002868704000000055,
        "finish_acs_dispatch_time": 0.015720010000000006
    },
    "t_user_4": {
        "redirect_time": 0.003027339999999934,
        "build_auth_time": 0.0008471139999999266,
        "login_time": 0.002160198000000002,
        "acs_dispatch_time": 0.004058369999999978,
        "finish_acs_dispatch_time": 0.020873097000000063
    },
    "t_user_5": {
        "redirect_time": 0.0030698389999999076,
        "build_auth_time": 0.0008415339999999771,
        "login_time": 0.002205443000000029,
        "acs_dispatch_time": 0.003593330999999922,
        "finish_acs_dispatch_time": 0.01634814200000001
    },
    "t_user_6": {
        "redirect_time": 0.003099273999999985,
        "build_auth_time": 0.0008626119999999293,
        "login_time": 0.0022157520000000153,
        "acs_dispatch_time": 0.003210739000000018,
        "finish_acs_dispatch_time": 0.020143204000000026
    },
    "t_user_7": {
        "redirect_time": 0.003058508000000071,
        "build_auth_time": 0.0008417530000000006,
        "login_time": 0.002195214000000001,
        "acs_dispatch_time": 0.00444624299999985,
        "finish_acs_dispatch_time": 0.016394593000000013
    },
    "t_user_8": {
        "redirect_time": 0.0034340779999999516,
        "build_auth_time": 0.001159705999999927,
        "login_time": 0.002251459000000011,
        "acs_dispatch_time": 0.0029336369999999334,
        "finish_acs_dispatch_time": 0.020495679999999794
    },
    "t_user_9": {
        "redirect_time": 0.003238032999999918,
        "build_auth_time": 0.000917374999999998,
        "login_time": 0.002295520999999967,
        "acs_dispatch_time": 0.004037006999999981,
        "finish_acs_dispatch_time": 0.018928596999999936
    },
    "t_user_10": {
        "redirect_time": 0.00314416900000003,
        "build_auth_time": 0.0008720010000000666,
        "login_time": 0.002249917000000101,
        "acs_dispatch_time": 0.004742824999999895,
        "finish_acs_dispatch_time": 0.017895551000000065
    },
    "t_user_12": {
        "redirect_time": 0.003222995999999867,
        "build_auth_time": 0.0009050929999998569,
        "login_time": 0.002292466000000104,
        "acs_dispatch_time": 0.0034176839999999764,
        "finish_acs_dispatch_time": 0.017583324999999927
    },
    "t_user_11": {
        "redirect_time": 0.0030646379999998974,
        "build_auth_time": 0.0008832109999998838,
        "login_time": 0.0021600760000000108,
        "acs_dispatch_time": 0.0034646380000000754,
        "finish_acs_dispatch_time": 0.016203094999999834
    },
    "t_user_14": {
        "redirect_time": 0.003134309000000002,
        "build_auth_time": 0.0008797540000000659,
        "login_time": 0.0022322939999999125,
        "acs_dispatch_time": 0.004002753999999831,
        "finish_acs_dispatch_time": 0.016166034999999912
    },
    "t_user_13": {
        "redirect_time": 0.003409411000000029,
        "build_auth_time": 0.0009493740000001694,
        "login_time": 0.002421163999999809,
        "acs_dispatch_time": 0.0030837259999998423,
        "finish_acs_dispatch_time": 0.017735590999999662
    },
    "t_user_15": {
        "redirect_time": 0.0032320809999999423,
        "build_auth_time": 0.0008938990000000313,
        "login_time": 0.002315509999999854,
        "acs_dispatch_time": 0.0028709650000000586,
        "finish_acs_dispatch_time": 0.01846208599999999
    },
    "t_user_16": {
        "redirect_time": 0.0030587879999999235,
        "build_auth_time": 0.0008187410000000117,
        "login_time": 0.0022205609999998988,
        "acs_dispatch_time": 0.0031936580000002657,
        "finish_acs_dispatch_time": 0.016303262999999735
    },
    "t_user_17": {
        "redirect_time": 0.003056423000000308,
        "build_auth_time": 0.0008159550000002014,
        "login_time": 0.002221120999999826,
        "acs_dispatch_time": 0.0033328990000001113,
        "finish_acs_dispatch_time": 0.01631788700000003
    },
    "t_user_18": {
        "redirect_time": 0.0033866689999997313,
        "build_auth_time": 0.0011067389999999122,
        "login_time": 0.00225306000000014,
        "acs_dispatch_time": 0.0030331089999999783,
        "finish_acs_dispatch_time": 0.01635361400000024
    },
    "t_user_19": {
        "redirect_time": 0.0030525550000000123,
        "build_auth_time": 0.0008580240000002348,
        "login_time": 0.002174063000000004,
        "acs_dispatch_time": 0.003264324999999957,
        "finish_acs_dispatch_time": 0.01621005199999992
    },
    "t_user_20": {
        "redirect_time": 0.0030560440000000355,
        "build_auth_time": 0.0008285890000001572,
        "login_time": 0.0022086599999999734,
        "acs_dispatch_time": 0.003333188999999681,
        "finish_acs_dispatch_time": 0.015940456999999686
    },
    "t_user_21": {
        "redirect_time": 0.0030861209999999417,
        "build_auth_time": 0.0008697859999999835,
        "login_time": 0.002196177000000077,
        "acs_dispatch_time": 0.0032698929999996906,
        "finish_acs_dispatch_time": 0.01818684699999995
    },
    "t_user_22": {
        "redirect_time": 0.0034879899999999964,
        "build_auth_time": 0.0010780249999999825,
        "login_time": 0.0023904980000000187,
        "acs_dispatch_time": 0.0038889079999999687,
        "finish_acs_dispatch_time": 0.015888568999999908
    },
    "t_user_23": {
        "redirect_time": 0.0031845719999998856,
        "build_auth_time": 0.0008982479999999349,
        "login_time": 0.002262700000000173,
        "acs_dispatch_time": 0.0028928949999995623,
        "finish_acs_dispatch_time": 0.01713020299999979
    },
    "t_user_24": {
        "redirect_time": 0.0030919709999999156,
        "build_auth_time": 0.0008894630000000348,
        "login_time": 0.0021838530000000134,
        "acs_dispatch_time": 0.0034601680000001522,
        "finish_acs_dispatch_time": 0.01699445200000005
    },
    "t_user_25": {
        "redirect_time": 0.0029758329999998168,
        "build_auth_time": 0.0008008569999997661,
        "login_time": 0.002156111000000127,
        "acs_dispatch_time": 0.003163583000000081,
        "finish_acs_dispatch_time": 0.01611133599999981
    },
    "t_user_26": {
        "redirect_time": 0.003116828000000016,
        "build_auth_time": 0.0008602579999998916,
        "login_time": 0.002223358000000175,
        "acs_dispatch_time": 0.030228735999999756,
        "finish_acs_dispatch_time": 0.017509245000000284
    },
    "t_user_27": {
        "redirect_time": 0.003083031999999708,
        "build_auth_time": 0.000816654999999944,
        "login_time": 0.002238434999999761,
        "acs_dispatch_time": 0.003198087999999988,
        "finish_acs_dispatch_time": 0.01778453300000038
    },
    "t_user_29": {
        "redirect_time": 0.003037280000000031,
        "build_auth_time": 0.0008489280000003596,
        "login_time": 0.0021625739999997506,
        "acs_dispatch_time": 0.00325428999999966,
        "finish_acs_dispatch_time": 0.01744349399999967
    },
    "t_user_28": {
        "redirect_time": 0.003008794999999953,
        "build_auth_time": 0.0008116870000001164,
        "login_time": 0.0021772709999998696,
        "acs_dispatch_time": 0.003183409000000026,
        "finish_acs_dispatch_time": 0.016770077000000327
    },