{
    "t_user_1": {
        "redirect_time": 0.013884418999999981,
        "get_access_token_time": 0.012460217000000107,
        "decode_id_token_time": 0.00039787399999990924,
        "complete_login_time": 0.01419145799999999,
        "dispatch_time": 0.051069548000000076
    },
    "t_user_2": {
        "redirect_time": 0.012774446999999967,
        "get_access_token_time": 0.011617867000000004,
        "decode_id_token_time": 0.0014980089999998558,
        "complete_login_time": 0.02255635300000014,
        "dispatch_time": 0.05974982999999989
    },
    "t_user_3": {
        "redirect_time": 0.013753297000000053,
        "get_access_token_time": 0.0120990299999999,
        "decode_id_token_time": 0.0002280059999999473,
        "complete_login_time": 0.014336188000000138,
        "dispatch_time": 0.05301021299999986
    },
    "t_user_4": {
        "redirect_time": 0.013504690999999958,
        "get_access_token_time": 0.018580730000000045,
        "decode_id_token_time": 0.00023889600000015498,
        "complete_login_time": 0.013746706000000053,
        "dispatch_time": 0.05695568799999995
    },
    "t_user_5": {
        "redirect_time": 0.013693669999999991,
        "get_access_token_time": 0.020817540999999995,
        "decode_id_token_time": 0.00023722400000014687,
        "complete_login_time": 0.014442580000000094,
        "dispatch_time": 0.060530020999999934
    },
    "t_user_6": {
        "redirect_time": 0.01371064200000005,
        "get_access_token_time": 0.011697609000000053,
        "decode_id_token_time": 0.0002136399999999039,
        "complete_login_time": 0.013420401000000082,
        "dispatch_time": 0.050831842000000016
    },
    "t_user_7": {
        "redirect_time": 0.014157807999999994,
        "get_access_token_time": 0.012405962999999964,
        "decode_id_token_time": 0.00021201600000009257,
        "complete_login_time": 0.014098379999999855,
        "dispatch_time": 0.05067385899999999
    },
    "t_user_8": {
        "redirect_time": 0.014930529000000026,
        "get_access_token_time": 0.011640851000000119,
        "decode_id_token_time": 0.00018799199999985916,
        "complete_login_time": 0.016117656999999896,
        "dispatch_time": 0.050784431999999935
    },
    "t_user_9": {
        "redirect_time": 0.013887883999999961,
        "get_access_token_time": 0.012472588000000062,
        "decode_id_token_time": 0.00021763699999999275,
        "complete_login_time": 0.018405855999999998,
        "dispatch_time": 0.05451058299999989
    },
    "t_user_10": {
        "redirect_time": 0.01562597600000004,
        "get_access_token_time": 0.011880282999999991,
        "decode_id_token_time": 0.0002003839999999979,
        "complete_login_time": 0.014127761000000127,
        "dispatch_time": 0.04958192699999997
    },
    "t_user_11": {
        "redirect_time": 0.014286551000000092,
        "get_access_token_time": 0.011771090999999956,
        "decode_id_token_time": 0.00020558399999992538,
        "complete_login_time": 0.013544551000000071,
        "dispatch_time": 0.051866428999999936
    },
    "t_user_12": {
        "redirect_time": 0.018037159999999997,
        "get_access_token_time": 0.01148400099999991,
        "decode_id_token_time": 0.00019699899999992,
        "complete_login_time": 0.013242991000000037,
        "dispatch_time": 0.04725160399999995
    },
    "t_user_14": {
        "redirect_time": 0.012909438999999967,
        "get_access_token_time": 0.012280862999999975,
        "decode_id_token_time": 0.00022122300000004813,
        "complete_login_time": 0.013741086000000013,
        "dispatch_time": 0.05620197100000013
    },
    "t_user_13": {
        "redirect_time": 0.015210615999999844,
        "get_access_token_time": 0.012179523999999997,
        "decode_id_token_time": 0.0002230669999998547,
        "complete_login_time": 0.014219339000000053,
        "dispatch_time": 0.0549944819999999
    },
    "t_user_15": {
        "redirect_time": 0.014804998000000236,
        "get_access_token_time": 0.011519137000000068,
        "decode_id_token_time": 0.00020021399999992084,
        "complete_login_time": 0.013116002000000293,
        "dispatch_time": 0.05000825000000031
    },
    "t_user_16": {
        "redirect_time": 0.0143384430000002,
        "get_access_token_time": 0.01283746699999977,
        "decode_id_token_time": 0.00018877300000008645,
        "complete_login_time": 0.01268696600000041,
        "dispatch_time": 0.04769456000000005
    },
    "t_user_17": {
        "redirect_time": 0.014908093999999927,
        "get_access_token_time": 0.01074309799999984,
        "decode_id_token_time": 0.00019581599999973776,
        "complete_login_time": 0.01813711799999984,
        "dispatch_time": 0.05079243799999977
    },
    "t_user_18": {
        "redirect_time": 0.012499655000000054,
        "get_access_token_time": 0.014577738999999923,
        "decode_id_token_time": 0.00019909200000034488,
        "complete_login_time": 0.01637771400000032,
        "dispatch_time": 0.053852467999999654
    },
    "t_user_19": {
        "redirect_time": 0.0129190880000003,
        "get_access_token_time": 0.011820026999999733,
        "decode_id_token_time": 0.00020714699999979658,
        "complete_login_time": 0.017822530000000114,
        "dispatch_time": 0.05254512100000008
    },
    "t_user_20": {
        "redirect_time": 0.012739525000000196,
        "get_access_token_time": 0.04653983499999992,
        "decode_id_token_time": 0.0002016170000000983,
        "complete_login_time": 0.012512225999999238,
        "dispatch_time": 0.08105872699999983
    },
    "t_user_22": {
        "redirect_time": 0.01373602500000004,
        "get_access_token_time": 0.01109877600000031,
        "decode_id_token_time": 0.00021399100000030202,
        "complete_login_time": 0.012858104999999842,
        "dispatch_time": 0.04502241299999987
    },
    "t_user_21": {
        "redirect_time": 0.01316474199999984,
        "get_access_token_time": 0.013346517000000002,
        "decode_id_token_time": 0.00024573899999991156,
        "complete_login_time": 0.013672859999999787,
        "dispatch_time": 0.050594353999999786
    },
    "t_user_23": {
        "redirect_time": 0.014151941999999806,
        "get_access_token_time": 0.01115394500000022,
        "decode_id_token_time": 0.0002599160000000822,
        "complete_login_time": 0.013882794000000587,
        "dispatch_time": 0.0477836629999997
    },
    "t_user_24": {
        "redirect_time": 0.013398723999999973,
        "get_access_token_time": 0.011607984999999932,
        "decode_id_token_time": 0.00023209399999979397,
        "complete_login_time": 0.017109639000000065,
        "dispatch_time": 0.05110263700000006
    },
    "t_user_25": {
        "redirect_time": 0.013642989999999688,
        "get_access_token_time": 0.01314774899999982,
        "decode_id_token_time": 0.00026885300000012435,
        "complete_login_time": 0.01513241799999987,
        "dispatch_time": 0.06570881000000028
    },
    "t_user_28": {
        "redirect_time": 0.012738394999999958,
        "get_access_token_time": 0.010873078999999564,
        "decode_id_token_time": 0.00020974200000001275,
        "complete_login_time": 0.012712031999999596,
        "dispatch_time": 0.04492527599999985
    },
    "t_user_27": {
        "redirect_time": 0.012449576000000295,
        "get_access_token_time": 0.010926394000000172,
        "decode_id_token_time": 0.00019333100000018533,
        "complete_login_time": 0.01226724999999984,
        "dispatch_time": 0.046704364
    },
    "t_user_26": {
        "redirect_time": 0.013120844000000353,
        "get_access_token_time": 0.01147304399999971,
        "decode_id_token_time": 0.00019265000000068255,
        "complete_login_time": 0.012698679000000546,
        "dispatch_time": 0.05148238900000024
    },
    "t_user_29": {
        "redirect_time": 0.014463036000000429,
        "get_access_token_time": 0.010863525000000429,