{
    "t_user_1": {
        "redirect_time": 0.013353812999999992,
        "get_access_token_time": 0.011448120000000062,
        "decode_id_token_time": 0.00019776900000012532,
        "complete_login_time": 0.01302078799999995,
        "dispatch_time": 0.04811739199999998
    },
    "t_user_2": {
        "redirect_time": 0.015001511999999995,
        "get_access_token_time": 0.011030620000000102,
        "decode_id_token_time": 0.0002153919999998699,
        "complete_login_time": 0.012785100999999965,
        "dispatch_time": 0.04645288600000019
    },
    "t_user_3": {
        "redirect_time": 0.014295614000000012,
        "get_access_token_time": 0.01041786999999994,
        "decode_id_token_time": 0.00019633699999999088,
        "complete_login_time": 0.017173284000000066,
        "dispatch_time": 0.0479428420000001
    },
    "t_user_4": {
        "redirect_time": 0.013542927000000038,
        "get_access_token_time": 0.010697614999999994,
        "decode_id_token_time": 0.00022808699999998794,
        "complete_login_time": 0.012748867999999858,
        "dispatch_time": 0.04641997000000009
    },
    "t_user_5": {
        "redirect_time": 0.013361001000000039,
        "get_access_token_time": 0.013661540999999833,
        "decode_id_token_time": 0.00019913200000010178,
        "complete_login_time": 0.013016299000000009,
        "dispatch_time": 0.053751566000000084
    },
    "t_user_6": {
        "redirect_time": 0.013468728999999957,
        "get_access_token_time": 0.014752302999999856,
        "decode_id_token_time": 0.0007399439999999924,
        "complete_login_time": 0.014424981000000114,
        "dispatch_time": 0.05274975100000012
    },
    "t_user_7": {
        "redirect_time": 0.013231391000000037,
        "get_access_token_time": 0.011690640999999946,
        "decode_id_token_time": 0.00024246299999997056,
        "complete_login_time": 0.017819827000000066,
        "dispatch_time": 0.053586820999999896
    },
    "t_user_8": {
        "redirect_time": 0.015617957000000016,
        "get_access_token_time": 0.01604942399999998,
        "decode_id_token_time": 0.00021025199999979982,
        "complete_login_time": 0.012983260999999802,
        "dispatch_time": 0.05083693999999994
    },
    "t_user_9": {
        "redirect_time": 0.015389962999999951,
        "get_access_token_time": 0.02069625899999994,
        "decode_id_token_time": 0.0002051939999998531,
        "complete_login_time": 0.013299866999999965,
        "dispatch_time": 0.05653287699999998
    },
    "t_user_10": {
        "redirect_time": 0.01414660500000009,
        "get_access_token_time": 0.011369044999999911,
        "decode_id_token_time": 0.00020623500000005457,
        "complete_login_time": 0.012367704999999951,
        "dispatch_time": 0.04784881699999999
    },
    "t_user_11": {
        "redirect_time": 0.015753181000000005,
        "get_access_token_time": 0.01025363800000001,
        "decode_id_token_time": 0.0001992420000000994,
        "complete_login_time": 0.01217881899999984,
        "dispatch_time": 0.04292975399999999
    },
    "t_user_12": {
        "redirect_time": 0.01893860100000011,
        "get_access_token_time": 0.011133823999999848,
        "decode_id_token_time": 0.0002379249999999722,
        "complete_login_time": 0.013138058999999647,
        "dispatch_time": 0.04671933200000011
    },
    "t_user_14": {
        "redirect_time": 0.013221614000000104,
        "get_access_token_time": 0.011970492999999749,
        "decode_id_token_time": 0.00020939199999991942,
        "complete_login_time": 0.018774094999999935,
        "dispatch_time": 0.05305710000000019
    },
    "t_user_13": {
        "redirect_time": 0.01506600399999991,
        "get_access_token_time": 0.011817596000000208,
        "decode_id_token_time": 0.0002793919999999339,
        "complete_login_time": 0.01478385200000032,
        "dispatch_time": 0.05657440299999994
    },
    "t_user_15": {
        "redirect_time": 0.014769991999999954,
        "get_access_token_time": 0.010850671000000034,
        "decode_id_token_time": 0.0002081199999999228,
        "complete_login_time": 0.012536220999999959,
        "dispatch_time": 0.050047869000000134
    },
    "t_user_16": {
        "redirect_time": 0.014311297999999972,
        "get_access_token_time": 0.01259029100000042,
        "decode_id_token_time": 0.00023705400000029186,
        "complete_login_time": 0.013398911999999985,
        "dispatch_time": 0.04740303399999979
    },
    "t_user_17": {
        "redirect_time": 0.012618514999999775,
        "get_access_token_time": 0.011820860999999905,
        "decode_id_token_time": 0.00019492400000009624,
        "complete_login_time": 0.01280520900000015,
        "dispatch_time": 0.05272752799999969
    },
    "t_user_18": {
        "redirect_time": 0.012854820999999905,
        "get_access_token_time": 0.013958034999999924,
        "decode_id_token_time": 0.0002300799999996883,
        "complete_login_time": 0.01322519199999972,
        "dispatch_time": 0.05077538299999995
    },
    "t_user_19": {
        "redirect_time": 0.012709189999999815,
        "get_access_token_time": 0.011345037999999974,
        "decode_id_token_time": 0.00028566399999974124,
        "complete_login_time": 0.014886187999999745,
        "dispatch_time": 0.05752484000000013
    },
    "t_user_20": {
        "redirect_time": 0.012621863000000122,
        "get_access_token_time": 0.0115065379999999,
        "decode_id_token_time": 0.00020529399999968945,
        "complete_login_time": 0.013496568999999958,
        "dispatch_time": 0.047560181999999784
    },
    "t_user_21": {
        "redirect_time": 0.013496797000000171,
        "get_access_token_time": 0.045094392000000205,
        "decode_id_token_time": 0.00020000399999986485,
        "complete_login_time": 0.013101583000000083,
        "dispatch_time": 0.0809223910000001
    },
    "t_user_22": {
        "redirect_time": 0.01337114500000025,
        "get_access_token_time": 0.011381207999999532,
        "decode_id_token_time": 0.00024104099999977535,
        "complete_login_time": 0.013774323999999893,
        "dispatch_time": 0.04746113800000007
    },
    "t_user_23": {
        "redirect_time": 0.013592733000000301,
        "get_access_token_time": 0.01155649599999986,
        "decode_id_token_time": 0.0002019469999998691,
        "complete_login_time": 0.013163502000000271,
        "dispatch_time": 0.051083833000000745
    },
    "t_user_24": {
        "redirect_time": 0.012713109999999972,
        "get_access_token_time": 0.011707577999999774,
        "decode_id_token_time": 0.0002537039999999102,
        "complete_login_time": 0.013546180999999713,
        "dispatch_time": 0.048666184
    },
    "t_user_25": {
        "redirect_time": 0.012478756999999785,
        "get_access_token_time": 0.014632946000000313,
        "decode_id_token_time": 0.0002304999999998003,
        "complete_login_time": 0.013473357000000075,
        "dispatch_time": 0.06323388900000015
    },
    "t_user_26": {
        "redirect_time": 0.01368920600000001,
        "get_access_token_time": 0.011176271000000071,
        "decode_id_token_time": 0.00019853099999966872,
        "complete_login_time": 0.01613184500000031,
        "dispatch_time": 0.04976670199999944
    },
    "t_user_28": {
        "redirect_time": 0.013827193000000015,
        "get_access_token_time": 0.010974068999999531,
        "decode_id_token_time": 0.00021422000000015373,
        "complete_login_time": 0.01335753099999959,
        "dispatch_time": 0.04524949299999914
    },
    "t_user_27": {
        "redirect_time": 0.01395953900000002,
        "get_access_token_time": 0.012450929999999971,
        "decode_id_token_time": 0.0002676109999999454,
        "complete_login_time": 0.01329221000000036,
        "dispatch_time": 0.05278077700000061
    },
    "t_user_29": {
        "redirect_time": 0.01350820900000027,
        "get_access_token_time": 0.011637643999999447,