{
    "t_user_1": {
        "redirect_time": 0.012876730000000003,
        "get_access_token_time": 0.011376950999999913,
        "decode_id_token_time": 0.00023897600000011288,
        "complete_login_time": 0.012975813999999808,
        "dispatch_time": 0.05040511300000006
    },
    "t_user_2": {
        "redirect_time": 0.012659041999999954,
        "get_access_token_time": 0.011332313000000038,
        "decode_id_token_time": 0.00017906399999989553,
        "complete_login_time": 0.012188528000000032,
        "dispatch_time": 0.049482354000000006
    },
    "t_user_3": {
        "redirect_time": 0.01646039399999999,
        "get_access_token_time": 0.011528803000000032,
        "decode_id_token_time": 0.00025210099999983804,
        "complete_login_time": 0.014083803000000117,
        "dispatch_time": 0.051787722000000036
    },
    "t_user_4": {
        "redirect_time": 0.013463690000000028,
        "get_access_token_time": 0.015842126999999984,
        "decode_id_token_time": 0.00016911500000005297,
        "complete_login_time": 0.012254682999999877,
        "dispatch_time": 0.049822981000000155
    },
    "t_user_5": {
        "redirect_time": 0.012976605999999946,
        "get_access_token_time": 0.01461003999999999,
        "decode_id_token_time": 0.0006446049999999648,
        "complete_login_time": 0.013763807999999988,
        "dispatch_time": 0.053446915000000095
    },
    "t_user_6": {
        "redirect_time": 0.01299905400000001,
        "get_access_token_time": 0.012123965000000014,
        "decode_id_token_time": 0.00021529299999989426,
        "complete_login_time": 0.014500189999999913,
        "dispatch_time": 0.05126774199999984
    },
    "t_user_7": {
        "redirect_time": 0.014089974999999977,
        "get_access_token_time": 0.011833384000000002,
        "decode_id_token_time": 0.00020880199999995241,
        "complete_login_time": 0.012577709000000104,
        "dispatch_time": 0.046636283
    },
    "t_user_8": {
        "redirect_time": 0.016077982999999962,
        "get_access_token_time": 0.016056720999999996,
        "decode_id_token_time": 0.00017609900000015166,
        "complete_login_time": 0.012495267000000032,
        "dispatch_time": 0.04933122900000009
    },
    "t_user_9": {
        "redirect_time": 0.013429536999999936,
        "get_access_token_time": 0.011307312000000014,
        "decode_id_token_time": 0.00022083299999997585,
        "complete_login_time": 0.01341009400000015,
        "dispatch_time": 0.04869460200000009
    },
    "t_user_10": {
        "redirect_time": 0.014287547999999983,
        "get_access_token_time": 0.011092866000000035,
        "decode_id_token_time": 0.00018951300000003002,
        "complete_login_time": 0.012776506999999881,
        "dispatch_time": 0.049394276999999986
    },
    "t_user_11": {
        "redirect_time": 0.012543764999999985,
        "get_access_token_time": 0.010629157999999972,
        "decode_id_token_time": 0.0002184779999998554,
        "complete_login_time": 0.012666456000000048,
        "dispatch_time": 0.04532727100000011
    },
    "t_user_12": {
        "redirect_time": 0.01274130699999998,
        "get_access_token_time": 0.011037341999999839,
        "decode_id_token_time": 0.00042951299999982595,
        "complete_login_time": 0.01376943800000019,
        "dispatch_time": 0.046204683000000024
    },
    "t_user_14": {
        "redirect_time": 0.013978913999999953,
        "get_access_token_time": 0.011235806000000181,
        "decode_id_token_time": 0.00019489399999983448,
        "complete_login_time": 0.012899283999999955,
        "dispatch_time": 0.04571059799999988
    },
    "t_user_13": {
        "redirect_time": 0.012049364999999979,
        "get_access_token_time": 0.010845091999999834,
        "decode_id_token_time": 0.00020891099999964524,
        "complete_login_time": 0.012622798000000213,
        "dispatch_time": 0.04586129500000036
    },
    "t_user_15": {
        "redirect_time": 0.013682758999999933,
        "get_access_token_time": 0.010940649000000136,
        "decode_id_token_time": 0.00019722900000029853,
        "complete_login_time": 0.012615953000000069,
        "dispatch_time": 0.04512157299999986
    },
    "t_user_16": {
        "redirect_time": 0.013073078000000127,
        "get_access_token_time": 0.011848398999999787,
        "decode_id_token_time": 0.00020876999999996926,
        "complete_login_time": 0.013620132999999868,
        "dispatch_time": 0.05226176299999974
    },
    "t_user_17": {
        "redirect_time": 0.012568472000000108,
        "get_access_token_time": 0.011184307000000171,
        "decode_id_token_time": 0.00024181300000014616,
        "complete_login_time": 0.02081063499999969,
        "dispatch_time": 0.055354824000000136
    },
    "t_user_18": {
        "redirect_time": 0.013135820999999659,
        "get_access_token_time": 0.011560674999999687,
        "decode_id_token_time": 0.00022133399999990644,
        "complete_login_time": 0.013473246999999855,
        "dispatch_time": 0.052104130000000026
    },
    "t_user_19": {
        "redirect_time": 0.013075858999999745,
        "get_access_token_time": 0.012045758999999379,
        "decode_id_token_time": 0.00019575500000001966,
        "complete_login_time": 0.012606514999999874,
        "dispatch_time": 0.04588915900000057
    },
    "t_user_20": {
        "redirect_time": 0.01303310400000024,
        "get_access_token_time": 0.015048893999999535,
        "decode_id_token_time": 0.0002536240000008405,
        "complete_login_time": 0.013926420999999856,
        "dispatch_time": 0.05755896399999916
    },
    "t_user_22": {
        "redirect_time": 0.013292542000000296,
        "get_access_token_time": 0.011298140999999706,
        "decode_id_token_time": 0.0002087100000003339,
        "complete_login_time": 0.01243546100000037,
        "dispatch_time": 0.04616592899999983
    },
    "t_user_23": {
        "redirect_time": 0.013661397999999991,
        "get_access_token_time": 0.017064122000000737,
        "decode_id_token_time": 0.00018894300000038555,
        "complete_login_time": 0.01263158499999939,
        "dispatch_time": 0.05261941500000056
    },
    "t_user_21": {
        "redirect_time": 0.015434403999999624,
        "get_access_token_time": 0.013722710000000138,
        "decode_id_token_time": 0.00022655400000015646,
        "complete_login_time": 0.012981931000000113,
        "dispatch_time": 0.04789239099999998
    },
    "t_user_24": {
        "redirect_time": 0.012644815999999892,
        "get_access_token_time": 0.01602132399999956,
        "decode_id_token_time": 0.00019478399999961482,
        "complete_login_time": 0.01251803799999962,
        "dispatch_time": 0.049373141999999426
    },
    "t_user_26": {
        "redirect_time": 0.012710057999999691,
        "get_access_token_time": 0.01530064599999914,
        "decode_id_token_time": 0.00024122000000037502,
        "complete_login_time": 0.013566448999999814,
        "dispatch_time": 0.05416074599999998
    },
    "t_user_25": {
        "redirect_time": 0.013274524999999926,
        "get_access_token_time": 0.011638203999999597,
        "decode_id_token_time": 0.00021509200000036088,
        "complete_login_time": 0.012897246999999723,
        "dispatch_time": 0.06168301700000001
    },
    "t_user_27": {
        "redirect_time": 0.01330631300000018,
        "get_access_token_time": 0.010863928000000023,
        "decode_id_token_time": 0.0001944130000000044,
        "complete_login_time": 0.013133998000000702,
        "dispatch_time": 0.04581607600000037
    },
    "t_user_30": {
        "redirect_time": 0.013153889000000252,
        "get_access_token_time": 0.010486466999999777,
        "decode_id_token_time": 0.00018880299999946004,
        "complete_login_time": 0.012284249999999552,
        "dispatch_time": 0.0515621890000002
    },
    "t_user_28": {
        "redirect_time": 0.012888619000000379,
        "get_access_token_time": 0.011351881999999591,