{
    "t_user_1": {
        "redirect_time": 0.013299167999999972,
        "get_access_token_time": 0.025250446999999898,
        "decode_id_token_time": 0.00022453000000011158,
        "complete_login_time": 0.013432266999999998,
        "dispatch_time": 0.05981345199999999
    },
    "t_user_2": {
        "redirect_time": 0.012675072000000065,
        "get_access_token_time": 0.014307833000000159,
        "decode_id_token_time": 0.0009275049999999396,
        "complete_login_time": 0.015267482000000054,
        "dispatch_time": 0.053550903000000094
    },
    "t_user_3": {
        "redirect_time": 0.013685984999999956,
        "get_access_token_time": 0.010454098999999939,
        "decode_id_token_time": 0.0002101829999998639,
        "complete_login_time": 0.012002257000000016,
        "dispatch_time": 0.045204062999999906
    },
    "t_user_4": {
        "redirect_time": 0.01277057199999998,
        "get_access_token_time": 0.010539617999999917,
        "decode_id_token_time": 0.0002577109999999383,
        "complete_login_time": 0.01414350799999986,
        "dispatch_time": 0.0463780949999999
    },
    "t_user_5": {
        "redirect_time": 0.013173119000000066,
        "get_access_token_time": 0.012407111999999998,
        "decode_id_token_time": 0.0002740130000000729,
        "complete_login_time": 0.013782143000000024,
        "dispatch_time": 0.05537305199999998
    },
    "t_user_6": {
        "redirect_time": 0.012851504999999985,
        "get_access_token_time": 0.011391719000000133,
        "decode_id_token_time": 0.00019287999999995087,
        "complete_login_time": 0.012746817000000021,
        "dispatch_time": 0.053328890000000184
    },
    "t_user_7": {
        "redirect_time": 0.013192928000000048,
        "get_access_token_time": 0.0117406659999999,
        "decode_id_token_time": 0.00020652599999992916,
        "complete_login_time": 0.019095226999999992,
        "dispatch_time": 0.0522166260000001
    },
    "t_user_8": {
        "redirect_time": 0.013727947000000018,
        "get_access_token_time": 0.017134497999999887,
        "decode_id_token_time": 0.0001933109999998628,
        "complete_login_time": 0.01254262599999989,
        "dispatch_time": 0.051586095
    },
    "t_user_9": {
        "redirect_time": 0.014006999999999992,
        "get_access_token_time": 0.016288378000000048,
        "decode_id_token_time": 0.00021354000000006756,
        "complete_login_time": 0.01196737399999992,
        "dispatch_time": 0.05022324300000003
    },
    "t_user_10": {
        "redirect_time": 0.014438628000000064,
        "get_access_token_time": 0.011107645000000055,
        "decode_id_token_time": 0.0002492359999999305,
        "complete_login_time": 0.012768553999999988,
        "dispatch_time": 0.04748601400000019
    },
    "t_user_11": {
        "redirect_time": 0.01508434599999997,
        "get_access_token_time": 0.011125832000000058,
        "decode_id_token_time": 0.0002113059999999667,
        "complete_login_time": 0.012661747000000112,
        "dispatch_time": 0.04961200499999996
    },
    "t_user_12": {
        "redirect_time": 0.017468407000000186,
        "get_access_token_time": 0.01172990099999982,
        "decode_id_token_time": 0.00021218599999994758,
        "complete_login_time": 0.012595087000000005,
        "dispatch_time": 0.045461395000000016
    },
    "t_user_13": {
        "redirect_time": 0.012998767999999883,
        "get_access_token_time": 0.010315765000000088,
        "decode_id_token_time": 0.0002503679999998898,
        "complete_login_time": 0.016943218000000204,
        "dispatch_time": 0.048247037999999964
    },
    "t_user_14": {
        "redirect_time": 0.012926145,
        "get_access_token_time": 0.010554986000000044,
        "decode_id_token_time": 0.000311522000000064,
        "complete_login_time": 0.013863407000000105,
        "dispatch_time": 0.04630716400000012
    },
    "t_user_15": {
        "redirect_time": 0.015129267999999918,
        "get_access_token_time": 0.011756952000000265,
        "decode_id_token_time": 0.0002327649999998016,
        "complete_login_time": 0.013733691999999742,
        "dispatch_time": 0.04920115299999983
    },
    "t_user_16": {
        "redirect_time": 0.01317310100000002,
        "get_access_token_time": 0.011495592000000165,
        "decode_id_token_time": 0.00021327900000001065,
        "complete_login_time": 0.012715180999999909,
        "dispatch_time": 0.04637969100000028
    },
    "t_user_17": {
        "redirect_time": 0.014494634000000062,
        "get_access_token_time": 0.015107054000000009,
        "decode_id_token_time": 0.00020988200000005008,
        "complete_login_time": 0.013018198000000147,
        "dispatch_time": 0.05089865699999985
    },
    "t_user_18": {
        "redirect_time": 0.013879592999999968,
        "get_access_token_time": 0.011477501999999973,
        "decode_id_token_time": 0.00020976299999997394,
        "complete_login_time": 0.013132297999999931,
        "dispatch_time": 0.048606114000000034
    },
    "t_user_19": {
        "redirect_time": 0.013035115000000097,
        "get_access_token_time": 0.012455506999999866,
        "decode_id_token_time": 0.000277669000000369,
        "complete_login_time": 0.014864984999999997,
        "dispatch_time": 0.04876693799999998
    },
    "t_user_20": {
        "redirect_time": 0.013709255999999836,
        "get_access_token_time": 0.012979329999999845,
        "decode_id_token_time": 0.00021876000000009554,
        "complete_login_time": 0.013247887000000347,
        "dispatch_time": 0.047541697000000216
    },
    "t_user_22": {
        "redirect_time": 0.014360134999999996,
        "get_access_token_time": 0.011152695999999906,
        "decode_id_token_time": 0.00020073499999995192,
        "complete_login_time": 0.012589135000000251,
        "dispatch_time": 0.045596835
    },
    "t_user_21": {
        "redirect_time": 0.01520457800000008,
        "get_access_token_time": 0.011469491000000165,
        "decode_id_token_time": 0.00022627199999991632,
        "complete_login_time": 0.014134466000000234,
        "dispatch_time": 0.055941842999999825
    },
    "t_user_24": {
        "redirect_time": 0.012717164999999753,
        "get_access_token_time": 0.011051619999999929,
        "decode_id_token_time": 0.00023103200000029744,
        "complete_login_time": 0.01598628099999999,
        "dispatch_time": 0.04832266100000027
    },
    "t_user_23": {
        "redirect_time": 0.013299822999999655,
        "get_access_token_time": 0.012611975999999636,
        "decode_id_token_time": 0.0002131290000000341,
        "complete_login_time": 0.012832406999999879,
        "dispatch_time": 0.047269873000000295
    },
    "t_user_25": {
        "redirect_time": 0.012348438000000073,
        "get_access_token_time": 0.012634760999999273,
        "decode_id_token_time": 0.0002446970000002935,
        "complete_login_time": 0.015949228000000204,
        "dispatch_time": 0.0503111159999996
    },
    "t_user_26": {
        "redirect_time": 0.01276778200000006,
        "get_access_token_time": 0.011300480000000057,
        "decode_id_token_time": 0.00019993400000029027,
        "complete_login_time": 0.012523436000000387,
        "dispatch_time": 0.046214401000000294
    },
    "t_user_28": {
        "redirect_time": 0.01470267000000014,
        "get_access_token_time": 0.01121096399999999,
        "decode_id_token_time": 0.00021613399999953486,
        "complete_login_time": 0.013171133000000168,
        "dispatch_time": 0.04520571299999965
    },
    "t_user_27": {
        "redirect_time": 0.013755779000000246,
        "get_access_token_time": 0.01153428299999959,
        "decode_id_token_time": 0.00020363099999975987,
        "complete_login_time": 0.01293708700000007,
        "dispatch_time": 0.045833347999999496
    },
    "t_user_29": {
        "redirect_time": 0.014136273000000088,
        "get_access_token_time": 0.011021372000000085,