{
    "t_user_1": {
        "redirect_time": 0.013179765999999982,
        "get_access_token_time": 0.011569928999999979,
        "decode_id_token_time": 0.00028069499999983094,
        "complete_login_time": 0.013916168999999812,
        "dispatch_time": 0.048779039000000024
    },
    "t_user_2": {
        "redirect_time": 0.012951833000000024,
        "get_access_token_time": 0.010810216000000095,
        "decode_id_token_time": 0.00020380100000005896,
        "complete_login_time": 0.01255332599999992,
        "dispatch_time": 0.04876111500000002
    },
    "t_user_3": {
        "redirect_time": 0.013922502999999975,
        "get_access_token_time": 0.01152180700000005,
        "decode_id_token_time": 0.0001972779999999119,
        "complete_login_time": 0.01450361099999986,
        "dispatch_time": 0.047838590000000014
    },
    "t_user_4": {
        "redirect_time": 0.013440742999999977,
        "get_access_token_time": 0.011236755999999959,
        "decode_id_token_time": 0.0002169350000000847,
        "complete_login_time": 0.012932307000000032,
        "dispatch_time": 0.04578169700000001
    },
    "t_user_5": {
        "redirect_time": 0.012732721999999974,
        "get_access_token_time": 0.013684133000000154,
        "decode_id_token_time": 0.00018938400000001465,
        "complete_login_time": 0.013135863999999886,
        "dispatch_time": 0.04970427099999997
    },
    "t_user_6": {
        "redirect_time": 0.01365532700000005,
        "get_access_token_time": 0.01150909500000008,
        "decode_id_token_time": 0.00027433200000004376,
        "complete_login_time": 0.013661874999999934,
        "dispatch_time": 0.05300570900000001
    },
    "t_user_7": {
        "redirect_time": 0.013827617000000014,
        "get_access_token_time": 0.013419654000000003,
        "decode_id_token_time": 0.0007054590000001859,
        "complete_login_time": 0.018494800000000033,
        "dispatch_time": 0.055586788000000054
    },
    "t_user_8": {
        "redirect_time": 0.014305338,
        "get_access_token_time": 0.011679089000000031,
        "decode_id_token_time": 0.0002477530000000172,
        "complete_login_time": 0.013739147999999979,
        "dispatch_time": 0.05313980899999993
    },
    "t_user_9": {
        "redirect_time": 0.014050553000000021,
        "get_access_token_time": 0.011464189000000014,
        "decode_id_token_time": 0.00022065299999995958,
        "complete_login_time": 0.018455891000000113,
        "dispatch_time": 0.05209401400000013
    },
    "t_user_10": {
        "redirect_time": 0.013626660999999984,
        "get_access_token_time": 0.01096994699999998,
        "decode_id_token_time": 0.00021446100000011015,
        "complete_login_time": 0.012704752999999958,
        "dispatch_time": 0.05088221400000004
    },
    "t_user_11": {
        "redirect_time": 0.016440099999999958,
        "get_access_token_time": 0.012399002000000214,
        "decode_id_token_time": 0.000251218000000053,
        "complete_login_time": 0.012978676000000133,
        "dispatch_time": 0.048626587
    },
    "t_user_12": {
        "redirect_time": 0.017138566000000077,
        "get_access_token_time": 0.011159925999999931,
        "decode_id_token_time": 0.00022396899999987951,
        "complete_login_time": 0.01895300699999991,
        "dispatch_time": 0.05451822599999989
    },
    "t_user_13": {
        "redirect_time": 0.014234826999999894,
        "get_access_token_time": 0.010573147999999755,
        "decode_id_token_time": 0.0001734440000000781,
        "complete_login_time": 0.011755552999999974,
        "dispatch_time": 0.0443141309999997
    },
    "t_user_14": {
        "redirect_time": 0.016026899000000094,
        "get_access_token_time": 0.01254288300000006,
        "decode_id_token_time": 0.00024106999999995438,
        "complete_login_time": 0.014056699000000172,
        "dispatch_time": 0.05232696400000014
    },
    "t_user_15": {
        "redirect_time": 0.012779830000000159,
        "get_access_token_time": 0.010807174000000419,
        "decode_id_token_time": 0.00020481299999985936,
        "complete_login_time": 0.017632018000000027,
        "dispatch_time": 0.05061042300000018
    },
    "t_user_16": {
        "redirect_time": 0.013434394000000127,
        "get_access_token_time": 0.010346730000000193,
        "decode_id_token_time": 0.00021360899999978145,
        "complete_login_time": 0.012180033000000368,
        "dispatch_time": 0.04451224100000006
    },
    "t_user_17": {
        "redirect_time": 0.013247282000000027,
        "get_access_token_time": 0.011670963000000256,
        "decode_id_token_time": 0.0002345579999998293,
        "complete_login_time": 0.013188696999999472,
        "dispatch_time": 0.050443540999999925
    },
    "t_user_18": {
        "redirect_time": 0.01250940800000011,
        "get_access_token_time": 0.011821523000000056,
        "decode_id_token_time": 0.00022160400000004188,
        "complete_login_time": 0.013215096999999787,
        "dispatch_time": 0.05014823299999982
    },
    "t_user_19": {
        "redirect_time": 0.013147319999999851,
        "get_access_token_time": 0.011140146999999878,
        "decode_id_token_time": 0.0002432040000002189,
        "complete_login_time": 0.013499839999999708,
        "dispatch_time": 0.04693019199999959
    },
    "t_user_20": {
        "redirect_time": 0.012881790000000226,
        "get_access_token_time": 0.012228212999999766,
        "decode_id_token_time": 0.00021624399999975452,
        "complete_login_time": 0.05467049099999999,
        "dispatch_time": 0.0906027410000001
    },
    "t_user_21": {
        "redirect_time": 0.014508811999999871,
        "get_access_token_time": 0.011135041000000179,
        "decode_id_token_time": 0.00022470999999946173,
        "complete_login_time": 0.013837730000000548,
        "dispatch_time": 0.049321063999999915
    },
    "t_user_23": {
        "redirect_time": 0.013381081999999989,
        "get_access_token_time": 0.01102662399999943,
        "decode_id_token_time": 0.00019709800000011768,
        "complete_login_time": 0.014092084999999699,
        "dispatch_time": 0.05195336199999989
    },
    "t_user_24": {
        "redirect_time": 0.013840969999999952,
        "get_access_token_time": 0.011599726000000032,
        "decode_id_token_time": 0.0002103729999998194,
        "complete_login_time": 0.01759467099999945,
        "dispatch_time": 0.05251879900000045
    },
    "t_user_25": {
        "redirect_time": 0.012375550999999874,
        "get_access_token_time": 0.015154535000000635,
        "decode_id_token_time": 0.00022951900000034442,
        "complete_login_time": 0.013487249000000645,
        "dispatch_time": 0.050495135000000246
    },
    "t_user_22": {
        "redirect_time": 0.01477483500000032,
        "get_access_token_time": 0.012017011999999383,
        "decode_id_token_time": 0.00018364300000062173,
        "complete_login_time": 0.012441460999999876,
        "dispatch_time": 0.04742655100000004
    },
    "t_user_26": {
        "redirect_time": 0.013331012000000086,
        "get_access_token_time": 0.012137423000000425,
        "decode_id_token_time": 0.00021577299999986366,
        "complete_login_time": 0.017622750999999326,
        "dispatch_time": 0.05412589700000048
    },
    "t_user_27": {
        "redirect_time": 0.013143189,
        "get_access_token_time": 0.010659824999999845,
        "decode_id_token_time": 0.00037693400000016197,
        "complete_login_time": 0.012360516999999849,
        "dispatch_time": 0.04560324699999985
    },
    "t_user_28": {
        "redirect_time": 0.014260461999999752,
        "get_access_token_time": 0.011961340999999237,
        "decode_id_token_time": 0.00021168600000009974,
        "complete_login_time": 0.013400053999999884,
        "dispatch_time": 0.0475962369999996
    },
    "t_user_29": {
        "redirect_time": 0.012472584999999814,
        "get_access_token_time": 0.01415523200000024,