{
    "t_user_1": {
        "redirect_time": 0.014229166999999987,
        "get_access_token_time": 0.011020381999999884,
        "decode_id_token_time": 0.0012544549999999877,
        "complete_login_time": 0.018322179999999966,
        "dispatch_time": 0.05301997800000002
    },
    "t_user_2": {
        "redirect_time": 0.013990798999999998,
        "get_access_token_time": 0.012037754999999928,
        "decode_id_token_time": 0.00019997299999996443,
        "complete_login_time": 0.014188507000000072,
        "dispatch_time": 0.0555176180000001
    },
    "t_user_3": {
        "redirect_time": 0.013799544000000052,
        "get_access_token_time": 0.010861589999999977,
        "decode_id_token_time": 0.00022840799999990224,
        "complete_login_time": 0.013170855999999898,
        "dispatch_time": 0.04707320199999998
    },
    "t_user_4": {
        "redirect_time": 0.01349131300000006,
        "get_access_token_time": 0.011721714000000105,
        "decode_id_token_time": 0.0002181279999999841,
        "complete_login_time": 0.014307489000000118,
        "dispatch_time": 0.049012959000000134
    },
    "t_user_5": {
        "redirect_time": 0.013298406999999957,
        "get_access_token_time": 0.012411846000000004,
        "decode_id_token_time": 0.00023127199999994907,
        "complete_login_time": 0.018274573000000016,
        "dispatch_time": 0.05362237599999986
    },
    "t_user_6": {
        "redirect_time": 0.013071274000000077,
        "get_access_token_time": 0.011279511999999992,
        "decode_id_token_time": 0.00022317700000007434,
        "complete_login_time": 0.01293995300000006,
        "dispatch_time": 0.05033455500000006
    },
    "t_user_7": {
        "redirect_time": 0.013564285999999925,
        "get_access_token_time": 0.011200062999999982,
        "decode_id_token_time": 0.0002066260000002096,
        "complete_login_time": 0.013133577999999924,
        "dispatch_time": 0.050013470999999976
    },
    "t_user_8": {
        "redirect_time": 0.016002391000000005,
        "get_access_token_time": 0.01126417699999993,
        "decode_id_token_time": 0.00019191800000006864,
        "complete_login_time": 0.012620112999999877,
        "dispatch_time": 0.04663050099999988
    },
    "t_user_9": {
        "redirect_time": 0.015034715999999948,
        "get_access_token_time": 0.019095657000000044,
        "decode_id_token_time": 0.0002607880000000673,
        "complete_login_time": 0.01507614200000007,
        "dispatch_time": 0.06320862699999985
    },
    "t_user_10": {
        "redirect_time": 0.01512389599999997,
        "get_access_token_time": 0.010904221999999963,
        "decode_id_token_time": 0.00019584599999999952,
        "complete_login_time": 0.012265521000000001,
        "dispatch_time": 0.05311039300000009
    },
    "t_user_11": {
        "redirect_time": 0.015361807000000005,
        "get_access_token_time": 0.010912403999999931,
        "decode_id_token_time": 0.00020232899999994558,
        "complete_login_time": 0.012533259000000019,
        "dispatch_time": 0.04764671499999995
    },
    "t_user_12": {
        "redirect_time": 0.0176920490000001,
        "get_access_token_time": 0.013175182000000119,
        "decode_id_token_time": 0.0002466409999999364,
        "complete_login_time": 0.013799249000000069,
        "dispatch_time": 0.053099038999999904
    },
    "t_user_13": {
        "redirect_time": 0.012973676999999961,
        "get_access_token_time": 0.013907920999999934,
        "decode_id_token_time": 0.00020541399999984833,
        "complete_login_time": 0.012752225999999922,
        "dispatch_time": 0.04801380899999996
    },
    "t_user_14": {
        "redirect_time": 0.01610237300000006,
        "get_access_token_time": 0.010623551999999759,
        "decode_id_token_time": 0.00023908700000019323,
        "complete_login_time": 0.013664232999999637,
        "dispatch_time": 0.0510544679999998
    },
    "t_user_15": {
        "redirect_time": 0.012831798000000116,
        "get_access_token_time": 0.012885327999999863,
        "decode_id_token_time": 0.00024859399999987986,
        "complete_login_time": 0.014447126999999949,
        "dispatch_time": 0.05201025599999998
    },
    "t_user_16": {
        "redirect_time": 0.013148560999999948,
        "get_access_token_time": 0.011371325000000265,
        "decode_id_token_time": 0.00020828999999977782,
        "complete_login_time": 0.012511386999999985,
        "dispatch_time": 0.049465704999999804
    },
    "t_user_17": {
        "redirect_time": 0.012840941999999966,
        "get_access_token_time": 0.011127785999999862,
        "decode_id_token_time": 0.00020763800000000998,
        "complete_login_time": 0.013195650000000114,
        "dispatch_time": 0.046119033999999726
    },
    "t_user_18": {
        "redirect_time": 0.01321001899999974,
        "get_access_token_time": 0.011874645999999878,
        "decode_id_token_time": 0.00020035500000004092,
        "complete_login_time": 0.013244006000000308,
        "dispatch_time": 0.05333026799999985
    },
    "t_user_19": {
        "redirect_time": 0.013269021999999797,
        "get_access_token_time": 0.011161701000000246,
        "decode_id_token_time": 0.00025331400000006,
        "complete_login_time": 0.013858499999999996,
        "dispatch_time": 0.047944100000000045
    },
    "t_user_20": {
        "redirect_time": 0.014304866999999888,
        "get_access_token_time": 0.011356199000000178,
        "decode_id_token_time": 0.00019866199999984957,
        "complete_login_time": 0.013102873999999876,
        "dispatch_time": 0.046082533000000314
    },
    "t_user_21": {
        "redirect_time": 0.014149614000000366,
        "get_access_token_time": 0.011656974000000098,
        "decode_id_token_time": 0.0002378849999997712,
        "complete_login_time": 0.01749691199999992,
        "dispatch_time": 0.05180914999999997
    },
    "t_user_22": {
        "redirect_time": 0.01268586100000002,
        "get_access_token_time": 0.012351476999999722,
        "decode_id_token_time": 0.00024694199999997224,
        "complete_login_time": 0.013516638000000025,
        "dispatch_time": 0.053086084000000255
    },
    "t_user_23": {
        "redirect_time": 0.014003064000000176,
        "get_access_token_time": 0.011546471000000391,
        "decode_id_token_time": 0.0001955859999998033,
        "complete_login_time": 0.012745568000000151,
        "dispatch_time": 0.05094533099999987
    },
    "t_user_24": {
        "redirect_time": 0.014235640999999966,
        "get_access_token_time": 0.01245209100000011,
        "decode_id_token_time": 0.0002363820000002015,
        "complete_login_time": 0.013097443000000375,
        "dispatch_time": 0.05298831299999973
    },
    "t_user_25": {
        "redirect_time": 0.013956684999999691,
        "get_access_token_time": 0.011748612999999963,
        "decode_id_token_time": 0.00026587800000044126,
        "complete_login_time": 0.014939704999999748,
        "dispatch_time": 0.04980443899999987
    },
    "t_user_26": {
        "redirect_time": 0.012193553999999995,
        "get_access_token_time": 0.010519934000000397,
        "decode_id_token_time": 0.00022195499999977386,
        "complete_login_time": 0.013017234999999516,
        "dispatch_time": 0.04665764800000005
    },
    "t_user_27": {
        "redirect_time": 0.013490784000000033,
        "get_access_token_time": 0.010619521999999826,
        "decode_id_token_time": 0.00022163400000074773,
        "complete_login_time": 0.012702409000000081,
        "dispatch_time": 0.04517814900000072
    },
    "t_user_28": {
        "redirect_time": 0.013290206000000637,
        "get_access_token_time": 0.011340405999999525,
        "decode_id_token_time": 0.0002356199999997699,
        "complete_login_time": 0.013433302000000147,
        "dispatch_time": 0.04812022299999974
    },
    "t_user_29": {
        "redirect_time": 0.01340515199999981,
        "get_access_token_time": 0.012158868999999406,