{
    "t_user_1": {
        "redirect_time": 0.0034725620000000124,
        "build_auth_time": 0.0010199459999999938,
        "login_time": 0.002425074000000027,
        "acs_dispatch_time": 0.003970452000000013,
        "finish_acs_dispatch_time": 0.02502927900000007
    },
    "t_user_2": {
        "redirect_time": 0.003520780999999973,
        "build_auth_time": 0.0009732489999999538,
        "login_time": 0.002508549000000082,
        "acs_dispatch_time": 0.004479263999999983,
        "finish_acs_dispatch_time": 0.018568059999999997
    },
    "t_user_3": {
        "redirect_time": 0.003260625000000017,
        "build_auth_time": 0.0009067040000000359,
        "login_time": 0.002324404999999974,
        "acs_dispatch_time": 0.003413008999999967,
        "finish_acs_dispatch_time": 0.018977947999999967
    },
    "t_user_4": {
        "redirect_time": 0.003334441999999993,
        "build_auth_time": 0.0009887969999999857,
        "login_time": 0.0022998300000000027,
        "acs_dispatch_time": 0.004311770999999909,
        "finish_acs_dispatch_time": 0.017397362000000083
    },
    "t_user_5": {
        "redirect_time": 0.0041457809999999595,
        "build_auth_time": 0.0016893289999999617,
        "login_time": 0.002419893999999978,
        "acs_dispatch_time": 0.0037943129999999936,
        "finish_acs_dispatch_time": 0.017895182999999815
    },
    "t_user_6": {
        "redirect_time": 0.003326988000000086,
        "build_auth_time": 0.00093190200000004,
        "login_time": 0.0023717220000000205,
        "acs_dispatch_time": 0.0036933139999999476,
        "finish_acs_dispatch_time": 0.022579039999999884
    },
    "t_user_7": {
        "redirect_time": 0.003326658999999954,
        "build_auth_time": 0.0009425130000000337,
        "login_time": 0.0023592590000000024,
        "acs_dispatch_time": 0.0036967999999999446,
        "finish_acs_dispatch_time": 0.01865941900000001
    },
    "t_user_8": {
        "redirect_time": 0.003551957999999855,
        "build_auth_time": 0.0010137740000000228,
        "login_time": 0.0025143389999999766,
        "acs_dispatch_time": 0.003934053999999909,
        "finish_acs_dispatch_time": 0.01893952199999993
    },
    "t_user_9": {
        "redirect_time": 0.003432674999999996,
        "build_auth_time": 0.0010544109999999218,
        "login_time": 0.002348878999999915,
        "acs_dispatch_time": 0.0037342510000000217,
        "finish_acs_dispatch_time": 0.018766068999999996
    },
    "t_user_10": {
        "redirect_time": 0.003911039999999977,
        "build_auth_time": 0.0016022250000000682,
        "login_time": 0.002281204999999842,
        "acs_dispatch_time": 0.0037162649999999964,
        "finish_acs_dispatch_time": 0.017718652999999973
    },
    "t_user_11": {
        "redirect_time": 0.0032969920000001096,
        "build_auth_time": 0.0009130760000000127,
        "login_time": 0.002363778000000094,
        "acs_dispatch_time": 0.003791198000000051,
        "finish_acs_dispatch_time": 0.019929520000000034
    },
    "t_user_12": {
        "redirect_time": 0.0032116529999999255,
        "build_auth_time": 0.000917233999999878,
        "login_time": 0.0022730100000001308,
        "acs_dispatch_time": 0.0038170060000002337,
        "finish_acs_dispatch_time": 0.019909964000000002
    },
    "t_user_13": {
        "redirect_time": 0.003091962000000059,
        "build_auth_time": 0.0008600880000000366,
        "login_time": 0.0022120160000000944,
        "acs_dispatch_time": 0.003683031999999642,
        "finish_acs_dispatch_time": 0.018825837999999706
    },
    "t_user_14": {
        "redirect_time": 0.003005456999999989,
        "build_auth_time": 0.0008532349999998967,
        "login_time": 0.0021317540000000967,
        "acs_dispatch_time": 0.004741441000000179,
        "finish_acs_dispatch_time": 0.01926975600000036
    },
    "t_user_15": {
        "redirect_time": 0.0033606630000000415,
        "build_auth_time": 0.0009643229999998226,
        "login_time": 0.002370380999999977,
        "acs_dispatch_time": 0.0036434320000000575,
        "finish_acs_dispatch_time": 0.018860148999999993
    },
    "t_user_16": {
        "redirect_time": 0.0032227840000000896,
        "build_auth_time": 0.0009086289999999941,
        "login_time": 0.002290040000000104,
        "acs_dispatch_time": 0.0037072199999999,
        "finish_acs_dispatch_time": 0.017110970999999697
    },
    "t_user_17": {
        "redirect_time": 0.0032214919999997704,
        "build_auth_time": 0.0008796129999999458,
        "login_time": 0.0023132449999998528,
        "acs_dispatch_time": 0.0035546430000001905,
        "finish_acs_dispatch_time": 0.019376498999999825
    },
    "t_user_18": {
        "redirect_time": 0.003449304999999736,
        "build_auth_time": 0.0009974540000001753,
        "login_time": 0.0024293099999996848,
        "acs_dispatch_time": 0.004374658000000142,
        "finish_acs_dispatch_time": 0.018204294000000232
    },
    "t_user_19": {
        "redirect_time": 0.003295941000000191,
        "build_auth_time": 0.0009305799999999032,
        "login_time": 0.0023410150000002794,
        "acs_dispatch_time": 0.00391056100000009,
        "finish_acs_dispatch_time": 0.02056710500000003
    },
    "t_user_20": {
        "redirect_time": 0.0032147089999998713,
        "build_auth_time": 0.0009604750000002937,
        "login_time": 0.002234115999999897,
        "acs_dispatch_time": 0.003703666000000272,
        "finish_acs_dispatch_time": 0.017706198000000395
    },
    "t_user_21": {
        "redirect_time": 0.0033715439999997265,
        "build_auth_time": 0.0009886379999999306,
        "login_time": 0.002361905999999969,
        "acs_dispatch_time": 0.004498378000000081,
        "finish_acs_dispatch_time": 0.019315948000000027
    },
    "t_user_22": {
        "redirect_time": 0.0033048359999998667,
        "build_auth_time": 0.0009184549999998737,
        "login_time": 0.0023531189999999036,
        "acs_dispatch_time": 0.0035664880000001453,
        "finish_acs_dispatch_time": 0.018859726000000077
    },
    "t_user_23": {
        "redirect_time": 0.003141761999999826,
        "build_auth_time": 0.0008587849999996955,
        "login_time": 0.0022548940000000073,
        "acs_dispatch_time": 0.004180405999999692,
        "finish_acs_dispatch_time": 0.019600695999999918
    },
    "t_user_24": {
        "redirect_time": 0.0035602869999999953,
        "build_auth_time": 0.0012127880000001312,
        "login_time": 0.0023271910000000062,
        "acs_dispatch_time": 0.004157323999999907,
        "finish_acs_dispatch_time": 0.01866334000000025
    },
    "t_user_25": {
        "redirect_time": 0.0035447460000002096,
        "build_auth_time": 0.0011365940000001018,
        "login_time": 0.0023823030000000855,
        "acs_dispatch_time": 0.0038229059999999038,
        "finish_acs_dispatch_time": 0.01849203899999985
    },
    "t_user_26": {
        "redirect_time": 0.003275904000000107,
        "build_auth_time": 0.0009498259999998204,
        "login_time": 0.0023037160000001222,
        "acs_dispatch_time": 0.0035089299999997436,
        "finish_acs_dispatch_time": 0.0177002380000002
    },
    "t_user_27": {
        "redirect_time": 0.0032304180000002347,
        "build_auth_time": 0.0009326739999999667,
        "login_time": 0.002277005000000276,
        "acs_dispatch_time": 0.004153103000000158,
        "finish_acs_dispatch_time": 0.01759016099999977
    },
    "t_user_29": {
        "redirect_time": 0.0031930899999998985,
        "build_auth_time": 0.000849187000000029,
        "login_time": 0.0023257489999997105,
        "acs_dispatch_time": 0.0038814259999999656,
        "finish_acs_dispatch_time": 0.019599936999999734
    },
    "t_user_28": {
        "redirect_time": 0.0033193740000001526,
        "build_auth_time": 0.0009540320000001046,
        "login_time": 0.002343992000000128,
        "acs_dispatch_time": 0.0034971089999999982,
        "finish_acs_dispatch_time": 0.051910906000000256
    },