{
    "t_user_1": {
        "redirect_time": 0.01462978700000006,
        "dispatch_time": 0.030449799000000333
    },
    "t_user_2": {
        "redirect_time": 0.013004116000000066,
        "get_access_token_time": 0.012124773000000033,
        "decode_id_token_time": 0.00021351899999988433,
        "complete_login_time": 0.014410991000000095,
        "dispatch_time": 0.06395264899999997
    },
    "t_user_3": {
        "redirect_time": 0.01456430799999997,
        "get_access_token_time": 0.012407454999999956,
        "decode_id_token_time": 0.00023216399999981263,
        "complete_login_time": 0.01394751499999991,
        "dispatch_time": 0.0556626050000002
    },
    "t_user_4": {
        "redirect_time": 0.013557341999999917,
        "get_access_token_time": 0.011816592000000625,
        "decode_id_token_time": 0.00020478300000004168,
        "complete_login_time": 0.013385288999999467,
        "dispatch_time": 0.049269731999999955
    },
    "t_user_5": {
        "redirect_time": 0.015412061000000032,
        "get_access_token_time": 0.011644229999999922,
        "decode_id_token_time": 0.00020500299999959282,
        "complete_login_time": 0.013471276999999837,
        "dispatch_time": 0.053415661000000725
    },
    "t_user_6": {
        "redirect_time": 0.014862111999999983,
        "get_access_token_time": 0.016885272999999756,
        "decode_id_token_time": 0.00024701099999990817,
        "complete_login_time": 0.013894889999999549,
        "dispatch_time": 0.053273530000000235
    },
    "t_user_7": {
        "redirect_time": 0.017406328999999943,
        "get_access_token_time": 0.015772146999999848,
        "decode_id_token_time": 0.000245629000000136,
        "complete_login_time": 0.013158642999999692,
        "dispatch_time": 0.053029920000000175
    },
    "t_user_8": {
        "redirect_time": 0.016191261000000012,
        "get_access_token_time": 0.012190687000000366,
        "decode_id_token_time": 0.00021142499999982078,
        "complete_login_time": 0.014014078999999846,
        "dispatch_time": 0.05485405700000001
    },
    "t_user_9": {
        "redirect_time": 0.014562118999999818,
        "get_access_token_time": 0.011438139999999652,
        "decode_id_token_time": 0.0001895950000001534,
        "complete_login_time": 0.01771987899999994,
        "dispatch_time": 0.05147561000000023
    },
    "t_user_10": {
        "redirect_time": 0.01428819300000006,
        "get_access_token_time": 0.014106910000000639,
        "decode_id_token_time": 0.00020217800000033037,
        "complete_login_time": 0.01376785199999997,
        "dispatch_time": 0.055908142000000716
    },
    "t_user_11": {
        "redirect_time": 0.013537832999999999,
        "dispatch_time": 0.03167024900000026
    },
    "t_user_12": {
        "redirect_time": 0.01338793599999999,
        "get_access_token_time": 0.016928669999999535,
        "decode_id_token_time": 0.00023791499999958887,
        "complete_login_time": 0.013667311999999932,
        "dispatch_time": 0.0534037749999996
    },
    "t_user_13": {
        "redirect_time": 0.014806571999999907,
        "get_access_token_time": 0.014731494999999928,
        "decode_id_token_time": 0.00020589499999967842,
        "complete_login_time": 0.01357767600000015,
        "dispatch_time": 0.05231211199999963
    },
    "t_user_14": {
        "redirect_time": 0.016229907000000043,
        "get_access_token_time": 0.012044438999999851,
        "decode_id_token_time": 0.0007769220000000132,
        "complete_login_time": 0.014727091000000136,
        "dispatch_time": 0.05647475999999996
    },
    "t_user_15": {
        "redirect_time": 0.01441420399999993,
        "get_access_token_time": 0.011520556000000237,
        "decode_id_token_time": 0.0002528229999998466,
        "complete_login_time": 0.013672591000000178,
        "dispatch_time": 0.04733812500000001
    },
    "t_user_16": {
        "redirect_time": 0.013782101999999963,
        "get_access_token_time": 0.01184153099999996,
        "decode_id_token_time": 0.00026584700000054085,
        "complete_login_time": 0.01426097199999976,
        "dispatch_time": 0.0524388189999998
    },
    "t_user_17": {
        "redirect_time": 0.013256825000000028,
        "get_access_token_time": 0.011320399999999786,
        "decode_id_token_time": 0.00021025299999966052,
        "complete_login_time": 0.016077993999999762,
        "dispatch_time": 0.05130674699999993
    },
    "t_user_18": {
        "redirect_time": 0.01366650199999997,
        "get_access_token_time": 0.011565062999999931,
        "decode_id_token_time": 0.00023607099999978232,
        "complete_login_time": 0.01432708699999985,
        "dispatch_time": 0.054121686000000224
    },
    "t_user_19": {
        "redirect_time": 0.016977744000000072,
        "get_access_token_time": 0.012516521000000225,
        "decode_id_token_time": 0.00022870799999985536,
        "complete_login_time": 0.0148176160000002,
        "dispatch_time": 0.05613734699999995
    },
    "t_user_20": {
        "redirect_time": 0.01406985999999999,
        "get_access_token_time": 0.011418602,
        "decode_id_token_time": 0.00027579500000030066,
        "complete_login_time": 0.013594473000000384,
        "dispatch_time": 0.04905442300000029
    },
    "t_user_21": {
        "redirect_time": 0.014062452999999975,
        "get_access_token_time": 0.011968647000000665,
        "decode_id_token_time": 0.0002227560000003237,
        "complete_login_time": 0.01359715500000025,
        "dispatch_time": 0.05039550700000017
    },
    "t_user_22": {
        "redirect_time": 0.01592225199999997,
        "get_access_token_time": 0.011634867999999798,
        "decode_id_token_time": 0.00020709700000054454,
        "complete_login_time": 0.012874677000000112,
        "dispatch_time": 0.05237957900000012
    },
    "t_user_24": {
        "redirect_time": 0.015125029999999873,
        "get_access_token_time": 0.012695097999999128,
        "decode_id_token_time": 0.0002073479999999961,
        "complete_login_time": 0.013622360000000278,
        "dispatch_time": 0.04994948499999996
    },
    "t_user_23": {
        "redirect_time": 0.014551117999999974,
        "get_access_token_time": 0.011567014000000597,
        "decode_id_token_time": 0.00023238400000025194,
        "complete_login_time": 0.013667096000000711,
        "dispatch_time": 0.04790418999999968
    },
    "t_user_25": {
        "redirect_time": 0.022005583000000106,
        "get_access_token_time": 0.011855963999999553,
        "decode_id_token_time": 0.0002401790000003956,
        "complete_login_time": 0.01391484499999951,
        "dispatch_time": 0.054829501999999586
    },
    "t_user_26": {
        "redirect_time": 0.016972270999999983,
        "get_access_token_time": 0.012654084000000232,
        "decode_id_token_time": 0.00020720699999987602,
        "complete_login_time": 0.014123494999999764,
        "dispatch_time": 0.05131474000000047
    },
    "t_user_27": {
        "redirect_time": 0.014049623999999872,
        "get_access_token_time": 0.011575806999999827,
        "decode_id_token_time": 0.0002090799999994175,
        "complete_login_time": 0.013318284999999541,
        "dispatch_time": 0.047917964999999896
    },
    "t_user_28": {
        "redirect_time": 0.013865698000000037,
        "get_access_token_time": 0.01182853099999992,
        "decode_id_token_time": 0.00020408099999968954,
        "complete_login_time": 0.0142741639999997,
        "dispatch_time": 0.05332119100000021
    },
    "t_user_29": {
        "redirect_time": 0.018073956000000058,
        "get_access_token_time": 0.011703884000000109,
        "decode_id_token_time": 0.0002308419999996758,
        "complete_login_time": 0.013445080999999526,
        "dispatch_time": 0.05241354300000012
    },
    "t_user_30": {
        "redirect_time": 0.015320080999999597,
        "get_access_token_time": 0.01256712300000018,
        "decode_id_token_time": 0.00022597300000004594,