{
    "t_user_1": {
        "redirect_time": 0.014983802000000046,
        "get_access_token_time": 0.013893400000000167,
        "decode_id_token_time": 0.0006585709999997746,
        "complete_login_time": 0.013830438999999917,
        "dispatch_time": 0.05381918100000016
    },
    "t_user_2": {
        "redirect_time": 0.013158225000000079,
        "get_access_token_time": 0.011579826000000182,
        "decode_id_token_time": 0.00020684699999984346,
        "complete_login_time": 0.013246071000000192,
        "dispatch_time": 0.05096121099999973
    },
    "t_user_3": {
        "redirect_time": 0.015283708999999979,
        "get_access_token_time": 0.012071203999999724,
        "decode_id_token_time": 0.00023045100000018692,
        "complete_login_time": 0.013979046000000217,
        "dispatch_time": 0.04859300199999961
    },
    "t_user_4": {
        "redirect_time": 0.014368287000000035,
        "get_access_token_time": 0.011453520999999967,
        "decode_id_token_time": 0.0002356289999996264,
        "complete_login_time": 0.013460702000000602,
        "dispatch_time": 0.052364387999999984
    },
    "t_user_5": {
        "redirect_time": 0.01429472899999995,
        "get_access_token_time": 0.012088422999999793,
        "decode_id_token_time": 0.00026535600000032744,
        "complete_login_time": 0.018822483000000112,
        "dispatch_time": 0.05370388100000012
    },
    "t_user_6": {
        "redirect_time": 0.015290799000000077,
        "get_access_token_time": 0.011750337000000055,
        "decode_id_token_time": 0.00021588300000008331,
        "complete_login_time": 0.013882523000000369,
        "dispatch_time": 0.04991006900000006
    },
    "t_user_7": {
        "redirect_time": 0.014802739000000065,
        "dispatch_time": 0.03314068900000011
    },
    "t_user_8": {
        "redirect_time": 0.014515969999999934,
        "get_access_token_time": 0.011551331000000609,
        "decode_id_token_time": 0.00022516099999947414,
        "complete_login_time": 0.013866166000000568,
        "dispatch_time": 0.05274963899999996
    },
    "t_user_9": {
        "redirect_time": 0.01567313199999998,
        "get_access_token_time": 0.012228718999999444,
        "decode_id_token_time": 0.00024865500000004204,
        "complete_login_time": 0.01311059499999967,
        "dispatch_time": 0.05825849400000038
    },
    "t_user_10": {
        "redirect_time": 0.015155413000000006,
        "get_access_token_time": 0.012027683000000344,
        "decode_id_token_time": 0.00022384800000008198,
        "complete_login_time": 0.014985965999999351,
        "dispatch_time": 0.05202168900000004
    },
    "t_user_11": {
        "redirect_time": 0.01436950299999995,
        "get_access_token_time": 0.010960011000000769,
        "decode_id_token_time": 0.00021578299999980288,
        "complete_login_time": 0.01398371700000034,
        "dispatch_time": 0.05406157200000017
    },
    "t_user_13": {
        "redirect_time": 0.013552221000000086,
        "get_access_token_time": 0.01655704099999955,
        "decode_id_token_time": 0.00021173600000068404,
        "complete_login_time": 0.016208720999999926,
        "dispatch_time": 0.05561560300000057
    },
    "t_user_14": {
        "redirect_time": 0.016586420999999962,
        "get_access_token_time": 0.011900247000000697,
        "decode_id_token_time": 0.0002453390000001221,
        "complete_login_time": 0.013737329999999659,
        "dispatch_time": 0.04895863200000061
    },
    "t_user_12": {
        "redirect_time": 0.016045175000000134,
        "get_access_token_time": 0.013382284999999605,
        "decode_id_token_time": 0.0002668789999997756,
        "complete_login_time": 0.015811107000000213,
        "dispatch_time": 0.05902428100000012
    },
    "t_user_16": {
        "redirect_time": 0.01402119199999996,
        "get_access_token_time": 0.012292522999999278,
        "decode_id_token_time": 0.0002284469999995764,
        "complete_login_time": 0.013635451999999937,
        "dispatch_time": 0.05427820299999997
    },
    "t_user_15": {
        "redirect_time": 0.014369220999999932,
        "get_access_token_time": 0.012978061000000096,
        "decode_id_token_time": 0.00021361900000016476,
        "complete_login_time": 0.017711574000000674,
        "dispatch_time": 0.0546021949999993
    },
    "t_user_17": {
        "redirect_time": 0.014239002999999917,
        "get_access_token_time": 0.012525272999999615,
        "decode_id_token_time": 0.00022497099999974068,
        "complete_login_time": 0.013559878999999775,
        "dispatch_time": 0.050249690000000236
    },
    "t_user_18": {
        "redirect_time": 0.015180822000000038,
        "get_access_token_time": 0.012175036999999556,
        "decode_id_token_time": 0.0003265799999994101,
        "complete_login_time": 0.021225673,
        "dispatch_time": 0.05720633700000022
    },
    "t_user_19": {
        "redirect_time": 0.015531599999999868,
        "get_access_token_time": 0.014620467000000303,
        "decode_id_token_time": 0.00022107300000051566,
        "complete_login_time": 0.013585244999999802,
        "dispatch_time": 0.05519708399999956
    },
    "t_user_20": {
        "redirect_time": 0.01396646899999987,
        "get_access_token_time": 0.012946809999999864,
        "decode_id_token_time": 0.00022086199999993283,
        "complete_login_time": 0.014149967999999902,
        "dispatch_time": 0.05795447599999992
    },
    "t_user_21": {
        "redirect_time": 0.01439853000000002,
        "get_access_token_time": 0.011691014000000166,
        "decode_id_token_time": 0.00026093700000018316,
        "complete_login_time": 0.017631732999999983,
        "dispatch_time": 0.051392031999999865
    },
    "t_user_22": {
        "redirect_time": 0.014774757000000083,
        "get_access_token_time": 0.013232449000000202,
        "decode_id_token_time": 0.00021111500000081662,
        "complete_login_time": 0.013331353999999962,
        "dispatch_time": 0.049409685000000536
    },
    "t_user_23": {
        "redirect_time": 0.014106417000000038,
        "get_access_token_time": 0.011292452000000175,
        "decode_id_token_time": 0.0002461300000007327,
        "complete_login_time": 0.01760146099999993,
        "dispatch_time": 0.052632601
    },
    "t_user_24": {
        "redirect_time": 0.018634896000000012,
        "get_access_token_time": 0.014742789000000478,
        "decode_id_token_time": 0.00021720499999933196,
        "complete_login_time": 0.013292254000000447,
        "dispatch_time": 0.05246585899999978
    },
    "t_user_25": {
        "redirect_time": 0.014906824999999957,
        "get_access_token_time": 0.012307329000000422,
        "decode_id_token_time": 0.00021840800000028082,
        "complete_login_time": 0.015603906000000833,
        "dispatch_time": 0.0562780389999995
    },
    "t_user_26": {
        "redirect_time": 0.015275229000000001,
        "get_access_token_time": 0.012071136000000315,
        "decode_id_token_time": 0.0002540650000000255,
        "complete_login_time": 0.013831964000000418,
        "dispatch_time": 0.05388429899999991
    },
    "t_user_28": {
        "redirect_time": 0.015277363999999904,
        "get_access_token_time": 0.012164378000000475,
        "decode_id_token_time": 0.00022512000000052268,
        "complete_login_time": 0.015188363000000038,
        "dispatch_time": 0.05049784100000032
    },
    "t_user_27": {
        "redirect_time": 0.014287012000000043,
        "get_access_token_time": 0.013600913000000325,
        "decode_id_token_time": 0.00024269300000057115,
        "complete_login_time": 0.01441930499999966,
        "dispatch_time": 0.050927778000000146
    },
    "t_user_29": {
        "redirect_time": 0.015895046000000246,
        "get_access_token_time": 0.0117558209999995,
        "decode_id_token_time": 0.0002771380000003987,
        "complete_login_time": 0.0226930559999996,
        "dispatch_time": 0.05775621300000022
    },