{
    "t_user_1": {
        "login_start_time": 470785.7072275,
        "login_finish_time": 470792.4540934,
        "keycloak_access_wait_time": 0.3154486999846995,
        "login_inputs_time": 0.12019859999418259,
        "redirect_from_keycloak_time": 4.998668899992481,
        "protected_resource": "You won the game!"
    },
    "t_user_2": {
        "login_start_time": 470786.205524,
        "login_finish_time": 470791.2591068,
        "keycloak_access_wait_time": 0.41926039999816567,
        "login_inputs_time": 3.3729053999995813,
        "redirect_from_keycloak_time": 0.004409200046211481,
        "protected_resource": "You lost the game!"
    },
    "t_user_3": {
        "login_start_time": 470786.7016091,
        "login_finish_time": 470791.9668139,
        "keycloak_access_wait_time": 0.3310762000037357,
        "login_inputs_time": 0.12076080002589151,
        "redirect_from_keycloak_time": 3.5149942999705672,
        "protected_resource": "You won the game!"
    },
    "t_user_4": {
        "login_start_time": 470787.2279042,
        "login_finish_time": 470791.9510428,
        "keycloak_access_wait_time": 0.35747329995501786,
        "login_inputs_time": 0.13425960001768544,
        "redirect_from_keycloak_time": 2.955987399967853,
        "protected_resource": "You lost the game!"
    },
    "t_user_5": {
        "login_start_time": 470787.7095288,
        "login_finish_time": 470792.1563229,
        "keycloak_access_wait_time": 0.3939589999499731,
        "login_inputs_time": 0.11430000001564622,
        "redirect_from_keycloak_time": 2.610700999968685,
        "protected_resource": "You lost the game!"
    },
    "t_user_6": {
        "login_start_time": 470788.2212668,
        "login_finish_time": 470792.3653116,
        "keycloak_access_wait_time": 0.34746899997117,
        "login_inputs_time": 0.1197262000059709,
        "redirect_from_keycloak_time": 2.3806144999689423,
        "protected_resource": "You won the game!"
    },
    "t_user_7": {
        "login_start_time": 470788.7479569,
        "login_finish_time": 470793.0422851,
        "keycloak_access_wait_time": 0.34482739999657497,
        "login_inputs_time": 0.4357259999960661,
        "redirect_from_keycloak_time": 2.227474099956453,
        "protected_resource": "You lost the game!"
    },
    "t_user_8": {
        "login_start_time": 470789.2363363,
        "login_finish_time": 470794.8436061,
        "keycloak_access_wait_time": 1.0312312999740243,
        "login_inputs_time": 0.11392770003294572,
        "redirect_from_keycloak_time": 2.7364531999919564,
        "protected_resource": "You lost the game!"
    },
    "t_user_9": {
        "login_start_time": 470789.7439481,
        "login_finish_time": 470795.1475725,
        "keycloak_access_wait_time": 0.8890064000152051,
        "login_inputs_time": 0.12394789996324107,
        "redirect_from_keycloak_time": 2.26620750001166,
        "protected_resource": "You lost the game!"
    },
    "t_user_10": {
        "login_start_time": 470790.2400201,
        "login_finish_time": 470795.5596775,
        "keycloak_access_wait_time": 0.9624855000292882,
        "login_inputs_time": 2.2310435000108555,
        "redirect_from_keycloak_time": 0.0027634999714791775,
        "protected_resource": "You lost the game!"
    },
    "t_user_11": {
        "login_start_time": 470790.7477933,
        "login_finish_time": 470796.2661811,
        "keycloak_access_wait_time": 1.2473340000142343,
        "login_inputs_time": 0.11290979996556416,
        "redirect_from_keycloak_time": 2.148911500000395,
        "protected_resource": "You lost the game!"
    },
    "t_user_12": {
        "login_start_time": 470791.2311929,
        "login_finish_time": 470797.3616076,
        "keycloak_access_wait_time": 1.0816740000154823,
        "login_inputs_time": 0.13649449998047203,
        "redirect_from_keycloak_time": 2.869330700021237,
        "protected_resource": "You won the game!"
    },
    "t_user_13": {
        "login_start_time": 470791.7363412,
        "login_finish_time": 470797.4493108,
        "keycloak_access_wait_time": 0.951191000000108,
        "login_inputs_time": 0.12348429998382926,
        "redirect_from_keycloak_time": 2.7169946000212803,
        "protected_resource": "You lost the game!"
    },
    "t_user_14": {
        "login_start_time": 470792.2352386,
        "login_finish_time": 470796.9533933,
        "keycloak_access_wait_time": 0.885253400017973,
        "login_inputs_time": 0.12777209997875616,
        "redirect_from_keycloak_time": 2.367356300004758,
        "protected_resource": "You won the game!"
    },
    "t_user_15": {
        "login_start_time": 470792.730647,
        "login_finish_time": 470798.6530701,
        "keycloak_access_wait_time": 0.007245599990710616,
        "login_inputs_time": 0.23705270001664758,
        "redirect_from_keycloak_time": 2.8882763999863528,
        "protected_resource": "You lost the game!"
    },
    "t_user_16": {
        "login_start_time": 470793.2411511,
        "login_finish_time": 470798.9414948,
        "keycloak_access_wait_time": 0.9046176999690942,
        "login_inputs_time": 0.11822609999217093,
        "redirect_from_keycloak_time": 2.845303399953991,
        "protected_resource": "You lost the game!"
    },
    "t_user_17": {
        "login_start_time": 470793.8162808,
        "login_finish_time": 470799.9568939,
        "keycloak_access_wait_time": 1.2396320999832824,
        "login_inputs_time": 0.12873300001956522,
        "redirect_from_keycloak_time": 2.8326548999757506,
        "protected_resource": "You lost the game!"
    },
    "t_user_19": {
        "login_start_time": 470794.7391235,
        "login_finish_time": 470801.5559749,
        "keycloak_access_wait_time": 1.0276566999964416,
        "login_inputs_time": 0.10288399999262765,
        "redirect_from_keycloak_time": 3.2718102000071667,
        "protected_resource": "You lost the game!"
    },
    "t_user_18": {
        "login_start_time": 470794.9272872,
        "login_finish_time": 470801.3426781,
        "keycloak_access_wait_time": 0.9264140999875963,
        "login_inputs_time": 0.10853709996445104,
        "redirect_from_keycloak_time": 3.2425840999931097,
        "protected_resource": "You won the game!"
    },
    "t_user_20": {
        "login_start_time": 470795.3054678,
        "login_finish_time": 470801.6670415,
        "keycloak_access_wait_time": 1.0917936000041664,
        "login_inputs_time": 0.13155659998301417,
        "redirect_from_keycloak_time": 3.08358869998483,
        "protected_resource": "You lost the game!"
    },
    "t_user_21": {
        "login_start_time": 470795.7680791,
        "login_finish_time": 470802.6569231,
        "keycloak_access_wait_time": 1.225782800000161,
        "login_inputs_time": 0.1231454000226222,
        "redirect_from_keycloak_time": 3.552813199989032,
        "protected_resource": "You won the game!"
    },
    "t_user_22": {
        "login_start_time": 470796.2437579,
        "login_finish_time": 470803.1511674,
        "keycloak_access_wait_time": 0.9896207000128925,
        "login_inputs_time": 0.11086780001642182,
        "redirect_from_keycloak_time": 3.4744232000084594,
        "protected_resource": "You lost the game!"
    },
    "t_user_23": {
        "login_start_time": 470796.7518674,
        "login_finish_time": 470803.3416773,
        "keycloak_access_wait_time": 1.027256799978204,
        "login_inputs_time": 0.28849190002074465,
        "redirect_from_keycloak_time": 3.1622931999736466,
        "protected_resource": "You won the game!"
    },
    "t_user_24": {
        "login_start_time": 470797.2463201,
        "login_finish_time": 470804.1682014,
        "keycloak_access_wait_time": 1.2497292999760248,
        "login_inputs_time": 0.3207565000047907,
        "redirect_from_keycloak_time": 3.3122172000003047,
        "protected_resource": "You won the game!"
    },
    "t_user_25": {
        "login_start_time": 470797.752785,