{
    "t_user_1": {
        "redirect_time": 0.012545868000000016,
        "get_access_token_time": 0.011865994999999963,
        "decode_id_token_time": 0.00021700500000010337,
        "complete_login_time": 0.013133951000000033,
        "dispatch_time": 0.05156506599999999
    },
    "t_user_2": {
        "redirect_time": 0.01262570899999993,
        "get_access_token_time": 0.011079999999999979,
        "decode_id_token_time": 0.0006751109999999505,
        "complete_login_time": 0.013861542000000004,
        "dispatch_time": 0.05091907699999998
    },
    "t_user_3": {
        "redirect_time": 0.014400357000000086,
        "get_access_token_time": 0.011080690999999976,
        "decode_id_token_time": 0.0002054329999999771,
        "complete_login_time": 0.013908901999999945,
        "dispatch_time": 0.04656631599999994
    },
    "t_user_4": {
        "redirect_time": 0.012944199999999961,
        "get_access_token_time": 0.015987259000000087,
        "decode_id_token_time": 0.00019241000000003172,
        "complete_login_time": 0.012686972000000019,
        "dispatch_time": 0.050374320999999944
    },
    "t_user_5": {
        "redirect_time": 0.014056680000000044,
        "get_access_token_time": 0.011168521000000098,
        "decode_id_token_time": 0.0001812590000001002,
        "complete_login_time": 0.01264024000000008,
        "dispatch_time": 0.047062134000000144
    },
    "t_user_6": {
        "redirect_time": 0.012462510000000093,
        "get_access_token_time": 0.011102025999999876,
        "decode_id_token_time": 0.000194312999999946,
        "complete_login_time": 0.01381318900000017,
        "dispatch_time": 0.04710126900000011
    },
    "t_user_8": {
        "redirect_time": 0.012676326999999876,
        "get_access_token_time": 0.010471659999999883,
        "decode_id_token_time": 0.00020033400000007973,
        "complete_login_time": 0.012027915,
        "dispatch_time": 0.044237011999999964
    },
    "t_user_7": {
        "redirect_time": 0.01458168999999998,
        "get_access_token_time": 0.010775915000000191,
        "decode_id_token_time": 0.00019228999999998386,
        "complete_login_time": 0.011907942999999976,
        "dispatch_time": 0.04431791500000015
    },
    "t_user_9": {
        "redirect_time": 0.013293985000000008,
        "get_access_token_time": 0.010661609000000016,
        "decode_id_token_time": 0.00021813900000000608,
        "complete_login_time": 0.012643772000000109,
        "dispatch_time": 0.04396070199999991
    },
    "t_user_10": {
        "redirect_time": 0.013201352999999916,
        "get_access_token_time": 0.01107578000000009,
        "decode_id_token_time": 0.0002443850000000136,
        "complete_login_time": 0.014884960999999919,
        "dispatch_time": 0.04792664999999996
    },
    "t_user_11": {
        "redirect_time": 0.01331434999999992,
        "get_access_token_time": 0.013938551000000077,
        "decode_id_token_time": 0.00019770899999982383,
        "complete_login_time": 0.012637860999999972,
        "dispatch_time": 0.04962334600000018
    },
    "t_user_12": {
        "redirect_time": 0.013729859999999983,
        "get_access_token_time": 0.011669186999999859,
        "decode_id_token_time": 0.00018587799999991717,
        "complete_login_time": 0.015338516999999996,
        "dispatch_time": 0.05031424600000012
    },
    "t_user_14": {
        "redirect_time": 0.014356009999999753,
        "get_access_token_time": 0.010973134999999967,
        "decode_id_token_time": 0.00019222899999959964,
        "complete_login_time": 0.012433258999999808,
        "dispatch_time": 0.04421511000000011
    },
    "t_user_13": {
        "redirect_time": 0.012731770999999892,
        "get_access_token_time": 0.010529285000000055,
        "decode_id_token_time": 0.00019675799999996357,
        "complete_login_time": 0.015754928000000223,
        "dispatch_time": 0.047097764999999736
    },
    "t_user_15": {
        "redirect_time": 0.012844006000000352,
        "get_access_token_time": 0.012038758000000094,
        "decode_id_token_time": 0.00019491499999979567,
        "complete_login_time": 0.01249346299999976,
        "dispatch_time": 0.04581832499999994
    },
    "t_user_16": {
        "redirect_time": 0.01315081100000004,
        "get_access_token_time": 0.01347257699999993,
        "decode_id_token_time": 0.00017745199999996686,
        "complete_login_time": 0.012111421999999816,
        "dispatch_time": 0.04741612400000017
    },
    "t_user_17": {
        "redirect_time": 0.012899701999999902,
        "get_access_token_time": 0.010315845000000046,
        "decode_id_token_time": 0.00019590600000007896,
        "complete_login_time": 0.012108055000000117,
        "dispatch_time": 0.04460074599999997
    },
    "t_user_18": {
        "redirect_time": 0.012686965000000328,
        "get_access_token_time": 0.015261858000000128,
        "decode_id_token_time": 0.0001849850000001929,
        "complete_login_time": 0.012826935000000095,
        "dispatch_time": 0.04980235500000019
    },
    "t_user_19": {
        "redirect_time": 0.01456001699999998,
        "get_access_token_time": 0.010636043999999956,
        "decode_id_token_time": 0.00019464400000002158,
        "complete_login_time": 0.012421080999999834,
        "dispatch_time": 0.04492449399999998
    },
    "t_user_20": {
        "redirect_time": 0.012997134999999993,
        "get_access_token_time": 0.011269711000000182,
        "decode_id_token_time": 0.0002027000000000001,
        "complete_login_time": 0.016407613000000154,
        "dispatch_time": 0.050110544999999895
    },
    "t_user_21": {
        "redirect_time": 0.01295517100000021,
        "get_access_token_time": 0.013749296999999938,
        "decode_id_token_time": 0.0001948239999998158,
        "complete_login_time": 0.01261377000000019,
        "dispatch_time": 0.0479736049999997
    },
    "t_user_22": {
        "redirect_time": 0.01324402499999966,
        "get_access_token_time": 0.013909567999999872,
        "decode_id_token_time": 0.00019718900000009754,
        "complete_login_time": 0.012210040999999894,
        "dispatch_time": 0.047114114999999845
    },
    "t_user_23": {
        "redirect_time": 0.01317130199999994,
        "get_access_token_time": 0.014820767000000235,
        "decode_id_token_time": 0.0001834129999997991,
        "complete_login_time": 0.012370343000000172,
        "dispatch_time": 0.04926713200000021
    },
    "t_user_24": {
        "redirect_time": 0.012863422999999763,
        "get_access_token_time": 0.013812828999999915,
        "decode_id_token_time": 0.0001882619999999946,
        "complete_login_time": 0.012432938999999976,
        "dispatch_time": 0.04888047200000001
    },
    "t_user_25": {
        "redirect_time": 0.012481112000000127,
        "get_access_token_time": 0.010951652000000145,
        "decode_id_token_time": 0.00020050499999957339,
        "complete_login_time": 0.01356010800000007,
        "dispatch_time": 0.046544307999999646
    },
    "t_user_26": {
        "redirect_time": 0.012491660999999876,
        "get_access_token_time": 0.014077619000000041,
        "decode_id_token_time": 0.00018899300000008168,
        "complete_login_time": 0.013056538999999923,
        "dispatch_time": 0.04855886400000031
    },
    "t_user_27": {
        "redirect_time": 0.013587691999999763,
        "get_access_token_time": 0.010883017999999467,
        "decode_id_token_time": 0.00020281000000021976,
        "complete_login_time": 0.012740137999999845,
        "dispatch_time": 0.04721386800000005
    },
    "t_user_28": {
        "redirect_time": 0.013884313000000148,
        "get_access_token_time": 0.0117224509999998,
        "decode_id_token_time": 0.00017768300000042814,
        "complete_login_time": 0.012143652999999865,
        "dispatch_time": 0.04479749299999991
    },
    "t_user_29": {
        "redirect_time": 0.012763670000000005,
        "get_access_token_time": 0.010789593000000153,