{
    "t_user_1": {
        "redirect_time": 0.012774408999999987,
        "get_access_token_time": 0.011301742999999975,
        "decode_id_token_time": 0.00019649700000001769,
        "complete_login_time": 0.012546960999999968,
        "dispatch_time": 0.050975404
    },
    "t_user_2": {
        "redirect_time": 0.012533630999999934,
        "get_access_token_time": 0.010866146999999993,
        "decode_id_token_time": 0.00018789099999994008,
        "complete_login_time": 0.01247213299999994,
        "dispatch_time": 0.04550362500000005
    },
    "t_user_3": {
        "redirect_time": 0.01417781600000001,
        "get_access_token_time": 0.012803148000000042,
        "decode_id_token_time": 0.0001941520000000585,
        "complete_login_time": 0.013300572999999982,
        "dispatch_time": 0.049340375999999964
    },
    "t_user_4": {
        "redirect_time": 0.013412407999999987,
        "get_access_token_time": 0.011484026999999952,
        "decode_id_token_time": 0.0009236670000000169,
        "complete_login_time": 0.01590144299999996,
        "dispatch_time": 0.058422076000000045
    },
    "t_user_5": {
        "redirect_time": 0.01407745199999999,
        "get_access_token_time": 0.011307910999999837,
        "decode_id_token_time": 0.00019825000000017745,
        "complete_login_time": 0.013485669000000033,
        "dispatch_time": 0.046474408000000134
    },
    "t_user_6": {
        "redirect_time": 0.013724734999999932,
        "get_access_token_time": 0.011561539999999981,
        "decode_id_token_time": 0.00018598700000005408,
        "complete_login_time": 0.012354601000000187,
        "dispatch_time": 0.05014112500000012
    },
    "t_user_7": {
        "redirect_time": 0.012914599999999998,
        "get_access_token_time": 0.011405453999999926,
        "decode_id_token_time": 0.00021602399999998134,
        "complete_login_time": 0.01264969199999988,
        "dispatch_time": 0.04672299000000013
    },
    "t_user_8": {
        "redirect_time": 0.013975831999999855,
        "get_access_token_time": 0.012273360000000011,
        "decode_id_token_time": 0.00021917000000004627,
        "complete_login_time": 0.020322710999999938,
        "dispatch_time": 0.05657713799999997
    },
    "t_user_9": {
        "redirect_time": 0.013221629000000013,
        "get_access_token_time": 0.012603340999999935,
        "decode_id_token_time": 0.00020718699999999757,
        "complete_login_time": 0.014438810999999996,
        "dispatch_time": 0.05532169100000006
    },
    "t_user_10": {
        "redirect_time": 0.012821114000000078,
        "get_access_token_time": 0.013470788999999872,
        "decode_id_token_time": 0.00025159000000019027,
        "complete_login_time": 0.015910230000000025,
        "dispatch_time": 0.057873784999999955
    },
    "t_user_11": {
        "redirect_time": 0.015000653999999836,
        "get_access_token_time": 0.012954928000000088,
        "decode_id_token_time": 0.00025220199999997917,
        "complete_login_time": 0.013858238999999717,
        "dispatch_time": 0.05250064200000004
    },
    "t_user_12": {
        "redirect_time": 0.015152656000000153,
        "get_access_token_time": 0.011546429999999663,
        "decode_id_token_time": 0.00021516199999993546,
        "complete_login_time": 0.014690653999999803,
        "dispatch_time": 0.05166714799999994
    },
    "t_user_13": {
        "redirect_time": 0.013069969000000015,
        "get_access_token_time": 0.012278289000000164,
        "decode_id_token_time": 0.0002254719999998933,
        "complete_login_time": 0.017923915999999984,
        "dispatch_time": 0.052571754999999776
    },
    "t_user_14": {
        "redirect_time": 0.012631847999999835,
        "get_access_token_time": 0.010766628999999917,
        "decode_id_token_time": 0.00018154999999975274,
        "complete_login_time": 0.012946046000000155,
        "dispatch_time": 0.04536837299999963
    },
    "t_user_15": {
        "redirect_time": 0.01376892399999985,
        "get_access_token_time": 0.011373159000000133,
        "decode_id_token_time": 0.00020366100000002163,
        "complete_login_time": 0.013535168000000208,
        "dispatch_time": 0.04754884299999995
    },
    "t_user_16": {
        "redirect_time": 0.013725398999999694,
        "get_access_token_time": 0.013349058000000191,
        "decode_id_token_time": 0.00019394299999975217,
        "complete_login_time": 0.012996842000000175,
        "dispatch_time": 0.05211586400000012
    },
    "t_user_17": {
        "redirect_time": 0.014048396999999824,
        "get_access_token_time": 0.011131321999999777,
        "decode_id_token_time": 0.00022876700000029615,
        "complete_login_time": 0.017300826000000047,
        "dispatch_time": 0.05027347500000001
    },
    "t_user_18": {
        "redirect_time": 0.014611553000000388,
        "get_access_token_time": 0.010298372999999916,
        "decode_id_token_time": 0.0001867589999999808,
        "complete_login_time": 0.015096200999999976,
        "dispatch_time": 0.04641587799999991
    },
    "t_user_19": {
        "redirect_time": 0.012857070999999998,
        "get_access_token_time": 0.010886734000000065,
        "decode_id_token_time": 0.00022774500000011244,
        "complete_login_time": 0.013467386999999942,
        "dispatch_time": 0.046895603999999924
    },
    "t_user_20": {
        "redirect_time": 0.012623222000000212,
        "get_access_token_time": 0.010596050999999829,
        "decode_id_token_time": 0.00018779200000018648,
        "complete_login_time": 0.01251433699999982,
        "dispatch_time": 0.04512279900000005
    },
    "t_user_21": {
        "redirect_time": 0.013516548000000128,
        "get_access_token_time": 0.010739140000000091,
        "decode_id_token_time": 0.00024023900000003096,
        "complete_login_time": 0.014006307999999912,
        "dispatch_time": 0.0549154719999998
    },
    "t_user_22": {
        "redirect_time": 0.015045528000000363,
        "get_access_token_time": 0.014460933000000065,
        "decode_id_token_time": 0.00023976900000022283,
        "complete_login_time": 0.014090895999999908,
        "dispatch_time": 0.05207709700000018
    },
    "t_user_23": {
        "redirect_time": 0.013362795000000371,
        "get_access_token_time": 0.013012626000000083,
        "decode_id_token_time": 0.00019787999999998362,
        "complete_login_time": 0.012528415000000237,
        "dispatch_time": 0.046651002000000386
    },
    "t_user_24": {
        "redirect_time": 0.013746846999999729,
        "get_access_token_time": 0.011339454999999887,
        "decode_id_token_time": 0.000205003000000481,
        "complete_login_time": 0.013861975000000193,
        "dispatch_time": 0.0475053980000002
    },
    "t_user_25": {
        "redirect_time": 0.012929680000000054,
        "get_access_token_time": 0.011205734999999883,
        "decode_id_token_time": 0.0001760490000002335,
        "complete_login_time": 0.013275325999999588,
        "dispatch_time": 0.047103016999999525
    },
    "t_user_26": {
        "redirect_time": 0.01295026900000007,
        "get_access_token_time": 0.012186340000000406,
        "decode_id_token_time": 0.00020505299999928894,
        "complete_login_time": 0.012970637999999646,
        "dispatch_time": 0.04979821800000028
    },
    "t_user_27": {
        "redirect_time": 0.01395091699999984,
        "get_access_token_time": 0.010915072000000414,
        "decode_id_token_time": 0.00018880300000034822,
        "complete_login_time": 0.01628500200000005,
        "dispatch_time": 0.05045352200000064
    },
    "t_user_28": {
        "redirect_time": 0.01574664999999964,
        "get_access_token_time": 0.010986274999999601,
        "decode_id_token_time": 0.0001776820000003454,
        "complete_login_time": 0.012128234000000404,
        "dispatch_time": 0.045204072999999845
    },
    "t_user_29": {
        "redirect_time": 0.014638377000000702,
        "get_access_token_time": 0.010696712999999747,