{
    "t_user_1": {
        "redirect_time": 0.012285521999999993,
        "get_access_token_time": 0.012349510000000063,
        "decode_id_token_time": 0.0006927050000000712,
        "complete_login_time": 0.014866252999999996,
        "dispatch_time": 0.06196546999999997
    },
    "t_user_2": {
        "redirect_time": 0.012991930999999957,
        "get_access_token_time": 0.010990982999999899,
        "decode_id_token_time": 0.0002018270000001543,
        "complete_login_time": 0.012491824999999901,
        "dispatch_time": 0.044938587000000085
    },
    "t_user_3": {
        "redirect_time": 0.01295438300000007,
        "get_access_token_time": 0.010544393999999957,
        "decode_id_token_time": 0.0002087299999999903,
        "complete_login_time": 0.012240735000000003,
        "dispatch_time": 0.04385601500000014
    },
    "t_user_4": {
        "redirect_time": 0.01317025099999991,
        "get_access_token_time": 0.012208054999999995,
        "decode_id_token_time": 0.00019593600000000766,
        "complete_login_time": 0.01323454199999996,
        "dispatch_time": 0.052208920999999964
    },
    "t_user_5": {
        "redirect_time": 0.013607828000000044,
        "get_access_token_time": 0.013136828000000045,
        "decode_id_token_time": 0.00021101499999998108,
        "complete_login_time": 0.014147337000000038,
        "dispatch_time": 0.05090198400000001
    },
    "t_user_6": {
        "redirect_time": 0.013567661999999925,
        "get_access_token_time": 0.010482066999999873,
        "decode_id_token_time": 0.00018263099999993315,
        "complete_login_time": 0.012139444,
        "dispatch_time": 0.04744889699999999
    },
    "t_user_7": {
        "redirect_time": 0.01477912299999995,
        "get_access_token_time": 0.010844597999999817,
        "decode_id_token_time": 0.0001950749999999335,
        "complete_login_time": 0.012451403999999888,
        "dispatch_time": 0.050087486999999875
    },
    "t_user_8": {
        "redirect_time": 0.013819035000000035,
        "get_access_token_time": 0.013434061999999969,
        "decode_id_token_time": 0.00030885700000005123,
        "complete_login_time": 0.014741612999999987,
        "dispatch_time": 0.05835396599999987
    },
    "t_user_9": {
        "redirect_time": 0.013899628999999969,
        "get_access_token_time": 0.011213761000000044,
        "decode_id_token_time": 0.00021763599999991,
        "complete_login_time": 0.019306883000000052,
        "dispatch_time": 0.054556625999999886
    },
    "t_user_10": {
        "redirect_time": 0.016724603999999976,
        "get_access_token_time": 0.010642862999999947,
        "decode_id_token_time": 0.00019257999999999775,
        "complete_login_time": 0.014949558000000085,
        "dispatch_time": 0.0482100889999999
    },
    "t_user_11": {
        "redirect_time": 0.013004784999999908,
        "get_access_token_time": 0.010443253000000041,
        "decode_id_token_time": 0.0001944840000001058,
        "complete_login_time": 0.012179054000000189,
        "dispatch_time": 0.0495750260000003
    },
    "t_user_12": {
        "redirect_time": 0.014789324000000104,
        "get_access_token_time": 0.011678777999999834,
        "decode_id_token_time": 0.00023574200000009427,
        "complete_login_time": 0.013246029999999909,
        "dispatch_time": 0.050871219000000245
    },
    "t_user_13": {
        "redirect_time": 0.013485729000000113,
        "get_access_token_time": 0.010304329000000223,
        "decode_id_token_time": 0.00018336300000010297,
        "complete_login_time": 0.011337259999999905,
        "dispatch_time": 0.04456307199999987
    },
    "t_user_14": {
        "redirect_time": 0.013263240999999981,
        "get_access_token_time": 0.016142540999999788,
        "decode_id_token_time": 0.00020025399999967775,
        "complete_login_time": 0.012684596000000159,
        "dispatch_time": 0.05009218500000001
    },
    "t_user_15": {
        "redirect_time": 0.013163086999999685,
        "get_access_token_time": 0.011851186999999985,
        "decode_id_token_time": 0.00016297399999976037,
        "complete_login_time": 0.011784743999999847,
        "dispatch_time": 0.04538433200000025
    },
    "t_user_16": {
        "redirect_time": 0.013672791999999934,
        "get_access_token_time": 0.010301286999999881,
        "decode_id_token_time": 0.0001778020000000602,
        "complete_login_time": 0.011542586000000021,
        "dispatch_time": 0.046170207000000296
    },
    "t_user_17": {
        "redirect_time": 0.013797820999999821,
        "get_access_token_time": 0.013547696999999914,
        "decode_id_token_time": 0.0002013569999999021,
        "complete_login_time": 0.013117863000000174,
        "dispatch_time": 0.0483597790000001
    },
    "t_user_18": {
        "redirect_time": 0.012963070999999715,
        "get_access_token_time": 0.01354271099999993,
        "decode_id_token_time": 0.0001960370000002598,
        "complete_login_time": 0.012804163000000202,
        "dispatch_time": 0.04792216299999996
    },
    "t_user_19": {
        "redirect_time": 0.013296291000000071,
        "get_access_token_time": 0.013100259000000225,
        "decode_id_token_time": 0.00017325399999990054,
        "complete_login_time": 0.014415962000000171,
        "dispatch_time": 0.04870313699999995
    },
    "t_user_20": {
        "redirect_time": 0.01304878399999998,
        "get_access_token_time": 0.015201487999999763,
        "decode_id_token_time": 0.000202429000000226,
        "complete_login_time": 0.012222740999999981,
        "dispatch_time": 0.0491276260000002
    },
    "t_user_21": {
        "redirect_time": 0.014301255999999984,
        "get_access_token_time": 0.012648350999999725,
        "decode_id_token_time": 0.00022367799999978288,
        "complete_login_time": 0.013443425000000175,
        "dispatch_time": 0.04920579800000002
    },
    "t_user_22": {
        "redirect_time": 0.013087814000000364,
        "get_access_token_time": 0.0105637380000001,
        "decode_id_token_time": 0.00021371000000014462,
        "complete_login_time": 0.012440671999999875,
        "dispatch_time": 0.04437503900000017
    },
    "t_user_23": {
        "redirect_time": 0.013738846999999943,
        "get_access_token_time": 0.01201688100000009,
        "decode_id_token_time": 0.0002022280000000265,
        "complete_login_time": 0.014249863999999945,
        "dispatch_time": 0.05621243999999992
    },
    "t_user_24": {
        "redirect_time": 0.013945198000000048,
        "get_access_token_time": 0.0116091410000001,
        "decode_id_token_time": 0.00020781799999980421,
        "complete_login_time": 0.013067407999999947,
        "dispatch_time": 0.04711840399999989
    },
    "t_user_25": {
        "redirect_time": 0.013233421999999884,
        "get_access_token_time": 0.011943812000000165,
        "decode_id_token_time": 0.0002129779999995307,
        "complete_login_time": 0.012984767999999924,
        "dispatch_time": 0.0841433080000007
    },
    "t_user_26": {
        "redirect_time": 0.013447776000000466,
        "get_access_token_time": 0.01175262900000007,
        "decode_id_token_time": 0.0001831819999997819,
        "complete_login_time": 0.01277566100000005,
        "dispatch_time": 0.052533528999999746
    },
    "t_user_27": {
        "redirect_time": 0.012913508999999657,
        "get_access_token_time": 0.012504006000000345,
        "decode_id_token_time": 0.00018224100000008292,
        "complete_login_time": 0.012325643999999691,
        "dispatch_time": 0.045795533999999805
    },
    "t_user_28": {
        "redirect_time": 0.015273917000000026,
        "get_access_token_time": 0.010511009000000016,
        "decode_id_token_time": 0.00016727300000063394,
        "complete_login_time": 0.011676165000000793,
        "dispatch_time": 0.04761148199999976
    },
    "t_user_29": {
        "redirect_time": 0.013544811000000045,
        "get_access_token_time": 0.011442681000000121,