{
    "t_user_1": {
        "redirect_time": 0.01370429099999998,
        "get_access_token_time": 0.012003660999999943,
        "decode_id_token_time": 0.0002016970000000562,
        "complete_login_time": 0.012247282999999998,
        "dispatch_time": 0.04718845699999996
    },
    "t_user_2": {
        "redirect_time": 0.013914270999999978,
        "get_access_token_time": 0.010621298999999973,
        "decode_id_token_time": 0.00020148599999991745,
        "complete_login_time": 0.01227871200000008,
        "dispatch_time": 0.04348777100000001
    },
    "t_user_3": {
        "redirect_time": 0.013176728999999998,
        "get_access_token_time": 0.011189707999999965,
        "decode_id_token_time": 0.00017995599999998113,
        "complete_login_time": 0.012542895000000054,
        "dispatch_time": 0.05016118699999994
    },
    "t_user_4": {
        "redirect_time": 0.014413782999999958,
        "get_access_token_time": 0.01142834600000009,
        "decode_id_token_time": 0.0006390240000000436,
        "complete_login_time": 0.01565731300000006,
        "dispatch_time": 0.055457255999999955
    },
    "t_user_5": {
        "redirect_time": 0.013813337999999953,
        "get_access_token_time": 0.011955555999999978,
        "decode_id_token_time": 0.00017679999999997698,
        "complete_login_time": 0.012163615000000183,
        "dispatch_time": 0.04517527399999999
    },
    "t_user_6": {
        "redirect_time": 0.013729604999999978,
        "get_access_token_time": 0.010737600999999986,
        "decode_id_token_time": 0.00018149900000019592,
        "complete_login_time": 0.012610213000000092,
        "dispatch_time": 0.05431430100000001
    },
    "t_user_7": {
        "redirect_time": 0.014223658000000139,
        "get_access_token_time": 0.010768193000000092,
        "decode_id_token_time": 0.0002491159999999937,
        "complete_login_time": 0.013230297000000002,
        "dispatch_time": 0.047871635999999995
    },
    "t_user_8": {
        "redirect_time": 0.013394886000000161,
        "get_access_token_time": 0.010697404999999938,
        "decode_id_token_time": 0.000197378999999831,
        "complete_login_time": 0.012535455000000084,
        "dispatch_time": 0.04471915599999998
    },
    "t_user_9": {
        "redirect_time": 0.01574690199999984,
        "get_access_token_time": 0.011671495999999948,
        "decode_id_token_time": 0.0001884519999999501,
        "complete_login_time": 0.012013198000000003,
        "dispatch_time": 0.04550523900000014
    },
    "t_user_10": {
        "redirect_time": 0.014323439999999854,
        "get_access_token_time": 0.011665357999999904,
        "decode_id_token_time": 0.00022294699999991785,
        "complete_login_time": 0.01276749300000013,
        "dispatch_time": 0.05368764100000001
    },
    "t_user_11": {
        "redirect_time": 0.013789250000000086,
        "get_access_token_time": 0.013318329000000073,
        "decode_id_token_time": 0.00026126799999981465,
        "complete_login_time": 0.013492156999999949,
        "dispatch_time": 0.05053631600000008
    },
    "t_user_12": {
        "redirect_time": 0.012972455000000105,
        "get_access_token_time": 0.011633176000000134,
        "decode_id_token_time": 0.0002396479999999812,
        "complete_login_time": 0.013697411999999964,
        "dispatch_time": 0.05170191199999996
    },
    "t_user_13": {
        "redirect_time": 0.013220655000000026,
        "get_access_token_time": 0.01158509299999988,
        "decode_id_token_time": 0.0002079099999998668,
        "complete_login_time": 0.012740248000000065,
        "dispatch_time": 0.05295208699999998
    },
    "t_user_14": {
        "redirect_time": 0.012908647000000162,
        "get_access_token_time": 0.013819031999999787,
        "decode_id_token_time": 0.0002127279999997178,
        "complete_login_time": 0.013317046999999693,
        "dispatch_time": 0.050340158000000024
    },
    "t_user_15": {
        "redirect_time": 0.013332895000000011,
        "get_access_token_time": 0.013092198999999916,
        "decode_id_token_time": 0.00023777499999999563,
        "complete_login_time": 0.012643150000000158,
        "dispatch_time": 0.046740026999999795
    },
    "t_user_16": {
        "redirect_time": 0.014199838000000131,
        "get_access_token_time": 0.01026133699999976,
        "decode_id_token_time": 0.00019146800000013897,
        "complete_login_time": 0.015457833999999782,
        "dispatch_time": 0.0469294050000002
    },
    "t_user_17": {
        "redirect_time": 0.013284115999999901,
        "get_access_token_time": 0.01193450500000015,
        "decode_id_token_time": 0.00019659699999996505,
        "complete_login_time": 0.01291889700000004,
        "dispatch_time": 0.051204636000000026
    },
    "t_user_18": {
        "redirect_time": 0.013013299999999894,
        "get_access_token_time": 0.011022488000000052,
        "decode_id_token_time": 0.00019102700000006578,
        "complete_login_time": 0.0118960669999999,
        "dispatch_time": 0.04468752200000026
    },
    "t_user_19": {
        "redirect_time": 0.014434469000000227,
        "get_access_token_time": 0.011771719000000402,
        "decode_id_token_time": 0.00021298799999991402,
        "complete_login_time": 0.013051158000000118,
        "dispatch_time": 0.048490329999999915
    },
    "t_user_20": {
        "redirect_time": 0.013526376999999812,
        "get_access_token_time": 0.012164356999999626,
        "decode_id_token_time": 0.00021250700000008393,
        "complete_login_time": 0.013134018000000136,
        "dispatch_time": 0.051424358999999864
    },
    "t_user_21": {
        "redirect_time": 0.013097817000000234,
        "get_access_token_time": 0.014962355999999843,
        "decode_id_token_time": 0.00021197600000011363,
        "complete_login_time": 0.013036812999999814,
        "dispatch_time": 0.05691158800000018
    },
    "t_user_22": {
        "redirect_time": 0.01417926600000019,
        "get_access_token_time": 0.011704724999999971,
        "decode_id_token_time": 0.00018610899999993435,
        "complete_login_time": 0.01270217500000026,
        "dispatch_time": 0.047004379000000096
    },
    "t_user_23": {
        "redirect_time": 0.013552871999999994,
        "get_access_token_time": 0.010626121000000044,
        "decode_id_token_time": 0.00020100500000008736,
        "complete_login_time": 0.011695301000000047,
        "dispatch_time": 0.04464631299999988
    },
    "t_user_24": {
        "redirect_time": 0.012630271999999998,
        "get_access_token_time": 0.010776272000000198,
        "decode_id_token_time": 0.00020221800000008727,
        "complete_login_time": 0.012434567999999757,
        "dispatch_time": 0.046700970000000286
    },
    "t_user_25": {
        "redirect_time": 0.013952870000000228,
        "get_access_token_time": 0.011795741999999443,
        "decode_id_token_time": 0.00019972399999979018,
        "complete_login_time": 0.012995710000000216,
        "dispatch_time": 0.08088716099999971
    },
    "t_user_26": {
        "redirect_time": 0.014604679999999703,
        "get_access_token_time": 0.010749677999999818,
        "decode_id_token_time": 0.00021979100000013574,
        "complete_login_time": 0.01290420099999956,
        "dispatch_time": 0.04665413600000079
    },
    "t_user_27": {
        "redirect_time": 0.01294076399999966,
        "get_access_token_time": 0.011552533999999781,
        "decode_id_token_time": 0.0002867750000001834,
        "complete_login_time": 0.014483929000000728,
        "dispatch_time": 0.057310011000000216
    },
    "t_user_28": {
        "redirect_time": 0.013413783999999929,
        "get_access_token_time": 0.010996178000000079,
        "decode_id_token_time": 0.0002500870000003985,
        "complete_login_time": 0.013565773000000725,
        "dispatch_time": 0.053495552000000224
    },
    "t_user_29": {
        "redirect_time": 0.013907077999999906,
        "get_access_token_time": 0.011288452999999699,