{
    "t_user_1": {
        "redirect_time": 0.013068717000000007,
        "get_access_token_time": 0.011568263000000023,
        "decode_id_token_time": 0.0006953200000000548,
        "complete_login_time": 0.013549170999999971,
        "dispatch_time": 0.051645046999999944
    },
    "t_user_2": {
        "redirect_time": 0.01299899800000004,
        "get_access_token_time": 0.011116637999999956,
        "decode_id_token_time": 0.00019455400000001344,
        "complete_login_time": 0.01267644499999998,
        "dispatch_time": 0.04701823399999994
    },
    "t_user_3": {
        "redirect_time": 0.013509452999999949,
        "get_access_token_time": 0.011130413000000061,
        "decode_id_token_time": 0.0002042910000000786,
        "complete_login_time": 0.013204992999999998,
        "dispatch_time": 0.04586011099999998
    },
    "t_user_4": {
        "redirect_time": 0.013194707000000028,
        "get_access_token_time": 0.01126766400000001,
        "decode_id_token_time": 0.0002046030000000254,
        "complete_login_time": 0.012774760999999968,
        "dispatch_time": 0.051356716999999996
    },
    "t_user_5": {
        "redirect_time": 0.01362535499999995,
        "get_access_token_time": 0.011324190000000067,
        "decode_id_token_time": 0.00020199799999998103,
        "complete_login_time": 0.012657212000000029,
        "dispatch_time": 0.05025648099999991
    },
    "t_user_6": {
        "redirect_time": 0.014185287999999963,
        "get_access_token_time": 0.013424682999999993,
        "decode_id_token_time": 0.00024361599999989103,
        "complete_login_time": 0.013443993000000098,
        "dispatch_time": 0.05214605900000002
    },
    "t_user_7": {
        "redirect_time": 0.014022650000000025,
        "get_access_token_time": 0.011263131999999842,
        "decode_id_token_time": 0.00021337900000006904,
        "complete_login_time": 0.012963996000000089,
        "dispatch_time": 0.05089777700000009
    },
    "t_user_8": {
        "redirect_time": 0.012668063000000007,
        "get_access_token_time": 0.011380885000000118,
        "decode_id_token_time": 0.00022961000000010223,
        "complete_login_time": 0.012577105999999949,
        "dispatch_time": 0.051545920999999995
    },
    "t_user_9": {
        "redirect_time": 0.014533290000000143,
        "get_access_token_time": 0.012640317999999873,
        "decode_id_token_time": 0.0002306509999998596,
        "complete_login_time": 0.014062936999999831,
        "dispatch_time": 0.05688554500000009
    },
    "t_user_10": {
        "redirect_time": 0.01308663099999996,
        "get_access_token_time": 0.011392656000000168,
        "decode_id_token_time": 0.00024216300000001745,
        "complete_login_time": 0.013051967999999858,
        "dispatch_time": 0.04969052600000001
    },
    "t_user_11": {
        "redirect_time": 0.014524268999999812,
        "get_access_token_time": 0.011776017999999944,
        "decode_id_token_time": 0.00020262800000026004,
        "complete_login_time": 0.01615869099999978,
        "dispatch_time": 0.049924100999999776
    },
    "t_user_12": {
        "redirect_time": 0.015102700999999996,
        "get_access_token_time": 0.01093765400000013,
        "decode_id_token_time": 0.0002310209999998314,
        "complete_login_time": 0.013609300999999796,
        "dispatch_time": 0.04650577399999989
    },
    "t_user_13": {
        "redirect_time": 0.012753970999999975,
        "get_access_token_time": 0.012969537000000031,
        "decode_id_token_time": 0.000242844999999825,
        "complete_login_time": 0.013561821999999779,
        "dispatch_time": 0.04944567400000022
    },
    "t_user_14": {
        "redirect_time": 0.013544172000000021,
        "get_access_token_time": 0.011997231000000053,
        "decode_id_token_time": 0.00019861200000015344,
        "complete_login_time": 0.018002486999999956,
        "dispatch_time": 0.052062430999999965
    },
    "t_user_15": {
        "redirect_time": 0.012325358000000008,
        "get_access_token_time": 0.014455322999999964,
        "decode_id_token_time": 0.00022140300000028645,
        "complete_login_time": 0.012963360999999729,
        "dispatch_time": 0.04969311300000001
    },
    "t_user_16": {
        "redirect_time": 0.012576548999999826,
        "get_access_token_time": 0.010639142000000046,
        "decode_id_token_time": 0.00023993900000007784,
        "complete_login_time": 0.015901316000000332,
        "dispatch_time": 0.04830632799999979
    },
    "t_user_17": {
        "redirect_time": 0.012969752999999695,
        "get_access_token_time": 0.010568142999999974,
        "decode_id_token_time": 0.00019663699999972195,
        "complete_login_time": 0.01609140699999978,
        "dispatch_time": 0.04852974199999993
    },
    "t_user_18": {
        "redirect_time": 0.013395797999999903,
        "get_access_token_time": 0.013750812000000057,
        "decode_id_token_time": 0.00023337500000009115,
        "complete_login_time": 0.012959624000000058,
        "dispatch_time": 0.04785633299999992
    },
    "t_user_19": {
        "redirect_time": 0.012550113000000085,
        "get_access_token_time": 0.01100961300000014,
        "decode_id_token_time": 0.00018335300000016375,
        "complete_login_time": 0.015342514999999946,
        "dispatch_time": 0.04666899700000027
    },
    "t_user_20": {
        "redirect_time": 0.012339893000000046,
        "get_access_token_time": 0.02271121499999973,
        "decode_id_token_time": 0.0002213640000001682,
        "complete_login_time": 0.013194309000000182,
        "dispatch_time": 0.058171253000000256
    },
    "t_user_21": {
        "redirect_time": 0.013244328999999944,
        "get_access_token_time": 0.01066522499999989,
        "decode_id_token_time": 0.00024223299999981407,
        "complete_login_time": 0.013103595000000023,
        "dispatch_time": 0.04606538299999974
    },
    "t_user_22": {
        "redirect_time": 0.01529736100000001,
        "get_access_token_time": 0.010421962999999757,
        "decode_id_token_time": 0.00019825999999989463,
        "complete_login_time": 0.015923406000000195,
        "dispatch_time": 0.047379089000000096
    },
    "t_user_23": {
        "redirect_time": 0.012810255999999853,
        "get_access_token_time": 0.013707006999999827,
        "decode_id_token_time": 0.00018584700000001675,
        "complete_login_time": 0.012072941000000004,
        "dispatch_time": 0.04752106600000028
    },
    "t_user_24": {
        "redirect_time": 0.013557678999999823,
        "get_access_token_time": 0.011201221999999511,
        "decode_id_token_time": 0.00022403799999981544,
        "complete_login_time": 0.019437710000000052,
        "dispatch_time": 0.05510517699999973
    },
    "t_user_25": {
        "redirect_time": 0.013475198999999716,
        "get_access_token_time": 0.018211783000000814,
        "decode_id_token_time": 0.00018300199999998767,
        "complete_login_time": 0.013194653000000223,
        "dispatch_time": 0.05376065200000024
    },
    "t_user_26": {
        "redirect_time": 0.012949220000000317,
        "get_access_token_time": 0.01189561899999969,
        "decode_id_token_time": 0.0002124070000002476,
        "complete_login_time": 0.012969681999999594,
        "dispatch_time": 0.04835462700000015
    },
    "t_user_27": {
        "redirect_time": 0.014967260999999787,
        "get_access_token_time": 0.01073979899999955,
        "decode_id_token_time": 0.0001792250000001161,
        "complete_login_time": 0.011961082000000012,
        "dispatch_time": 0.04854027200000033
    },
    "t_user_28": {
        "redirect_time": 0.012817898999999855,
        "get_access_token_time": 0.010742143999999954,
        "decode_id_token_time": 0.0001950739999996287,
        "complete_login_time": 0.01264944800000034,
        "dispatch_time": 0.044756846000000294
    },
    "t_user_29": {
        "redirect_time": 0.013771832999999845,
        "get_access_token_time": 0.011750149999999238,