{
    "t_user_1": {
        "redirect_time": 0.01284762500000003,
        "get_access_token_time": 0.011487327999999963,
        "decode_id_token_time": 0.0006765850000000073,
        "complete_login_time": 0.014068125999999959,
        "dispatch_time": 0.05212955000000008
    },
    "t_user_2": {
        "redirect_time": 0.012750615000000076,
        "get_access_token_time": 0.012335380999999979,
        "decode_id_token_time": 0.0002277860000000631,
        "complete_login_time": 0.014179489999999961,
        "dispatch_time": 0.048704164999999966
    },
    "t_user_3": {
        "redirect_time": 0.013089044999999966,
        "get_access_token_time": 0.011685454999999956,
        "decode_id_token_time": 0.00018671000000003435,
        "complete_login_time": 0.012416100000000041,
        "dispatch_time": 0.04915188199999998
    },
    "t_user_4": {
        "redirect_time": 0.013508995999999995,
        "get_access_token_time": 0.015719396000000052,
        "decode_id_token_time": 0.0002470520000000809,
        "complete_login_time": 0.013918467999999962,
        "dispatch_time": 0.05165912100000003
    },
    "t_user_5": {
        "redirect_time": 0.013832701000000003,
        "get_access_token_time": 0.012628153999999947,
        "decode_id_token_time": 0.00020405099999987186,
        "complete_login_time": 0.013312305999999996,
        "dispatch_time": 0.04855912099999993
    },
    "t_user_6": {
        "redirect_time": 0.013324244999999957,
        "get_access_token_time": 0.010957569000000111,
        "decode_id_token_time": 0.00029624299999997383,
        "complete_login_time": 0.014521483999999862,
        "dispatch_time": 0.04897101000000004
    },
    "t_user_7": {
        "redirect_time": 0.015163266000000064,
        "get_access_token_time": 0.015831386000000114,
        "decode_id_token_time": 0.0002467719999998952,
        "complete_login_time": 0.013914170000000059,
        "dispatch_time": 0.05225050799999997
    },
    "t_user_8": {
        "redirect_time": 0.012968871999999854,
        "get_access_token_time": 0.011610102999999983,
        "decode_id_token_time": 0.00023576100000011202,
        "complete_login_time": 0.013668605999999972,
        "dispatch_time": 0.05729240400000002
    },
    "t_user_9": {
        "redirect_time": 0.014026345999999856,
        "get_access_token_time": 0.011132640999999888,
        "decode_id_token_time": 0.0002522219999998576,
        "complete_login_time": 0.013634554000000021,
        "dispatch_time": 0.049226906999999986
    },
    "t_user_10": {
        "redirect_time": 0.012341527000000019,
        "get_access_token_time": 0.011082779999999959,
        "decode_id_token_time": 0.00026347299999995855,
        "complete_login_time": 0.014220715999999856,
        "dispatch_time": 0.050568903000000054
    },
    "t_user_11": {
        "redirect_time": 0.013847802000000131,
        "get_access_token_time": 0.011456355000000196,
        "decode_id_token_time": 0.00019638699999990905,
        "complete_login_time": 0.013765553000000041,
        "dispatch_time": 0.047605295999999964
    },
    "t_user_12": {
        "redirect_time": 0.017495902999999924,
        "get_access_token_time": 0.010262151000000053,
        "decode_id_token_time": 0.0002710270000001458,
        "complete_login_time": 0.013722737000000151,
        "dispatch_time": 0.052736262999999894
    },
    "t_user_13": {
        "redirect_time": 0.013606993000000234,
        "get_access_token_time": 0.012874887999999807,
        "decode_id_token_time": 0.00022360799999976422,
        "complete_login_time": 0.01285630400000004,
        "dispatch_time": 0.04893710200000001
    },
    "t_user_14": {
        "redirect_time": 0.01326014200000003,
        "get_access_token_time": 0.011619964999999954,
        "decode_id_token_time": 0.00023448899999989337,
        "complete_login_time": 0.013814823999999781,
        "dispatch_time": 0.05390550400000027
    },
    "t_user_15": {
        "redirect_time": 0.013559259999999629,
        "get_access_token_time": 0.011079082000000184,
        "decode_id_token_time": 0.00020485299999961626,
        "complete_login_time": 0.012191017000000137,
        "dispatch_time": 0.04726366100000012
    },
    "t_user_16": {
        "redirect_time": 0.014312917999999897,
        "get_access_token_time": 0.01101021599999985,
        "decode_id_token_time": 0.0001957059999999622,
        "complete_login_time": 0.011984175999999902,
        "dispatch_time": 0.04867364399999996
    },
    "t_user_17": {
        "redirect_time": 0.01584621300000011,
        "get_access_token_time": 0.011379661999999957,
        "decode_id_token_time": 0.00020370000000013988,
        "complete_login_time": 0.01270925200000006,
        "dispatch_time": 0.050739548000000134
    },
    "t_user_18": {
        "redirect_time": 0.013569126000000153,
        "get_access_token_time": 0.010576796000000055,
        "decode_id_token_time": 0.00017785199999975632,
        "complete_login_time": 0.015168270999999844,
        "dispatch_time": 0.047571168000000164
    },
    "t_user_19": {
        "redirect_time": 0.012976357999999966,
        "get_access_token_time": 0.011885514000000263,
        "decode_id_token_time": 0.00021403099999961483,
        "complete_login_time": 0.013115337999999976,
        "dispatch_time": 0.053587810999999874
    },
    "t_user_20": {
        "redirect_time": 0.013484797999999909,
        "get_access_token_time": 0.010817333999999956,
        "decode_id_token_time": 0.00017170099999974653,
        "complete_login_time": 0.01563260700000013,
        "dispatch_time": 0.04823807700000016
    },
    "t_user_21": {
        "redirect_time": 0.013155798999999746,
        "get_access_token_time": 0.015248919999999888,
        "decode_id_token_time": 0.00022246599999986572,
        "complete_login_time": 0.012548091000000205,
        "dispatch_time": 0.05115591899999972
    },
    "t_user_22": {
        "redirect_time": 0.015651598999999905,
        "get_access_token_time": 0.011678766000000174,
        "decode_id_token_time": 0.00040727199999990304,
        "complete_login_time": 0.01427820000000013,
        "dispatch_time": 0.054588451999999954
    },
    "t_user_23": {
        "redirect_time": 0.015030745000000234,
        "get_access_token_time": 0.010625656999999844,
        "decode_id_token_time": 0.00020008300000018409,
        "complete_login_time": 0.012507711000000032,
        "dispatch_time": 0.0453678609999999
    },
    "t_user_24": {
        "redirect_time": 0.014730246000000058,
        "get_access_token_time": 0.011346183000000565,
        "decode_id_token_time": 0.00018598700000005408,
        "complete_login_time": 0.01293353699999944,
        "dispatch_time": 0.05446979999999968
    },
    "t_user_25": {
        "redirect_time": 0.01482851300000032,
        "get_access_token_time": 0.011390215999999675,
        "decode_id_token_time": 0.0002474619999999206,
        "complete_login_time": 0.017491879000000488,
        "dispatch_time": 0.05283003599999958
    },
    "t_user_26": {
        "redirect_time": 0.012748741999999424,
        "get_access_token_time": 0.01229539699999993,
        "decode_id_token_time": 0.000207117000000423,
        "complete_login_time": 0.013111789999999957,
        "dispatch_time": 0.04685906799999984
    },
    "t_user_27": {
        "redirect_time": 0.014589556999999864,
        "get_access_token_time": 0.011068968000000012,
        "decode_id_token_time": 0.00021731599999963436,
        "complete_login_time": 0.01720721199999975,
        "dispatch_time": 0.05317920400000009
    },
    "t_user_28": {
        "redirect_time": 0.014099466999999422,
        "get_access_token_time": 0.011478626999999797,
        "decode_id_token_time": 0.00029629399999997474,
        "complete_login_time": 0.017664600000000696,
        "dispatch_time": 0.053556948999999854
    },
    "t_user_29": {
        "redirect_time": 0.016772457000000074,
        "get_access_token_time": 0.010661933000000623,