{
    "t_user_1": {
        "redirect_time": 0.013139496000000028,
        "get_access_token_time": 0.011546380000000078,
        "decode_id_token_time": 0.0007710820000000895,
        "complete_login_time": 0.014022244999999933,
        "dispatch_time": 0.05159872700000001
    },
    "t_user_2": {
        "redirect_time": 0.012463141999999983,
        "get_access_token_time": 0.011166161000000008,
        "decode_id_token_time": 0.00019937299999994718,
        "complete_login_time": 0.013029712000000027,
        "dispatch_time": 0.04590463599999994
    },
    "t_user_3": {
        "redirect_time": 0.014079688000000035,
        "get_access_token_time": 0.011517580000000027,
        "decode_id_token_time": 0.00021094299999990795,
        "complete_login_time": 0.01291129499999999,
        "dispatch_time": 0.05166762799999991
    },
    "t_user_4": {
        "redirect_time": 0.013255125000000034,
        "get_access_token_time": 0.01615058300000005,
        "decode_id_token_time": 0.00022522099999999767,
        "complete_login_time": 0.013020951999999975,
        "dispatch_time": 0.051101461000000015
    },
    "t_user_5": {
        "redirect_time": 0.013311339000000033,
        "get_access_token_time": 0.011078550999999992,
        "decode_id_token_time": 0.00025068900000002614,
        "complete_login_time": 0.012619600000000064,
        "dispatch_time": 0.04749012600000002
    },
    "t_user_6": {
        "redirect_time": 0.01460011799999994,
        "get_access_token_time": 0.012038223000000015,
        "decode_id_token_time": 0.00024191199999989976,
        "complete_login_time": 0.013554368000000094,
        "dispatch_time": 0.049583844000000044
    },
    "t_user_7": {
        "redirect_time": 0.014232650000000069,
        "get_access_token_time": 0.011373086999999948,
        "decode_id_token_time": 0.00021193599999991264,
        "complete_login_time": 0.013402646000000074,
        "dispatch_time": 0.04708507399999995
    },
    "t_user_8": {
        "redirect_time": 0.015004577000000019,
        "get_access_token_time": 0.010947181000000139,
        "decode_id_token_time": 0.00023960800000000226,
        "complete_login_time": 0.01310651500000004,
        "dispatch_time": 0.049613418999999936
    },
    "t_user_9": {
        "redirect_time": 0.014236106999999887,
        "get_access_token_time": 0.012198442999999948,
        "decode_id_token_time": 0.0002412309999999529,
        "complete_login_time": 0.014778214999999983,
        "dispatch_time": 0.05626082500000007
    },
    "t_user_10": {
        "redirect_time": 0.01453305199999999,
        "get_access_token_time": 0.015525599000000057,
        "decode_id_token_time": 0.00021474099999996277,
        "complete_login_time": 0.013854983000000098,
        "dispatch_time": 0.05403304500000017
    },
    "t_user_11": {
        "redirect_time": 0.014003922000000113,
        "get_access_token_time": 0.011228797000000013,
        "decode_id_token_time": 0.00022223500000007057,
        "complete_login_time": 0.012647652999999925,
        "dispatch_time": 0.048778150999999825
    },
    "t_user_12": {
        "redirect_time": 0.012890744999999981,
        "get_access_token_time": 0.010440119000000081,
        "decode_id_token_time": 0.00019618699999979228,
        "complete_login_time": 0.014813177000000177,
        "dispatch_time": 0.04661260299999981
    },
    "t_user_14": {
        "redirect_time": 0.012652257000000056,
        "get_access_token_time": 0.01199091199999991,
        "decode_id_token_time": 0.00019010599999980116,
        "complete_login_time": 0.016720014000000116,
        "dispatch_time": 0.050515681999999895
    },
    "t_user_13": {
        "redirect_time": 0.014298234999999604,
        "get_access_token_time": 0.011176057999999767,
        "decode_id_token_time": 0.00019016499999979786,
        "complete_login_time": 0.012319256999999695,
        "dispatch_time": 0.05229227400000003
    },
    "t_user_15": {
        "redirect_time": 0.012305385000000335,
        "get_access_token_time": 0.012064999000000132,
        "decode_id_token_time": 0.00020383099999987664,
        "complete_login_time": 0.012528144000000019,
        "dispatch_time": 0.04551018700000009
    },
    "t_user_16": {
        "redirect_time": 0.01309433800000015,
        "get_access_token_time": 0.013135457000000184,
        "decode_id_token_time": 0.00018410300000004653,
        "complete_login_time": 0.011598231000000236,
        "dispatch_time": 0.04647874800000018
    },
    "t_user_17": {
        "redirect_time": 0.01273663299999983,
        "get_access_token_time": 0.0108461150000001,
        "decode_id_token_time": 0.00019631799999997313,
        "complete_login_time": 0.011998557999999715,
        "dispatch_time": 0.04366392100000027
    },
    "t_user_18": {
        "redirect_time": 0.012595528999999939,
        "get_access_token_time": 0.011168227999999836,
        "decode_id_token_time": 0.00023151299999968344,
        "complete_login_time": 0.015937421999999923,
        "dispatch_time": 0.049849385999999996
    },
    "t_user_19": {
        "redirect_time": 0.012983627000000109,
        "get_access_token_time": 0.010539309999999968,
        "decode_id_token_time": 0.0001926600000001777,
        "complete_login_time": 0.01172620999999996,
        "dispatch_time": 0.04366152000000012
    },
    "t_user_20": {
        "redirect_time": 0.018433805999999997,
        "get_access_token_time": 0.010524853000000167,
        "decode_id_token_time": 0.0001820000000001265,
        "complete_login_time": 0.014884690999999783,
        "dispatch_time": 0.04700094799999999
    },
    "t_user_21": {
        "redirect_time": 0.012820757000000071,
        "get_access_token_time": 0.014297814999999936,
        "decode_id_token_time": 0.00020619499999963153,
        "complete_login_time": 0.012494146000000317,
        "dispatch_time": 0.05063509100000019
    },
    "t_user_22": {
        "redirect_time": 0.012833652000000306,
        "get_access_token_time": 0.010817392999999953,
        "decode_id_token_time": 0.00018816199999971417,
        "complete_login_time": 0.015776328000000284,
        "dispatch_time": 0.04695368099999975
    },
    "t_user_23": {
        "redirect_time": 0.012557025999999638,
        "get_access_token_time": 0.010889956999999839,
        "decode_id_token_time": 0.00018268100000007337,
        "complete_login_time": 0.01259031799999999,
        "dispatch_time": 0.04474481299999988
    },
    "t_user_24": {
        "redirect_time": 0.013028540000000088,
        "get_access_token_time": 0.010648945999999881,
        "decode_id_token_time": 0.00017680100000028176,
        "complete_login_time": 0.011755065000000009,
        "dispatch_time": 0.04382202899999976
    },
    "t_user_25": {
        "redirect_time": 0.012839247000000054,
        "get_access_token_time": 0.010898587000000681,
        "decode_id_token_time": 0.00019462399999969904,
        "complete_login_time": 0.011788157999999882,
        "dispatch_time": 0.04726907999999952
    },
    "t_user_26": {
        "redirect_time": 0.021334157000000076,
        "get_access_token_time": 0.011137613999999907,
        "decode_id_token_time": 0.00022786600000035406,
        "complete_login_time": 0.015727372000000628,
        "dispatch_time": 0.04796099800000064
    },
    "t_user_27": {
        "redirect_time": 0.012874586000000576,
        "get_access_token_time": 0.013520093000000344,
        "decode_id_token_time": 0.00018694899999971426,
        "complete_login_time": 0.012474419000000125,
        "dispatch_time": 0.04935122599999975
    },
    "t_user_29": {
        "redirect_time": 0.013580428000000033,
        "get_access_token_time": 0.011160047999999811,
        "decode_id_token_time": 0.00017851399999990747,
        "complete_login_time": 0.015963886999999843,
        "dispatch_time": 0.050980681000000416
    },
    "t_user_28": {
        "redirect_time": 0.013485756999999765,
        "get_access_token_time": 0.011623465999999638,