{
    "t_user_1": {
        "redirect_time": 0.01259075599999998,
        "get_access_token_time": 0.011108321000000032,
        "decode_id_token_time": 0.00017062899999997772,
        "complete_login_time": 0.012299386999999995,
        "dispatch_time": 0.04604265299999999
    },
    "t_user_2": {
        "redirect_time": 0.013701004999999933,
        "get_access_token_time": 0.011996679999999982,
        "decode_id_token_time": 0.00018450500000000147,
        "complete_login_time": 0.012450618000000024,
        "dispatch_time": 0.04488544900000002
    },
    "t_user_3": {
        "redirect_time": 0.012970660000000023,
        "get_access_token_time": 0.011327654999999992,
        "decode_id_token_time": 0.00018220099999999295,
        "complete_login_time": 0.013135917000000052,
        "dispatch_time": 0.049782830000000056
    },
    "t_user_4": {
        "redirect_time": 0.01335710000000001,
        "get_access_token_time": 0.011861795999999925,
        "decode_id_token_time": 0.0005600869999999869,
        "complete_login_time": 0.013361877000000022,
        "dispatch_time": 0.05265325200000004
    },
    "t_user_5": {
        "redirect_time": 0.013032952999999958,
        "get_access_token_time": 0.01096775800000005,
        "decode_id_token_time": 0.00022489100000000484,
        "complete_login_time": 0.016671493000000037,
        "dispatch_time": 0.04848324200000009
    },
    "t_user_6": {
        "redirect_time": 0.012580540999999945,
        "get_access_token_time": 0.010675809999999952,
        "decode_id_token_time": 0.00040280200000020194,
        "complete_login_time": 0.012420262000000015,
        "dispatch_time": 0.044103268999999834
    },
    "t_user_7": {
        "redirect_time": 0.013126384000000102,
        "get_access_token_time": 0.011718055999999866,
        "decode_id_token_time": 0.00022676399999999042,
        "complete_login_time": 0.013749387999999918,
        "dispatch_time": 0.04825805500000002
    },
    "t_user_8": {
        "redirect_time": 0.013959456999999897,
        "get_access_token_time": 0.01196931000000001,
        "decode_id_token_time": 0.00023494000000012782,
        "complete_login_time": 0.013811912999999842,
        "dispatch_time": 0.04969281000000003
    },
    "t_user_10": {
        "redirect_time": 0.013283774000000026,
        "get_access_token_time": 0.011680197000000003,
        "decode_id_token_time": 0.00022801500000002584,
        "complete_login_time": 0.014876754000000103,
        "dispatch_time": 0.05577094500000013
    },
    "t_user_9": {
        "redirect_time": 0.016894246999999973,
        "get_access_token_time": 0.012010267000000185,
        "decode_id_token_time": 0.00020611599999997843,
        "complete_login_time": 0.01810951900000002,
        "dispatch_time": 0.05337826499999987
    },
    "t_user_11": {
        "redirect_time": 0.013841075999999841,
        "get_access_token_time": 0.012132907000000026,
        "decode_id_token_time": 0.0002231759999999916,
        "complete_login_time": 0.013341969000000287,
        "dispatch_time": 0.053361168000000125
    },
    "t_user_12": {
        "redirect_time": 0.01420458899999999,
        "get_access_token_time": 0.011702883999999969,
        "decode_id_token_time": 0.0002492649999998875,
        "complete_login_time": 0.020575180999999887,
        "dispatch_time": 0.05595565399999991
    },
    "t_user_13": {
        "redirect_time": 0.014343229999999707,
        "get_access_token_time": 0.012301392999999994,
        "decode_id_token_time": 0.00020141699999998153,
        "complete_login_time": 0.012139495,
        "dispatch_time": 0.04608567600000013
    },
    "t_user_14": {
        "redirect_time": 0.014998352999999742,
        "get_access_token_time": 0.011472175999999834,
        "decode_id_token_time": 0.00020510299999987325,
        "complete_login_time": 0.013590402999999807,
        "dispatch_time": 0.04664884800000024
    },
    "t_user_15": {
        "redirect_time": 0.013698472000000184,
        "get_access_token_time": 0.011613509000000022,
        "decode_id_token_time": 0.00022687500000007077,
        "complete_login_time": 0.012944043000000072,
        "dispatch_time": 0.050534974000000066
    },
    "t_user_16": {
        "redirect_time": 0.01265976900000032,
        "get_access_token_time": 0.011239210999999916,
        "decode_id_token_time": 0.00018610899999993435,
        "complete_login_time": 0.016414408999999797,
        "dispatch_time": 0.04946862399999974
    },
    "t_user_17": {
        "redirect_time": 0.013433796000000164,
        "get_access_token_time": 0.011540168999999878,
        "decode_id_token_time": 0.00019635700000009138,
        "complete_login_time": 0.016934773000000014,
        "dispatch_time": 0.05101853599999995
    },
    "t_user_18": {
        "redirect_time": 0.013875361000000197,
        "get_access_token_time": 0.010471921000000162,
        "decode_id_token_time": 0.0001838240000000546,
        "complete_login_time": 0.01275195600000023,
        "dispatch_time": 0.045123015000000155
    },
    "t_user_19": {
        "redirect_time": 0.01418850599999999,
        "get_access_token_time": 0.010778889000000014,
        "decode_id_token_time": 0.00020587499999979997,
        "complete_login_time": 0.016778890999999962,
        "dispatch_time": 0.04987565000000016
    },
    "t_user_20": {
        "redirect_time": 0.012956565000000086,
        "get_access_token_time": 0.01598090799999996,
        "decode_id_token_time": 0.00021045399999986003,
        "complete_login_time": 0.013431860000000295,
        "dispatch_time": 0.05113705599999996
    },
    "t_user_21": {
        "redirect_time": 0.012964538999999942,
        "get_access_token_time": 0.011237735999999998,
        "decode_id_token_time": 0.00024060000000014625,
        "complete_login_time": 0.017521108000000396,
        "dispatch_time": 0.050599962999999804
    },
    "t_user_22": {
        "redirect_time": 0.013274808999999888,
        "get_access_token_time": 0.01038890299999995,
        "decode_id_token_time": 0.0001926199999999767,
        "complete_login_time": 0.011889959999999977,
        "dispatch_time": 0.04777733500000014
    },
    "t_user_23": {
        "redirect_time": 0.014008986999999973,
        "get_access_token_time": 0.010595056000000103,
        "decode_id_token_time": 0.0001800460000001003,
        "complete_login_time": 0.012528287999999943,
        "dispatch_time": 0.044468164999999615
    },
    "t_user_24": {
        "redirect_time": 0.013462490000000216,
        "get_access_token_time": 0.010365215000000205,
        "decode_id_token_time": 0.00018629800000002916,
        "complete_login_time": 0.011289136000000255,
        "dispatch_time": 0.04337178900000005
    },
    "t_user_25": {
        "redirect_time": 0.012565758000000038,
        "get_access_token_time": 0.011244560000000625,
        "decode_id_token_time": 0.0002088909999997668,
        "complete_login_time": 0.01298512400000007,
        "dispatch_time": 0.05211597400000034
    },
    "t_user_26": {
        "redirect_time": 0.016825338999999495,
        "get_access_token_time": 0.010661070000000272,
        "decode_id_token_time": 0.0001951850000008193,
        "complete_login_time": 0.012485528000000023,
        "dispatch_time": 0.044819764999999734
    },
    "t_user_27": {
        "redirect_time": 0.01394899300000052,
        "get_access_token_time": 0.011054436000000223,
        "decode_id_token_time": 0.0002442160000004634,
        "complete_login_time": 0.015324922999999657,
        "dispatch_time": 0.04765850099999991
    },
    "t_user_28": {
        "redirect_time": 0.016974013000000454,
        "get_access_token_time": 0.012171854999999177,
        "decode_id_token_time": 0.00018097900000046963,
        "complete_login_time": 0.012132778999999871,
        "dispatch_time": 0.04575169099999954
    },
    "t_user_29": {
        "redirect_time": 0.012969554999999744,
        "get_access_token_time": 0.011094295000000365,