{
    "t_user_1": {
        "redirect_time": 0.013763802999999963,
        "get_access_token_time": 0.019176046999999974,
        "decode_id_token_time": 0.00020040399999998737,
        "complete_login_time": 0.012889876999999994,
        "dispatch_time": 0.05697464699999999
    },
    "t_user_2": {
        "redirect_time": 0.013117360000000078,
        "get_access_token_time": 0.010708773999999921,
        "decode_id_token_time": 0.00019952299999992373,
        "complete_login_time": 0.0130838350000001,
        "dispatch_time": 0.04449605500000009
    },
    "t_user_3": {
        "redirect_time": 0.013232632000000022,
        "get_access_token_time": 0.011286690999999904,
        "decode_id_token_time": 0.00024106099999998687,
        "complete_login_time": 0.01442348300000007,
        "dispatch_time": 0.052925741000000026
    },
    "t_user_4": {
        "redirect_time": 0.012529830999999936,
        "get_access_token_time": 0.011157406000000036,
        "decode_id_token_time": 0.0006351279999999848,
        "complete_login_time": 0.01436770899999995,
        "dispatch_time": 0.050480638999999994
    },
    "t_user_5": {
        "redirect_time": 0.014208946999999972,
        "get_access_token_time": 0.012483016999999874,
        "decode_id_token_time": 0.00021363799999996047,
        "complete_login_time": 0.013595434000000184,
        "dispatch_time": 0.048917953999999986
    },
    "t_user_6": {
        "redirect_time": 0.013277962999999948,
        "get_access_token_time": 0.01152362699999987,
        "decode_id_token_time": 0.00020204800000001022,
        "complete_login_time": 0.012963920000000018,
        "dispatch_time": 0.052203706000000016
    },
    "t_user_7": {
        "redirect_time": 0.013334599000000003,
        "get_access_token_time": 0.010807549999999999,
        "decode_id_token_time": 0.000189875000000006,
        "complete_login_time": 0.012351372999999999,
        "dispatch_time": 0.04732613699999999
    },
    "t_user_8": {
        "redirect_time": 0.014070084999999954,
        "get_access_token_time": 0.01159486700000012,
        "decode_id_token_time": 0.00019633699999999088,
        "complete_login_time": 0.012780930999999995,
        "dispatch_time": 0.04668975299999989
    },
    "t_user_9": {
        "redirect_time": 0.01367521100000002,
        "get_access_token_time": 0.012142883000000104,
        "decode_id_token_time": 0.00020202800000013177,
        "complete_login_time": 0.01252922600000006,
        "dispatch_time": 0.049484379000000134
    },
    "t_user_10": {
        "redirect_time": 0.013318471999999915,
        "get_access_token_time": 0.010967821000000155,
        "decode_id_token_time": 0.00018228099999983982,
        "complete_login_time": 0.01241990599999987,
        "dispatch_time": 0.04995335199999995
    },
    "t_user_11": {
        "redirect_time": 0.013361292000000136,
        "get_access_token_time": 0.010872039000000111,
        "decode_id_token_time": 0.0001733239999999192,
        "complete_login_time": 0.012583326999999978,
        "dispatch_time": 0.04664771099999987
    },
    "t_user_12": {
        "redirect_time": 0.013301569999999874,
        "get_access_token_time": 0.01124454400000019,
        "decode_id_token_time": 0.00019490500000030053,
        "complete_login_time": 0.012183435999999936,
        "dispatch_time": 0.04525356800000013
    },
    "t_user_13": {
        "redirect_time": 0.013441032000000241,
        "get_access_token_time": 0.011267766999999651,
        "decode_id_token_time": 0.00018317299999992542,
        "complete_login_time": 0.016714980999999796,
        "dispatch_time": 0.04972784699999977
    },
    "t_user_14": {
        "redirect_time": 0.014779526999999959,
        "get_access_token_time": 0.010502086000000244,
        "decode_id_token_time": 0.00021763599999991,
        "complete_login_time": 0.012366093999999883,
        "dispatch_time": 0.043804336
    },
    "t_user_15": {
        "redirect_time": 0.014003105999999654,
        "get_access_token_time": 0.011104707999999963,
        "decode_id_token_time": 0.00019711799999999613,
        "complete_login_time": 0.012534028000000141,
        "dispatch_time": 0.04566873200000021
    },
    "t_user_16": {
        "redirect_time": 0.01259597300000026,
        "get_access_token_time": 0.013051410999999735,
        "decode_id_token_time": 0.00016765299999965677,
        "complete_login_time": 0.011847326999999908,
        "dispatch_time": 0.04617364199999985
    },
    "t_user_17": {
        "redirect_time": 0.0127533660000001,
        "get_access_token_time": 0.010658019000000074,
        "decode_id_token_time": 0.00017375399999997043,
        "complete_login_time": 0.01617356300000017,
        "dispatch_time": 0.047885550000000165
    },
    "t_user_18": {
        "redirect_time": 0.01469724399999972,
        "get_access_token_time": 0.014610243999999994,
        "decode_id_token_time": 0.00021719599999991956,
        "complete_login_time": 0.012707997999999776,
        "dispatch_time": 0.04897329599999978
    },
    "t_user_19": {
        "redirect_time": 0.014097521999999696,
        "get_access_token_time": 0.010712143000000118,
        "decode_id_token_time": 0.0002037310000000403,
        "complete_login_time": 0.014733298999999977,
        "dispatch_time": 0.04665855600000013
    },
    "t_user_20": {
        "redirect_time": 0.013713606000000045,
        "get_access_token_time": 0.011488497999999847,
        "decode_id_token_time": 0.00019591700000010093,
        "complete_login_time": 0.026367108000000083,
        "dispatch_time": 0.060086880000000065
    },
    "t_user_21": {
        "redirect_time": 0.012873536999999935,
        "get_access_token_time": 0.013908500000000323,
        "decode_id_token_time": 0.00020037399999983663,
        "complete_login_time": 0.013034543999999926,
        "dispatch_time": 0.048750509
    },
    "t_user_22": {
        "redirect_time": 0.012799167000000278,
        "get_access_token_time": 0.013821683999999834,
        "decode_id_token_time": 0.00021548299999984977,
        "complete_login_time": 0.014527716999999996,
        "dispatch_time": 0.049724114999999625
    },
    "t_user_23": {
        "redirect_time": 0.014010528000000022,
        "get_access_token_time": 0.011783850999999679,
        "decode_id_token_time": 0.00023194300000017876,
        "complete_login_time": 0.013422906999999817,
        "dispatch_time": 0.05015059299999969
    },
    "t_user_24": {
        "redirect_time": 0.01408465599999964,
        "get_access_token_time": 0.012091250000000109,
        "decode_id_token_time": 0.00021457000000024706,
        "complete_login_time": 0.012898601000000287,
        "dispatch_time": 0.04840762300000012
    },
    "t_user_25": {
        "redirect_time": 0.014604910000000082,
        "get_access_token_time": 0.014821693000000025,
        "decode_id_token_time": 0.0002035400000002241,
        "complete_login_time": 0.012884907000000112,
        "dispatch_time": 0.04971316700000017
    },
    "t_user_26": {
        "redirect_time": 0.01417644100000004,
        "get_access_token_time": 0.01096142299999947,
        "decode_id_token_time": 0.00017519799999998753,
        "complete_login_time": 0.011904862999999821,
        "dispatch_time": 0.0477561040000003
    },
    "t_user_27": {
        "redirect_time": 0.01293397100000071,
        "get_access_token_time": 0.012063125000000063,
        "decode_id_token_time": 0.00021914000000045064,
        "complete_login_time": 0.017117811000000316,
        "dispatch_time": 0.05160432000000004
    },
    "t_user_29": {
        "redirect_time": 0.012607213999999978,
        "get_access_token_time": 0.012149219000000322,
        "decode_id_token_time": 0.00019398299999995317,
        "complete_login_time": 0.012597911000000295,
        "dispatch_time": 0.04590474100000019
    },
    "t_user_28": {
        "redirect_time": 0.012326069999999412,
        "get_access_token_time": 0.010276492000000026,