{
    "t_user_1": {
        "redirect_time": 0.01392177,
        "get_access_token_time": 0.012189175999999913,
        "decode_id_token_time": 0.00021469200000012734,
        "complete_login_time": 0.013098398000000122,
        "dispatch_time": 0.05102746600000008
    },
    "t_user_2": {
        "redirect_time": 0.012446833000000046,
        "get_access_token_time": 0.011456974000000009,
        "decode_id_token_time": 0.0007416759999999689,
        "complete_login_time": 0.014276319000000037,
        "dispatch_time": 0.05268287199999999
    },
    "t_user_3": {
        "redirect_time": 0.012884259000000009,
        "get_access_token_time": 0.015437810999999968,
        "decode_id_token_time": 0.0002413310000000113,
        "complete_login_time": 0.013003881000000161,
        "dispatch_time": 0.04971202599999991
    },
    "t_user_4": {
        "redirect_time": 0.01240931199999995,
        "get_access_token_time": 0.01140888700000009,
        "decode_id_token_time": 0.00023967800000002093,
        "complete_login_time": 0.013081431000000032,
        "dispatch_time": 0.05079862000000002
    },
    "t_user_5": {
        "redirect_time": 0.012472265000000093,
        "get_access_token_time": 0.011146948000000045,
        "decode_id_token_time": 0.00018045799999999446,
        "complete_login_time": 0.013301873000000075,
        "dispatch_time": 0.046701112000000045
    },
    "t_user_6": {
        "redirect_time": 0.014086005000000013,
        "get_access_token_time": 0.010928277000000097,
        "decode_id_token_time": 0.000200666000000016,
        "complete_login_time": 0.012597583000000023,
        "dispatch_time": 0.049015260000000005
    },
    "t_user_7": {
        "redirect_time": 0.01566189700000009,
        "get_access_token_time": 0.015772327999999947,
        "decode_id_token_time": 0.0002288980000000329,
        "complete_login_time": 0.012847371999999968,
        "dispatch_time": 0.05018657599999998
    },
    "t_user_8": {
        "redirect_time": 0.013326645000000026,
        "get_access_token_time": 0.01107734700000007,
        "decode_id_token_time": 0.00019530500000009,
        "complete_login_time": 0.012588621000000133,
        "dispatch_time": 0.04526666900000009
    },
    "t_user_9": {
        "redirect_time": 0.01313154399999994,
        "get_access_token_time": 0.010727079000000028,
        "decode_id_token_time": 0.0002463200000000221,
        "complete_login_time": 0.01847563299999999,
        "dispatch_time": 0.050269346000000104
    },
    "t_user_10": {
        "redirect_time": 0.013627885999999867,
        "get_access_token_time": 0.011034898999999987,
        "decode_id_token_time": 0.00022337699999996907,
        "complete_login_time": 0.012516734999999946,
        "dispatch_time": 0.04864713300000001
    },
    "t_user_11": {
        "redirect_time": 0.012682882000000006,
        "get_access_token_time": 0.012653030000000065,
        "decode_id_token_time": 0.00019824099999965483,
        "complete_login_time": 0.012971439000000196,
        "dispatch_time": 0.04824422100000003
    },
    "t_user_12": {
        "redirect_time": 0.013723535000000009,
        "get_access_token_time": 0.011427501000000007,
        "decode_id_token_time": 0.00020727699999989468,
        "complete_login_time": 0.012585155000000015,
        "dispatch_time": 0.05113756700000005
    },
    "t_user_14": {
        "redirect_time": 0.01639677099999992,
        "get_access_token_time": 0.011481936999999665,
        "decode_id_token_time": 0.00024346600000013652,
        "complete_login_time": 0.013698962999999953,
        "dispatch_time": 0.054702014000000077
    },
    "t_user_13": {
        "redirect_time": 0.013432609999999956,
        "get_access_token_time": 0.012510497999999703,
        "decode_id_token_time": 0.00029137500000020466,
        "complete_login_time": 0.014673624000000274,
        "dispatch_time": 0.05107964799999998
    },
    "t_user_15": {
        "redirect_time": 0.01322157399999968,
        "get_access_token_time": 0.010571536000000048,
        "decode_id_token_time": 0.00022609399999984348,
        "complete_login_time": 0.012095272999999906,
        "dispatch_time": 0.04839804900000022
    },
    "t_user_16": {
        "redirect_time": 0.013272758000000273,
        "get_access_token_time": 0.011337009000000009,
        "decode_id_token_time": 0.00019831999999997407,
        "complete_login_time": 0.013287371000000103,
        "dispatch_time": 0.04769304799999974
    },
    "t_user_17": {
        "redirect_time": 0.014624736000000027,
        "get_access_token_time": 0.010832217000000366,
        "decode_id_token_time": 0.00022263599999972072,
        "complete_login_time": 0.01703489299999994,
        "dispatch_time": 0.049897528000000246
    },
    "t_user_18": {
        "redirect_time": 0.013102925999999737,
        "get_access_token_time": 0.013443687000000093,
        "decode_id_token_time": 0.00029583400000010585,
        "complete_login_time": 0.015587480999999848,
        "dispatch_time": 0.05650888299999979
    },
    "t_user_19": {
        "redirect_time": 0.012905072999999767,
        "get_access_token_time": 0.011545159999999832,
        "decode_id_token_time": 0.0001907560000002917,
        "complete_login_time": 0.012687573000000008,
        "dispatch_time": 0.04740206999999996
    },
    "t_user_20": {
        "redirect_time": 0.013885419000000176,
        "get_access_token_time": 0.01061350800000005,
        "decode_id_token_time": 0.00022444900000007095,
        "complete_login_time": 0.017969334000000003,
        "dispatch_time": 0.05078022300000029
    },
    "t_user_21": {
        "redirect_time": 0.013445401000000246,
        "get_access_token_time": 0.010835082999999912,
        "decode_id_token_time": 0.00024285400000012558,
        "complete_login_time": 0.013607396000000271,
        "dispatch_time": 0.04695329199999998
    },
    "t_user_22": {
        "redirect_time": 0.01277405999999992,
        "get_access_token_time": 0.010944698000000308,
        "decode_id_token_time": 0.00020448299999964448,
        "complete_login_time": 0.016514649999999964,
        "dispatch_time": 0.04862852499999981
    },
    "t_user_23": {
        "redirect_time": 0.012560757000000145,
        "get_access_token_time": 0.01339965600000026,
        "decode_id_token_time": 0.0002019070000001122,
        "complete_login_time": 0.012391558999999663,
        "dispatch_time": 0.04654243700000027
    },
    "t_user_24": {
        "redirect_time": 0.012432989999999755,
        "get_access_token_time": 0.017148275000000268,
        "decode_id_token_time": 0.0002069970000002641,
        "complete_login_time": 0.012971712000000135,
        "dispatch_time": 0.051737527999999866
    },
    "t_user_25": {
        "redirect_time": 0.012356966000000025,
        "get_access_token_time": 0.01073987500000051,
        "decode_id_token_time": 0.0001879719999999807,
        "complete_login_time": 0.012945231000000668,
        "dispatch_time": 0.045632959999999834
    },
    "t_user_26": {
        "redirect_time": 0.013167516999999407,
        "get_access_token_time": 0.011959273000000437,
        "decode_id_token_time": 0.00018619799999974873,
        "complete_login_time": 0.012439481999999558,
        "dispatch_time": 0.045113584000000095
    },
    "t_user_27": {
        "redirect_time": 0.012687726999999427,
        "get_access_token_time": 0.011092949000000019,
        "decode_id_token_time": 0.00017378500000031494,
        "complete_login_time": 0.011942143999999821,
        "dispatch_time": 0.0446582590000002
    },
    "t_user_28": {
        "redirect_time": 0.013015047999999751,
        "get_access_token_time": 0.010167768999999716,
        "decode_id_token_time": 0.00019310999999966327,
        "complete_login_time": 0.01712332099999969,
        "dispatch_time": 0.04789704199999978
    },
    "t_user_29": {
        "redirect_time": 0.013005472999999768,
        "get_access_token_time": 0.01074507399999991,