{
    "t_user_1": {
        "redirect_time": 0.01421664100000003,
        "get_access_token_time": 0.011492862999999964,
        "decode_id_token_time": 0.00023635100000007903,
        "complete_login_time": 0.013276115000000033,
        "dispatch_time": 0.048067152999999974
    },
    "t_user_2": {
        "redirect_time": 0.014642178999999977,
        "get_access_token_time": 0.011511133000000173,
        "decode_id_token_time": 0.00021421099999985316,
        "complete_login_time": 0.017341096,
        "dispatch_time": 0.050950582999999994
    },
    "t_user_3": {
        "redirect_time": 0.013865336999999922,
        "get_access_token_time": 0.016870002999999967,
        "decode_id_token_time": 0.00019506499999999427,
        "complete_login_time": 0.01321200900000008,
        "dispatch_time": 0.052473669000000056
    },
    "t_user_4": {
        "redirect_time": 0.014972128000000029,
        "get_access_token_time": 0.013815534000000018,
        "decode_id_token_time": 0.0007158779999999476,
        "complete_login_time": 0.01382318199999999,
        "dispatch_time": 0.05249366799999999
    },
    "t_user_5": {
        "redirect_time": 0.013890385999999921,
        "get_access_token_time": 0.010852300999999898,
        "decode_id_token_time": 0.0002169560000000459,
        "complete_login_time": 0.013936141000000069,
        "dispatch_time": 0.0457808329999998
    },
    "t_user_6": {
        "redirect_time": 0.014257500000000034,
        "get_access_token_time": 0.017388307000000047,
        "decode_id_token_time": 0.00027652599999994365,
        "complete_login_time": 0.013716851999999946,
        "dispatch_time": 0.053143562999999894
    },
    "t_user_7": {
        "redirect_time": 0.01408494799999993,
        "get_access_token_time": 0.01068103499999995,
        "decode_id_token_time": 0.00020757799999993054,
        "complete_login_time": 0.012708340999999956,
        "dispatch_time": 0.04416493799999999
    },
    "t_user_8": {
        "redirect_time": 0.013023852999999974,
        "get_access_token_time": 0.011729770999999944,
        "decode_id_token_time": 0.0002150320000000594,
        "complete_login_time": 0.012756878999999888,
        "dispatch_time": 0.04656841199999984
    },
    "t_user_9": {
        "redirect_time": 0.013863415999999962,
        "get_access_token_time": 0.011101932000000092,
        "decode_id_token_time": 0.00020416099999986947,
        "complete_login_time": 0.01198283,
        "dispatch_time": 0.04498349899999998
    },
    "t_user_10": {
        "redirect_time": 0.012471056000000091,
        "get_access_token_time": 0.010464993000000034,
        "decode_id_token_time": 0.00017773300000012426,
        "complete_login_time": 0.014685749999999942,
        "dispatch_time": 0.04669492999999991
    },
    "t_user_11": {
        "redirect_time": 0.013791217999999938,
        "get_access_token_time": 0.010950718999999776,
        "decode_id_token_time": 0.0002491749999999904,
        "complete_login_time": 0.01300826600000038,
        "dispatch_time": 0.052021808000000114
    },
    "t_user_12": {
        "redirect_time": 0.01275291200000006,
        "get_access_token_time": 0.010780528000000178,
        "decode_id_token_time": 0.00021688499999994448,
        "complete_login_time": 0.012685750000000162,
        "dispatch_time": 0.04584546899999964
    },
    "t_user_13": {
        "redirect_time": 0.013143115000000094,
        "get_access_token_time": 0.010792084000000202,
        "decode_id_token_time": 0.00019914299999967966,
        "complete_login_time": 0.012822101000000252,
        "dispatch_time": 0.044978056000000155
    },
    "t_user_14": {
        "redirect_time": 0.017471279000000006,
        "get_access_token_time": 0.011131417000000088,
        "decode_id_token_time": 0.0001956469999999655,
        "complete_login_time": 0.01731516200000005,
        "dispatch_time": 0.04944752699999988
    },
    "t_user_15": {
        "redirect_time": 0.01246264599999991,
        "get_access_token_time": 0.011385994999999927,
        "decode_id_token_time": 0.0001812279999997557,
        "complete_login_time": 0.01203412799999981,
        "dispatch_time": 0.045721622999999934
    },
    "t_user_16": {
        "redirect_time": 0.013105114999999667,
        "get_access_token_time": 0.01137890900000027,
        "decode_id_token_time": 0.00018987399999970123,
        "complete_login_time": 0.015299198999999764,
        "dispatch_time": 0.048771831999999904
    },
    "t_user_17": {
        "redirect_time": 0.013076073000000132,
        "get_access_token_time": 0.013586330999999952,
        "decode_id_token_time": 0.00018910299999985725,
        "complete_login_time": 0.012888503999999745,
        "dispatch_time": 0.04817411500000013
    },
    "t_user_18": {
        "redirect_time": 0.012509883999999971,
        "get_access_token_time": 0.010521634999999918,
        "decode_id_token_time": 0.00021958999999993623,
        "complete_login_time": 0.016682464999999702,
        "dispatch_time": 0.04847128199999995
    },
    "t_user_19": {
        "redirect_time": 0.012761491000000014,
        "get_access_token_time": 0.012146372000000127,
        "decode_id_token_time": 0.00020551400000012876,
        "complete_login_time": 0.018050827000000158,
        "dispatch_time": 0.05419435400000028
    },
    "t_user_20": {
        "redirect_time": 0.014030180999999864,
        "get_access_token_time": 0.011941792000000007,
        "decode_id_token_time": 0.00021231600000026774,
        "complete_login_time": 0.01244024599999971,
        "dispatch_time": 0.048577360999999986
    },
    "t_user_21": {
        "redirect_time": 0.012547024999999934,
        "get_access_token_time": 0.011109246999999822,
        "decode_id_token_time": 0.00026577599999999535,
        "complete_login_time": 0.014055719999999994,
        "dispatch_time": 0.04813292099999966
    },
    "t_user_22": {
        "redirect_time": 0.013374344999999899,
        "get_access_token_time": 0.014690585000000311,
        "decode_id_token_time": 0.00021144400000006058,
        "complete_login_time": 0.013898039999999945,
        "dispatch_time": 0.05340419400000007
    },
    "t_user_23": {
        "redirect_time": 0.014166770000000106,
        "get_access_token_time": 0.01192801500000007,
        "decode_id_token_time": 0.00021504199999977658,
        "complete_login_time": 0.013683349999999983,
        "dispatch_time": 0.049955744000000024
    },
    "t_user_24": {
        "redirect_time": 0.014689042000000097,
        "get_access_token_time": 0.012225081000000415,
        "decode_id_token_time": 0.00024918700000053917,
        "complete_login_time": 0.017514896999999863,
        "dispatch_time": 0.05415997999999966
    },
    "t_user_25": {
        "redirect_time": 0.01408429199999972,
        "get_access_token_time": 0.014246276999999807,
        "decode_id_token_time": 0.00019648700000018948,
        "complete_login_time": 0.01308598399999994,
        "dispatch_time": 0.052150275999999884
    },
    "t_user_26": {
        "redirect_time": 0.013976833000000077,
        "get_access_token_time": 0.012530056000000123,
        "decode_id_token_time": 0.0002040210000000542,
        "complete_login_time": 0.014393548000000145,
        "dispatch_time": 0.056107745000000264
    },
    "t_user_28": {
        "redirect_time": 0.014541463999999671,
        "get_access_token_time": 0.010946362999999515,
        "decode_id_token_time": 0.00021043300000034293,
        "complete_login_time": 0.012174571000000078,
        "dispatch_time": 0.04802973399999999
    },
    "t_user_27": {
        "redirect_time": 0.014138725000000463,
        "get_access_token_time": 0.014636721999999658,
        "decode_id_token_time": 0.00019891200000010656,
        "complete_login_time": 0.012554827000000657,
        "dispatch_time": 0.04928487699999984
    },
    "t_user_29": {
        "redirect_time": 0.01384436599999983,
        "get_access_token_time": 0.010775491000000414,