{
    "t_user_1": {
        "redirect_time": 0.013553660000000023,
        "get_access_token_time": 0.011021690999999834,
        "decode_id_token_time": 0.00023120200000015245,
        "complete_login_time": 0.013434525000000086,
        "dispatch_time": 0.05256321099999983
    },
    "t_user_2": {
        "redirect_time": 0.013302609999999992,
        "get_access_token_time": 0.011433407000000173,
        "decode_id_token_time": 0.00027011499999973765,
        "complete_login_time": 0.014033844000000073,
        "dispatch_time": 0.05026016299999991
    },
    "t_user_3": {
        "redirect_time": 0.013907164999999999,
        "get_access_token_time": 0.012345883999999252,
        "decode_id_token_time": 0.00020545499999968797,
        "complete_login_time": 0.013078149999999233,
        "dispatch_time": 0.05051270900000038
    },
    "t_user_4": {
        "redirect_time": 0.014345319999999995,
        "get_access_token_time": 0.011174224000000343,
        "decode_id_token_time": 0.0002382650000001263,
        "complete_login_time": 0.013494034999999904,
        "dispatch_time": 0.04625030299999944
    },
    "t_user_5": {
        "redirect_time": 0.014644108000000045,
        "dispatch_time": 0.030916481000000218
    },
    "t_user_6": {
        "redirect_time": 0.014517730000000006,
        "get_access_token_time": 0.01166162599999998,
        "decode_id_token_time": 0.0002619899999998232,
        "complete_login_time": 0.018344413999999976,
        "dispatch_time": 0.0528718149999996
    },
    "t_user_7": {
        "redirect_time": 0.013931104000000083,
        "get_access_token_time": 0.013004709000000059,
        "decode_id_token_time": 0.00029105400000029036,
        "complete_login_time": 0.014193389000000334,
        "dispatch_time": 0.055610013999999985
    },
    "t_user_8": {
        "redirect_time": 0.01439644700000009,
        "get_access_token_time": 0.011857247000000015,
        "decode_id_token_time": 0.0007223100000000038,
        "complete_login_time": 0.01428251100000022,
        "dispatch_time": 0.055233483999999944
    },
    "t_user_9": {
        "redirect_time": 0.015950079000000006
    },
    "t_user_10": {
        "redirect_time": 0.014034279999999955,
        "get_access_token_time": 0.012448510999999662,
        "decode_id_token_time": 0.000209501999999695,
        "complete_login_time": 0.01388614900000018,
        "dispatch_time": 0.04891143499999995
    },
    "t_user_11": {
        "redirect_time": 0.013575749000000026,
        "get_access_token_time": 0.01190717199999991,
        "decode_id_token_time": 0.00022533100000021733,
        "complete_login_time": 0.013612438000000004,
        "dispatch_time": 0.05356171399999976
    },
    "t_user_12": {
        "redirect_time": 0.013948986000000163,
        "get_access_token_time": 0.011091562999999915,
        "decode_id_token_time": 0.00024175300000006672,
        "complete_login_time": 0.013956183000000344,
        "dispatch_time": 0.05719940899999987
    },
    "t_user_14": {
        "redirect_time": 0.014080709000000136,
        "get_access_token_time": 0.018643705000000566,
        "decode_id_token_time": 0.0002068079999997252,
        "complete_login_time": 0.014443584000000342,
        "dispatch_time": 0.055560606000000234
    },
    "t_user_13": {
        "redirect_time": 0.018824026999999965,
        "get_access_token_time": 0.012151664000000117,
        "decode_id_token_time": 0.0002663580000001886,
        "complete_login_time": 0.014079356999999959,
        "dispatch_time": 0.050447400000000364
    },
    "t_user_15": {
        "redirect_time": 0.014495107000000118,
        "get_access_token_time": 0.01117435000000011,
        "decode_id_token_time": 0.000201316999999257,
        "complete_login_time": 0.013166353999999991,
        "dispatch_time": 0.046588948999999324
    },
    "t_user_16": {
        "redirect_time": 0.013202772000000085,
        "get_access_token_time": 0.012073810000000407,
        "decode_id_token_time": 0.0002498360000000588,
        "complete_login_time": 0.013321399000000511,
        "dispatch_time": 0.04886491399999926
    },
    "t_user_17": {
        "redirect_time": 0.014299210999999978,
        "get_access_token_time": 0.011852342000000071,
        "decode_id_token_time": 0.000253546000000604,
        "complete_login_time": 0.013277170000000282,
        "dispatch_time": 0.04817392899999984
    },
    "t_user_18": {
        "redirect_time": 0.01338195200000003,
        "get_access_token_time": 0.011604707000000047,
        "decode_id_token_time": 0.00023238400000025194,
        "complete_login_time": 0.014237759999999433,
        "dispatch_time": 0.0481671179999994
    },
    "t_user_19": {
        "redirect_time": 0.01392200499999996,
        "get_access_token_time": 0.0111925209999999,
        "decode_id_token_time": 0.0002103729999998194,
        "complete_login_time": 0.013498914000000362,
        "dispatch_time": 0.04692528699999965
    },
    "t_user_20": {
        "redirect_time": 0.01375807700000009,
        "get_access_token_time": 0.011887519000000069,
        "decode_id_token_time": 0.00023022999999966487,
        "complete_login_time": 0.013564056999999963,
        "dispatch_time": 0.048754790999999464
    },
    "t_user_21": {
        "redirect_time": 0.016029218000000123,
        "get_access_token_time": 0.011641929000000495,
        "decode_id_token_time": 0.00020311900000002936,
        "complete_login_time": 0.013332364000000041,
        "dispatch_time": 0.04859689300000003
    },
    "t_user_22": {
        "redirect_time": 0.013763087000000063,
        "get_access_token_time": 0.011561492999999423,
        "decode_id_token_time": 0.00022428999999934973,
        "complete_login_time": 0.014045087999999595,
        "dispatch_time": 0.04879462699999948
    },
    "t_user_23": {
        "redirect_time": 0.015607281000000084,
        "get_access_token_time": 0.012399465999999748,
        "decode_id_token_time": 0.00025574599999966807,
        "complete_login_time": 0.013627980999999956,
        "dispatch_time": 0.04831863400000014
    },
    "t_user_24": {
        "redirect_time": 0.014168949000000097,
        "get_access_token_time": 0.01236328199999992,
        "decode_id_token_time": 0.0002266039999998526,
        "complete_login_time": 0.013767324999999886,
        "dispatch_time": 0.05082331500000059
    },
    "t_user_25": {
        "redirect_time": 0.01369502899999997,
        "get_access_token_time": 0.011366370000000181,
        "decode_id_token_time": 0.00022616200000058484,
        "complete_login_time": 0.01306456499999964,
        "dispatch_time": 0.05162267700000012
    },
    "t_user_26": {
        "redirect_time": 0.014365147999999994,
        "get_access_token_time": 0.011468829000000014,
        "decode_id_token_time": 0.00021449199999956647,
        "complete_login_time": 0.013102787000000227,
        "dispatch_time": 0.05233278900000027
    },
    "t_user_28": {
        "redirect_time": 0.013933090000000092,
        "get_access_token_time": 0.011527135999999771,
        "decode_id_token_time": 0.0002634829999994537,
        "complete_login_time": 0.01460725300000032,
        "dispatch_time": 0.04848808299999963
    },
    "t_user_27": {
        "redirect_time": 0.016660818000000077,
        "get_access_token_time": 0.01195829100000001,
        "decode_id_token_time": 0.0002020280000003538,
        "complete_login_time": 0.013336962999999535,
        "dispatch_time": 0.0467381360000001
    },
    "t_user_29": {
        "redirect_time": 0.013221217000000118,
        "get_access_token_time": 0.011512348000000117,
        "decode_id_token_time": 0.0002432750000007644,
        "complete_login_time": 0.013365160999999404,
        "dispatch_time": 0.052385875999999776
    },
    "t_user_30": {
        "redirect_time": 0.013307493000000115,
        "get_access_token_time": 0.012212936000000063,
        "decode_id_token_time": 0.00021251700000046725,
        "complete_login_time": 0.017137768999999636,