{
    "t_user_1": {
        "redirect_time": 0.013490270000000026,
        "get_access_token_time": 0.012837332000000146,
        "decode_id_token_time": 0.00023028100000033191,
        "complete_login_time": 0.013394147999999717,
        "dispatch_time": 0.054926809000000354
    },
    "t_user_2": {
        "redirect_time": 0.013923328999999929,
        "dispatch_time": 0.03237187100000005
    },
    "t_user_3": {
        "redirect_time": 0.013936709999999963,
        "get_access_token_time": 0.011353581000000279,
        "decode_id_token_time": 0.0006934759999999152,
        "complete_login_time": 0.016266690999999778,
        "dispatch_time": 0.051369382999999935
    },
    "t_user_4": {
        "redirect_time": 0.014635614000000019,
        "get_access_token_time": 0.011477592999999509,
        "decode_id_token_time": 0.00021812799999931798,
        "complete_login_time": 0.013519929000000097,
        "dispatch_time": 0.047574828000000124
    },
    "t_user_5": {
        "redirect_time": 0.013638087000000021,
        "get_access_token_time": 0.011090485999999622,
        "decode_id_token_time": 0.0002242590000003375,
        "complete_login_time": 0.013065419000000134,
        "dispatch_time": 0.052682751999999944
    },
    "t_user_6": {
        "redirect_time": 0.013834682999999903,
        "get_access_token_time": 0.012016102000000473,
        "decode_id_token_time": 0.00022896800000005157,
        "complete_login_time": 0.01771382300000024,
        "dispatch_time": 0.051533032000000034
    },
    "t_user_7": {
        "redirect_time": 0.015195881999999994,
        "get_access_token_time": 0.011458014000000016,
        "decode_id_token_time": 0.00026716999999987223,
        "complete_login_time": 0.017783738999999965,
        "dispatch_time": 0.052412082000000026
    },
    "t_user_9": {
        "redirect_time": 0.014306660999999998,
        "get_access_token_time": 0.011913912000000249,
        "decode_id_token_time": 0.0002770179999997957,
        "complete_login_time": 0.013819375999999828,
        "dispatch_time": 0.05188525700000035
    },
    "t_user_10": {
        "redirect_time": 0.014157953000000001,
        "get_access_token_time": 0.014186518999999898,
        "decode_id_token_time": 0.00023383799999976418,
        "complete_login_time": 0.01378363900000057,
        "dispatch_time": 0.04975174700000018
    },
    "t_user_8": {
        "redirect_time": 0.014250991000000046,
        "get_access_token_time": 0.013374159000000496,
        "decode_id_token_time": 0.00021722600000018133,
        "complete_login_time": 0.013913741000000535,
        "dispatch_time": 0.05643647300000065
    },
    "t_user_11": {
        "redirect_time": 0.018142571000000052,
        "get_access_token_time": 0.012362475999999845,
        "decode_id_token_time": 0.0002219349999998954,
        "complete_login_time": 0.013543517000000005,
        "dispatch_time": 0.05479640699999999
    },
    "t_user_12": {
        "redirect_time": 0.014848417000000058,
        "get_access_token_time": 0.015904963000000105,
        "decode_id_token_time": 0.0002430740000001208,
        "complete_login_time": 0.013884514999999986,
        "dispatch_time": 0.05343021200000031
    },
    "t_user_14": {
        "redirect_time": 0.014634763999999967,
        "get_access_token_time": 0.011772114000000222,
        "decode_id_token_time": 0.0002097829999998524,
        "complete_login_time": 0.013176389999999927,
        "dispatch_time": 0.05040734999999952
    },
    "t_user_13": {
        "redirect_time": 0.013900183999999927,
        "get_access_token_time": 0.011494450999999906,
        "decode_id_token_time": 0.00022404900000072558,
        "complete_login_time": 0.012992439000000466,
        "dispatch_time": 0.05034800899999947
    },
    "t_user_15": {
        "redirect_time": 0.014322878000000205,
        "get_access_token_time": 0.012266441000000405,
        "decode_id_token_time": 0.0002022679999997834,
        "complete_login_time": 0.013447083000000859,
        "dispatch_time": 0.052931445000000465
    },
    "t_user_16": {
        "redirect_time": 0.013912717999999824,
        "get_access_token_time": 0.016703544999999487,
        "decode_id_token_time": 0.00021720600000030288,
        "complete_login_time": 0.013220206999999817,
        "dispatch_time": 0.052555589999999874
    },
    "t_user_17": {
        "redirect_time": 0.017726079000000006,
        "get_access_token_time": 0.0112584990000002,
        "decode_id_token_time": 0.0002043020000002116,
        "complete_login_time": 0.01347998199999978,
        "dispatch_time": 0.04693890300000003
    },
    "t_user_18": {
        "redirect_time": 0.013093438999999929,
        "get_access_token_time": 0.011712882999999508,
        "decode_id_token_time": 0.0002367930000000129,
        "complete_login_time": 0.012985223000000268,
        "dispatch_time": 0.05161039199999973
    },
    "t_user_19": {
        "redirect_time": 0.013929960000000019,
        "get_access_token_time": 0.016248556000000747,
        "decode_id_token_time": 0.0002562290000005518,
        "complete_login_time": 0.01357506599999958,
        "dispatch_time": 0.052248228999999924
    },
    "t_user_20": {
        "redirect_time": 0.013837545999999978,
        "get_access_token_time": 0.011583619000000489,
        "decode_id_token_time": 0.00020716700000011912,
        "complete_login_time": 0.013598893000000167,
        "dispatch_time": 0.062443621999999976
    },
    "t_user_21": {
        "redirect_time": 0.01411089600000004,
        "get_access_token_time": 0.012054650999999694,
        "decode_id_token_time": 0.00021886899999934428,
        "complete_login_time": 0.013764730000000114,
        "dispatch_time": 0.049439421999999844
    },
    "t_user_22": {
        "redirect_time": 0.014521989999999985,
        "get_access_token_time": 0.01121990900000025,
        "decode_id_token_time": 0.00022327699999991069,
        "complete_login_time": 0.013192783000000041,
        "dispatch_time": 0.046501825
    },
    "t_user_23": {
        "redirect_time": 0.013086326000000037,
        "get_access_token_time": 0.012348592999999575,
        "decode_id_token_time": 0.00023054999999949644,
        "complete_login_time": 0.013450919000000283,
        "dispatch_time": 0.04877344999999966
    },
    "t_user_26": {
        "redirect_time": 0.014111651000000114,
        "get_access_token_time": 0.011599190000000092,
        "decode_id_token_time": 0.00022444999999926551,
        "complete_login_time": 0.01332767300000004,
        "dispatch_time": 0.04806748000000027
    },
    "t_user_27": {
        "redirect_time": 0.014749177999999974,
        "get_access_token_time": 0.012146953000000238,
        "decode_id_token_time": 0.00019785000000016595,
        "complete_login_time": 0.012906396999999181,
        "dispatch_time": 0.052978952000000135
    },
    "t_user_28": {
        "redirect_time": 0.017462573000000203,
        "get_access_token_time": 0.011531750999999701,
        "decode_id_token_time": 0.00021831799999993962,
        "complete_login_time": 0.017329754999999558,
        "dispatch_time": 0.0511010409999999
    },
    "t_user_29": {
        "redirect_time": 0.013946199999999909,
        "get_access_token_time": 0.01374190100000039,
        "decode_id_token_time": 0.0002346879999999274,
        "complete_login_time": 0.013399827999999836,
        "dispatch_time": 0.05481476099999938
    },
    "t_user_24": {
        "redirect_time": 0.016149251999999947,
        "get_access_token_time": 0.011943598999999416,
        "decode_id_token_time": 0.00021553300000043407,
        "complete_login_time": 0.013260284999999428,
        "dispatch_time": 0.04703647400000044
    },
    "t_user_25": {
        "redirect_time": 0.015874986000000035,
        "get_access_token_time": 0.015787873999999924,
        "decode_id_token_time": 0.0002095520000002793,
        "complete_login_time": 0.013134477999999561,
        "dispatch_time": 0.05060458699999959
    },