{
    "t_user_1": {
        "redirect_time": 0.012408657000000045,
        "dispatch_time": 0.03079686199999987
    },
    "t_user_2": {
        "redirect_time": 0.012840446000000005,
        "get_access_token_time": 0.01192335699999969,
        "decode_id_token_time": 0.0006449070000003054,
        "complete_login_time": 0.01772202600000039,
        "dispatch_time": 0.05398690800000017
    },
    "t_user_3": {
        "redirect_time": 0.01289887199999995,
        "get_access_token_time": 0.011593154000000272,
        "decode_id_token_time": 0.00022075200000015727,
        "complete_login_time": 0.015720520999999987,
        "dispatch_time": 0.052092963000000214
    },
    "t_user_4": {
        "redirect_time": 0.01306885000000002
    },
    "t_user_5": {
        "redirect_time": 0.013546269999999971,
        "get_access_token_time": 0.011063556999999946,
        "decode_id_token_time": 0.00022434899999979052,
        "complete_login_time": 0.014186163999999835,
        "dispatch_time": 0.047599886000000424
    },
    "t_user_6": {
        "redirect_time": 0.014576656000000021,
        "get_access_token_time": 0.012246474999999979,
        "decode_id_token_time": 0.0002450980000001657,
        "complete_login_time": 0.0181623179999999,
        "dispatch_time": 0.05274862499999999
    },
    "t_user_7": {
        "redirect_time": 0.014872616999999977,
        "get_access_token_time": 0.011324108000000166,
        "decode_id_token_time": 0.00021597400000006317,
        "complete_login_time": 0.013468486999999918,
        "dispatch_time": 0.04684434400000015
    },
    "t_user_8": {
        "redirect_time": 0.014331493000000028,
        "get_access_token_time": 0.012093509999999696,
        "decode_id_token_time": 0.00022304699999997624,
        "complete_login_time": 0.015272670000000321,
        "dispatch_time": 0.051306737000000435
    },
    "t_user_9": {
        "redirect_time": 0.013488955999999996,
        "get_access_token_time": 0.011793026000000317,
        "decode_id_token_time": 0.0002081289999997793,
        "complete_login_time": 0.013310613999999887,
        "dispatch_time": 0.05221182300000038
    },
    "t_user_10": {
        "redirect_time": 0.013666187999999968,
        "get_access_token_time": 0.012884514000000458,
        "decode_id_token_time": 0.00022255599999976283,
        "complete_login_time": 0.01304731200000031,
        "dispatch_time": 0.04903414100000081
    },
    "t_user_11": {
        "redirect_time": 0.01497080499999992
    },
    "t_user_12": {
        "redirect_time": 0.013518833000000008,
        "get_access_token_time": 0.014401606999999927,
        "decode_id_token_time": 0.0002480330000000919,
        "complete_login_time": 0.013720317000000648,
        "dispatch_time": 0.05562864299999948
    },
    "t_user_13": {
        "redirect_time": 0.01368084699999983,
        "get_access_token_time": 0.01186355399999961,
        "decode_id_token_time": 0.00020941100000015922,
        "complete_login_time": 0.013945151999999794,
        "dispatch_time": 0.04774559900000064
    },
    "t_user_14": {
        "redirect_time": 0.013534425999999877,
        "get_access_token_time": 0.01696265500000038,
        "decode_id_token_time": 0.00020617599999983582,
        "complete_login_time": 0.0135975669999997,
        "dispatch_time": 0.05348776599999994
    },
    "t_user_15": {
        "redirect_time": 0.014202942000000052,
        "get_access_token_time": 0.01645547599999997,
        "decode_id_token_time": 0.00025636099999992723,
        "complete_login_time": 0.013870459000000501,
        "dispatch_time": 0.05224674999999923
    },
    "t_user_16": {
        "redirect_time": 0.01473144000000004,
        "get_access_token_time": 0.011425762000000006,
        "decode_id_token_time": 0.00020524399999999332,
        "complete_login_time": 0.013283777999999913,
        "dispatch_time": 0.05019209800000013
    },
    "t_user_17": {
        "redirect_time": 0.014152750000000047,
        "get_access_token_time": 0.011731261999999631,
        "decode_id_token_time": 0.00021076399999930828,
        "complete_login_time": 0.013075219000000082,
        "dispatch_time": 0.05734826799999926
    },
    "t_user_18": {
        "redirect_time": 0.013601764999999988,
        "get_access_token_time": 0.012307037000000243,
        "decode_id_token_time": 0.00020124699999968243,
        "complete_login_time": 0.013121620999999806,
        "dispatch_time": 0.05228681900000076
    },
    "t_user_19": {
        "redirect_time": 0.013911976000000159,
        "get_access_token_time": 0.015440612999999992,
        "decode_id_token_time": 0.00023632200000012205,
        "complete_login_time": 0.014353641999999667,
        "dispatch_time": 0.05490924099999983
    },
    "t_user_20": {
        "redirect_time": 0.014213851999999916,
        "get_access_token_time": 0.011893576000000294,
        "decode_id_token_time": 0.0002437459999997671,
        "complete_login_time": 0.013564753999999901,
        "dispatch_time": 0.053222557999999864
    },
    "t_user_21": {
        "redirect_time": 0.01357087899999998,
        "get_access_token_time": 0.01139870200000015,
        "decode_id_token_time": 0.00021247699999982217,
        "complete_login_time": 0.013103108999999336,
        "dispatch_time": 0.04809519700000031
    },
    "t_user_22": {
        "redirect_time": 0.013960758999999934,
        "get_access_token_time": 0.012362015999999976,
        "decode_id_token_time": 0.0002512400000007631,
        "complete_login_time": 0.013852219999999527,
        "dispatch_time": 0.05363009299999977
    },
    "t_user_23": {
        "redirect_time": 0.014023372000000034,
        "get_access_token_time": 0.011165366999999371,
        "decode_id_token_time": 0.00021112499999986767,
        "complete_login_time": 0.013064301,
        "dispatch_time": 0.052320474999999256
    },
    "t_user_24": {
        "redirect_time": 0.013290489000000072,
        "get_access_token_time": 0.011957776000000031,
        "decode_id_token_time": 0.00022101299999999213,
        "complete_login_time": 0.01376705200000039,
        "dispatch_time": 0.0500570800000002
    },
    "t_user_25": {
        "redirect_time": 0.015177459000000004,
        "get_access_token_time": 0.012410506000000154,
        "decode_id_token_time": 0.00020345099999996563,
        "complete_login_time": 0.013964700999999913,
        "dispatch_time": 0.0541251100000002
    },
    "t_user_26": {
        "redirect_time": 0.016889927000000027,
        "get_access_token_time": 0.01151242099999994,
        "decode_id_token_time": 0.0002228670000006261,
        "complete_login_time": 0.012867783999999993,
        "dispatch_time": 0.050377620999999984
    },
    "t_user_27": {
        "redirect_time": 0.013750868999999888,
        "get_access_token_time": 0.012246013999999583,
        "decode_id_token_time": 0.00022186499999943265,
        "complete_login_time": 0.013560814999999948,
        "dispatch_time": 0.053799098999999906
    },
    "t_user_28": {
        "redirect_time": 0.013744927999999934,
        "get_access_token_time": 0.016181848000000443,
        "decode_id_token_time": 0.00022744500000015933,
        "complete_login_time": 0.013807540000000174,
        "dispatch_time": 0.05328201200000038
    },
    "t_user_29": {
        "redirect_time": 0.017231423999999995,
        "get_access_token_time": 0.011594654999999676,
        "decode_id_token_time": 0.0003164309999998949,
        "complete_login_time": 0.014617455000000668,
        "dispatch_time": 0.04963883599999974
    },
    "t_user_30": {
        "redirect_time": 0.01327095800000011,
        "get_access_token_time": 0.011076448999999933,
        "decode_id_token_time": 0.00021003200000002664,
        "complete_login_time": 0.014459910999999437,
        "dispatch_time": 0.047444510999999245
    },
    "t_user_31": {
        "redirect_time": 0.015191715000000272,
        "get_access_token_time": 0.011927947999999411,