{
    "t_user_1": {
        "redirect_time": 0.016276023999999945,
        "pkce_time": 4.818000000006e-05,
        "get_access_token_time": 0.012427018000000345,
        "decode_id_token_time": 0.00021442099999990916,
        "complete_login_time": 0.014381719000000182,
        "dispatch_time": 0.056433599
    },
    "t_user_2": {
        "redirect_time": 0.017127045999999924,
        "pkce_time": 4.241900000002e-05,
        "get_access_token_time": 0.011850480999999746,
        "decode_id_token_time": 0.00023401700000036385,
        "complete_login_time": 0.013986393999999791,
        "dispatch_time": 0.04968192399999971
    },
    "t_user_3": {
        "redirect_time": 0.015092583000000048,
        "pkce_time": 4.442399999993e-05,
        "get_access_token_time": 0.02040530199999946,
        "decode_id_token_time": 0.0002745830000003835,
        "complete_login_time": 0.014722319999999733,
        "dispatch_time": 0.05916906700000002
    },
    "t_user_4": {
        "redirect_time": 0.016287527999999996,
        "pkce_time": 7.305699999993e-05,
        "get_access_token_time": 0.017729690999999548,
        "decode_id_token_time": 0.00024467699999952686,
        "complete_login_time": 0.014892988999999801,
        "dispatch_time": 0.0558354440000004
    },
    "t_user_5": {
        "redirect_time": 0.015618506000000032,
        "pkce_time": 5.644500000002e-05,
        "get_access_token_time": 0.012736233000000041,
        "decode_id_token_time": 0.0003169820000001877,
        "complete_login_time": 0.019691272000000204,
        "dispatch_time": 0.05748020800000031
    },
    "t_user_6": {
        "redirect_time": 0.014954891999999997,
        "pkce_time": 5.059399999996e-05,
        "get_access_token_time": 0.02045441499999967,
        "decode_id_token_time": 0.00021557300000019097,
        "complete_login_time": 0.014773276000000557,
        "dispatch_time": 0.060729806999999525
    },
    "t_user_7": {
        "redirect_time": 0.01609484800000005,
        "pkce_time": 5.542299999994e-05,
        "get_access_token_time": 0.012336299000000217,
        "decode_id_token_time": 0.0002744740000002466,
        "complete_login_time": 0.014732477999999993,
        "dispatch_time": 0.056260508000000264
    },
    "t_user_8": {
        "redirect_time": 0.018037175999999988,
        "pkce_time": 5.893099999998e-05,
        "get_access_token_time": 0.01336738000000004,
        "decode_id_token_time": 0.00027500400000057823,
        "complete_login_time": 0.014781187999999723,
        "dispatch_time": 0.05437334600000021
    },
    "t_user_9": {
        "redirect_time": 0.015506805999999984,
        "pkce_time": 5.193699999995e-05,
        "get_access_token_time": 0.012908988999999593,
        "decode_id_token_time": 0.00024219300000005717,
        "complete_login_time": 0.014464768999999933,
        "dispatch_time": 0.05769421399999963
    },
    "t_user_10": {
        "redirect_time": 0.018066751999999964,
        "pkce_time": 0.00014042400000003,
        "get_access_token_time": 0.012808450000000526,
        "decode_id_token_time": 0.0002292070000002866,
        "complete_login_time": 0.014947068000000563,
        "dispatch_time": 0.058750240999999814
    },
    "t_user_11": {
        "redirect_time": 0.01601403900000009,
        "pkce_time": 5.725700000014e-05,
        "get_access_token_time": 0.012719468000000234,
        "decode_id_token_time": 0.0007324199999998449,
        "complete_login_time": 0.017927641999999633,
        "dispatch_time": 0.05613798499999989
    },
    "t_user_12": {
        "redirect_time": 0.020701236999999928,
        "pkce_time": 5.161600000014e-05,
        "get_access_token_time": 0.02153671200000007,
        "decode_id_token_time": 0.0002353909999999182,
        "complete_login_time": 0.015261007000000326,
        "dispatch_time": 0.06012903500000011
    },
    "t_user_13": {
        "redirect_time": 0.015390216999999984,
        "pkce_time": 4.92219999999e-05,
        "dispatch_time": 0.03423667400000019
    },
    "t_user_14": {
        "redirect_time": 0.016863314999999934,
        "pkce_time": 4.745000000006e-05,
        "get_access_token_time": 0.012865508999999609,
        "decode_id_token_time": 0.00022788600000023251,
        "complete_login_time": 0.014777043000000045,
        "dispatch_time": 0.053413178000000006
    },
    "t_user_15": {
        "redirect_time": 0.014406748999999941,
        "pkce_time": 6.0634e-05,
        "get_access_token_time": 0.013061438000000258,
        "decode_id_token_time": 0.00021439100000009148,
        "complete_login_time": 0.014632323999999919,
        "dispatch_time": 0.052341331000000046
    },
    "t_user_16": {
        "redirect_time": 0.015262327999999936,
        "pkce_time": 6.280800000003e-05,
        "get_access_token_time": 0.01343395199999975,
        "decode_id_token_time": 0.0002203419999995404,
        "complete_login_time": 0.01481605599999991,
        "dispatch_time": 0.05885291999999964
    },
    "t_user_17": {
        "redirect_time": 0.01683072100000005,
        "pkce_time": 5.533299999994e-05,
        "get_access_token_time": 0.012943616000000269,
        "decode_id_token_time": 0.0002512089999999745,
        "complete_login_time": 0.014325044000000453,
        "dispatch_time": 0.05160459099999937
    },
    "t_user_18": {
        "redirect_time": 0.014300151000000039,
        "pkce_time": 4.727800000004e-05,
        "get_access_token_time": 0.012868762000000089,
        "decode_id_token_time": 0.00025565799999949235,
        "complete_login_time": 0.015005920000000117,
        "dispatch_time": 0.055699612999999815
    },
    "t_user_19": {
        "redirect_time": 0.01556992299999993,
        "pkce_time": 7.220600000002e-05,
        "get_access_token_time": 0.01732388599999979,
        "decode_id_token_time": 0.00026740900000010726,
        "complete_login_time": 0.015650541000000295,
        "dispatch_time": 0.06190017100000045
    },
    "t_user_20": {
        "redirect_time": 0.016080878999999992,
        "pkce_time": 5.06950000001e-05,
        "get_access_token_time": 0.015689618999999766,
        "decode_id_token_time": 0.0002860139999993905,
        "complete_login_time": 0.0166623450000003,
        "dispatch_time": 0.05784345599999963
    },
    "t_user_21": {
        "redirect_time": 0.017502707000000006,
        "pkce_time": 5.567299999987e-05,
        "get_access_token_time": 0.01367827999999971,
        "decode_id_token_time": 0.00026519499999988483,
        "complete_login_time": 0.014808921000000197,
        "dispatch_time": 0.05389102599999962
    },
    "t_user_22": {
        "redirect_time": 0.01592782599999998,
        "pkce_time": 5.194599999991e-05,
        "get_access_token_time": 0.013523486999999612,
        "decode_id_token_time": 0.0002497770000005062,
        "complete_login_time": 0.0157253819999994,
        "dispatch_time": 0.06508673399999942
    },
    "t_user_23": {
        "redirect_time": 0.014890064000000036,
        "pkce_time": 5.777799999995e-05,
        "get_access_token_time": 0.012155242999999594,
        "decode_id_token_time": 0.0002142690000006553,
        "complete_login_time": 0.014468524999999843,
        "dispatch_time": 0.060921910000000246
    },
    "t_user_27": {
        "redirect_time": 0.014460396000000042,
        "pkce_time": 5.028400000007e-05,
        "get_access_token_time": 0.012150313000000246,
        "decode_id_token_time": 0.00025319300000070655,
        "complete_login_time": 0.01485750900000049,
        "dispatch_time": 0.05768941999999999
    },
    "t_user_29": {
        "redirect_time": 0.014680186999999956,
        "pkce_time": 6.574199999987e-05,
        "get_access_token_time": 0.012550251999999595,
        "decode_id_token_time": 0.00024539899999975745,
        "complete_login_time": 0.014756159000000046,
        "dispatch_time": 0.05082528700000033
    },
    "t_user_30": {
        "redirect_time": 0.015165282999999974,
        "pkce_time": 5.651500000003e-05,