{
    "t_user_1": {
        "redirect_time": 0.01389105499999993,
        "pkce_time": 4.220899999996e-05,
        "get_access_token_time": 0.012688177000000245,
        "decode_id_token_time": 0.00025809299999934865,
        "complete_login_time": 0.014343432000000433,
        "dispatch_time": 0.05036592200000012
    },
    "t_user_2": {
        "redirect_time": 0.016095645000000047,
        "pkce_time": 6.015199999998e-05,
        "get_access_token_time": 0.013369252000000387,
        "decode_id_token_time": 0.0002493359999995448,
        "complete_login_time": 0.014565473000000217,
        "dispatch_time": 0.05990215699999979
    },
    "t_user_3": {
        "redirect_time": 0.015753108999999932,
        "pkce_time": 5.356000000001e-05,
        "get_access_token_time": 0.012568583000000189,
        "decode_id_token_time": 0.0002140800000001164,
        "complete_login_time": 0.014841792000000353,
        "dispatch_time": 0.052691509000000636
    },
    "t_user_4": {
        "redirect_time": 0.015451823000000031,
        "pkce_time": 5.305899999997e-05,
        "get_access_token_time": 0.013349105000000527,
        "decode_id_token_time": 0.00029030299999988074,
        "complete_login_time": 0.015494472999999509,
        "dispatch_time": 0.053968494000000256
    },
    "t_user_5": {
        "redirect_time": 0.015865750000000012,
        "pkce_time": 7.211499999993e-05,
        "get_access_token_time": 0.012682370000000276,
        "decode_id_token_time": 0.0002675300000003489,
        "complete_login_time": 0.014657421999999976,
        "dispatch_time": 0.052212694000000504
    },
    "t_user_6": {
        "redirect_time": 0.015357220999999921,
        "pkce_time": 5.684699999997e-05,
        "get_access_token_time": 0.015223392000000224,
        "decode_id_token_time": 0.0007406450000004838,
        "complete_login_time": 0.015860083000000635,
        "dispatch_time": 0.05655234499999917
    },
    "t_user_7": {
        "redirect_time": 0.015050590999999947,
        "pkce_time": 5.293000000006e-05
    },
    "t_user_8": {
        "redirect_time": 0.015190928999999964,
        "pkce_time": 4.709800000002e-05,
        "get_access_token_time": 0.012609249999999683,
        "decode_id_token_time": 0.0002128669999992283,
        "complete_login_time": 0.01416103899999932,
        "dispatch_time": 0.054454750999999746
    },
    "t_user_9": {
        "redirect_time": 0.01679185800000005,
        "pkce_time": 5.120599999997e-05,
        "get_access_token_time": 0.013944131999999776,
        "decode_id_token_time": 0.00026597700000063895,
        "complete_login_time": 0.01662114300000006,
        "dispatch_time": 0.05561501200000052
    },
    "t_user_10": {
        "redirect_time": 0.015376937999999951,
        "pkce_time": 6.8438e-05,
        "get_access_token_time": 0.012407534000000275,
        "decode_id_token_time": 0.000304578999999805,
        "complete_login_time": 0.015618971000000315,
        "dispatch_time": 0.053500142999999944
    },
    "t_user_11": {
        "redirect_time": 0.015029747000000038,
        "pkce_time": 5.401100000002e-05
    },
    "t_user_12": {
        "redirect_time": 0.01916615799999999,
        "pkce_time": 5.772700000017e-05,
        "dispatch_time": 0.032936080000000256
    },
    "t_user_13": {
        "redirect_time": 0.014865832000000134,
        "pkce_time": 6.117499999991e-05,
        "get_access_token_time": 0.013173274999999762,
        "decode_id_token_time": 0.0002438950000005491,
        "complete_login_time": 0.014836363999999769,
        "dispatch_time": 0.052370615000000065
    },
    "t_user_14": {
        "redirect_time": 0.01847945800000006,
        "pkce_time": 6.851900000004e-05,
        "get_access_token_time": 0.016648679999999416,
        "decode_id_token_time": 0.0002711970000000008,
        "complete_login_time": 0.015066593000000239,
        "dispatch_time": 0.05569827500000013
    },
    "t_user_15": {
        "redirect_time": 0.014887382000000171,
        "pkce_time": 5.627500000016e-05,
        "get_access_token_time": 0.012791711000000205,
        "decode_id_token_time": 0.0002586940000002258,
        "complete_login_time": 0.01507836899999937,
        "dispatch_time": 0.058063082999999516
    },
    "t_user_17": {
        "redirect_time": 0.014767266000000001,
        "pkce_time": 6.596299999995e-05,
        "get_access_token_time": 0.01413087799999957,
        "decode_id_token_time": 0.0003081570000000866,
        "complete_login_time": 0.015439876000000297,
        "dispatch_time": 0.056735933999999766
    },
    "t_user_16": {
        "redirect_time": 0.015960587999999998,
        "pkce_time": 6.0744e-05,
        "get_access_token_time": 0.017945633000000072,
        "decode_id_token_time": 0.00026356299999985566,
        "complete_login_time": 0.015191746000000173,
        "dispatch_time": 0.05682249300000031
    },
    "t_user_18": {
        "redirect_time": 0.015306750000000147,
        "pkce_time": 5.525299999998e-05,
        "get_access_token_time": 0.012424669999999693,
        "decode_id_token_time": 0.00020106599999980546,
        "complete_login_time": 0.013582571999999793,
        "dispatch_time": 0.049211208000000006
    },
    "t_user_19": {
        "redirect_time": 0.0162148849999999,
        "pkce_time": 6.026299999995e-05,
        "get_access_token_time": 0.012028326000000256,
        "decode_id_token_time": 0.00023891699999989413,
        "complete_login_time": 0.013992546999999966,
        "dispatch_time": 0.05002357700000015
    },
    "t_user_20": {
        "redirect_time": 0.01993626500000012,
        "pkce_time": 7.544999999998e-05,
        "get_access_token_time": 0.01345607900000001,
        "decode_id_token_time": 0.00023782500000013584,
        "complete_login_time": 0.016170182999999838,
        "dispatch_time": 0.05958898899999987
    },
    "t_user_21": {
        "redirect_time": 0.017188170000000058,
        "pkce_time": 5.787900000009e-05,
        "get_access_token_time": 0.012262854000000267,
        "decode_id_token_time": 0.00020797899999980274,
        "complete_login_time": 0.014115243,
        "dispatch_time": 0.05498113900000057
    },
    "t_user_22": {
        "redirect_time": 0.016764564000000037,
        "pkce_time": 5.271899999992e-05,
        "get_access_token_time": 0.013739601999999351,
        "decode_id_token_time": 0.00023690300000023257,
        "complete_login_time": 0.0161337210000001,
        "dispatch_time": 0.05359782599999985
    },
    "t_user_23": {
        "redirect_time": 0.019739591,
        "pkce_time": 5.419100000004e-05,
        "get_access_token_time": 0.013381300000000707,
        "decode_id_token_time": 0.00028925100000076753,
        "complete_login_time": 0.015440679000000124,
        "dispatch_time": 0.057453807999999995
    },
    "t_user_24": {
        "redirect_time": 0.01506377400000014,
        "pkce_time": 8.193400000001e-05,
        "get_access_token_time": 0.012572574000000003,
        "decode_id_token_time": 0.00029070399999930885,
        "complete_login_time": 0.015159657999999965,
        "dispatch_time": 0.05733062100000019
    },
    "t_user_26": {
        "redirect_time": 0.015440110999999979,
        "pkce_time": 5.585399999997e-05,
        "get_access_token_time": 0.01232373299999967,
        "decode_id_token_time": 0.00028655599999982684,
        "complete_login_time": 0.015153405000000397,
        "dispatch_time": 0.05939343299999944
    },
    "t_user_27": {
        "redirect_time": 0.01559678100000017,
        "pkce_time": 5.575399999991e-05,
        "get_access_token_time": 0.01323166500000017,
        "decode_id_token_time": 0.0002460299999995641,
        "complete_login_time": 0.014508295000000615,
        "dispatch_time": 0.053426829000000176
    },
    "t_user_28": {
        "redirect_time": 0.016600685999999865,
        "pkce_time": 5.362899999994e-05,
        "get_access_token_time": 0.013428658000000482,
        "decode_id_token_time": 0.0002611880000005229,