{
    "t_user_1": {
        "redirect_time": 0.014262794999999995,
        "pkce_time": 4.3291e-05,
        "get_access_token_time": 0.011938648000000107,
        "decode_id_token_time": 0.0007402330000001456,
        "complete_login_time": 0.014992788999999895,
        "dispatch_time": 0.05652261600000008
    },
    "t_user_2": {
        "redirect_time": 0.014785439000000067,
        "pkce_time": 5.656499999995e-05,
        "get_access_token_time": 0.012898674999999749,
        "decode_id_token_time": 0.00024297399999984037,
        "complete_login_time": 0.014321321999999803,
        "dispatch_time": 0.053798864
    },
    "t_user_3": {
        "redirect_time": 0.014775458000000019,
        "pkce_time": 6.32479999999e-05,
        "get_access_token_time": 0.012402339000000318,
        "decode_id_token_time": 0.0003336120000003717,
        "complete_login_time": 0.020205679000000032,
        "dispatch_time": 0.05622184400000041
    },
    "t_user_4": {
        "redirect_time": 0.014126025000000042,
        "pkce_time": 4.497399999992e-05,
        "get_access_token_time": 0.013690874999999547,
        "decode_id_token_time": 0.0002805739999995893,
        "complete_login_time": 0.014374845999999941,
        "dispatch_time": 0.05206487799999948
    },
    "t_user_5": {
        "redirect_time": 0.015285835999999997,
        "pkce_time": 5.837999999991e-05,
        "get_access_token_time": 0.012257854000000457,
        "decode_id_token_time": 0.0002624009999996346,
        "complete_login_time": 0.015435354000000068,
        "dispatch_time": 0.050935132000000216
    },
    "t_user_6": {
        "redirect_time": 0.014973058000000039,
        "pkce_time": 4.966199999989e-05,
        "get_access_token_time": 0.012426019000000288,
        "decode_id_token_time": 0.0002798629999993807,
        "complete_login_time": 0.027274733000000495,
        "dispatch_time": 0.06455963400000009
    },
    "t_user_7": {
        "redirect_time": 0.015377731000000061,
        "pkce_time": 4.385200000001e-05,
        "get_access_token_time": 0.012287588999999599,
        "decode_id_token_time": 0.00026514600000027144,
        "complete_login_time": 0.014505809000000092,
        "dispatch_time": 0.05110007499999991
    },
    "t_user_8": {
        "redirect_time": 0.015671569999999968,
        "pkce_time": 6.754600000003e-05,
        "get_access_token_time": 0.012597012000000518,
        "decode_id_token_time": 0.0002694629999995257,
        "complete_login_time": 0.016484626000000446,
        "dispatch_time": 0.05909768800000048
    },
    "t_user_9": {
        "redirect_time": 0.018116941999999914,
        "pkce_time": 5.137599999994e-05,
        "get_access_token_time": 0.016982851000000743,
        "decode_id_token_time": 0.00025726100000067476,
        "complete_login_time": 0.014390925999999915,
        "dispatch_time": 0.05614757499999978
    },
    "t_user_10": {
        "redirect_time": 0.014680722000000035,
        "pkce_time": 5.274899999996e-05,
        "get_access_token_time": 0.012689200000000511,
        "decode_id_token_time": 0.0002502179999996912,
        "complete_login_time": 0.014204909000000043,
        "dispatch_time": 0.057576194000000136
    },
    "t_user_11": {
        "redirect_time": 0.014791619000000145,
        "pkce_time": 6.930899999991e-05,
        "get_access_token_time": 0.01213596100000025,
        "decode_id_token_time": 0.000244726999999223,
        "complete_login_time": 0.014096792000000136,
        "dispatch_time": 0.05540419100000005
    },
    "t_user_12": {
        "redirect_time": 0.014527353999999937,
        "pkce_time": 5.728699999996e-05,
        "get_access_token_time": 0.014060062000000428,
        "decode_id_token_time": 0.00030764499999946793,
        "complete_login_time": 0.023528972999999453,
        "dispatch_time": 0.06255210100000053
    },
    "t_user_13": {
        "redirect_time": 0.016407397000000046,
        "pkce_time": 5.831899999986e-05,
        "get_access_token_time": 0.012402157999999552,
        "decode_id_token_time": 0.00022998000000029606,
        "complete_login_time": 0.01387311800000024,
        "dispatch_time": 0.05060936599999977
    },
    "t_user_14": {
        "redirect_time": 0.015348923999999986,
        "pkce_time": 0.00011483499999998,
        "get_access_token_time": 0.014564897999999715,
        "decode_id_token_time": 0.000279993000000367,
        "complete_login_time": 0.01504208500000015,
        "dispatch_time": 0.056443425000000325
    },
    "t_user_15": {
        "redirect_time": 0.015273624999999846,
        "pkce_time": 6.238599999997e-05,
        "dispatch_time": 0.036534357000000295
    },
    "t_user_16": {
        "redirect_time": 0.01503587900000003,
        "pkce_time": 5.543299999999e-05,
        "get_access_token_time": 0.01364237100000043,
        "decode_id_token_time": 0.0002290370000004316,
        "complete_login_time": 0.014253295999999693,
        "dispatch_time": 0.051708874000000016
    },
    "t_user_17": {
        "redirect_time": 0.019157352999999988,
        "pkce_time": 6.497100000002e-05,
        "get_access_token_time": 0.013424052999999603,
        "decode_id_token_time": 0.00024891500000023825,
        "complete_login_time": 0.017211073000000354,
        "dispatch_time": 0.05932281299999964
    },
    "t_user_18": {
        "redirect_time": 0.01458172999999996,
        "pkce_time": 5.37599999999e-05,
        "get_access_token_time": 0.013909549999999271,
        "decode_id_token_time": 0.0002683719999998502,
        "complete_login_time": 0.015013954000000496,
        "dispatch_time": 0.06481373599999962
    },
    "t_user_20": {
        "redirect_time": 0.015660219000000142,
        "pkce_time": 5.583400000009e-05,
        "get_access_token_time": 0.014106101000000315,
        "decode_id_token_time": 0.00027077599999980606,
        "complete_login_time": 0.015518429000000111,
        "dispatch_time": 0.06034279300000023
    },
    "t_user_19": {
        "redirect_time": 0.01426128800000015,
        "pkce_time": 4.609599999994e-05,
        "get_access_token_time": 0.013574674000000009,
        "decode_id_token_time": 0.000259995999999596,
        "complete_login_time": 0.014245526999999925,
        "dispatch_time": 0.06010589300000024
    },
    "t_user_21": {
        "redirect_time": 0.015317121000000045,
        "pkce_time": 5.826899999994e-05,
        "get_access_token_time": 0.012718383000000166,
        "decode_id_token_time": 0.00025773199999967744,
        "complete_login_time": 0.014307896000000042,
        "dispatch_time": 0.05496928700000048
    },
    "t_user_22": {
        "redirect_time": 0.017298296999999963,
        "pkce_time": 4.822000000004e-05,
        "get_access_token_time": 0.012005301000000301,
        "decode_id_token_time": 0.0002349690000000848,
        "complete_login_time": 0.01403091799999956,
        "dispatch_time": 0.04939308899999961
    },
    "t_user_23": {
        "redirect_time": 0.013700088,
        "pkce_time": 4.458400000007e-05,
        "get_access_token_time": 0.01725785800000068,
        "decode_id_token_time": 0.0002901529999999042,
        "complete_login_time": 0.014633141000000016,
        "dispatch_time": 0.05754890800000023
    },
    "t_user_24": {
        "redirect_time": 0.014417404000000023,
        "pkce_time": 5.146600000017e-05,
        "get_access_token_time": 0.012419088999999772,
        "decode_id_token_time": 0.0002284469999995764,
        "complete_login_time": 0.01457700300000031,
        "dispatch_time": 0.0504661939999993
    },
    "t_user_25": {
        "redirect_time": 0.014674810999999899,
        "pkce_time": 3.939499999994e-05,
        "get_access_token_time": 0.013077917999999578,
        "decode_id_token_time": 0.00025859399999994537,
        "complete_login_time": 0.022090754999999795,
        "dispatch_time": 0.058111495000000346
    },
    "t_user_26": {
        "redirect_time": 0.014629452000000098,
        "pkce_time": 6.081299999994e-05,