{
    "t_user_1": {
        "redirect_time": 0.014973858000000007,
        "pkce_time": 4.365200000001e-05,
        "get_access_token_time": 0.012542704999999543,
        "decode_id_token_time": 0.0002422029999999964,
        "complete_login_time": 0.018458232999999602,
        "dispatch_time": 0.05530924200000076
    },
    "t_user_2": {
        "redirect_time": 0.014469163000000007,
        "pkce_time": 7.910799999999e-05,
        "dispatch_time": 0.03343247000000016
    },
    "t_user_3": {
        "redirect_time": 0.01662904200000004,
        "pkce_time": 5.594499999995e-05,
        "get_access_token_time": 0.012602227999999549,
        "decode_id_token_time": 0.00030154400000004244,
        "complete_login_time": 0.015159396000000491,
        "dispatch_time": 0.058148129000000104
    },
    "t_user_4": {
        "redirect_time": 0.01587639900000004,
        "pkce_time": 7.472999999991e-05,
        "get_access_token_time": 0.011909823999999958,
        "decode_id_token_time": 0.00025493599999926175,
        "complete_login_time": 0.013738419000000057,
        "dispatch_time": 0.048600974000000186
    },
    "t_user_5": {
        "redirect_time": 0.015566008999999936,
        "pkce_time": 5.358100000008e-05,
        "get_access_token_time": 0.012083387000000112,
        "decode_id_token_time": 0.000770098999999913,
        "complete_login_time": 0.015049357999999735,
        "dispatch_time": 0.06035437300000002
    },
    "t_user_6": {
        "redirect_time": 0.01655245399999994,
        "pkce_time": 7.142400000004e-05,
        "get_access_token_time": 0.013633944999999592,
        "decode_id_token_time": 0.00024039000000009025,
        "complete_login_time": 0.02014538699999946,
        "dispatch_time": 0.059452383
    },
    "t_user_7": {
        "redirect_time": 0.016167829000000022,
        "pkce_time": 5.868900000006e-05,
        "get_access_token_time": 0.012477893999999878,
        "decode_id_token_time": 0.0002601670000004219,
        "complete_login_time": 0.014607605000000135,
        "dispatch_time": 0.05583653399999999
    },
    "t_user_8": {
        "redirect_time": 0.01655977399999997,
        "pkce_time": 6.118399999999e-05,
        "get_access_token_time": 0.013154873999999595,
        "decode_id_token_time": 0.0002615389999993667,
        "complete_login_time": 0.020023838999999377,
        "dispatch_time": 0.058473025999999706
    },
    "t_user_9": {
        "redirect_time": 0.015274186000000078,
        "pkce_time": 7.106300000004e-05,
        "get_access_token_time": 0.012493391999999659,
        "decode_id_token_time": 0.0002272149999997808,
        "complete_login_time": 0.014359873000000078,
        "dispatch_time": 0.051160902999999536
    },
    "t_user_10": {
        "redirect_time": 0.01646785399999995,
        "pkce_time": 5.642499999992e-05,
        "get_access_token_time": 0.012271351999999958,
        "decode_id_token_time": 0.0002803039999994539,
        "complete_login_time": 0.018815080999999623,
        "dispatch_time": 0.058983339999999274
    },
    "t_user_11": {
        "redirect_time": 0.015241944000000007,
        "pkce_time": 5.029400000001e-05,
        "get_access_token_time": 0.012535644999999818,
        "decode_id_token_time": 0.0002992889999999804,
        "complete_login_time": 0.014267902999999471,
        "dispatch_time": 0.05114169600000018
    },
    "t_user_12": {
        "redirect_time": 0.01842639700000004,
        "pkce_time": 4.785899999993e-05,
        "get_access_token_time": 0.012270204000000007,
        "decode_id_token_time": 0.00025896399999947306,
        "complete_login_time": 0.014731700999999653,
        "dispatch_time": 0.05075364700000051
    },
    "t_user_14": {
        "redirect_time": 0.014865480000000098,
        "pkce_time": 5.347999999983e-05,
        "get_access_token_time": 0.01478314199999975,
        "decode_id_token_time": 0.00022859900000016253,
        "complete_login_time": 0.013779092000000048,
        "dispatch_time": 0.05342658
    },
    "t_user_13": {
        "redirect_time": 0.017990057000000004,
        "pkce_time": 5.485299999997e-05,
        "get_access_token_time": 0.01300899599999994,
        "decode_id_token_time": 0.00024327499999987623,
        "complete_login_time": 0.01491751400000041,
        "dispatch_time": 0.05893500400000029
    },
    "t_user_15": {
        "redirect_time": 0.01483465599999989,
        "pkce_time": 4.539499999989e-05,
        "get_access_token_time": 0.012663893000000037,
        "decode_id_token_time": 0.0002324350000000308,
        "complete_login_time": 0.01624263199999998,
        "dispatch_time": 0.0602385980000002
    },
    "t_user_16": {
        "redirect_time": 0.015209060000000107,
        "pkce_time": 4.448300000015e-05,
        "get_access_token_time": 0.011760354999999834,
        "decode_id_token_time": 0.0002034899999996398,
        "complete_login_time": 0.013316903999999852,
        "dispatch_time": 0.05117572999999975
    },
    "t_user_17": {
        "redirect_time": 0.01762188199999981,
        "pkce_time": 5.453200000005e-05,
        "get_access_token_time": 0.013023502000000242,
        "decode_id_token_time": 0.0002614499999999964,
        "complete_login_time": 0.020952843000000776,
        "dispatch_time": 0.0576520330000001
    },
    "t_user_18": {
        "redirect_time": 0.015353844999999922,
        "pkce_time": 4.670699999987e-05,
        "get_access_token_time": 0.02545102900000007,
        "decode_id_token_time": 0.0002569689999996072,
        "complete_login_time": 0.015512833000000725,
        "dispatch_time": 0.06822494000000034
    },
    "t_user_19": {
        "redirect_time": 0.01945816899999997,
        "pkce_time": 5.871999999996e-05,
        "get_access_token_time": 0.01239850099999984,
        "decode_id_token_time": 0.00024825399999972575,
        "complete_login_time": 0.014946712999999612,
        "dispatch_time": 0.05556910600000009
    },
    "t_user_20": {
        "redirect_time": 0.01611147299999982,
        "pkce_time": 5.633500000002e-05,
        "get_access_token_time": 0.019969681000000072,
        "decode_id_token_time": 0.0002722889999997591,
        "complete_login_time": 0.014972109999999539,
        "dispatch_time": 0.06090972500000014
    },
    "t_user_21": {
        "redirect_time": 0.014759459999999835,
        "pkce_time": 4.986399999996e-05,
        "get_access_token_time": 0.01251319199999923,
        "decode_id_token_time": 0.0003012829999997635,
        "complete_login_time": 0.014616738999999157,
        "dispatch_time": 0.05137961099999977
    },
    "t_user_22": {
        "redirect_time": 0.019896131999999955,
        "pkce_time": 4.871100000003e-05,
        "get_access_token_time": 0.012122598999999568,
        "decode_id_token_time": 0.000251790000000085,
        "complete_login_time": 0.014463134000000544,
        "dispatch_time": 0.049974036000000055
    },
    "t_user_23": {
        "redirect_time": 0.015085570000000104,
        "pkce_time": 6.248700000011e-05,
        "get_access_token_time": 0.013101482000000608,
        "decode_id_token_time": 0.00029760600000017234,
        "complete_login_time": 0.016141685000000017,
        "dispatch_time": 0.054542127000000384
    },
    "t_user_24": {
        "redirect_time": 0.01512748900000016,
        "pkce_time": 5.264800000004e-05,
        "get_access_token_time": 0.01202419700000057,
        "decode_id_token_time": 0.00020898999999996448,
        "complete_login_time": 0.013882997999999702,
        "dispatch_time": 0.053759882999999675
    },
    "t_user_25": {
        "redirect_time": 0.015793262000000086,
        "pkce_time": 6.847799999998e-05,
        "get_access_token_time": 0.017250402000000165,
        "decode_id_token_time": 0.0002653459999999441,
        "complete_login_time": 0.014474399000000027,
        "dispatch_time": 0.055159815000000556
    },
    "t_user_26": {
        "redirect_time": 0.015083822000000024,
        "pkce_time": 5.767800000012e-05,