{
    "t_user_1": {
        "redirect_time": 0.015488869999999932,
        "pkce_time": 7.981899999998e-05,
        "get_access_token_time": 0.012404021999999237,
        "decode_id_token_time": 0.0002747630000001777,
        "complete_login_time": 0.0142985479999993,
        "dispatch_time": 0.05141738299999954
    },
    "t_user_2": {
        "redirect_time": 0.014671918000000006,
        "pkce_time": 5.122599999996e-05,
        "dispatch_time": 0.036190500000000014
    },
    "t_user_3": {
        "redirect_time": 0.014791720000000064,
        "pkce_time": 7.545100000006e-05,
        "get_access_token_time": 0.012575907999999636,
        "decode_id_token_time": 0.00022300699999977525,
        "complete_login_time": 0.017087914000000204,
        "dispatch_time": 0.05390150299999963
    },
    "t_user_4": {
        "redirect_time": 0.014987608000000097,
        "pkce_time": 5.324900000003e-05,
        "get_access_token_time": 0.01200545099999939,
        "decode_id_token_time": 0.00023457800000059592,
        "complete_login_time": 0.014842522000000358,
        "dispatch_time": 0.05040128899999985
    },
    "t_user_5": {
        "redirect_time": 0.014057288999999917,
        "pkce_time": 4.26899999999e-05,
        "get_access_token_time": 0.012732985999999613,
        "decode_id_token_time": 0.0002280250000001871,
        "complete_login_time": 0.01854743999999986,
        "dispatch_time": 0.05553519500000004
    },
    "t_user_6": {
        "redirect_time": 0.015133390000000024,
        "pkce_time": 5.501299999999e-05,
        "get_access_token_time": 0.01251538499999949,
        "decode_id_token_time": 0.00019734899999956923,
        "complete_login_time": 0.014910174000000609,
        "dispatch_time": 0.056026789000000576
    },
    "t_user_7": {
        "redirect_time": 0.01519168000000004,
        "pkce_time": 5.703599999995e-05,
        "get_access_token_time": 0.011997151999999733,
        "decode_id_token_time": 0.00023345700000021452,
        "complete_login_time": 0.014300202000000262,
        "dispatch_time": 0.05296790100000015
    },
    "t_user_8": {
        "redirect_time": 0.017286080999999953,
        "pkce_time": 6.651400000002e-05,
        "get_access_token_time": 0.012957502999999981,
        "decode_id_token_time": 0.0002648150000004179,
        "complete_login_time": 0.015027071000000447,
        "dispatch_time": 0.05281276100000021
    },
    "t_user_9": {
        "redirect_time": 0.016270499000000105,
        "pkce_time": 5.756800000001e-05,
        "get_access_token_time": 0.012251526000000013,
        "decode_id_token_time": 0.00023172300000062762,
        "complete_login_time": 0.015341385999999346,
        "dispatch_time": 0.05517634100000013
    },
    "t_user_10": {
        "redirect_time": 0.015750131999999972,
        "pkce_time": 5.989200000012e-05,
        "get_access_token_time": 0.013935529999999474,
        "decode_id_token_time": 0.0002532830000001596,
        "complete_login_time": 0.014921371999999877,
        "dispatch_time": 0.05984885699999953
    },
    "t_user_11": {
        "redirect_time": 0.015293675000000118,
        "pkce_time": 6.102299999999e-05,
        "get_access_token_time": 0.013959411000000088,
        "decode_id_token_time": 0.0007491799999996829,
        "complete_login_time": 0.015409100999999925,
        "dispatch_time": 0.05627607899999987
    },
    "t_user_12": {
        "redirect_time": 0.015619411000000083,
        "pkce_time": 7.729400000001e-05,
        "get_access_token_time": 0.012960882999999868,
        "decode_id_token_time": 0.0002457899999996904,
        "complete_login_time": 0.015123753999999767,
        "dispatch_time": 0.05302592399999995
    },
    "t_user_13": {
        "redirect_time": 0.01539421399999985,
        "pkce_time": 5.50829999999e-05,
        "get_access_token_time": 0.01367084399999996,
        "decode_id_token_time": 0.00024478800000071743,
        "complete_login_time": 0.02417373700000036,
        "dispatch_time": 0.06382007100000031
    },
    "t_user_14": {
        "redirect_time": 0.01475766799999989,
        "pkce_time": 4.612599999998e-05,
        "get_access_token_time": 0.012839554000000142,
        "decode_id_token_time": 0.0002525220000002548,
        "complete_login_time": 0.01588584000000015,
        "dispatch_time": 0.05328177899999975
    },
    "t_user_15": {
        "redirect_time": 0.015378193999999956,
        "pkce_time": 5.194599999991e-05,
        "get_access_token_time": 0.013026282000000222,
        "decode_id_token_time": 0.00020945099999991612,
        "complete_login_time": 0.01953860700000032,
        "dispatch_time": 0.05652987800000009
    },
    "t_user_16": {
        "redirect_time": 0.014723669999999967,
        "pkce_time": 5.129699999995e-05,
        "get_access_token_time": 0.012829211000000562,
        "decode_id_token_time": 0.000313857000000084,
        "complete_login_time": 0.017272382000000697,
        "dispatch_time": 0.054737848000000255
    },
    "t_user_17": {
        "redirect_time": 0.014601901000000028,
        "pkce_time": 5.128500000007e-05,
        "get_access_token_time": 0.013096462000000031,
        "decode_id_token_time": 0.0002167650000002297,
        "complete_login_time": 0.013925858000000346,
        "dispatch_time": 0.06604928099999974
    },
    "t_user_18": {
        "redirect_time": 0.01600849400000004,
        "pkce_time": 7.172499999997e-05,
        "get_access_token_time": 0.01353734600000056,
        "decode_id_token_time": 0.0002536939999995269,
        "complete_login_time": 0.014399462000000085,
        "dispatch_time": 0.055119735999999975
    },
    "t_user_19": {
        "redirect_time": 0.017059777999999914,
        "pkce_time": 6.432099999998e-05,
        "get_access_token_time": 0.012055510999999797,
        "decode_id_token_time": 0.00024302500000050742,
        "complete_login_time": 0.014665093000000518,
        "dispatch_time": 0.055443846000000185
    },
    "t_user_20": {
        "redirect_time": 0.014998166999999896,
        "pkce_time": 6.221699999998e-05,
        "get_access_token_time": 0.017056618999999884,
        "decode_id_token_time": 0.0002587439999999219,
        "complete_login_time": 0.014500920000000583,
        "dispatch_time": 0.05436189500000044
    },
    "t_user_21": {
        "redirect_time": 0.01753310599999991,
        "pkce_time": 5.234800000009e-05,
        "get_access_token_time": 0.012853836000000562,
        "decode_id_token_time": 0.00024005800000015398,
        "complete_login_time": 0.014804475000000039,
        "dispatch_time": 0.057137554000000534
    },
    "t_user_22": {
        "redirect_time": 0.015491217999999973,
        "pkce_time": 6.356800000007e-05,
        "get_access_token_time": 0.01813907499999967,
        "decode_id_token_time": 0.0002667990000002618,
        "complete_login_time": 0.014796699999999774,
        "dispatch_time": 0.05724754199999982
    },
    "t_user_23": {
        "redirect_time": 0.019484585000000054,
        "pkce_time": 5.372100000001e-05,
        "get_access_token_time": 0.012599607999999485,
        "decode_id_token_time": 0.00025266200000029215,
        "complete_login_time": 0.014591594999999735,
        "dispatch_time": 0.055849949999999815
    },
    "t_user_24": {
        "redirect_time": 0.014975513999999857,
        "pkce_time": 5.884099999998e-05,
        "get_access_token_time": 0.012581916999999443,
        "decode_id_token_time": 0.00031230400000037406,
        "complete_login_time": 0.016439942999999957,
        "dispatch_time": 0.05770306299999994
    },
    "t_user_25": {
        "redirect_time": 0.014581913000000002,
        "pkce_time": 5.552399999997e-05,
        "get_access_token_time": 0.012173125999999534,
        "decode_id_token_time": 0.00028816799999997755,
        "complete_login_time": 0.014628474000000224,
        "dispatch_time": 0.05116580500000012
    },
    "t_user_26": {
        "redirect_time": 0.01632110099999995,
        "pkce_time": 5.225799999997e-05,