{
    "t_user_1": {
        "redirect_time": 0.014776489999999975,
        "pkce_time": 6.104500000004e-05,
        "get_access_token_time": 0.01371482899999954,
        "decode_id_token_time": 0.00022069300000016057,
        "complete_login_time": 0.014521993999999872,
        "dispatch_time": 0.05423660199999958
    },
    "t_user_2": {
        "redirect_time": 0.013727032000000028,
        "pkce_time": 4.251e-05,
        "get_access_token_time": 0.01355803199999972,
        "decode_id_token_time": 0.0002383049999998832,
        "complete_login_time": 0.015504775000000137,
        "dispatch_time": 0.05890632000000018
    },
    "t_user_3": {
        "redirect_time": 0.015688257999999955,
        "pkce_time": 5.618500000004e-05
    },
    "t_user_4": {
        "redirect_time": 0.015527265000000012,
        "pkce_time": 7.417899999995e-05,
        "get_access_token_time": 0.012644217000000069,
        "decode_id_token_time": 0.0002328550000001428,
        "complete_login_time": 0.014675061000000156,
        "dispatch_time": 0.056101433000000256
    },
    "t_user_5": {
        "redirect_time": 0.015711907999999997,
        "pkce_time": 5.562399999992e-05,
        "get_access_token_time": 0.013483300999999948,
        "decode_id_token_time": 0.00021959100000046305,
        "complete_login_time": 0.014590074999999647,
        "dispatch_time": 0.05218253000000006
    },
    "t_user_6": {
        "redirect_time": 0.015750186,
        "pkce_time": 6.223599999999e-05,
        "get_access_token_time": 0.013267669999999399,
        "decode_id_token_time": 0.00029246699999951886,
        "complete_login_time": 0.020092234999999903,
        "dispatch_time": 0.0663194219999994
    },
    "t_user_7": {
        "redirect_time": 0.01725643600000004,
        "pkce_time": 5.586400000002e-05
    },
    "t_user_8": {
        "redirect_time": 0.015987423,
        "pkce_time": 0.00010328300000007,
        "get_access_token_time": 0.012955836000000165,
        "decode_id_token_time": 0.0007484390000001007,
        "complete_login_time": 0.015234734999999944,
        "dispatch_time": 0.06053540299999982
    },
    "t_user_9": {
        "redirect_time": 0.01742772299999995,
        "pkce_time": 5.878999999998e-05,
        "get_access_token_time": 0.013213379000000636,
        "decode_id_token_time": 0.00025476599999940674,
        "complete_login_time": 0.01512131700000019,
        "dispatch_time": 0.05788090700000037
    },
    "t_user_10": {
        "redirect_time": 0.016021078000000077,
        "pkce_time": 5.890099999994e-05,
        "get_access_token_time": 0.01656923400000032,
        "decode_id_token_time": 0.00023073900000003533,
        "complete_login_time": 0.014148419999999717,
        "dispatch_time": 0.054490829000000574
    },
    "t_user_11": {
        "redirect_time": 0.015552048999999846,
        "pkce_time": 4.869200000002e-05,
        "get_access_token_time": 0.01229888499999987,
        "decode_id_token_time": 0.00022880700000005305,
        "complete_login_time": 0.014104658000000825,
        "dispatch_time": 0.05195574700000005
    },
    "t_user_12": {
        "redirect_time": 0.015077232999999968,
        "pkce_time": 7.205499999996e-05,
        "get_access_token_time": 0.012172824000000304,
        "decode_id_token_time": 0.0002913539999997994,
        "complete_login_time": 0.01556173700000052,
        "dispatch_time": 0.05210526899999923
    },
    "t_user_14": {
        "redirect_time": 0.016712427999999946,
        "pkce_time": 5.74980000001e-05,
        "get_access_token_time": 0.013024351000000323,
        "decode_id_token_time": 0.0002942299999997289,
        "complete_login_time": 0.015418377000000483,
        "dispatch_time": 0.05490751199999977
    },
    "t_user_13": {
        "redirect_time": 0.014510631000000052,
        "pkce_time": 5.440199999995e-05,
        "get_access_token_time": 0.012087342000000056,
        "decode_id_token_time": 0.0002900610000002857,
        "complete_login_time": 0.0186373350000002,
        "dispatch_time": 0.05380661000000053
    },
    "t_user_15": {
        "redirect_time": 0.015520675000000095,
        "pkce_time": 6.300800000014e-05,
        "get_access_token_time": 0.012526115000000004,
        "decode_id_token_time": 0.00023267600000043132,
        "complete_login_time": 0.01451573599999989,
        "dispatch_time": 0.05111617800000001
    },
    "t_user_16": {
        "redirect_time": 0.014960132000000126,
        "pkce_time": 6.3229e-05,
        "get_access_token_time": 0.012330082000000075,
        "decode_id_token_time": 0.00022474900000002407,
        "complete_login_time": 0.014334879999999828,
        "dispatch_time": 0.05489211599999955
    },
    "t_user_17": {
        "redirect_time": 0.015204949000000134,
        "pkce_time": 5.367999999994e-05,
        "get_access_token_time": 0.0120586359999999,
        "decode_id_token_time": 0.0002929969999998505,
        "complete_login_time": 0.01583018100000011,
        "dispatch_time": 0.05321556699999963
    },
    "t_user_18": {
        "redirect_time": 0.015368139999999864,
        "pkce_time": 7.552100000008e-05,
        "get_access_token_time": 0.011836256000000489,
        "decode_id_token_time": 0.00020340000000018676,
        "complete_login_time": 0.014625002999999914,
        "dispatch_time": 0.04986169900000004
    },
    "t_user_19": {
        "redirect_time": 0.017604956000000005,
        "pkce_time": 5.281899999998e-05,
        "get_access_token_time": 0.012854951000000447,
        "decode_id_token_time": 0.00024182199999955856,
        "complete_login_time": 0.015997271999999896,
        "dispatch_time": 0.0633836970000008
    },
    "t_user_20": {
        "redirect_time": 0.014667443999999863,
        "pkce_time": 5.904100000009e-05,
        "get_access_token_time": 0.013413509999999462,
        "decode_id_token_time": 0.00020509400000001676,
        "complete_login_time": 0.015285588000000239,
        "dispatch_time": 0.05761235900000017
    },
    "t_user_21": {
        "redirect_time": 0.01513022300000011,
        "pkce_time": 6.551199999993e-05,
        "get_access_token_time": 0.012255824999999554,
        "decode_id_token_time": 0.0002662280000000905,
        "complete_login_time": 0.01428943900000057,
        "dispatch_time": 0.05180057400000049
    },
    "t_user_22": {
        "redirect_time": 0.017691228999999975,
        "pkce_time": 6.754599999992e-05,
        "get_access_token_time": 0.013160082999999823,
        "decode_id_token_time": 0.00030485000000002316,
        "complete_login_time": 0.023182149000000152,
        "dispatch_time": 0.0615958059999997
    },
    "t_user_23": {
        "redirect_time": 0.014562004000000073,
        "pkce_time": 5.850900000004e-05,
        "get_access_token_time": 0.012737539999999825,
        "decode_id_token_time": 0.0002622900000002204,
        "complete_login_time": 0.014942825000000326,
        "dispatch_time": 0.058017002000000595
    },
    "t_user_25": {
        "redirect_time": 0.01845833699999999,
        "pkce_time": 5.850900000004e-05,
        "get_access_token_time": 0.013176529999999964,
        "decode_id_token_time": 0.00021014300000032904,
        "complete_login_time": 0.01566855899999986,
        "dispatch_time": 0.05681938800000008
    },
    "t_user_24": {
        "redirect_time": 0.015167629999999876,
        "pkce_time": 5.675500000013e-05,
        "get_access_token_time": 0.01255173499999973,
        "decode_id_token_time": 0.00026320200000018446,
        "complete_login_time": 0.016160044999999457,
        "dispatch_time": 0.05339688299999956
    },
    "t_user_28": {
        "redirect_time": 0.016317646999999935,
        "pkce_time": 5.984199999998e-05,
        "get_access_token_time": 0.013567050000000691,
        "decode_id_token_time": 0.00026556600000038344,
        "complete_login_time": 0.014963153000000062,
        "dispatch_time": 0.054146287000000015
    },
    "t_user_26": {
        "redirect_time": 0.014880812999999993,