{
    "t_user_1": {
        "redirect_time": 0.014584425000000067,
        "pkce_time": 4.733899999998e-05,
        "get_access_token_time": 0.013365886999999965,
        "decode_id_token_time": 0.0002738420000003572,
        "complete_login_time": 0.015334407000000105,
        "dispatch_time": 0.053415938999999746
    },
    "t_user_2": {
        "redirect_time": 0.014820295000000039,
        "pkce_time": 4.74290000001e-05,
        "get_access_token_time": 0.0125143440000004,
        "decode_id_token_time": 0.0003187560000004197,
        "complete_login_time": 0.015296385000000079,
        "dispatch_time": 0.06234932400000037
    },
    "t_user_3": {
        "redirect_time": 0.014703074000000038,
        "pkce_time": 5.138599999999e-05,
        "get_access_token_time": 0.012495656000000466,
        "decode_id_token_time": 0.0002620800000006085,
        "complete_login_time": 0.014846838000000417,
        "dispatch_time": 0.05598623699999994
    },
    "t_user_4": {
        "redirect_time": 0.014055150000000016,
        "pkce_time": 4.686799999998e-05,
        "get_access_token_time": 0.012976057999999568,
        "decode_id_token_time": 0.0002469119999997105,
        "complete_login_time": 0.014700760000000201,
        "dispatch_time": 0.05570054400000046
    },
    "t_user_5": {
        "redirect_time": 0.014320473000000056,
        "pkce_time": 4.662700000002e-05,
        "get_access_token_time": 0.012547245999999568,
        "decode_id_token_time": 0.0002241789999999355,
        "complete_login_time": 0.014685119000000135,
        "dispatch_time": 0.05214564799999977
    },
    "t_user_6": {
        "redirect_time": 0.014899722000000004,
        "pkce_time": 6.714500000005e-05,
        "dispatch_time": 0.03387483800000002
    },
    "t_user_7": {
        "redirect_time": 0.015142228999999952,
        "pkce_time": 6.117399999994e-05,
        "get_access_token_time": 0.015382171000000167,
        "decode_id_token_time": 0.0003003110000001641,
        "complete_login_time": 0.01667523500000012,
        "dispatch_time": 0.05570407700000013
    },
    "t_user_8": {
        "redirect_time": 0.015227851000000014,
        "pkce_time": 6.884899999993e-05,
        "get_access_token_time": 0.011778017999999335,
        "decode_id_token_time": 0.0002760860000003973,
        "complete_login_time": 0.014757287000000119,
        "dispatch_time": 0.056441169999999374
    },
    "t_user_9": {
        "redirect_time": 0.015220881999999936,
        "pkce_time": 5.161600000003e-05,
        "get_access_token_time": 0.012592858999999734,
        "decode_id_token_time": 0.0002814760000005023,
        "complete_login_time": 0.024012289999999936,
        "dispatch_time": 0.060370070000000275
    },
    "t_user_10": {
        "redirect_time": 0.015505831000000025,
        "pkce_time": 5.457200000003e-05,
        "get_access_token_time": 0.01274413100000027,
        "decode_id_token_time": 0.0011654779999998865,
        "complete_login_time": 0.015604057000000005,
        "dispatch_time": 0.05794448100000027
    },
    "t_user_11": {
        "redirect_time": 0.01563588100000013,
        "pkce_time": 5.634600000004e-05,
        "get_access_token_time": 0.012890182000000472,
        "decode_id_token_time": 0.0002565300000005877,
        "complete_login_time": 0.015519873999999767,
        "dispatch_time": 0.05288490000000046
    },
    "t_user_12": {
        "redirect_time": 0.015521526000000119,
        "pkce_time": 5.909100000001e-05,
        "get_access_token_time": 0.012443338999999831,
        "decode_id_token_time": 0.00023990800000017742,
        "complete_login_time": 0.014921093999999968,
        "dispatch_time": 0.05550018600000017
    },
    "t_user_14": {
        "redirect_time": 0.015544276999999829,
        "pkce_time": 7.614199999995e-05,
        "get_access_token_time": 0.01266244400000005,
        "decode_id_token_time": 0.0002427740000001677,
        "complete_login_time": 0.015079526000000065,
        "dispatch_time": 0.05651832799999923
    },
    "t_user_13": {
        "redirect_time": 0.02199108900000013,
        "pkce_time": 5.730700000006e-05,
        "get_access_token_time": 0.012194438000000751,
        "decode_id_token_time": 0.0002367620000001125,
        "complete_login_time": 0.01431680600000007,
        "dispatch_time": 0.050147220999999575
    },
    "t_user_15": {
        "redirect_time": 0.01685982599999991,
        "pkce_time": 6.129399999999e-05,
        "get_access_token_time": 0.01679369200000025,
        "decode_id_token_time": 0.0002627809999999897,
        "complete_login_time": 0.015689354000000044,
        "dispatch_time": 0.05680698799999995
    },
    "t_user_17": {
        "redirect_time": 0.014866531000000016,
        "pkce_time": 5.374099999989e-05,
        "get_access_token_time": 0.013723274000000174,
        "decode_id_token_time": 0.00026375399999967186,
        "complete_login_time": 0.01671212000000022,
        "dispatch_time": 0.055655493999999806
    },
    "t_user_18": {
        "redirect_time": 0.014895616,
        "pkce_time": 4.781999999981e-05,
        "get_access_token_time": 0.012518305000000396,
        "decode_id_token_time": 0.0002422720000003764,
        "complete_login_time": 0.014306048999999987,
        "dispatch_time": 0.05735719599999989
    },
    "t_user_16": {
        "redirect_time": 0.014842972000000065,
        "pkce_time": 6.162499999984e-05,
        "get_access_token_time": 0.012378820000000346,
        "decode_id_token_time": 0.00022549200000021585,
        "complete_login_time": 0.019808798999999766,
        "dispatch_time": 0.057389961000000156
    },
    "t_user_19": {
        "redirect_time": 0.015798548000000023,
        "pkce_time": 5.593500000001e-05,
        "get_access_token_time": 0.018791060999999942,
        "decode_id_token_time": 0.00035104500000038286,
        "complete_login_time": 0.016282183000000394,
        "dispatch_time": 0.06055920399999959
    },
    "t_user_20": {
        "redirect_time": 0.01610723099999989,
        "pkce_time": 4.805900000004e-05,
        "get_access_token_time": 0.012673762000000366,
        "decode_id_token_time": 0.00037431000000065495,
        "complete_login_time": 0.015578488000000057,
        "dispatch_time": 0.05254898000000008
    },
    "t_user_21": {
        "redirect_time": 0.015226119000000038,
        "pkce_time": 5.504300000014e-05,
        "get_access_token_time": 0.013612318000000734,
        "decode_id_token_time": 0.00027774800000024413,
        "complete_login_time": 0.015391938999999688,
        "dispatch_time": 0.05650034599999998
    },
    "t_user_22": {
        "redirect_time": 0.01567326399999991,
        "pkce_time": 5.217699999993e-05,
        "get_access_token_time": 0.013285500999999478,
        "decode_id_token_time": 0.00024678200000050055,
        "complete_login_time": 0.01403892499999948,
        "dispatch_time": 0.05299092299999941
    },
    "t_user_23": {
        "redirect_time": 0.01489923999999987,
        "pkce_time": 4.470400000001e-05,
        "get_access_token_time": 0.013314322000000267,
        "decode_id_token_time": 0.0002449170000007328,
        "complete_login_time": 0.014220593000000115,
        "dispatch_time": 0.05326474100000045
    },
    "t_user_24": {
        "redirect_time": 0.01497795699999993,
        "pkce_time": 6.640400000002e-05,
        "get_access_token_time": 0.013037147999999554,
        "decode_id_token_time": 0.00028244900000018447,
        "complete_login_time": 0.015417585999999872,
        "dispatch_time": 0.058539013999999945
    },
    "t_user_25": {
        "redirect_time": 0.01564691400000018,
        "pkce_time": 5.842900000008e-05,
        "get_access_token_time": 0.012445174999999864,
        "decode_id_token_time": 0.00024719199999978514,
        "complete_login_time": 0.014590962999999846,
        "dispatch_time": 0.05541963399999972
    },
    "t_user_26": {
        "redirect_time": 0.015454083000000063,
        "pkce_time": 5.493299999992e-05,