{
    "t_user_1": {
        "redirect_time": 0.015125253999999977,
        "pkce_time": 4.173800000001e-05,
        "dispatch_time": 0.03611935200000005
    },
    "t_user_2": {
        "redirect_time": 0.014929617000000062,
        "pkce_time": 5.543299999999e-05,
        "get_access_token_time": 0.012250693999999562,
        "decode_id_token_time": 0.00026511600000045377,
        "complete_login_time": 0.019400829000000286,
        "dispatch_time": 0.05527656499999978
    },
    "t_user_3": {
        "redirect_time": 0.014857357000000015,
        "pkce_time": 4.989399999999e-05,
        "get_access_token_time": 0.015929239000000095,
        "decode_id_token_time": 0.000277459000000313,
        "complete_login_time": 0.015149669000000365,
        "dispatch_time": 0.05485967699999961
    },
    "t_user_4": {
        "redirect_time": 0.014779758000000087,
        "pkce_time": 7.516200000002e-05,
        "get_access_token_time": 0.012313166999999403,
        "decode_id_token_time": 0.00030880700000057715,
        "complete_login_time": 0.01592884600000044,
        "dispatch_time": 0.05427418600000067
    },
    "t_user_5": {
        "redirect_time": 0.017090214999999964,
        "pkce_time": 4.549500000006e-05,
        "get_access_token_time": 0.012820768999999732,
        "decode_id_token_time": 0.00022556200000023452,
        "complete_login_time": 0.016520695000000085,
        "dispatch_time": 0.05903246600000012
    },
    "t_user_6": {
        "redirect_time": 0.014949117000000012,
        "pkce_time": 4.948299999996e-05,
        "get_access_token_time": 0.013969538999999642,
        "decode_id_token_time": 0.00024557900000043986,
        "complete_login_time": 0.015753489999999815,
        "dispatch_time": 0.07079363600000033
    },
    "t_user_7": {
        "redirect_time": 0.015064925000000007,
        "pkce_time": 5.593400000004e-05,
        "get_access_token_time": 0.014480159000000103,
        "decode_id_token_time": 0.00024503800000008624,
        "complete_login_time": 0.014485806999999795,
        "dispatch_time": 0.058750897999999996
    },
    "t_user_8": {
        "redirect_time": 0.015451063999999959,
        "pkce_time": 5.091499999998e-05,
        "get_access_token_time": 0.01264025000000002,
        "decode_id_token_time": 0.0008133300000001675,
        "complete_login_time": 0.015685942999999813,
        "dispatch_time": 0.05916476699999995
    },
    "t_user_9": {
        "redirect_time": 0.015760121999999988,
        "pkce_time": 5.817900000005e-05,
        "get_access_token_time": 0.013204353999999974,
        "decode_id_token_time": 0.000264525000000404,
        "complete_login_time": 0.014926344000000036,
        "dispatch_time": 0.05237444699999916
    },
    "t_user_10": {
        "redirect_time": 0.01676526300000003,
        "pkce_time": 6.382900000002e-05,
        "get_access_token_time": 0.01312805199999989,
        "decode_id_token_time": 0.00025387699999956936,
        "complete_login_time": 0.015487465000000089,
        "dispatch_time": 0.05443110299999976
    },
    "t_user_11": {
        "redirect_time": 0.016879963000000053,
        "pkce_time": 6.716600000001e-05,
        "get_access_token_time": 0.01358964299999954,
        "decode_id_token_time": 0.00027786900000048576,
        "complete_login_time": 0.015255967999999953,
        "dispatch_time": 0.05992656000000007
    },
    "t_user_12": {
        "redirect_time": 0.015345952000000107,
        "pkce_time": 5.196699999988e-05,
        "get_access_token_time": 0.011935845,
        "decode_id_token_time": 0.00024619000000036806,
        "complete_login_time": 0.015071512000000453,
        "dispatch_time": 0.051426415999999975
    },
    "t_user_13": {
        "redirect_time": 0.014363411999999798,
        "pkce_time": 5.492299999998e-05,
        "get_access_token_time": 0.013844939000000167,
        "decode_id_token_time": 0.0002447370000000504,
        "complete_login_time": 0.014898796999999853,
        "dispatch_time": 0.05808956200000015
    },
    "t_user_14": {
        "redirect_time": 0.014221746000000035,
        "pkce_time": 4.655700000011e-05,
        "get_access_token_time": 0.012478158000000406,
        "decode_id_token_time": 0.0002610579999995366,
        "complete_login_time": 0.016083606999999667,
        "dispatch_time": 0.05732985299999971
    },
    "t_user_15": {
        "redirect_time": 0.014746833000000015,
        "pkce_time": 5.343099999999e-05,
        "get_access_token_time": 0.012444570999999627,
        "decode_id_token_time": 0.0002572210000000297,
        "complete_login_time": 0.014439860000000415,
        "dispatch_time": 0.0588289590000004
    },
    "t_user_16": {
        "redirect_time": 0.014835712000000001,
        "pkce_time": 4.97530000001e-05,
        "get_access_token_time": 0.01889357400000069,
        "decode_id_token_time": 0.0002795229999996707,
        "complete_login_time": 0.015666423999999957,
        "dispatch_time": 0.06013197899999945
    },
    "t_user_17": {
        "redirect_time": 0.017753079999999866,
        "pkce_time": 4.949200000004e-05,
        "get_access_token_time": 0.013907161999999751,
        "decode_id_token_time": 0.0002513390000000726,
        "complete_login_time": 0.014653998000000001,
        "dispatch_time": 0.05375879000000072
    },
    "t_user_19": {
        "redirect_time": 0.014823306000000036,
        "pkce_time": 4.994400000013e-05,
        "get_access_token_time": 0.013131575000000062,
        "decode_id_token_time": 0.0002566100000001015,
        "complete_login_time": 0.014960486999999745,
        "dispatch_time": 0.057454986999999846
    },
    "t_user_18": {
        "redirect_time": 0.014792987999999951,
        "pkce_time": 5.241800000011e-05,
        "get_access_token_time": 0.0184922150000002,
        "decode_id_token_time": 0.0002981670000004044,
        "complete_login_time": 0.01654781099999969,
        "dispatch_time": 0.05964019700000023
    },
    "t_user_20": {
        "redirect_time": 0.014153526000000083,
        "pkce_time": 5.090499999993e-05,
        "get_access_token_time": 0.011965804999999996,
        "decode_id_token_time": 0.0002114559999997212,
        "complete_login_time": 0.01407318899999943,
        "dispatch_time": 0.05012542600000014
    },
    "t_user_21": {
        "redirect_time": 0.014535551999999896,
        "pkce_time": 6.949000000001e-05,
        "get_access_token_time": 0.012513902000000243,
        "decode_id_token_time": 0.00025143000000049653,
        "complete_login_time": 0.014465677999999649,
        "dispatch_time": 0.05461295300000035
    },
    "t_user_23": {
        "redirect_time": 0.014885453999999854,
        "pkce_time": 5.374000000002e-05,
        "get_access_token_time": 0.012949531999999486,
        "decode_id_token_time": 0.0002329750000003017,
        "complete_login_time": 0.014780644999999204,
        "dispatch_time": 0.052560678999999944
    },
    "t_user_24": {
        "redirect_time": 0.0148181329999999,
        "pkce_time": 5.484199999994e-05,
        "get_access_token_time": 0.012064121999999955,
        "decode_id_token_time": 0.0002367029999996717,
        "complete_login_time": 0.014245485000000002,
        "dispatch_time": 0.05444633399999965
    },
    "t_user_22": {
        "redirect_time": 0.014283950000000045,
        "pkce_time": 5.259800000013e-05,
        "get_access_token_time": 0.012546189000000041,
        "decode_id_token_time": 0.00023589099999998808,
        "complete_login_time": 0.013673739000000573,
        "dispatch_time": 0.05212861499999999
    },
    "t_user_25": {
        "redirect_time": 0.01721473600000012,
        "pkce_time": 5.695699999997e-05,
        "get_access_token_time": 0.013043354000000562,
        "decode_id_token_time": 0.00022090399999985522,
        "complete_login_time": 0.01447560599999953,
        "dispatch_time": 0.05547564299999941
    },
    "t_user_26": {
        "redirect_time": 0.014539583000000134,
        "pkce_time": 5.853900000008e-05,