{
    "t_user_1": {
        "redirect_time": 0.013905336000000046,
        "pkce_time": 4.018499999991e-05,
        "get_access_token_time": 0.013042331000000296,
        "decode_id_token_time": 0.00023873600000001716,
        "complete_login_time": 0.015464625999999981,
        "dispatch_time": 0.05293137000000048
    },
    "t_user_2": {
        "redirect_time": 0.015422981000000058,
        "pkce_time": 5.863899999992e-05,
        "get_access_token_time": 0.012393369000000654,
        "decode_id_token_time": 0.0002144910000003719,
        "complete_login_time": 0.014005279000000037,
        "dispatch_time": 0.05800029600000034
    },
    "t_user_3": {
        "redirect_time": 0.015145717000000003,
        "pkce_time": 4.917199999999e-05,
        "get_access_token_time": 0.013859621000000821,
        "decode_id_token_time": 0.00025598900000023406,
        "complete_login_time": 0.016265560999999984,
        "dispatch_time": 0.06159876900000061
    },
    "t_user_4": {
        "redirect_time": 0.015377807000000021,
        "pkce_time": 5.616500000005e-05,
        "get_access_token_time": 0.012991828000000538,
        "decode_id_token_time": 0.0002588640000000808,
        "complete_login_time": 0.01506255900000042,
        "dispatch_time": 0.0582235390000001
    },
    "t_user_5": {
        "redirect_time": 0.014950482000000043,
        "pkce_time": 5.348000000005e-05,
        "get_access_token_time": 0.01342344399999984,
        "decode_id_token_time": 0.00024889399999983297,
        "complete_login_time": 0.015742173999999665,
        "dispatch_time": 0.05300913499999993
    },
    "t_user_6": {
        "redirect_time": 0.014592108999999964,
        "pkce_time": 4.648699999998e-05,
        "get_access_token_time": 0.017240859000000164,
        "decode_id_token_time": 0.0002637129999998322,
        "complete_login_time": 0.014678888000000612,
        "dispatch_time": 0.057350570000000545
    },
    "t_user_7": {
        "redirect_time": 0.014747705999999972,
        "pkce_time": 6.360900000002e-05,
        "get_access_token_time": 0.012982813999999898,
        "decode_id_token_time": 0.0002492959999997879,
        "complete_login_time": 0.01516846699999963,
        "dispatch_time": 0.05791643199999985
    },
    "t_user_8": {
        "redirect_time": 0.016239403999999902,
        "pkce_time": 5.373100000006e-05,
        "get_access_token_time": 0.012780189999999969,
        "decode_id_token_time": 0.0002476819999994717,
        "complete_login_time": 0.014037169999999932,
        "dispatch_time": 0.057310724999999785
    },
    "t_user_9": {
        "redirect_time": 0.014317787999999942,
        "pkce_time": 4.865099999996e-05,
        "get_access_token_time": 0.012452361000000245,
        "decode_id_token_time": 0.0008268059999996247,
        "complete_login_time": 0.01645001199999996,
        "dispatch_time": 0.05943461900000013
    },
    "t_user_10": {
        "redirect_time": 0.014646480000000128,
        "pkce_time": 6.162599999993e-05,
        "get_access_token_time": 0.014187339000000243,
        "decode_id_token_time": 0.0002358610000001704,
        "complete_login_time": 0.01495786400000032,
        "dispatch_time": 0.05538060800000011
    },
    "t_user_11": {
        "redirect_time": 0.014723082000000165,
        "pkce_time": 5.201700000002e-05,
        "get_access_token_time": 0.02465223899999991,
        "decode_id_token_time": 0.00024535900000000055,
        "complete_login_time": 0.015159570999999872,
        "dispatch_time": 0.06354260700000047
    },
    "t_user_12": {
        "redirect_time": 0.014076608999999962,
        "pkce_time": 5.790800000005e-05,
        "dispatch_time": 0.03393383700000019
    },
    "t_user_13": {
        "redirect_time": 0.015867671000000083,
        "pkce_time": 5.322899999993e-05,
        "get_access_token_time": 0.012350321000000442,
        "decode_id_token_time": 0.00023405700000012075,
        "complete_login_time": 0.014530665000000553,
        "dispatch_time": 0.05372347000000044
    },
    "t_user_14": {
        "redirect_time": 0.015058798000000095,
        "pkce_time": 5.232799999999e-05,
        "get_access_token_time": 0.01252202100000055,
        "decode_id_token_time": 0.00026199999999931833,
        "complete_login_time": 0.014889902000000177,
        "dispatch_time": 0.06059887099999983
    },
    "t_user_15": {
        "redirect_time": 0.01511739599999995,
        "pkce_time": 5.028400000007e-05,
        "get_access_token_time": 0.01246628999999988,
        "decode_id_token_time": 0.00025427499999963743,
        "complete_login_time": 0.014356154000000565,
        "dispatch_time": 0.050021242000000576
    },
    "t_user_16": {
        "redirect_time": 0.015223450000000138,
        "pkce_time": 6.096299999991e-05,
        "get_access_token_time": 0.014647214999999214,
        "decode_id_token_time": 0.0002835189999998988,
        "complete_login_time": 0.014299682000000757,
        "dispatch_time": 0.054421637999999994
    },
    "t_user_17": {
        "redirect_time": 0.015104797999999864,
        "pkce_time": 5.426100000006e-05,
        "get_access_token_time": 0.012495632000000256,
        "decode_id_token_time": 0.0002739719999995671,
        "complete_login_time": 0.015301684999999843,
        "dispatch_time": 0.053058233000000676
    },
    "t_user_19": {
        "redirect_time": 0.01862070699999996,
        "pkce_time": 5.312899999987e-05,
        "get_access_token_time": 0.01989761599999973,
        "decode_id_token_time": 0.00024049000000037069,
        "complete_login_time": 0.01454511699999994,
        "dispatch_time": 0.059822718000000386
    },
    "t_user_18": {
        "redirect_time": 0.015310195999999943,
        "pkce_time": 5.221699999991e-05,
        "get_access_token_time": 0.012259166999999849,
        "decode_id_token_time": 0.0002600859999999372,
        "complete_login_time": 0.014425326999999655,
        "dispatch_time": 0.05525277199999934
    },
    "t_user_20": {
        "redirect_time": 0.014744884999999819,
        "pkce_time": 5.324900000003e-05,
        "get_access_token_time": 0.012909866000000214,
        "decode_id_token_time": 0.00023777499999955154,
        "complete_login_time": 0.015266178000000075,
        "dispatch_time": 0.060622770999999354
    },
    "t_user_21": {
        "redirect_time": 0.017464773000000156,
        "pkce_time": 6.948099999993e-05,
        "get_access_token_time": 0.012598580999999776,
        "decode_id_token_time": 0.00022988000000001563,
        "complete_login_time": 0.01407944299999997,
        "dispatch_time": 0.05531684700000028
    },
    "t_user_23": {
        "redirect_time": 0.015033996999999966,
        "pkce_time": 4.864000000016e-05,
        "get_access_token_time": 0.013214651000000188,
        "decode_id_token_time": 0.00024955700000006686,
        "complete_login_time": 0.014311669000000471,
        "dispatch_time": 0.05274954199999993
    },
    "t_user_22": {
        "redirect_time": 0.015133136999999852,
        "pkce_time": 5.634500000018e-05,
        "get_access_token_time": 0.012236513999999588,
        "decode_id_token_time": 0.00024072999999980027,
        "complete_login_time": 0.014157317000000447,
        "dispatch_time": 0.055209889000000345
    },
    "t_user_24": {
        "redirect_time": 0.015243171000000055,
        "pkce_time": 4.406199999996e-05,
        "get_access_token_time": 0.018083672000000384,
        "decode_id_token_time": 0.00027434300000006573,
        "complete_login_time": 0.015339525999999992,
        "dispatch_time": 0.05651755000000058
    },
    "t_user_26": {
        "redirect_time": 0.014738256000000005,
        "pkce_time": 4.959300000018e-05,
        "get_access_token_time": 0.012579307000000206,
        "decode_id_token_time": 0.00023165199999919395,
        "complete_login_time": 0.014881603000000077,
        "dispatch_time": 0.05080775199999987
    },
    "t_user_25": {
        "redirect_time": 0.018191384000000088,
        "pkce_time": 6.343799999997e-05,