{
    "t_user_1": {
        "redirect_time": 0.012524463999999957,
        "pkce_time": 4.1177e-05,
        "get_access_token_time": 0.01660079400000003,
        "decode_id_token_time": 0.00022871800000001663,
        "complete_login_time": 0.01326411499999991,
        "dispatch_time": 0.05118892499999994
    },
    "t_user_2": {
        "redirect_time": 0.013231361999999969,
        "pkce_time": 4.514499999997e-05,
        "get_access_token_time": 0.01146946400000004,
        "decode_id_token_time": 0.0007288629999999685,
        "complete_login_time": 0.014149045000000027,
        "dispatch_time": 0.05142485599999991
    },
    "t_user_3": {
        "redirect_time": 0.013128587999999941,
        "pkce_time": 4.4975e-05,
        "get_access_token_time": 0.010986751000000017,
        "decode_id_token_time": 0.00021189700000001643,
        "complete_login_time": 0.013065370000000076,
        "dispatch_time": 0.04548007300000001
    },
    "t_user_4": {
        "redirect_time": 0.013301806000000083,
        "pkce_time": 4.844100000001e-05,
        "get_access_token_time": 0.011484057999999964,
        "decode_id_token_time": 0.00021724599999994876,
        "complete_login_time": 0.012617557000000001,
        "dispatch_time": 0.050734965000000076
    },
    "t_user_5": {
        "redirect_time": 0.01258860500000003,
        "pkce_time": 5.917100000008e-05,
        "get_access_token_time": 0.010551403000000126,
        "decode_id_token_time": 0.00019175900000001356,
        "complete_login_time": 0.0123638479999999,
        "dispatch_time": 0.04871196
    },
    "t_user_6": {
        "redirect_time": 0.01337560900000001,
        "pkce_time": 4.614599999997e-05,
        "get_access_token_time": 0.010657429000000107,
        "decode_id_token_time": 0.0001955259999999459,
        "complete_login_time": 0.012102534999999914,
        "dispatch_time": 0.04394787
    },
    "t_user_7": {
        "redirect_time": 0.013198632000000154,
        "pkce_time": 4.216800000001e-05,
        "get_access_token_time": 0.010503107999999983,
        "decode_id_token_time": 0.00022390000000016563,
        "complete_login_time": 0.012643697999999981,
        "dispatch_time": 0.04457689500000006
    },
    "t_user_8": {
        "redirect_time": 0.01312118700000009,
        "pkce_time": 4.165699999992e-05,
        "get_access_token_time": 0.013346574000000055,
        "decode_id_token_time": 0.0002460000000001905,
        "complete_login_time": 0.01292910199999997,
        "dispatch_time": 0.04767292299999992
    },
    "t_user_9": {
        "redirect_time": 0.013958309999999807,
        "pkce_time": 4.876099999995e-05,
        "get_access_token_time": 0.010708523999999997,
        "decode_id_token_time": 0.000173705000000135,
        "complete_login_time": 0.012165173999999945,
        "dispatch_time": 0.04805482200000011
    },
    "t_user_10": {
        "redirect_time": 0.013399863000000067,
        "pkce_time": 5.238900000015e-05,
        "get_access_token_time": 0.011769175999999826,
        "decode_id_token_time": 0.00018661899999994347,
        "complete_login_time": 0.012446165000000065,
        "dispatch_time": 0.05132653099999995
    },
    "t_user_11": {
        "redirect_time": 0.013196458999999994,
        "pkce_time": 4.334100000003e-05,
        "get_access_token_time": 0.01155187000000013,
        "decode_id_token_time": 0.00019096699999998634,
        "complete_login_time": 0.012275661999999965,
        "dispatch_time": 0.04838469600000006
    },
    "t_user_12": {
        "redirect_time": 0.014048002999999865,
        "pkce_time": 4.692899999981e-05,
        "get_access_token_time": 0.011135125000000023,
        "decode_id_token_time": 0.00020126599999992223,
        "complete_login_time": 0.01615336299999992,
        "dispatch_time": 0.0504674159999996
    },
    "t_user_14": {
        "redirect_time": 0.013405254000000033,
        "pkce_time": 4.934200000006e-05,
        "get_access_token_time": 0.013702018000000038,
        "decode_id_token_time": 0.00020644499999988852,
        "complete_login_time": 0.012485048000000276,
        "dispatch_time": 0.04722464999999998
    },
    "t_user_13": {
        "redirect_time": 0.01465295599999994,
        "pkce_time": 4.257900000004e-05,
        "get_access_token_time": 0.010591361999999993,
        "decode_id_token_time": 0.00021328799999986714,
        "complete_login_time": 0.012999208999999734,
        "dispatch_time": 0.04960402400000019
    },
    "t_user_15": {
        "redirect_time": 0.016328416999999984,
        "pkce_time": 6.530199999988e-05,
        "get_access_token_time": 0.01096169800000002,
        "decode_id_token_time": 0.0001925799999997757,
        "complete_login_time": 0.015182149999999783,
        "dispatch_time": 0.0482245459999997
    },
    "t_user_16": {
        "redirect_time": 0.01327786799999986,
        "pkce_time": 4.127699999978e-05,
        "get_access_token_time": 0.011413308999999927,
        "decode_id_token_time": 0.000225711999999767,
        "complete_login_time": 0.013163416000000261,
        "dispatch_time": 0.048677788
    },
    "t_user_18": {
        "redirect_time": 0.013050824000000016,
        "pkce_time": 4.054500000006e-05,
        "get_access_token_time": 0.011478156999999989,
        "decode_id_token_time": 0.00018977400000030897,
        "complete_login_time": 0.01292696200000032,
        "dispatch_time": 0.04893749000000014
    },
    "t_user_17": {
        "redirect_time": 0.012631180000000075,
        "pkce_time": 4.331999999962e-05,
        "get_access_token_time": 0.010737108999999911,
        "decode_id_token_time": 0.00019579499999977656,
        "complete_login_time": 0.012762775999999754,
        "dispatch_time": 0.050704289000000013
    },
    "t_user_19": {
        "redirect_time": 0.01241984099999982,
        "pkce_time": 3.912300000009e-05,
        "get_access_token_time": 0.011343343000000061,
        "decode_id_token_time": 0.00021559199999998668,
        "complete_login_time": 0.013490803999999912,
        "dispatch_time": 0.05010406699999992
    },
    "t_user_20": {
        "redirect_time": 0.013189362999999954,
        "pkce_time": 4.043500000028e-05,
        "get_access_token_time": 0.011315737999999964,
        "decode_id_token_time": 0.00022615299999984018,
        "complete_login_time": 0.013741392000000019,
        "dispatch_time": 0.04957198300000032
    },
    "t_user_21": {
        "redirect_time": 0.016251207999999906,
        "pkce_time": 4.769900000001e-05,
        "get_access_token_time": 0.012313448000000005,
        "decode_id_token_time": 0.00023326500000031558,
        "complete_login_time": 0.013701501999999977,
        "dispatch_time": 0.049949451999999894
    },
    "t_user_22": {
        "redirect_time": 0.014399418999999636,
        "pkce_time": 4.229899999997e-05,
        "get_access_token_time": 0.01192512999999984,
        "decode_id_token_time": 0.00024675100000015604,
        "complete_login_time": 0.014111951999999928,
        "dispatch_time": 0.05689055300000012
    },
    "t_user_23": {
        "redirect_time": 0.013141521999999739,
        "pkce_time": 4.025500000004e-05,
        "get_access_token_time": 0.01059105700000007,
        "decode_id_token_time": 0.00021633500000017847,
        "complete_login_time": 0.0476783300000001,
        "dispatch_time": 0.08078216100000013
    },
    "t_user_24": {
        "redirect_time": 0.012764232999999958,
        "pkce_time": 4.010600000015e-05,
        "get_access_token_time": 0.011699050999999905,
        "decode_id_token_time": 0.0001823210000004849,
        "complete_login_time": 0.012345136999999617,
        "dispatch_time": 0.04533176599999944
    },
    "t_user_25": {
        "redirect_time": 0.017194548999999615,
        "pkce_time": 7.646400000016e-05,
        "get_access_token_time": 0.010933129999999736,
        "decode_id_token_time": 0.00019898199999968114,
        "complete_login_time": 0.012312406000000387,
        "dispatch_time": 0.04862675100000047
    },