{
    "t_user_1": {
        "redirect_time": 0.01299969599999995,
        "pkce_time": 4.552500000005e-05,
        "get_access_token_time": 0.012503760999999947,
        "decode_id_token_time": 0.00017348400000005704,
        "complete_login_time": 0.012915176000000028,
        "dispatch_time": 0.047295217000000056
    },
    "t_user_2": {
        "redirect_time": 0.012311644999999927,
        "pkce_time": 4.198900000008e-05,
        "get_access_token_time": 0.011495314000000034,
        "decode_id_token_time": 0.0006741909999999907,
        "complete_login_time": 0.014488253000000006,
        "dispatch_time": 0.05090889899999995
    },
    "t_user_3": {
        "redirect_time": 0.012585546000000059,
        "pkce_time": 4.263999999998e-05,
        "get_access_token_time": 0.01234957400000003,
        "decode_id_token_time": 0.0002331759999999461,
        "complete_login_time": 0.013373921999999983,
        "dispatch_time": 0.05349331199999996
    },
    "t_user_4": {
        "redirect_time": 0.013946950999999985,
        "pkce_time": 4.555500000003e-05,
        "get_access_token_time": 0.020037255999999948,
        "decode_id_token_time": 0.00021941000000003097,
        "complete_login_time": 0.013069396999999983,
        "dispatch_time": 0.055062176000000074
    },
    "t_user_5": {
        "redirect_time": 0.014289863999999985,
        "pkce_time": 4.708900000006e-05,
        "get_access_token_time": 0.010997645,
        "decode_id_token_time": 0.0002643639999999614,
        "complete_login_time": 0.012633137999999988,
        "dispatch_time": 0.04763290500000017
    },
    "t_user_6": {
        "redirect_time": 0.012679920000000067,
        "pkce_time": 4.217899999992e-05,
        "get_access_token_time": 0.011569007000000076,
        "decode_id_token_time": 0.00020185699999997198,
        "complete_login_time": 0.01228998899999989,
        "dispatch_time": 0.04615395599999994
    },
    "t_user_7": {
        "redirect_time": 0.012843888999999997,
        "pkce_time": 3.885299999995e-05,
        "get_access_token_time": 0.014083968000000002,
        "decode_id_token_time": 0.00023198299999993566,
        "complete_login_time": 0.01329963199999984,
        "dispatch_time": 0.049460748
    },
    "t_user_8": {
        "redirect_time": 0.013472414999999849,
        "pkce_time": 4.066600000008e-05,
        "get_access_token_time": 0.01210741999999998,
        "decode_id_token_time": 0.00020027499999986098,
        "complete_login_time": 0.012599322000000024,
        "dispatch_time": 0.04669780599999984
    },
    "t_user_9": {
        "redirect_time": 0.01536113699999997,
        "pkce_time": 5.853899999986e-05,
        "get_access_token_time": 0.013701799999999986,
        "decode_id_token_time": 0.00024598000000009,
        "complete_login_time": 0.014135178999999942,
        "dispatch_time": 0.055960862999999916
    },
    "t_user_10": {
        "redirect_time": 0.01415713399999996,
        "pkce_time": 4.549499999995e-05,
        "get_access_token_time": 0.024371895000000032,
        "decode_id_token_time": 0.00022978900000003577,
        "complete_login_time": 0.01330917399999998,
        "dispatch_time": 0.06179588199999997
    },
    "t_user_11": {
        "redirect_time": 0.012733187999999895,
        "pkce_time": 5.471199999985e-05,
        "get_access_token_time": 0.015076394000000048,
        "decode_id_token_time": 0.00022491100000010533,
        "complete_login_time": 0.014356910000000056,
        "dispatch_time": 0.05162265500000007
    },
    "t_user_12": {
        "redirect_time": 0.014472412000000157,
        "pkce_time": 4.025499999982e-05,
        "get_access_token_time": 0.01139591200000023,
        "decode_id_token_time": 0.0002260519999999211,
        "complete_login_time": 0.01688733099999995,
        "dispatch_time": 0.051542589999999944
    },
    "t_user_13": {
        "redirect_time": 0.01315563799999997,
        "pkce_time": 4.353200000007e-05,
        "get_access_token_time": 0.011074279999999881,
        "decode_id_token_time": 0.00022415900000005706,
        "complete_login_time": 0.017175415000000083,
        "dispatch_time": 0.051421957000000074
    },
    "t_user_14": {
        "redirect_time": 0.01292712099999993,
        "pkce_time": 5.0785e-05,
        "get_access_token_time": 0.01162581900000026,
        "decode_id_token_time": 0.0002165949999999306,
        "complete_login_time": 0.01584602199999985,
        "dispatch_time": 0.04901443999999966
    },
    "t_user_15": {
        "redirect_time": 0.014054412000000127,
        "pkce_time": 5.298900000028e-05,
        "get_access_token_time": 0.011117820000000389,
        "decode_id_token_time": 0.00018469599999981767,
        "complete_login_time": 0.01219068099999987,
        "dispatch_time": 0.05064584700000019
    },
    "t_user_16": {
        "redirect_time": 0.01367788499999989,
        "pkce_time": 7.106300000004e-05,
        "get_access_token_time": 0.013229089000000194,
        "decode_id_token_time": 0.00020033400000007973,
        "complete_login_time": 0.013152310000000167,
        "dispatch_time": 0.04871162899999959
    },
    "t_user_17": {
        "redirect_time": 0.013679611999999786,
        "pkce_time": 4.473399999982e-05,
        "get_access_token_time": 0.012989579000000084,
        "decode_id_token_time": 0.00017974600000014718,
        "complete_login_time": 0.012224298999999661,
        "dispatch_time": 0.047240300999999985
    },
    "t_user_18": {
        "redirect_time": 0.01332414199999965,
        "pkce_time": 4.747900000002e-05,
        "get_access_token_time": 0.010995131000000047,
        "decode_id_token_time": 0.00018649900000022868,
        "complete_login_time": 0.011789188999999922,
        "dispatch_time": 0.048474596999999786
    },
    "t_user_19": {
        "redirect_time": 0.012984161999999966,
        "pkce_time": 4.212900000011e-05,
        "get_access_token_time": 0.011018801000000078,
        "decode_id_token_time": 0.0001853359999999249,
        "complete_login_time": 0.012211521000000225,
        "dispatch_time": 0.04695155299999998
    },
    "t_user_20": {
        "redirect_time": 0.014319594999999907,
        "pkce_time": 4.510499999988e-05,
        "get_access_token_time": 0.012671332999999674,
        "decode_id_token_time": 0.00019498500000025842,
        "complete_login_time": 0.012890250000000325,
        "dispatch_time": 0.047780436999999676
    },
    "t_user_21": {
        "redirect_time": 0.012730239000000143,
        "pkce_time": 4.001500000017e-05,
        "get_access_token_time": 0.014819650999999823,
        "decode_id_token_time": 0.00020027400000000029,
        "complete_login_time": 0.013376057999999968,
        "dispatch_time": 0.05092407600000026
    },
    "t_user_22": {
        "redirect_time": 0.012784927999999862,
        "pkce_time": 4.97730000002e-05,
        "get_access_token_time": 0.010832345000000299,
        "decode_id_token_time": 0.00019181899999987095,
        "complete_login_time": 0.01261767200000019,
        "dispatch_time": 0.049805609999999945
    },
    "t_user_23": {
        "redirect_time": 0.013649237000000092,
        "pkce_time": 4.468300000005e-05,
        "get_access_token_time": 0.013668368000000264,
        "decode_id_token_time": 0.00020088499999992848,
        "complete_login_time": 0.013025975000000578,
        "dispatch_time": 0.050092186000000094
    },
    "t_user_24": {
        "redirect_time": 0.012807409999999742,
        "pkce_time": 3.856199999985e-05,
        "get_access_token_time": 0.011023310000000563,
        "decode_id_token_time": 0.00019031499999933033,
        "complete_login_time": 0.01354128400000043,
        "dispatch_time": 0.05388538399999998
    },
    "t_user_25": {
        "redirect_time": 0.012771650000000356,
        "pkce_time": 3.82120000002e-05,
        "get_access_token_time": 0.011171988999999272,
        "decode_id_token_time": 0.00018603800000072113,
        "complete_login_time": 0.012421267999999763,