{
    "t_user_1": {
        "redirect_time": 0.01453584699999999,
        "pkce_time": 4.788900000002e-05,
        "get_access_token_time": 0.011009399999999947,
        "decode_id_token_time": 0.0005974559999999407,
        "complete_login_time": 0.01439761000000006,
        "dispatch_time": 0.052876430000000085
    },
    "t_user_2": {
        "redirect_time": 0.012926790000000021,
        "pkce_time": 4.957200000011e-05,
        "get_access_token_time": 0.011235723000000197,
        "decode_id_token_time": 0.00020684599999998277,
        "complete_login_time": 0.013503451999999916,
        "dispatch_time": 0.05330222100000004
    },
    "t_user_3": {
        "redirect_time": 0.01285118900000004,
        "pkce_time": 4.425299999999e-05,
        "get_access_token_time": 0.010639590000000032,
        "decode_id_token_time": 0.00019797899999995927,
        "complete_login_time": 0.01231748899999996,
        "dispatch_time": 0.045254405
    },
    "t_user_4": {
        "redirect_time": 0.013317391999999928,
        "pkce_time": 4.230000000005e-05,
        "get_access_token_time": 0.012087408999999938,
        "decode_id_token_time": 0.00020211800000002889,
        "complete_login_time": 0.013613750999999952,
        "dispatch_time": 0.051207769000000014
    },
    "t_user_5": {
        "redirect_time": 0.012815503000000006,
        "pkce_time": 3.934299999997e-05,
        "get_access_token_time": 0.012012448000000009,
        "decode_id_token_time": 0.00019233900000004134,
        "complete_login_time": 0.012529801000000007,
        "dispatch_time": 0.04623784200000003
    },
    "t_user_6": {
        "redirect_time": 0.013127660999999957,
        "pkce_time": 3.865199999997e-05,
        "get_access_token_time": 0.018536308999999918,
        "decode_id_token_time": 0.00021939999999998072,
        "complete_login_time": 0.012675714999999865,
        "dispatch_time": 0.05286144699999995
    },
    "t_user_7": {
        "redirect_time": 0.01250844800000006,
        "pkce_time": 3.820099999996e-05,
        "get_access_token_time": 0.011923298999999998,
        "decode_id_token_time": 0.0001863179999999076,
        "complete_login_time": 0.011528423999999982,
        "dispatch_time": 0.044173862000000064
    },
    "t_user_8": {
        "redirect_time": 0.013728466999999966,
        "pkce_time": 4.4814e-05,
        "get_access_token_time": 0.01110906399999978,
        "decode_id_token_time": 0.0001899360000001682,
        "complete_login_time": 0.016596566000000035,
        "dispatch_time": 0.04986677900000003
    },
    "t_user_9": {
        "redirect_time": 0.013265410000000033,
        "pkce_time": 4.468300000005e-05,
        "get_access_token_time": 0.011112169000000005,
        "decode_id_token_time": 0.0001705480000000481,
        "complete_login_time": 0.014672186999999948,
        "dispatch_time": 0.04693076499999993
    },
    "t_user_10": {
        "redirect_time": 0.013541475000000025,
        "pkce_time": 4.193800000007e-05,
        "get_access_token_time": 0.010603666000000178,
        "decode_id_token_time": 0.00017678099999995922,
        "complete_login_time": 0.012441138000000018,
        "dispatch_time": 0.04489821900000002
    },
    "t_user_11": {
        "redirect_time": 0.012679213999999828,
        "pkce_time": 4.021499999984e-05,
        "get_access_token_time": 0.011344317999999909,
        "decode_id_token_time": 0.0001967780000002861,
        "complete_login_time": 0.012360213000000009,
        "dispatch_time": 0.04967980899999991
    },
    "t_user_12": {
        "redirect_time": 0.013748797999999951,
        "pkce_time": 4.085700000012e-05,
        "get_access_token_time": 0.011334170000000032,
        "decode_id_token_time": 0.00023113200000013379,
        "complete_login_time": 0.012757170999999623,
        "dispatch_time": 0.046829922000000135
    },
    "t_user_13": {
        "redirect_time": 0.01350456500000008,
        "pkce_time": 4.641699999985e-05,
        "get_access_token_time": 0.010469545000000302,
        "decode_id_token_time": 0.0001843450000000857,
        "complete_login_time": 0.016243722000000016,
        "dispatch_time": 0.04811396499999976
    },
    "t_user_14": {
        "redirect_time": 0.013498344000000051,
        "pkce_time": 4.557599999999e-05,
        "get_access_token_time": 0.014778221999999896,
        "decode_id_token_time": 0.0002226260000002256,
        "complete_login_time": 0.013322520000000004,
        "dispatch_time": 0.050069896000000114
    },
    "t_user_15": {
        "redirect_time": 0.013342644000000181,
        "pkce_time": 4.037600000029e-05,
        "get_access_token_time": 0.010532607000000027,
        "decode_id_token_time": 0.00020749799999997265,
        "complete_login_time": 0.012409465000000175,
        "dispatch_time": 0.044690145999999764
    },
    "t_user_16": {
        "redirect_time": 0.013235443000000124,
        "pkce_time": 4.25599999998e-05,
        "get_access_token_time": 0.010927253000000192,
        "decode_id_token_time": 0.00020905000000004392,
        "complete_login_time": 0.012273371000000033,
        "dispatch_time": 0.05068123400000024
    },
    "t_user_17": {
        "redirect_time": 0.013837103000000184,
        "pkce_time": 4.862100000036e-05,
        "get_access_token_time": 0.014247099999999957,
        "decode_id_token_time": 0.0002092120000001252,
        "complete_login_time": 0.012853717000000042,
        "dispatch_time": 0.04915614800000023
    },
    "t_user_18": {
        "redirect_time": 0.013692317999999926,
        "pkce_time": 4.175800000006e-05,
        "get_access_token_time": 0.015982792999999607,
        "decode_id_token_time": 0.00022031199999972273,
        "complete_login_time": 0.013281414000000158,
        "dispatch_time": 0.05081419399999998
    },
    "t_user_19": {
        "redirect_time": 0.014468616000000267,
        "pkce_time": 5.506300000002e-05,
        "get_access_token_time": 0.010378290000000234,
        "decode_id_token_time": 0.0001852769999999282,
        "complete_login_time": 0.011734324000000296,
        "dispatch_time": 0.04849458200000001
    },
    "t_user_20": {
        "redirect_time": 0.014029843999999958,
        "pkce_time": 4.360199999986e-05,
        "get_access_token_time": 0.014591708000000203,
        "decode_id_token_time": 0.00019350200000012308,
        "complete_login_time": 0.013003147000000048,
        "dispatch_time": 0.05063817700000017
    },
    "t_user_21": {
        "redirect_time": 0.01511071899999994,
        "pkce_time": 4.264099999984e-05,
        "get_access_token_time": 0.011788761000000036,
        "decode_id_token_time": 0.00022261599999984227,
        "complete_login_time": 0.017895140999999892,
        "dispatch_time": 0.05207047099999995
    },
    "t_user_22": {
        "redirect_time": 0.012825495999999603,
        "pkce_time": 4.710799999996e-05,
        "get_access_token_time": 0.010693750999999807,
        "decode_id_token_time": 0.00020579499999984208,
        "complete_login_time": 0.012030817999999943,
        "dispatch_time": 0.04585368999999995
    },
    "t_user_23": {
        "redirect_time": 0.013475377000000233,
        "pkce_time": 4.047500000004e-05,
        "get_access_token_time": 0.012166026000000052,
        "decode_id_token_time": 0.00019451299999984073,
        "complete_login_time": 0.012848273999999993,
        "dispatch_time": 0.053196173999999985
    },
    "t_user_24": {
        "redirect_time": 0.012911381999999971,
        "pkce_time": 3.900200000029e-05,
        "get_access_token_time": 0.011468901999999837,
        "decode_id_token_time": 0.0001669409999998095,
        "complete_login_time": 0.011700348000000194,
        "dispatch_time": 0.04870011500000038
    },
    "t_user_25": {
        "redirect_time": 0.013276883999999711,
        "pkce_time": 4.778799999983e-05,
        "get_access_token_time": 0.010804498999999801,
        "decode_id_token_time": 0.00018792100000020184,
        "complete_login_time": 0.011835421999999873,