{
    "t_user_1": {
        "redirect_time": 0.013756241000000002,
        "pkce_time": 4.211799999998e-05,
        "get_access_token_time": 0.01701966899999996,
        "decode_id_token_time": 0.00018268099999996235,
        "complete_login_time": 0.012670653000000032,
        "dispatch_time": 0.05217983100000001
    },
    "t_user_2": {
        "redirect_time": 0.012321597000000017,
        "pkce_time": 3.609699999996e-05,
        "get_access_token_time": 0.010518484999999966,
        "decode_id_token_time": 0.00042767900000006964,
        "complete_login_time": 0.013427742000000076,
        "dispatch_time": 0.04555376099999997
    },
    "t_user_3": {
        "redirect_time": 0.013266518999999977,
        "pkce_time": 5.538399999994e-05,
        "get_access_token_time": 0.01182319300000001,
        "decode_id_token_time": 0.0006603849999999856,
        "complete_login_time": 0.01439761499999992,
        "dispatch_time": 0.055492530999999956
    },
    "t_user_4": {
        "redirect_time": 0.013925678999999969,
        "pkce_time": 4.549499999995e-05,
        "get_access_token_time": 0.011216292999999933,
        "decode_id_token_time": 0.00019185899999996092,
        "complete_login_time": 0.012412419000000008,
        "dispatch_time": 0.048493302000000016
    },
    "t_user_5": {
        "redirect_time": 0.013445709999999944,
        "pkce_time": 4.206900000003e-05,
        "get_access_token_time": 0.010596307999999999,
        "decode_id_token_time": 0.0001925390000001581,
        "complete_login_time": 0.012077120999999913,
        "dispatch_time": 0.04585011899999991
    },
    "t_user_6": {
        "redirect_time": 0.01267261800000008,
        "pkce_time": 3.959399999998e-05,
        "get_access_token_time": 0.010500927000000049,
        "decode_id_token_time": 0.0002498770000001205,
        "complete_login_time": 0.012825902999999972,
        "dispatch_time": 0.044681234999999875
    },
    "t_user_7": {
        "redirect_time": 0.012803537000000142,
        "pkce_time": 4.318000000003e-05,
        "get_access_token_time": 0.011439975999999907,
        "decode_id_token_time": 0.00018937400000007543,
        "complete_login_time": 0.012326231999999937,
        "dispatch_time": 0.04714281600000003
    },
    "t_user_8": {
        "redirect_time": 0.013393375000000152,
        "pkce_time": 4.730800000008e-05,
        "get_access_token_time": 0.011449225000000007,
        "decode_id_token_time": 0.00019269899999985185,
        "complete_login_time": 0.012616782000000049,
        "dispatch_time": 0.0463560409999999
    },
    "t_user_9": {
        "redirect_time": 0.013127497000000155,
        "pkce_time": 4.604699999988e-05,
        "get_access_token_time": 0.013900537999999907,
        "decode_id_token_time": 0.0001975290000000296,
        "complete_login_time": 0.01229818199999988,
        "dispatch_time": 0.047375682999999835
    },
    "t_user_10": {
        "redirect_time": 0.013501951000000068,
        "pkce_time": 5.917199999983e-05,
        "get_access_token_time": 0.010809298000000078,
        "decode_id_token_time": 0.0002126180000001643,
        "complete_login_time": 0.01674406400000006,
        "dispatch_time": 0.04862823099999991
    },
    "t_user_11": {
        "redirect_time": 0.012847250999999948,
        "pkce_time": 4.329099999989e-05,
        "get_access_token_time": 0.010783003000000013,
        "decode_id_token_time": 0.00019634800000001285,
        "complete_login_time": 0.016326300999999876,
        "dispatch_time": 0.04792637200000005
    },
    "t_user_12": {
        "redirect_time": 0.013036583000000102,
        "pkce_time": 4.206900000003e-05,
        "get_access_token_time": 0.010822182999999708,
        "decode_id_token_time": 0.0002045919999997814,
        "complete_login_time": 0.012975663000000193,
        "dispatch_time": 0.046237525
    },
    "t_user_14": {
        "redirect_time": 0.013390691000000121,
        "pkce_time": 4.294999999988e-05,
        "get_access_token_time": 0.012919482000000038,
        "decode_id_token_time": 0.00022567099999992735,
        "complete_login_time": 0.012842873999999949,
        "dispatch_time": 0.04831776199999993
    },
    "t_user_13": {
        "redirect_time": 0.01274463800000003,
        "pkce_time": 4.245000000003e-05,
        "get_access_token_time": 0.01079474299999994,
        "decode_id_token_time": 0.00019506499999977223,
        "complete_login_time": 0.012769841999999976,
        "dispatch_time": 0.045912733999999844
    },
    "t_user_15": {
        "redirect_time": 0.013335473999999792,
        "pkce_time": 4.555500000025e-05,
        "get_access_token_time": 0.011022542999999718,
        "decode_id_token_time": 0.0002204719999996385,
        "complete_login_time": 0.01299943300000006,
        "dispatch_time": 0.04573417399999968
    },
    "t_user_16": {
        "redirect_time": 0.012843700999999985,
        "pkce_time": 4.720900000033e-05,
        "get_access_token_time": 0.011111687000000092,
        "decode_id_token_time": 0.00020035500000004092,
        "complete_login_time": 0.015193022000000056,
        "dispatch_time": 0.04859272499999978
    },
    "t_user_17": {
        "redirect_time": 0.013005157999999906,
        "pkce_time": 6.200599999984e-05,
        "get_access_token_time": 0.01087365699999987,
        "decode_id_token_time": 0.00018194000000004706,
        "complete_login_time": 0.012942436999999973,
        "dispatch_time": 0.04972283399999977
    },
    "t_user_18": {
        "redirect_time": 0.01383317400000017,
        "pkce_time": 4.204800000007e-05,
        "get_access_token_time": 0.011885486999999806,
        "decode_id_token_time": 0.0002509480000001396,
        "complete_login_time": 0.020554875999999833,
        "dispatch_time": 0.05611262900000025
    },
    "t_user_19": {
        "redirect_time": 0.013828388999999941,
        "pkce_time": 8.626099999987e-05,
        "get_access_token_time": 0.011144444000000142,
        "decode_id_token_time": 0.000266236999999947,
        "complete_login_time": 0.019963815999999746,
        "dispatch_time": 0.054729549000000155
    },
    "t_user_20": {
        "redirect_time": 0.013298033999999959,
        "pkce_time": 3.998400000027e-05,
        "get_access_token_time": 0.010674790000000378,
        "decode_id_token_time": 0.0001986420000004152,
        "complete_login_time": 0.01208240699999985,
        "dispatch_time": 0.04558051400000007
    },
    "t_user_21": {
        "redirect_time": 0.014311063000000068,
        "pkce_time": 5.214799999997e-05,
        "get_access_token_time": 0.011157002000000027,
        "decode_id_token_time": 0.00018735000000003055,
        "complete_login_time": 0.011827691999999779,
        "dispatch_time": 0.04845508399999998
    },
    "t_user_22": {
        "redirect_time": 0.014829806999999917,
        "pkce_time": 5.113500000009e-05,
        "get_access_token_time": 0.011000118000000114,
        "decode_id_token_time": 0.0002137900000001025,
        "complete_login_time": 0.01309188799999994,
        "dispatch_time": 0.05028392000000004
    },
    "t_user_23": {
        "redirect_time": 0.014804080999999858,
        "pkce_time": 5.104599999983e-05,
        "get_access_token_time": 0.011671912999999812,
        "decode_id_token_time": 0.0002262530000001206,
        "complete_login_time": 0.012799451999999878,
        "dispatch_time": 0.04845688699999995
    },
    "t_user_24": {
        "redirect_time": 0.013764231999999765,
        "pkce_time": 4.025500000004e-05,
        "get_access_token_time": 0.011280122999999698,
        "decode_id_token_time": 0.0001938419999998331,
        "complete_login_time": 0.014883032000000185,
        "dispatch_time": 0.04910872700000013
    },
    "t_user_26": {
        "redirect_time": 0.012699832000000022,
        "pkce_time": 4.072700000002e-05,
        "get_access_token_time": 0.011684491999999658,
        "decode_id_token_time": 0.00019362200000028196,
        "complete_login_time": 0.012378639000000469,