{
    "t_user_1": {
        "redirect_time": 0.012502133999999998,
        "pkce_time": 4.052599999999e-05,
        "get_access_token_time": 0.013601919999999934,
        "decode_id_token_time": 0.0007074119999999073,
        "complete_login_time": 0.013650322000000048,
        "dispatch_time": 0.04976815499999998
    },
    "t_user_2": {
        "redirect_time": 0.01340570799999996,
        "pkce_time": 4.627699999993e-05,
        "get_access_token_time": 0.010686848999999832,
        "decode_id_token_time": 0.00021167500000007777,
        "complete_login_time": 0.017039483000000022,
        "dispatch_time": 0.04845338499999996
    },
    "t_user_3": {
        "redirect_time": 0.015008315999999966,
        "pkce_time": 6.457100000001e-05,
        "get_access_token_time": 0.012090890000000076,
        "decode_id_token_time": 0.00017858500000000888,
        "complete_login_time": 0.012146277000000039,
        "dispatch_time": 0.05022230899999991
    },
    "t_user_4": {
        "redirect_time": 0.013282409999999967,
        "pkce_time": 4.132700000004e-05,
        "get_access_token_time": 0.011456995999999942,
        "decode_id_token_time": 0.00019970300000005103,
        "complete_login_time": 0.013419925,
        "dispatch_time": 0.047177833
    },
    "t_user_5": {
        "redirect_time": 0.012414217000000005,
        "pkce_time": 3.564700000003e-05,
        "get_access_token_time": 0.010667117000000004,
        "decode_id_token_time": 0.00017747200000006735,
        "complete_login_time": 0.01199187700000004,
        "dispatch_time": 0.047662935999999934
    },
    "t_user_6": {
        "redirect_time": 0.013137314000000067,
        "pkce_time": 4.268000000007e-05,
        "get_access_token_time": 0.011495223000000054,
        "decode_id_token_time": 0.0002059960000000416,
        "complete_login_time": 0.01337743300000005,
        "dispatch_time": 0.05123208899999998
    },
    "t_user_7": {
        "redirect_time": 0.013268966000000049,
        "pkce_time": 5.392100000001e-05,
        "get_access_token_time": 0.01113637699999992,
        "decode_id_token_time": 0.00019676800000012484,
        "complete_login_time": 0.013506087999999972,
        "dispatch_time": 0.04705236200000007
    },
    "t_user_8": {
        "redirect_time": 0.013609147000000155,
        "pkce_time": 3.937300000012e-05,
        "get_access_token_time": 0.011041990000000057,
        "decode_id_token_time": 0.00018678900000002052,
        "complete_login_time": 0.011892955999999844,
        "dispatch_time": 0.049474665000000195
    },
    "t_user_9": {
        "redirect_time": 0.013862376999999926,
        "pkce_time": 4.435300000005e-05,
        "get_access_token_time": 0.012382934999999984,
        "decode_id_token_time": 0.00020842000000009797,
        "complete_login_time": 0.012795273999999912,
        "dispatch_time": 0.04705108400000002
    },
    "t_user_10": {
        "redirect_time": 0.013511103999999996,
        "pkce_time": 4.920100000017e-05,
        "get_access_token_time": 0.016149375000000354,
        "decode_id_token_time": 0.00019520500000025365,
        "complete_login_time": 0.012573982999999789,
        "dispatch_time": 0.051667786999999965
    },
    "t_user_11": {
        "redirect_time": 0.012895000999999962,
        "pkce_time": 4.28899999998e-05,
        "get_access_token_time": 0.011389415000000014,
        "decode_id_token_time": 0.00027191799999970456,
        "complete_login_time": 0.014743639000000197,
        "dispatch_time": 0.04977228
    },
    "t_user_12": {
        "redirect_time": 0.014282525000000046,
        "pkce_time": 3.949400000014e-05,
        "get_access_token_time": 0.011776946999999982,
        "decode_id_token_time": 0.00022158399999971934,
        "complete_login_time": 0.012968496000000052,
        "dispatch_time": 0.05801221900000009
    },
    "t_user_13": {
        "redirect_time": 0.013613902000000122,
        "pkce_time": 5.141600000003e-05,
        "get_access_token_time": 0.010724425999999898,
        "decode_id_token_time": 0.00019242000000030401,
        "complete_login_time": 0.012192248999999933,
        "dispatch_time": 0.05140926300000004
    },
    "t_user_14": {
        "redirect_time": 0.01596324199999999,
        "pkce_time": 4.84810000001e-05,
        "get_access_token_time": 0.011621273999999904,
        "decode_id_token_time": 0.00023658199999987417,
        "complete_login_time": 0.014281383000000147,
        "dispatch_time": 0.049445310999999936
    },
    "t_user_15": {
        "redirect_time": 0.013203592999999847,
        "pkce_time": 4.144799999994e-05,
        "get_access_token_time": 0.01145455499999981,
        "decode_id_token_time": 0.00026214000000024384,
        "complete_login_time": 0.01901109699999992,
        "dispatch_time": 0.05573512199999975
    },
    "t_user_16": {
        "redirect_time": 0.014179099999999778,
        "pkce_time": 4.292999999977e-05,
        "get_access_token_time": 0.011400232999999815,
        "decode_id_token_time": 0.00018935499999983563,
        "complete_login_time": 0.012485862000000125,
        "dispatch_time": 0.04970752799999989
    },
    "t_user_17": {
        "redirect_time": 0.0221569370000001,
        "pkce_time": 4.919200000009e-05,
        "get_access_token_time": 0.012157924999999903,
        "decode_id_token_time": 0.0002222060000001136,
        "complete_login_time": 0.013327798000000168,
        "dispatch_time": 0.05269326800000007
    },
    "t_user_18": {
        "redirect_time": 0.013628068999999687,
        "pkce_time": 4.579599999976e-05,
        "get_access_token_time": 0.011085463999999767,
        "decode_id_token_time": 0.00020668599999984494,
        "complete_login_time": 0.012277434000000031,
        "dispatch_time": 0.0466392739999999
    },
    "t_user_19": {
        "redirect_time": 0.016812186000000118,
        "pkce_time": 4.630600000022e-05,
        "get_access_token_time": 0.010666172000000085,
        "decode_id_token_time": 0.00020953199999995675,
        "complete_login_time": 0.012694522999999958,
        "dispatch_time": 0.04481913400000037
    },
    "t_user_20": {
        "redirect_time": 0.013329243000000268,
        "pkce_time": 4.37820000001e-05,
        "get_access_token_time": 0.010849660000000316,
        "decode_id_token_time": 0.00018253200000017955,
        "complete_login_time": 0.01234193699999997,
        "dispatch_time": 0.045048049000000034
    },
    "t_user_21": {
        "redirect_time": 0.014193962000000226,
        "pkce_time": 4.133699999986e-05,
        "get_access_token_time": 0.011668264000000317,
        "decode_id_token_time": 0.00020208799999998917,
        "complete_login_time": 0.01524234900000021,
        "dispatch_time": 0.048878949000000116
    },
    "t_user_22": {
        "redirect_time": 0.013594680000000192,
        "pkce_time": 4.074599999981e-05,
        "get_access_token_time": 0.010768168999999883,
        "decode_id_token_time": 0.00018427500000006702,
        "complete_login_time": 0.011714978999999737,
        "dispatch_time": 0.04407834499999996
    },
    "t_user_23": {
        "redirect_time": 0.012986285999999847,
        "pkce_time": 4.085700000012e-05,
        "get_access_token_time": 0.0119675159999999,
        "decode_id_token_time": 0.00019917299999994142,
        "complete_login_time": 0.01389998200000031,
        "dispatch_time": 0.05012169700000024
    },
    "t_user_24": {
        "redirect_time": 0.01422544200000031,
        "pkce_time": 4.291000000034e-05,
        "get_access_token_time": 0.01152765099999975,
        "decode_id_token_time": 0.0002842410000001294,
        "complete_login_time": 0.013824316000000003,
        "dispatch_time": 0.05731196299999963
    },
    "t_user_25": {
        "redirect_time": 0.013908839000000395,
        "pkce_time": 4.451400000027e-05,
        "get_access_token_time": 0.010674548999999978,
        "decode_id_token_time": 0.00018430399999935787,
        "complete_login_time": 0.012291998000000248,