{
    "t_user_1": {
        "redirect_time": 0.012868129000000006,
        "pkce_time": 3.844200000003e-05,
        "get_access_token_time": 0.012175616000000056,
        "decode_id_token_time": 0.0002050239999999981,
        "complete_login_time": 0.013335865000000058,
        "dispatch_time": 0.051557642999999986
    },
    "t_user_2": {
        "redirect_time": 0.01296776799999999,
        "pkce_time": 4.159799999992e-05,
        "get_access_token_time": 0.011337178999999975,
        "decode_id_token_time": 0.0006351170000000739,
        "complete_login_time": 0.014680657999999958,
        "dispatch_time": 0.05404181500000005
    },
    "t_user_3": {
        "redirect_time": 0.014626585999999997,
        "pkce_time": 7.099200000005e-05,
        "get_access_token_time": 0.010650103999999994,
        "decode_id_token_time": 0.00018804199999999938,
        "complete_login_time": 0.014324646000000052,
        "dispatch_time": 0.046361878999999995
    },
    "t_user_4": {
        "redirect_time": 0.012464820999999904,
        "pkce_time": 4.261000000005e-05,
        "get_access_token_time": 0.012463153000000005,
        "decode_id_token_time": 0.00020081500000002084,
        "complete_login_time": 0.016638896999999986,
        "dispatch_time": 0.052639270000000016
    },
    "t_user_5": {
        "redirect_time": 0.013709124999999989,
        "pkce_time": 4.720800000002e-05,
        "get_access_token_time": 0.011497701999999999,
        "decode_id_token_time": 0.00020389100000017812,
        "complete_login_time": 0.013787597999999956,
        "dispatch_time": 0.048248344
    },
    "t_user_6": {
        "redirect_time": 0.01324146599999998,
        "pkce_time": 5.824899999995e-05,
        "get_access_token_time": 0.011376164000000077,
        "decode_id_token_time": 0.0002581740000000554,
        "complete_login_time": 0.020510822999999956,
        "dispatch_time": 0.05407776100000006
    },
    "t_user_7": {
        "redirect_time": 0.013326133000000073,
        "pkce_time": 4.186899999992e-05,
        "get_access_token_time": 0.011026063000000086,
        "decode_id_token_time": 0.00018539700000008708,
        "complete_login_time": 0.012227901000000152,
        "dispatch_time": 0.05056627300000005
    },
    "t_user_8": {
        "redirect_time": 0.013511349999999922,
        "pkce_time": 0.00024612099999999,
        "get_access_token_time": 0.010792608000000037,
        "decode_id_token_time": 0.00019477400000011968,
        "complete_login_time": 0.011968140000000016,
        "dispatch_time": 0.04881329199999995
    },
    "t_user_9": {
        "redirect_time": 0.013637619000000045,
        "pkce_time": 4.141699999982e-05,
        "get_access_token_time": 0.011588313000000072,
        "decode_id_token_time": 0.00020437300000009095,
        "complete_login_time": 0.012227259999999962,
        "dispatch_time": 0.047199103000000076
    },
    "t_user_10": {
        "redirect_time": 0.013614494000000033,
        "pkce_time": 4.130799999991e-05,
        "get_access_token_time": 0.010497114999999946,
        "decode_id_token_time": 0.0002249010000001661,
        "complete_login_time": 0.018924638000000105,
        "dispatch_time": 0.05023607600000002
    },
    "t_user_11": {
        "redirect_time": 0.013691119000000196,
        "pkce_time": 4.51749999999e-05,
        "get_access_token_time": 0.014334978999999581,
        "decode_id_token_time": 0.0001931510000003911,
        "complete_login_time": 0.012043110000000024,
        "dispatch_time": 0.04797684199999974
    },
    "t_user_12": {
        "redirect_time": 0.013987183000000014,
        "pkce_time": 4.25799999999e-05,
        "get_access_token_time": 0.011066744999999933,
        "decode_id_token_time": 0.00022056199999997972,
        "complete_login_time": 0.012774455000000184,
        "dispatch_time": 0.051908628999999706
    },
    "t_user_13": {
        "redirect_time": 0.013801422999999868,
        "pkce_time": 4.417299999981e-05,
        "get_access_token_time": 0.011610146999999849,
        "decode_id_token_time": 0.00028183700000017353,
        "complete_login_time": 0.01669536100000002,
        "dispatch_time": 0.05266843599999982
    },
    "t_user_15": {
        "redirect_time": 0.013574074999999963,
        "pkce_time": 4.589600000005e-05,
        "get_access_token_time": 0.015204468000000304,
        "decode_id_token_time": 0.00019824100000009892,
        "complete_login_time": 0.012681321000000079,
        "dispatch_time": 0.05000689799999991
    },
    "t_user_14": {
        "redirect_time": 0.014727697999999734,
        "pkce_time": 5.399199999978e-05,
        "get_access_token_time": 0.023251128999999704,
        "decode_id_token_time": 0.00022088299999989403,
        "complete_login_time": 0.012996670999999793,
        "dispatch_time": 0.061877790000000044
    },
    "t_user_16": {
        "redirect_time": 0.014067534000000048,
        "pkce_time": 4.123700000003e-05,
        "get_access_token_time": 0.014372856999999684,
        "decode_id_token_time": 0.00022307800000032074,
        "complete_login_time": 0.013692078000000052,
        "dispatch_time": 0.04958737999999974
    },
    "t_user_17": {
        "redirect_time": 0.017272887000000292,
        "pkce_time": 5.931099999978e-05,
        "get_access_token_time": 0.014675582000000187,
        "decode_id_token_time": 0.00020284000000003743,
        "complete_login_time": 0.012865233999999948,
        "dispatch_time": 0.05049259000000017
    },
    "t_user_18": {
        "redirect_time": 0.016385480999999924,
        "pkce_time": 4.303100000014e-05,
        "get_access_token_time": 0.01192227300000015,
        "decode_id_token_time": 0.000213278000000372,
        "complete_login_time": 0.013277570000000072,
        "dispatch_time": 0.04924682800000024
    },
    "t_user_19": {
        "redirect_time": 0.012798635999999863,
        "pkce_time": 3.916399999992e-05,
        "get_access_token_time": 0.011133998000000034,
        "decode_id_token_time": 0.0002023580000001246,
        "complete_login_time": 0.012694883999999629,
        "dispatch_time": 0.05248103900000034
    },
    "t_user_20": {
        "redirect_time": 0.01507803100000027,
        "pkce_time": 4.95220000003e-05,
        "get_access_token_time": 0.019165773000000108,
        "decode_id_token_time": 0.00024719200000022923,
        "complete_login_time": 0.01440968999999992,
        "dispatch_time": 0.05815772100000016
    },
    "t_user_21": {
        "redirect_time": 0.014347694000000022,
        "pkce_time": 4.310100000016e-05,
        "get_access_token_time": 0.013923699999999872,
        "decode_id_token_time": 0.00022640300000009717,
        "complete_login_time": 0.01284528500000004,
        "dispatch_time": 0.04874952599999993
    },
    "t_user_22": {
        "redirect_time": 0.013877648999999881,
        "pkce_time": 4.823999999992e-05,
        "get_access_token_time": 0.011508641999999902,
        "decode_id_token_time": 0.0002125369999999016,
        "complete_login_time": 0.012798644000000081,
        "dispatch_time": 0.04701659799999991
    },
    "t_user_23": {
        "redirect_time": 0.014485848999999718,
        "pkce_time": 4.52740000001e-05,
        "get_access_token_time": 0.013294838000000198,
        "decode_id_token_time": 0.00020250800000010116,
        "complete_login_time": 0.01239378499999999,
        "dispatch_time": 0.04874880699999995
    },
    "t_user_24": {
        "redirect_time": 0.013063309000000078,
        "pkce_time": 4.336000000027e-05,
        "get_access_token_time": 0.011064113999999847,
        "decode_id_token_time": 0.0002141700000004576,
        "complete_login_time": 0.013269889000000035,
        "dispatch_time": 0.07869380599999953
    },
    "t_user_25": {
        "redirect_time": 0.01467411899999993,
        "pkce_time": 4.713800000022e-05,
        "get_access_token_time": 0.010985075999999871,
        "decode_id_token_time": 0.00019554599999960232,
        "complete_login_time": 0.011847807000000543,