{
    "t_user_1": {
        "redirect_time": 0.01282541399999998,
        "pkce_time": 4.367199999999e-05,
        "get_access_token_time": 0.011029263999999928,
        "decode_id_token_time": 0.0006240149999999778,
        "complete_login_time": 0.014307782000000047,
        "dispatch_time": 0.052260815000000016
    },
    "t_user_2": {
        "redirect_time": 0.012978875000000056,
        "pkce_time": 4.408200000006e-05,
        "get_access_token_time": 0.010870244000000029,
        "decode_id_token_time": 0.0002098619999999496,
        "complete_login_time": 0.011974074000000057,
        "dispatch_time": 0.04411246599999996
    },
    "t_user_3": {
        "redirect_time": 0.013340636000000017,
        "pkce_time": 4.871100000003e-05,
        "get_access_token_time": 0.01151797099999996,
        "decode_id_token_time": 0.00018456500000008091,
        "complete_login_time": 0.012879218000000026,
        "dispatch_time": 0.050370874000000065
    },
    "t_user_4": {
        "redirect_time": 0.012469159000000007,
        "pkce_time": 3.892399999994e-05,
        "get_access_token_time": 0.011820708999999985,
        "decode_id_token_time": 0.00017819300000010418,
        "complete_login_time": 0.012082384000000057,
        "dispatch_time": 0.04496981700000002
    },
    "t_user_5": {
        "redirect_time": 0.012716543000000025,
        "pkce_time": 3.993499999999e-05,
        "get_access_token_time": 0.010925661000000031,
        "decode_id_token_time": 0.00020280899999991497,
        "complete_login_time": 0.013163753000000056,
        "dispatch_time": 0.045631144999999984
    },
    "t_user_6": {
        "redirect_time": 0.012396093999999969,
        "pkce_time": 3.853200000004e-05,
        "get_access_token_time": 0.015597826999999898,
        "decode_id_token_time": 0.00022820600000006408,
        "complete_login_time": 0.012767391999999989,
        "dispatch_time": 0.05124434
    },
    "t_user_7": {
        "redirect_time": 0.015340763000000202,
        "pkce_time": 4.306099999996e-05,
        "get_access_token_time": 0.011031664999999968,
        "decode_id_token_time": 0.0002083299999999788,
        "complete_login_time": 0.012982644999999904,
        "dispatch_time": 0.04650308000000014
    },
    "t_user_8": {
        "redirect_time": 0.013892736000000072,
        "pkce_time": 4.972300000006e-05,
        "get_access_token_time": 0.0138146509999999,
        "decode_id_token_time": 0.0001989520000000855,
        "complete_login_time": 0.014000685999999929,
        "dispatch_time": 0.05027286600000003
    },
    "t_user_10": {
        "redirect_time": 0.01389885000000013,
        "pkce_time": 4.881199999995e-05,
        "get_access_token_time": 0.01103927700000007,
        "decode_id_token_time": 0.000214762000000146,
        "complete_login_time": 0.012950000000000017,
        "dispatch_time": 0.05713591799999995
    },
    "t_user_9": {
        "redirect_time": 0.016273136000000132,
        "pkce_time": 4.680800000001e-05,
        "get_access_token_time": 0.011140444000000027,
        "decode_id_token_time": 0.00020448200000000583,
        "complete_login_time": 0.012760443000000121,
        "dispatch_time": 0.046444527999999874
    },
    "t_user_11": {
        "redirect_time": 0.01414442699999996,
        "pkce_time": 7.160399999995e-05,
        "get_access_token_time": 0.01140000799999985,
        "decode_id_token_time": 0.00020195799999989106,
        "complete_login_time": 0.015792524000000085,
        "dispatch_time": 0.049409217999999866
    },
    "t_user_12": {
        "redirect_time": 0.012755821000000056,
        "pkce_time": 4.174700000004e-05,
        "get_access_token_time": 0.010590288999999586,
        "decode_id_token_time": 0.0001817710000002748,
        "complete_login_time": 0.011796158000000112,
        "dispatch_time": 0.0437224249999999
    },
    "t_user_14": {
        "redirect_time": 0.019062899999999994,
        "pkce_time": 4.435299999983e-05,
        "get_access_token_time": 0.01052242399999992,
        "decode_id_token_time": 0.00019365200000009963,
        "complete_login_time": 0.011702274000000124,
        "dispatch_time": 0.04383313099999997
    },
    "t_user_13": {
        "redirect_time": 0.012605113999999862,
        "pkce_time": 4.170799999992e-05,
        "get_access_token_time": 0.01155256299999996,
        "decode_id_token_time": 0.00017524800000012775,
        "complete_login_time": 0.012297264999999946,
        "dispatch_time": 0.04935581999999972
    },
    "t_user_15": {
        "redirect_time": 0.01513958800000026,
        "pkce_time": 4.931300000033e-05,
        "get_access_token_time": 0.011269272999999913,
        "decode_id_token_time": 0.00020912099999970124,
        "complete_login_time": 0.015572839999999921,
        "dispatch_time": 0.04871020899999978
    },
    "t_user_16": {
        "redirect_time": 0.016913691999999703,
        "pkce_time": 4.28910000001e-05,
        "get_access_token_time": 0.011721485999999892,
        "decode_id_token_time": 0.00019961299999993187,
        "complete_login_time": 0.016332491000000005,
        "dispatch_time": 0.04984531800000003
    },
    "t_user_17": {
        "redirect_time": 0.012949595999999897,
        "pkce_time": 4.312100000003e-05,
        "get_access_token_time": 0.011000235000000025,
        "decode_id_token_time": 0.0002190400000001702,
        "complete_login_time": 0.012959452999999677,
        "dispatch_time": 0.045353565000000096
    },
    "t_user_18": {
        "redirect_time": 0.013062031999999668,
        "pkce_time": 5.523399999996e-05,
        "get_access_token_time": 0.011890167000000229,
        "decode_id_token_time": 0.0001830520000001279,
        "complete_login_time": 0.012579586999999837,
        "dispatch_time": 0.046935523999999784
    },
    "t_user_19": {
        "redirect_time": 0.014768203000000035,
        "pkce_time": 4.401299999968e-05,
        "get_access_token_time": 0.010758798000000347,
        "decode_id_token_time": 0.00018325200000024466,
        "complete_login_time": 0.012276416999999817,
        "dispatch_time": 0.044170036000000135
    },
    "t_user_20": {
        "redirect_time": 0.013208710000000234,
        "pkce_time": 7.020199999985e-05,
        "get_access_token_time": 0.011671590000000176,
        "decode_id_token_time": 0.00020913100000008455,
        "complete_login_time": 0.012247523000000093,
        "dispatch_time": 0.049212677999999954
    },
    "t_user_21": {
        "redirect_time": 0.014501602000000169,
        "pkce_time": 4.453300000007e-05,
        "get_access_token_time": 0.010823833999999977,
        "decode_id_token_time": 0.00018774099999996352,
        "complete_login_time": 0.01163284299999967,
        "dispatch_time": 0.0459958730000003
    },
    "t_user_22": {
        "redirect_time": 0.01378893300000028,
        "pkce_time": 5.154699999999e-05,
        "get_access_token_time": 0.014154738000000222,
        "decode_id_token_time": 0.00021119500000033042,
        "complete_login_time": 0.013134229999999913,
        "dispatch_time": 0.051427417999999836
    },
    "t_user_23": {
        "redirect_time": 0.017972438000000146,
        "pkce_time": 4.345099999981e-05,
        "get_access_token_time": 0.011923969999999784,
        "decode_id_token_time": 0.00018166999999991162,
        "complete_login_time": 0.01294218299999983,
        "dispatch_time": 0.05282621199999982
    },
    "t_user_24": {
        "redirect_time": 0.013429015000000266,
        "pkce_time": 5.65159999999e-05,
        "get_access_token_time": 0.011389079000000635,
        "decode_id_token_time": 0.00020734699999991335,
        "complete_login_time": 0.01293426600000025,
        "dispatch_time": 0.08354652600000012
    },
    "t_user_25": {
        "redirect_time": 0.012754606000000113,
        "pkce_time": 4.583499999988e-05,
        "get_access_token_time": 0.01095030299999955,
        "decode_id_token_time": 0.00019216899999996429,
        "complete_login_time": 0.015573700999999218,