{
    "t_user_1": {
        "redirect_time": 0.01342602599999998,
        "pkce_time": 4.448299999998e-05,
        "get_access_token_time": 0.010510271000000015,
        "decode_id_token_time": 0.000179095000000018,
        "complete_login_time": 0.012441328000000196,
        "dispatch_time": 0.043696053999999984
    },
    "t_user_2": {
        "redirect_time": 0.012910298999999958,
        "pkce_time": 4.141700000004e-05,
        "get_access_token_time": 0.013838205999999964,
        "decode_id_token_time": 0.0007063320000000317,
        "complete_login_time": 0.013882235000000076,
        "dispatch_time": 0.05102580100000009
    },
    "t_user_3": {
        "redirect_time": 0.013436775000000067,
        "pkce_time": 3.978400000004e-05,
        "get_access_token_time": 0.015700402000000002,
        "decode_id_token_time": 0.0002593949999999401,
        "complete_login_time": 0.013542745999999939,
        "dispatch_time": 0.052314329999999964
    },
    "t_user_4": {
        "redirect_time": 0.012723676999999989,
        "pkce_time": 5.039399999995e-05,
        "get_access_token_time": 0.010994704000000022,
        "decode_id_token_time": 0.0001859880000000258,
        "complete_login_time": 0.012422611999999944,
        "dispatch_time": 0.04527827100000004
    },
    "t_user_5": {
        "redirect_time": 0.012786807000000011,
        "pkce_time": 3.9974e-05,
        "get_access_token_time": 0.012329148000000067,
        "decode_id_token_time": 0.00020927999999997837,
        "complete_login_time": 0.01785576099999986,
        "dispatch_time": 0.056126754
    },
    "t_user_6": {
        "redirect_time": 0.012773134999999991,
        "pkce_time": 4.052499999996e-05,
        "get_access_token_time": 0.017846836000000144,
        "decode_id_token_time": 0.00020753800000017364,
        "complete_login_time": 0.013235020000000208,
        "dispatch_time": 0.05318582999999988
    },
    "t_user_7": {
        "redirect_time": 0.013027908999999949,
        "pkce_time": 4.708799999997e-05,
        "get_access_token_time": 0.01161654500000009,
        "decode_id_token_time": 0.00019863999999980564,
        "complete_login_time": 0.012183115999999883,
        "dispatch_time": 0.046660248000000015
    },
    "t_user_8": {
        "redirect_time": 0.01317494099999994,
        "pkce_time": 4.2981e-05,
        "get_access_token_time": 0.012406788000000057,
        "decode_id_token_time": 0.00019681800000004301,
        "complete_login_time": 0.011886252000000042,
        "dispatch_time": 0.049219683000000014
    },
    "t_user_9": {
        "redirect_time": 0.013868650999999899,
        "pkce_time": 5.733699999988e-05,
        "get_access_token_time": 0.010543952000000134,
        "decode_id_token_time": 0.00017265299999991157,
        "complete_login_time": 0.015199659999999948,
        "dispatch_time": 0.04647849599999998
    },
    "t_user_10": {
        "redirect_time": 0.012892157000000015,
        "pkce_time": 4.384200000018e-05,
        "get_access_token_time": 0.013522234999999938,
        "decode_id_token_time": 0.00020317000000003027,
        "complete_login_time": 0.012998282999999944,
        "dispatch_time": 0.05531427499999997
    },
    "t_user_11": {
        "redirect_time": 0.014422119000000011,
        "pkce_time": 4.61559999998e-05,
        "get_access_token_time": 0.01229792800000018,
        "decode_id_token_time": 0.00019856100000037458,
        "complete_login_time": 0.012768698999999994,
        "dispatch_time": 0.04877868400000018
    },
    "t_user_12": {
        "redirect_time": 0.013278238999999914,
        "pkce_time": 3.909299999982e-05,
        "get_access_token_time": 0.01509941200000009,
        "decode_id_token_time": 0.0002239989999996972,
        "complete_login_time": 0.01361243099999987,
        "dispatch_time": 0.05259351499999987
    },
    "t_user_13": {
        "redirect_time": 0.013804048999999985,
        "pkce_time": 4.289999999996e-05,
        "get_access_token_time": 0.011058747999999952,
        "decode_id_token_time": 0.00025479700000019534,
        "complete_login_time": 0.013456837999999749,
        "dispatch_time": 0.04977976400000017
    },
    "t_user_14": {
        "redirect_time": 0.012387177999999999,
        "pkce_time": 3.807099999986e-05,
        "get_access_token_time": 0.011079365000000063,
        "decode_id_token_time": 0.00019967300000001131,
        "complete_login_time": 0.012450516999999994,
        "dispatch_time": 0.04656159500000001
    },
    "t_user_15": {
        "redirect_time": 0.015410568000000069,
        "pkce_time": 6.121400000003e-05,
        "get_access_token_time": 0.0111142670000004,
        "decode_id_token_time": 0.0002065770000001521,
        "complete_login_time": 0.012797056999999779,
        "dispatch_time": 0.04700774900000004
    },
    "t_user_16": {
        "redirect_time": 0.01373634800000012,
        "pkce_time": 4.570499999978e-05,
        "get_access_token_time": 0.011045848000000191,
        "decode_id_token_time": 0.00019946299999995531,
        "complete_login_time": 0.012522386999999746,
        "dispatch_time": 0.045944592999999756
    },
    "t_user_17": {
        "redirect_time": 0.014135105999999897,
        "pkce_time": 4.450299999981e-05,
        "get_access_token_time": 0.01334038400000015,
        "decode_id_token_time": 0.00018985499999990552,
        "complete_login_time": 0.011989848999999886,
        "dispatch_time": 0.046293882000000064
    },
    "t_user_18": {
        "redirect_time": 0.01320230599999972,
        "pkce_time": 3.917300000023e-05,
        "get_access_token_time": 0.011397008999999958,
        "decode_id_token_time": 0.0001846050000002819,
        "complete_login_time": 0.01194290500000017,
        "dispatch_time": 0.044882498999999854
    },
    "t_user_19": {
        "redirect_time": 0.013549516999999955,
        "pkce_time": 5.718599999982e-05,
        "get_access_token_time": 0.011006006999999762,
        "decode_id_token_time": 0.00019062699999983224,
        "complete_login_time": 0.012148864999999898,
        "dispatch_time": 0.044472014999999754
    },
    "t_user_20": {
        "redirect_time": 0.012714612000000347,
        "pkce_time": 3.708999999974e-05,
        "get_access_token_time": 0.011138921999999774,
        "decode_id_token_time": 0.00017955599999996963,
        "complete_login_time": 0.012392506000000303,
        "dispatch_time": 0.04500814999999969
    },
    "t_user_21": {
        "redirect_time": 0.017569458000000093,
        "pkce_time": 4.372200000002e-05,
        "get_access_token_time": 0.011252584000000176,
        "decode_id_token_time": 0.0001741260000001077,
        "complete_login_time": 0.013823240999999875,
        "dispatch_time": 0.04721468400000006
    },
    "t_user_22": {
        "redirect_time": 0.012962188000000374,
        "pkce_time": 4.402199999998e-05,
        "get_access_token_time": 0.013050553000000242,
        "decode_id_token_time": 0.0001823210000000408,
        "complete_login_time": 0.012550618999999763,
        "dispatch_time": 0.046947117000000205
    },
    "t_user_23": {
        "redirect_time": 0.013902251000000199,
        "pkce_time": 4.338200000031e-05,
        "get_access_token_time": 0.011843540000000097,
        "decode_id_token_time": 0.0001969779999999588,
        "complete_login_time": 0.012941356999999876,
        "dispatch_time": 0.053469301999999885
    },
    "t_user_24": {
        "redirect_time": 0.014220379000000172,
        "pkce_time": 4.152700000004e-05,
        "get_access_token_time": 0.010582220000000753,
        "decode_id_token_time": 0.00017872399999951938,
        "complete_login_time": 0.011665348000000186,
        "dispatch_time": 0.04447125400000029
    },
    "t_user_25": {
        "redirect_time": 0.01265201799999982,
        "pkce_time": 3.837100000004e-05,
        "get_access_token_time": 0.012422881999999191,
        "decode_id_token_time": 0.0002318939999996772,
        "complete_login_time": 0.014482458999999892,