{
    "t_user_1": {
        "redirect_time": 0.012614281000000005,
        "pkce_time": 4.075599999998e-05,
        "get_access_token_time": 0.011272039000000067,
        "decode_id_token_time": 0.00020777900000013005,
        "complete_login_time": 0.012023445999999938,
        "dispatch_time": 0.045620060999999934
    },
    "t_user_2": {
        "redirect_time": 0.013106333999999942,
        "pkce_time": 4.257899999993e-05,
        "get_access_token_time": 0.01142724000000006,
        "decode_id_token_time": 0.00017330399999992974,
        "complete_login_time": 0.012748007000000006,
        "dispatch_time": 0.05106528999999993
    },
    "t_user_3": {
        "redirect_time": 0.012510127999999954,
        "pkce_time": 3.813100000005e-05,
        "get_access_token_time": 0.011123911999999958,
        "decode_id_token_time": 0.00018338299999998142,
        "complete_login_time": 0.012635638999999976,
        "dispatch_time": 0.04541874899999987
    },
    "t_user_4": {
        "redirect_time": 0.012950747999999956,
        "pkce_time": 4.198799999999e-05,
        "get_access_token_time": 0.0112158160000001,
        "decode_id_token_time": 0.0007239540000000266,
        "complete_login_time": 0.014486962999999964,
        "dispatch_time": 0.05307526100000004
    },
    "t_user_5": {
        "redirect_time": 0.013533855000000039,
        "pkce_time": 4.439300000003e-05,
        "get_access_token_time": 0.013601339000000046,
        "decode_id_token_time": 0.00019633699999999088,
        "complete_login_time": 0.01307651200000004,
        "dispatch_time": 0.048755251
    },
    "t_user_6": {
        "redirect_time": 0.015861707000000003,
        "pkce_time": 5.386100000004e-05,
        "get_access_token_time": 0.014679238000000039,
        "decode_id_token_time": 0.00017815300000001422,
        "complete_login_time": 0.01191033599999991,
        "dispatch_time": 0.050577910000000115
    },
    "t_user_7": {
        "redirect_time": 0.013676754999999985,
        "pkce_time": 4.384199999996e-05,
        "get_access_token_time": 0.011441441999999968,
        "decode_id_token_time": 0.00018565700000006125,
        "complete_login_time": 0.011986503000000148,
        "dispatch_time": 0.04443258800000005
    },
    "t_user_8": {
        "redirect_time": 0.01279117800000007,
        "pkce_time": 3.794199999985e-05,
        "get_access_token_time": 0.01171635300000018,
        "decode_id_token_time": 0.00018122900000006048,
        "complete_login_time": 0.012594345999999979,
        "dispatch_time": 0.051839645000000045
    },
    "t_user_9": {
        "redirect_time": 0.013823059999999998,
        "pkce_time": 4.207899999997e-05,
        "get_access_token_time": 0.01092128300000006,
        "decode_id_token_time": 0.00021578400000010767,
        "complete_login_time": 0.015121272000000019,
        "dispatch_time": 0.04770597700000012
    },
    "t_user_10": {
        "redirect_time": 0.013727127999999977,
        "pkce_time": 4.540500000005e-05,
        "get_access_token_time": 0.011523230999999967,
        "decode_id_token_time": 0.0002316630000001041,
        "complete_login_time": 0.014059193000000025,
        "dispatch_time": 0.04910001500000005
    },
    "t_user_11": {
        "redirect_time": 0.013409994999999952,
        "pkce_time": 4.746900000008e-05,
        "get_access_token_time": 0.01086374099999965,
        "decode_id_token_time": 0.0002181670000003244,
        "complete_login_time": 0.012554095000000043,
        "dispatch_time": 0.05092472999999975
    },
    "t_user_12": {
        "redirect_time": 0.013217031000000157,
        "pkce_time": 4.331099999999e-05,
        "get_access_token_time": 0.010391883000000046,
        "decode_id_token_time": 0.0001935920000000202,
        "complete_login_time": 0.012291970000000152,
        "dispatch_time": 0.04778582000000009
    },
    "t_user_13": {
        "redirect_time": 0.013053449999999911,
        "pkce_time": 4.324000000011e-05,
        "get_access_token_time": 0.013547292999999794,
        "decode_id_token_time": 0.0002577220000001823,
        "complete_login_time": 0.013274845000000202,
        "dispatch_time": 0.04867519999999992
    },
    "t_user_14": {
        "redirect_time": 0.014057402999999802,
        "pkce_time": 5.000399999999e-05,
        "get_access_token_time": 0.01136004299999982,
        "decode_id_token_time": 0.0002150520000001599,
        "complete_login_time": 0.012929525000000108,
        "dispatch_time": 0.05119655099999987
    },
    "t_user_15": {
        "redirect_time": 0.016499304999999964,
        "pkce_time": 4.816100000005e-05,
        "get_access_token_time": 0.011491722000000149,
        "decode_id_token_time": 0.00020769900000017216,
        "complete_login_time": 0.0124342559999997,
        "dispatch_time": 0.053507066999999964
    },
    "t_user_16": {
        "redirect_time": 0.014088780000000245,
        "pkce_time": 4.945299999992e-05,
        "get_access_token_time": 0.011196393000000082,
        "decode_id_token_time": 0.00018742999999998844,
        "complete_login_time": 0.015275665999999966,
        "dispatch_time": 0.04887035200000023
    },
    "t_user_17": {
        "redirect_time": 0.013221383999999947,
        "pkce_time": 4.057599999996e-05,
        "get_access_token_time": 0.010774130999999798,
        "decode_id_token_time": 0.00019450399999998425,
        "complete_login_time": 0.011996213999999839,
        "dispatch_time": 0.04435353100000006
    },
    "t_user_18": {
        "redirect_time": 0.013052626000000345,
        "pkce_time": 4.564500000015e-05,
        "get_access_token_time": 0.012551334999999941,
        "decode_id_token_time": 0.00030232500000026974,
        "complete_login_time": 0.024349080999999995,
        "dispatch_time": 0.0597644690000001
    },
    "t_user_19": {
        "redirect_time": 0.013900213999999966,
        "pkce_time": 4.160800000008e-05,
        "get_access_token_time": 0.011338937000000104,
        "decode_id_token_time": 0.00021679500000004737,
        "complete_login_time": 0.012782620999999939,
        "dispatch_time": 0.048087644999999846
    },
    "t_user_20": {
        "redirect_time": 0.013195792999999956,
        "pkce_time": 7.895800000002e-05,
        "get_access_token_time": 0.010559948000000041,
        "decode_id_token_time": 0.00025192100000026585,
        "complete_login_time": 0.012777369999999788,
        "dispatch_time": 0.04862523200000002
    },
    "t_user_21": {
        "redirect_time": 0.0128749530000003,
        "pkce_time": 4.254999999986e-05,
        "get_access_token_time": 0.01126657799999986,
        "decode_id_token_time": 0.00019629700000001193,
        "complete_login_time": 0.015517532000000056,
        "dispatch_time": 0.048288399999999676
    },
    "t_user_22": {
        "redirect_time": 0.012556437000000198,
        "pkce_time": 4.041600000004e-05,
        "get_access_token_time": 0.011463527000000084,
        "decode_id_token_time": 0.00021452199999982824,
        "complete_login_time": 0.012197768999999692,
        "dispatch_time": 0.04546842400000006
    },
    "t_user_23": {
        "redirect_time": 0.016043008000000025,
        "pkce_time": 4.963300000016e-05,
        "get_access_token_time": 0.010812284000000005,
        "decode_id_token_time": 0.0003284230000000221,
        "complete_login_time": 0.014173521999999661,
        "dispatch_time": 0.047943888999999906
    },
    "t_user_24": {
        "redirect_time": 0.013621565999999863,
        "pkce_time": 4.614699999994e-05,
        "get_access_token_time": 0.01074957199999993,
        "decode_id_token_time": 0.00022674399999988992,
        "complete_login_time": 0.013342429000000156,
        "dispatch_time": 0.04653359299999993
    },
    "t_user_25": {
        "redirect_time": 0.012869818999999616,
        "pkce_time": 4.088599999985e-05,
        "get_access_token_time": 0.011098788999999165,
        "decode_id_token_time": 0.00021265799999969914,
        "complete_login_time": 0.015113583000000652,