{
    "t_user_1": {
        "redirect_time": 0.01559453700000002,
        "pkce_time": 4.979300000002e-05,
        "get_access_token_time": 0.010374896000000078,
        "decode_id_token_time": 0.0001913279999998796,
        "complete_login_time": 0.011776846000000063,
        "dispatch_time": 0.04778471200000012
    },
    "t_user_2": {
        "redirect_time": 0.012790783000000028,
        "pkce_time": 4.44329999999e-05,
        "get_access_token_time": 0.011079331000000026,
        "decode_id_token_time": 0.0006400859999999842,
        "complete_login_time": 0.013520803000000026,
        "dispatch_time": 0.05195105600000005
    },
    "t_user_3": {
        "redirect_time": 0.012461249000000008,
        "pkce_time": 3.642800000003e-05,
        "get_access_token_time": 0.011086144999999936,
        "decode_id_token_time": 0.00019753000000000132,
        "complete_login_time": 0.012761037999999947,
        "dispatch_time": 0.04970414199999995
    },
    "t_user_4": {
        "redirect_time": 0.012589425000000043,
        "pkce_time": 4.063599999993e-05,
        "get_access_token_time": 0.012059696000000009,
        "decode_id_token_time": 0.00018908300000008982,
        "complete_login_time": 0.012328772000000043,
        "dispatch_time": 0.04536152900000001
    },
    "t_user_5": {
        "redirect_time": 0.012894347000000028,
        "pkce_time": 4.042500000001e-05,
        "get_access_token_time": 0.013246639000000004,
        "decode_id_token_time": 0.00016171200000003605,
        "complete_login_time": 0.01168708900000004,
        "dispatch_time": 0.04581663199999997
    },
    "t_user_6": {
        "redirect_time": 0.012580982000000018,
        "pkce_time": 3.975500000009e-05,
        "get_access_token_time": 0.010952247999999942,
        "decode_id_token_time": 0.00019436299999986417,
        "complete_login_time": 0.012218150000000039,
        "dispatch_time": 0.05322291299999993
    },
    "t_user_7": {
        "redirect_time": 0.013868288000000062,
        "pkce_time": 4.037499999998e-05,
        "get_access_token_time": 0.010632412000000091,
        "decode_id_token_time": 0.0001751169999999469,
        "complete_login_time": 0.012042117000000019,
        "dispatch_time": 0.043521456999999986
    },
    "t_user_8": {
        "redirect_time": 0.012769107000000002,
        "pkce_time": 3.564599999994e-05,
        "get_access_token_time": 0.010919496999999945,
        "decode_id_token_time": 0.00019042499999999407,
        "complete_login_time": 0.01388504299999993,
        "dispatch_time": 0.04610104799999992
    },
    "t_user_9": {
        "redirect_time": 0.013405503999999846,
        "pkce_time": 5.822899999997e-05,
        "get_access_token_time": 0.01056776199999998,
        "decode_id_token_time": 0.0001991120000000013,
        "complete_login_time": 0.014494849000000087,
        "dispatch_time": 0.046758812999999844
    },
    "t_user_10": {
        "redirect_time": 0.012993797000000029,
        "pkce_time": 4.010599999993e-05,
        "get_access_token_time": 0.011762335000000013,
        "decode_id_token_time": 0.00020306999999997188,
        "complete_login_time": 0.01260254500000002,
        "dispatch_time": 0.04948172500000014
    },
    "t_user_11": {
        "redirect_time": 0.014021889999999981,
        "pkce_time": 4.010399999999e-05,
        "get_access_token_time": 0.014988390000000074,
        "decode_id_token_time": 0.0002240890000000384,
        "complete_login_time": 0.012853906999999998,
        "dispatch_time": 0.05228405700000005
    },
    "t_user_12": {
        "redirect_time": 0.013390363000000072,
        "pkce_time": 3.853200000004e-05,
        "get_access_token_time": 0.011013326000000045,
        "decode_id_token_time": 0.00019898200000012523,
        "complete_login_time": 0.01212753099999997,
        "dispatch_time": 0.04709085200000018
    },
    "t_user_13": {
        "redirect_time": 0.012798737000000004,
        "pkce_time": 3.475500000016e-05,
        "get_access_token_time": 0.010886318999999922,
        "decode_id_token_time": 0.0001954350000001881,
        "complete_login_time": 0.015564063000000239,
        "dispatch_time": 0.04868059700000016
    },
    "t_user_14": {
        "redirect_time": 0.012398986,
        "pkce_time": 3.5746e-05,
        "get_access_token_time": 0.010840908999999677,
        "decode_id_token_time": 0.00023405700000012075,
        "complete_login_time": 0.012715962999999775,
        "dispatch_time": 0.0466278400000002
    },
    "t_user_15": {
        "redirect_time": 0.013931524999999834,
        "pkce_time": 4.565500000009e-05,
        "get_access_token_time": 0.011842144000000054,
        "decode_id_token_time": 0.0002129380000002179,
        "complete_login_time": 0.013005867999999587,
        "dispatch_time": 0.050757851999999826
    },
    "t_user_16": {
        "redirect_time": 0.013177613999999949,
        "pkce_time": 3.913300000002e-05,
        "get_access_token_time": 0.012008165999999765,
        "decode_id_token_time": 0.00019603600000017707,
        "complete_login_time": 0.016811618000000195,
        "dispatch_time": 0.05160259300000014
    },
    "t_user_17": {
        "redirect_time": 0.013231030999999671,
        "pkce_time": 3.964300000003e-05,
        "get_access_token_time": 0.010613091000000185,
        "decode_id_token_time": 0.00020052499999989593,
        "complete_login_time": 0.012163433000000001,
        "dispatch_time": 0.0488162889999999
    },
    "t_user_18": {
        "redirect_time": 0.013705808999999736,
        "pkce_time": 4.05859999999e-05,
        "get_access_token_time": 0.011243891999999978,
        "decode_id_token_time": 0.00022906799999988792,
        "complete_login_time": 0.01224759200000003,
        "dispatch_time": 0.047290859999999935
    },
    "t_user_19": {
        "redirect_time": 0.013574622999999786,
        "pkce_time": 4.352199999991e-05,
        "get_access_token_time": 0.01138066300000018,
        "decode_id_token_time": 0.0002114559999997212,
        "complete_login_time": 0.012567197000000085,
        "dispatch_time": 0.04648160899999976
    },
    "t_user_20": {
        "redirect_time": 0.01274828699999997,
        "pkce_time": 3.8231e-05,
        "get_access_token_time": 0.013315534000000184,
        "decode_id_token_time": 0.0003377620000000192,
        "complete_login_time": 0.021452367999999833,
        "dispatch_time": 0.058335323999999744
    },
    "t_user_21": {
        "redirect_time": 0.012499120000000197,
        "pkce_time": 3.936299999996e-05,
        "get_access_token_time": 0.011508810999999675,
        "decode_id_token_time": 0.0002190799999999271,
        "complete_login_time": 0.012811850000000291,
        "dispatch_time": 0.04887568200000025
    },
    "t_user_22": {
        "redirect_time": 0.017415150999999796,
        "pkce_time": 7.925900000005e-05,
        "get_access_token_time": 0.011342653000000258,
        "decode_id_token_time": 0.000220543000000184,
        "complete_login_time": 0.01354785199999986,
        "dispatch_time": 0.04967824300000023
    },
    "t_user_23": {
        "redirect_time": 0.013142211999999986,
        "pkce_time": 4.83990000002e-05,
        "get_access_token_time": 0.014341267999999907,
        "decode_id_token_time": 0.00022956900000004055,
        "complete_login_time": 0.013231139999999808,
        "dispatch_time": 0.05029130300000029
    },
    "t_user_24": {
        "redirect_time": 0.013887216000000091,
        "pkce_time": 4.50540000001e-05,
        "get_access_token_time": 0.013599727999999978,
        "decode_id_token_time": 0.00022743599999941466,
        "complete_login_time": 0.013632841999999812,
        "dispatch_time": 0.05075952099999981
    },
    "t_user_25": {
        "redirect_time": 0.014048614999999653,
        "pkce_time": 4.370100000006e-05,
        "get_access_token_time": 0.014246657000000162,
        "decode_id_token_time": 0.0002269940000001469,
        "complete_login_time": 0.013812609000000364,