{
    "t_user_1": {
        "redirect_time": 0.013758802999999986,
        "pkce_time": 4.920200000003e-05,
        "get_access_token_time": 0.010878064000000132,
        "decode_id_token_time": 0.0001960770000000167,
        "complete_login_time": 0.012632654999999993,
        "dispatch_time": 0.04564491999999998
    },
    "t_user_2": {
        "redirect_time": 0.01564034000000003,
        "pkce_time": 5.323899999998e-05,
        "get_access_token_time": 0.01564670800000001,
        "decode_id_token_time": 0.0005905840000000051,
        "complete_login_time": 0.013859409000000045,
        "dispatch_time": 0.05286576700000001
    },
    "t_user_3": {
        "redirect_time": 0.013488483999999912,
        "pkce_time": 5.884999999994e-05,
        "get_access_token_time": 0.01135187900000001,
        "decode_id_token_time": 0.0002077279999999071,
        "complete_login_time": 0.01641264600000003,
        "dispatch_time": 0.051693806000000064
    },
    "t_user_4": {
        "redirect_time": 0.014018712000000044,
        "pkce_time": 4.628799999995e-05,
        "get_access_token_time": 0.01665021,
        "decode_id_token_time": 0.00020345099999996563,
        "complete_login_time": 0.012938169999999971,
        "dispatch_time": 0.05213629399999997
    },
    "t_user_5": {
        "redirect_time": 0.012701644999999928,
        "pkce_time": 4.029500000002e-05,
        "get_access_token_time": 0.011505937000000022,
        "decode_id_token_time": 0.00020834999999996828,
        "complete_login_time": 0.013014006999999994,
        "dispatch_time": 0.048768087000000016
    },
    "t_user_6": {
        "redirect_time": 0.013195924999999997,
        "pkce_time": 5.151599999997e-05,
        "get_access_token_time": 0.011159241999999958,
        "decode_id_token_time": 0.00019098700000008684,
        "complete_login_time": 0.012236802999999963,
        "dispatch_time": 0.04593086599999996
    },
    "t_user_7": {
        "redirect_time": 0.012759903999999933,
        "pkce_time": 4.110699999993e-05,
        "get_access_token_time": 0.011407634,
        "decode_id_token_time": 0.00025140999999995195,
        "complete_login_time": 0.015599397000000126,
        "dispatch_time": 0.05006843500000002
    },
    "t_user_8": {
        "redirect_time": 0.014489536000000136,
        "pkce_time": 4.666799999997e-05,
        "get_access_token_time": 0.011335450999999885,
        "decode_id_token_time": 0.0001914579999999777,
        "complete_login_time": 0.012151954000000131,
        "dispatch_time": 0.053238216000000005
    },
    "t_user_9": {
        "redirect_time": 0.013841551999999924,
        "pkce_time": 4.307000000003e-05,
        "get_access_token_time": 0.010763568999999862,
        "decode_id_token_time": 0.00019671799999998463,
        "complete_login_time": 0.012180969999999958,
        "dispatch_time": 0.05066026400000001
    },
    "t_user_10": {
        "redirect_time": 0.012461991000000117,
        "pkce_time": 4.206900000003e-05,
        "get_access_token_time": 0.010915836999999984,
        "decode_id_token_time": 0.00020113499999996343,
        "complete_login_time": 0.01255175800000008,
        "dispatch_time": 0.04536435500000002
    },
    "t_user_11": {
        "redirect_time": 0.014395056999999989,
        "pkce_time": 5.269800000018e-05,
        "get_access_token_time": 0.011111957000000228,
        "decode_id_token_time": 0.00019074699999999112,
        "complete_login_time": 0.01183739500000014,
        "dispatch_time": 0.045100332000000076
    },
    "t_user_12": {
        "redirect_time": 0.014779563000000051,
        "pkce_time": 4.620599999994e-05,
        "get_access_token_time": 0.011005260999999766,
        "decode_id_token_time": 0.00018556600000030343,
        "complete_login_time": 0.011816508999999975,
        "dispatch_time": 0.04473957699999964
    },
    "t_user_13": {
        "redirect_time": 0.014351828999999983,
        "pkce_time": 5.072400000006e-05,
        "get_access_token_time": 0.01094021199999995,
        "decode_id_token_time": 0.0001765799999997597,
        "complete_login_time": 0.012020173000000245,
        "dispatch_time": 0.04472646799999991
    },
    "t_user_14": {
        "redirect_time": 0.014030959000000065,
        "pkce_time": 4.859000000002e-05,
        "get_access_token_time": 0.011307022,
        "decode_id_token_time": 0.00021713599999984012,
        "complete_login_time": 0.012695433999999839,
        "dispatch_time": 0.04667761199999987
    },
    "t_user_15": {
        "redirect_time": 0.014653993000000032,
        "pkce_time": 4.517500000034e-05,
        "get_access_token_time": 0.011117764000000196,
        "decode_id_token_time": 0.00019156799999997531,
        "complete_login_time": 0.014722982000000329,
        "dispatch_time": 0.047688991999999875
    },
    "t_user_16": {
        "redirect_time": 0.013233757999999707,
        "pkce_time": 4.959299999996e-05,
        "get_access_token_time": 0.014801848000000284,
        "decode_id_token_time": 0.00020008399999982274,
        "complete_login_time": 0.012929966000000181,
        "dispatch_time": 0.05197388000000025
    },
    "t_user_17": {
        "redirect_time": 0.01393788099999993,
        "pkce_time": 5.618500000004e-05,
        "get_access_token_time": 0.010815876000000113,
        "decode_id_token_time": 0.00019786000000010517,
        "complete_login_time": 0.015227229999999814,
        "dispatch_time": 0.04732226199999978
    },
    "t_user_18": {
        "redirect_time": 0.015203712000000369,
        "pkce_time": 4.759800000009e-05,
        "get_access_token_time": 0.010599166999999632,
        "decode_id_token_time": 0.00018893300000000224,
        "complete_login_time": 0.014140314000000043,
        "dispatch_time": 0.04724453200000012
    },
    "t_user_19": {
        "redirect_time": 0.014105557999999796,
        "pkce_time": 4.453299999962e-05,
        "get_access_token_time": 0.011777551999999858,
        "decode_id_token_time": 0.000235369999999957,
        "complete_login_time": 0.01394824200000011,
        "dispatch_time": 0.05313105599999979
    },
    "t_user_20": {
        "redirect_time": 0.013762461000000226,
        "pkce_time": 4.522399999995e-05,
        "get_access_token_time": 0.010785863000000173,
        "decode_id_token_time": 0.00018597700000011486,
        "complete_login_time": 0.012660593999999747,
        "dispatch_time": 0.04546390999999961
    },
    "t_user_21": {
        "redirect_time": 0.01453251600000005,
        "pkce_time": 4.436299999977e-05,
        "get_access_token_time": 0.011209232000000124,
        "decode_id_token_time": 0.00021104499999990978,
        "complete_login_time": 0.016041811000000017,
        "dispatch_time": 0.04817062500000002
    },
    "t_user_22": {
        "redirect_time": 0.012657397999999986,
        "pkce_time": 4.089700000032e-05,
        "get_access_token_time": 0.011018028999999707,
        "decode_id_token_time": 0.00020914999999988027,
        "complete_login_time": 0.012105956000000084,
        "dispatch_time": 0.044456816999999926
    },
    "t_user_23": {
        "redirect_time": 0.0135488210000001,
        "pkce_time": 4.727799999982e-05,
        "get_access_token_time": 0.010429104999999605,
        "decode_id_token_time": 0.00020027500000008303,
        "complete_login_time": 0.011974047999999904,
        "dispatch_time": 0.04450625600000002
    },
    "t_user_24": {
        "redirect_time": 0.014668955999999955,
        "pkce_time": 4.311000000001e-05,
        "get_access_token_time": 0.013262067000000322,
        "decode_id_token_time": 0.0002031999999996259,
        "complete_login_time": 0.012600350000000482,
        "dispatch_time": 0.04789798399999956
    },
    "t_user_25": {
        "redirect_time": 0.013382894000000256,
        "pkce_time": 4.000500000023e-05,
        "get_access_token_time": 0.011158327000000412,
        "decode_id_token_time": 0.00020681600000038713,
        "complete_login_time": 0.01231591200000004,