{
    "t_user_1": {
        "redirect_time": 0.013227019000000007,
        "pkce_time": 3.9915e-05,
        "get_access_token_time": 0.012157558999999818,
        "decode_id_token_time": 0.00019665799999990519,
        "complete_login_time": 0.01262741799999989,
        "dispatch_time": 0.05219231499999999
    },
    "t_user_2": {
        "redirect_time": 0.012868849999999987,
        "pkce_time": 4.580600000004e-05,
        "get_access_token_time": 0.0153222999999999,
        "decode_id_token_time": 0.0002252010000000082,
        "complete_login_time": 0.014251546000000004,
        "dispatch_time": 0.05215217300000008
    },
    "t_user_3": {
        "redirect_time": 0.01272887300000003,
        "pkce_time": 4.251999999993e-05,
        "get_access_token_time": 0.011438645000000025,
        "decode_id_token_time": 0.0006839990000000462,
        "complete_login_time": 0.013874064999999991,
        "dispatch_time": 0.052668574999999995
    },
    "t_user_4": {
        "redirect_time": 0.013555977999999969,
        "pkce_time": 4.384200000007e-05,
        "get_access_token_time": 0.011295577000000057,
        "decode_id_token_time": 0.0002221359999999839,
        "complete_login_time": 0.012895054000000017,
        "dispatch_time": 0.04613482300000005
    },
    "t_user_5": {
        "redirect_time": 0.014583860999999976,
        "pkce_time": 6.824700000008e-05,
        "get_access_token_time": 0.010939447000000047,
        "decode_id_token_time": 0.00021041200000004867,
        "complete_login_time": 0.012321020999999988,
        "dispatch_time": 0.04831920200000006
    },
    "t_user_6": {
        "redirect_time": 0.012466756999999995,
        "pkce_time": 4.228900000003e-05,
        "get_access_token_time": 0.011536170000000068,
        "decode_id_token_time": 0.00020486299999999957,
        "complete_login_time": 0.01237804099999984,
        "dispatch_time": 0.05035538100000014
    },
    "t_user_7": {
        "redirect_time": 0.013023666000000045,
        "pkce_time": 5.097499999995e-05,
        "get_access_token_time": 0.011151071999999873,
        "decode_id_token_time": 0.00021561299999994787,
        "complete_login_time": 0.015835784999999936,
        "dispatch_time": 0.04812885099999997
    },
    "t_user_8": {
        "redirect_time": 0.014294134999999875,
        "pkce_time": 4.625699999994e-05,
        "get_access_token_time": 0.011007216999999958,
        "decode_id_token_time": 0.00018355299999983643,
        "complete_login_time": 0.012129009999999996,
        "dispatch_time": 0.046067179000000014
    },
    "t_user_9": {
        "redirect_time": 0.01398160100000001,
        "pkce_time": 5.180800000004e-05,
        "get_access_token_time": 0.0141912609999999,
        "decode_id_token_time": 0.00019809999999997885,
        "complete_login_time": 0.01252219099999996,
        "dispatch_time": 0.048934172000000054
    },
    "t_user_10": {
        "redirect_time": 0.013565229999999984,
        "pkce_time": 4.908200000009e-05,
        "get_access_token_time": 0.011096960000000156,
        "decode_id_token_time": 0.00020522400000011487,
        "complete_login_time": 0.012341834999999968,
        "dispatch_time": 0.04518028099999993
    },
    "t_user_11": {
        "redirect_time": 0.013114832999999937,
        "pkce_time": 4.354100000015e-05,
        "get_access_token_time": 0.011091973999999949,
        "decode_id_token_time": 0.00019274999999985276,
        "complete_login_time": 0.01208014199999985,
        "dispatch_time": 0.05615456100000027
    },
    "t_user_12": {
        "redirect_time": 0.013728364000000104,
        "pkce_time": 6.040299999999e-05,
        "get_access_token_time": 0.011337523999999988,
        "decode_id_token_time": 0.00023412700000013942,
        "complete_login_time": 0.012736176999999849,
        "dispatch_time": 0.04842650500000012
    },
    "t_user_14": {
        "redirect_time": 0.014006160999999961,
        "pkce_time": 4.801999999993e-05,
        "get_access_token_time": 0.01087766400000012,
        "decode_id_token_time": 0.00023842600000012482,
        "complete_login_time": 0.012210792999999942,
        "dispatch_time": 0.04852424299999969
    },
    "t_user_13": {
        "redirect_time": 0.012905345999999929,
        "pkce_time": 3.988399999999e-05,
        "get_access_token_time": 0.01045322099999968,
        "decode_id_token_time": 0.00021016399999984614,
        "complete_login_time": 0.011727792000000292,
        "dispatch_time": 0.043522138000000155
    },
    "t_user_15": {
        "redirect_time": 0.013431776000000006,
        "pkce_time": 4.562599999991e-05,
        "get_access_token_time": 0.010824207999999835,
        "decode_id_token_time": 0.00020543399999972678,
        "complete_login_time": 0.013023191000000267,
        "dispatch_time": 0.04617151700000033
    },
    "t_user_16": {
        "redirect_time": 0.012664140999999685,
        "pkce_time": 3.785100000009e-05,
        "get_access_token_time": 0.01153266800000008,
        "decode_id_token_time": 0.0001822709999999006,
        "complete_login_time": 0.012353009999999998,
        "dispatch_time": 0.04744179500000012
    },
    "t_user_18": {
        "redirect_time": 0.014272492999999997,
        "pkce_time": 4.252000000005e-05,
        "get_access_token_time": 0.010744763999999574,
        "decode_id_token_time": 0.0001787840000000429,
        "complete_login_time": 0.011963929999999845,
        "dispatch_time": 0.04405732200000001
    },
    "t_user_17": {
        "redirect_time": 0.012832015999999946,
        "pkce_time": 3.94629999998e-05,
        "get_access_token_time": 0.01093812500000002,
        "decode_id_token_time": 0.00018466500000036135,
        "complete_login_time": 0.012326373000000057,
        "dispatch_time": 0.04897363300000013
    },
    "t_user_20": {
        "redirect_time": 0.014121550000000038,
        "pkce_time": 4.420299999985e-05,
        "get_access_token_time": 0.012080908999999806,
        "decode_id_token_time": 0.0001957840000001987,
        "complete_login_time": 0.012009399000000087,
        "dispatch_time": 0.04515839099999974
    },
    "t_user_19": {
        "redirect_time": 0.013628377999999941,
        "pkce_time": 4.318099999967e-05,
        "get_access_token_time": 0.013731600999999927,
        "decode_id_token_time": 0.00020634600000013492,
        "complete_login_time": 0.0126060429999999,
        "dispatch_time": 0.04709635999999984
    },
    "t_user_21": {
        "redirect_time": 0.013148250000000417,
        "pkce_time": 4.183800000002e-05,
        "get_access_token_time": 0.011520608000000099,
        "decode_id_token_time": 0.0002521020000001428,
        "complete_login_time": 0.014850733999999921,
        "dispatch_time": 0.0477249409999998
    },
    "t_user_22": {
        "redirect_time": 0.013290507999999868,
        "pkce_time": 4.267999999996e-05,
        "get_access_token_time": 0.011046271000000107,
        "decode_id_token_time": 0.0001919189999997073,
        "complete_login_time": 0.012718637999999949,
        "dispatch_time": 0.04907404900000012
    },
    "t_user_23": {
        "redirect_time": 0.012836826999999662,
        "pkce_time": 3.644800000036e-05,
        "get_access_token_time": 0.010883322000000195,
        "decode_id_token_time": 0.0001875710000001085,
        "complete_login_time": 0.01477725899999971,
        "dispatch_time": 0.046865100999999854
    },
    "t_user_24": {
        "redirect_time": 0.013086441000000004,
        "pkce_time": 4.346100000019e-05,
        "get_access_token_time": 0.011188292000000377,
        "decode_id_token_time": 0.00019460300000018194,
        "complete_login_time": 0.01243400699999997,
        "dispatch_time": 0.045827204000000066
    },
    "t_user_25": {
        "redirect_time": 0.01440304800000014,
        "pkce_time": 4.170799999992e-05,
        "get_access_token_time": 0.012097202000000529,
        "decode_id_token_time": 0.0003025359999995203,
        "complete_login_time": 0.014420774000000414,