{
    "t_user_1": {
        "redirect_time": 0.012806158999999984,
        "pkce_time": 5.631499999997e-05,
        "get_access_token_time": 0.011354443999999964,
        "decode_id_token_time": 0.00021119400000002564,
        "complete_login_time": 0.012688029999999961,
        "dispatch_time": 0.04598167900000005
    },
    "t_user_2": {
        "redirect_time": 0.012968547999999969,
        "pkce_time": 4.366200000006e-05,
        "get_access_token_time": 0.01088465499999991,
        "decode_id_token_time": 0.00019780899999999324,
        "complete_login_time": 0.012184934000000092,
        "dispatch_time": 0.04435946700000004
    },
    "t_user_3": {
        "redirect_time": 0.012788000000000022,
        "pkce_time": 3.912299999997e-05,
        "get_access_token_time": 0.01141071699999996,
        "decode_id_token_time": 0.00019643700000004927,
        "complete_login_time": 0.01724972200000008,
        "dispatch_time": 0.05056335000000001
    },
    "t_user_4": {
        "redirect_time": 0.012321530999999997,
        "pkce_time": 3.931299999993e-05,
        "get_access_token_time": 0.011572115999999966,
        "decode_id_token_time": 0.0006316410000000161,
        "complete_login_time": 0.013966790000000007,
        "dispatch_time": 0.05126364700000008
    },
    "t_user_5": {
        "redirect_time": 0.01247549300000006,
        "pkce_time": 4.0967e-05,
        "get_access_token_time": 0.010678528999999881,
        "decode_id_token_time": 0.00019470399999987897,
        "complete_login_time": 0.011913582000000034,
        "dispatch_time": 0.04433177799999999
    },
    "t_user_6": {
        "redirect_time": 0.012717309999999982,
        "pkce_time": 4.151699999999e-05,
        "get_access_token_time": 0.010544386000000072,
        "decode_id_token_time": 0.00021434099999995126,
        "complete_login_time": 0.012230274000000207,
        "dispatch_time": 0.04857100399999981
    },
    "t_user_7": {
        "redirect_time": 0.014254433000000066,
        "pkce_time": 4.826999999996e-05,
        "get_access_token_time": 0.012472452999999994,
        "decode_id_token_time": 0.000233256000000015,
        "complete_login_time": 0.013370290000000118,
        "dispatch_time": 0.04777824099999983
    },
    "t_user_8": {
        "redirect_time": 0.013317533000000159,
        "pkce_time": 4.840099999992e-05,
        "get_access_token_time": 0.011412669999999903,
        "decode_id_token_time": 0.00021301799999995374,
        "complete_login_time": 0.012340424000000016,
        "dispatch_time": 0.0469395130000001
    },
    "t_user_9": {
        "redirect_time": 0.012342722999999944,
        "pkce_time": 3.793100000005e-05,
        "get_access_token_time": 0.011360991999999959,
        "decode_id_token_time": 0.00021925000000000416,
        "complete_login_time": 0.013049153999999952,
        "dispatch_time": 0.05041800399999996
    },
    "t_user_10": {
        "redirect_time": 0.013267663000000152,
        "pkce_time": 7.478000000005e-05,
        "get_access_token_time": 0.01087113400000006,
        "decode_id_token_time": 0.00020565399999994405,
        "complete_login_time": 0.012010728999999998,
        "dispatch_time": 0.049952584999999994
    },
    "t_user_11": {
        "redirect_time": 0.013143030000000167,
        "pkce_time": 4.758900000001e-05,
        "get_access_token_time": 0.010698911999999838,
        "decode_id_token_time": 0.00017907500000013954,
        "complete_login_time": 0.011540219999999879,
        "dispatch_time": 0.04384702399999996
    },
    "t_user_12": {
        "redirect_time": 0.01332369,
        "pkce_time": 4.684699999991e-05,
        "get_access_token_time": 0.012114153999999822,
        "decode_id_token_time": 0.00021870900000031668,
        "complete_login_time": 0.012557496999999973,
        "dispatch_time": 0.05170856300000004
    },
    "t_user_13": {
        "redirect_time": 0.013829851999999976,
        "pkce_time": 4.491399999984e-05,
        "get_access_token_time": 0.011142271999999842,
        "decode_id_token_time": 0.00021049299999997828,
        "complete_login_time": 0.012278599000000057,
        "dispatch_time": 0.04702560800000022
    },
    "t_user_14": {
        "redirect_time": 0.012239902000000136,
        "pkce_time": 3.488600000012e-05,
        "get_access_token_time": 0.011215706000000214,
        "decode_id_token_time": 0.000309939999999731,
        "complete_login_time": 0.018183689000000225,
        "dispatch_time": 0.051950107000000134
    },
    "t_user_15": {
        "redirect_time": 0.016208636,
        "pkce_time": 4.568599999999e-05,
        "get_access_token_time": 0.011061996000000018,
        "decode_id_token_time": 0.00021451099999980627,
        "complete_login_time": 0.012338993999999825,
        "dispatch_time": 0.04955253000000015
    },
    "t_user_16": {
        "redirect_time": 0.013093312000000079,
        "pkce_time": 4.424300000005e-05,
        "get_access_token_time": 0.011507218000000208,
        "decode_id_token_time": 0.0001889529999998807,
        "complete_login_time": 0.012574470000000115,
        "dispatch_time": 0.04692306600000018
    },
    "t_user_17": {
        "redirect_time": 0.01333632199999979,
        "pkce_time": 4.416199999957e-05,
        "get_access_token_time": 0.011396322999999597,
        "decode_id_token_time": 0.00023467900000007091,
        "complete_login_time": 0.012621316999999799,
        "dispatch_time": 0.04610847699999976
    },
    "t_user_18": {
        "redirect_time": 0.012830110999999977,
        "pkce_time": 4.178899999996e-05,
        "get_access_token_time": 0.012000408000000018,
        "decode_id_token_time": 0.00023465800000010972,
        "complete_login_time": 0.013760270999999769,
        "dispatch_time": 0.048817872999999956
    },
    "t_user_19": {
        "redirect_time": 0.016541589000000023,
        "pkce_time": 4.427299999987e-05,
        "get_access_token_time": 0.012056903000000396,
        "decode_id_token_time": 0.00021820800000016405,
        "complete_login_time": 0.013050515999999845,
        "dispatch_time": 0.04784761499999979
    },
    "t_user_20": {
        "redirect_time": 0.013475020000000004,
        "pkce_time": 5.270900000021e-05,
        "get_access_token_time": 0.01126151799999997,
        "decode_id_token_time": 0.00021690500000026702,
        "complete_login_time": 0.013803493000000167,
        "dispatch_time": 0.05179124600000007
    },
    "t_user_21": {
        "redirect_time": 0.01332914900000004,
        "pkce_time": 4.573600000013e-05,
        "get_access_token_time": 0.011664075999999746,
        "decode_id_token_time": 0.0002566499999998584,
        "complete_login_time": 0.013553906000000282,
        "dispatch_time": 0.04842087199999989
    },
    "t_user_22": {
        "redirect_time": 0.015075763999999658,
        "pkce_time": 4.546500000036e-05,
        "get_access_token_time": 0.011731950000000158,
        "decode_id_token_time": 0.00019612600000007419,
        "complete_login_time": 0.015069671999999645,
        "dispatch_time": 0.04958185500000001
    },
    "t_user_23": {
        "redirect_time": 0.013496957999999726,
        "pkce_time": 4.39619999999e-05,
        "get_access_token_time": 0.011099937000000004,
        "decode_id_token_time": 0.00023165300000016487,
        "complete_login_time": 0.01351132700000024,
        "dispatch_time": 0.047994108999999785
    },
    "t_user_24": {
        "redirect_time": 0.016316235000000123,
        "pkce_time": 4.482300000008e-05,
        "get_access_token_time": 0.011029715999999912,
        "decode_id_token_time": 0.0001947339999999187,
        "complete_login_time": 0.04279142000000036,
        "dispatch_time": 0.07585853499999962
    },
    "t_user_25": {
        "redirect_time": 0.012683981999999983,
        "pkce_time": 4.196799999967e-05,
        "get_access_token_time": 0.010662729999999954,
        "decode_id_token_time": 0.00018352299999957467,
        "complete_login_time": 0.011969166000000087,