{
    "t_user_1": {
        "redirect_time": 0.013138512999999963,
        "get_access_token_time": 0.014214772999999958,
        "decode_id_token_time": 0.00022533199999985598,
        "complete_login_time": 0.013283775000000109,
        "dispatch_time": 0.050263570999999896
    },
    "t_user_2": {
        "redirect_time": 0.013815970999999982,
        "get_access_token_time": 0.011619793999999573,
        "decode_id_token_time": 0.00020775800000016886,
        "complete_login_time": 0.016928931999999897,
        "dispatch_time": 0.05112128699999996
    },
    "t_user_3": {
        "redirect_time": 0.01468428300000002,
        "get_access_token_time": 0.011422861999999867,
        "decode_id_token_time": 0.00019665800000012723,
        "complete_login_time": 0.016488685999999753,
        "dispatch_time": 0.04974424999999982
    },
    "t_user_4": {
        "redirect_time": 0.014759331000000042,
        "get_access_token_time": 0.012044666000000426,
        "decode_id_token_time": 0.0002065370000003952,
        "complete_login_time": 0.013358597999999944,
        "dispatch_time": 0.05231252199999936
    },
    "t_user_5": {
        "redirect_time": 0.01419711899999998,
        "get_access_token_time": 0.013481009000000377,
        "decode_id_token_time": 0.0002081980000001593,
        "complete_login_time": 0.013419697999999869,
        "dispatch_time": 0.05006621500000019
    },
    "t_user_6": {
        "redirect_time": 0.014228189000000002,
        "get_access_token_time": 0.012209619999999699,
        "decode_id_token_time": 0.00019709800000011768,
        "complete_login_time": 0.012864312000000044,
        "dispatch_time": 0.050793336999999994
    },
    "t_user_7": {
        "redirect_time": 0.013563741000000018,
        "get_access_token_time": 0.011411348999999849,
        "decode_id_token_time": 0.00021145500000008255,
        "complete_login_time": 0.013412816999999855,
        "dispatch_time": 0.04718085799999994
    },
    "t_user_8": {
        "redirect_time": 0.014449935000000025,
        "get_access_token_time": 0.011641530000000344,
        "decode_id_token_time": 0.00026287099999988683,
        "complete_login_time": 0.013846786000000222,
        "dispatch_time": 0.057842002000000114
    },
    "t_user_9": {
        "redirect_time": 0.014700540999999956,
        "get_access_token_time": 0.011823738000000361,
        "decode_id_token_time": 0.00022697400000026846,
        "complete_login_time": 0.013976437999999813,
        "dispatch_time": 0.048207573000000004
    },
    "t_user_10": {
        "redirect_time": 0.014076109000000003,
        "get_access_token_time": 0.01140832699999983,
        "decode_id_token_time": 0.000220963000000296,
        "complete_login_time": 0.012797647999999828,
        "dispatch_time": 0.04623333799999996
    },
    "t_user_11": {
        "redirect_time": 0.014891679999999963,
        "get_access_token_time": 0.011411169000000054,
        "decode_id_token_time": 0.0002252519999998981,
        "complete_login_time": 0.018257098000000305,
        "dispatch_time": 0.05263450599999997
    },
    "t_user_12": {
        "redirect_time": 0.018257170000000045,
        "get_access_token_time": 0.012428202000000166,
        "decode_id_token_time": 0.00024230299999983274,
        "complete_login_time": 0.01331682100000009,
        "dispatch_time": 0.04798258699999991
    },
    "t_user_14": {
        "redirect_time": 0.012981059000000128,
        "get_access_token_time": 0.011941264999999923,
        "decode_id_token_time": 0.00023024100000013092,
        "complete_login_time": 0.013015428999999745,
        "dispatch_time": 0.04796639200000019
    },
    "t_user_13": {
        "redirect_time": 0.01647255900000011,
        "get_access_token_time": 0.01107566300000018,
        "decode_id_token_time": 0.0002082399999996376,
        "complete_login_time": 0.013300006000000142,
        "dispatch_time": 0.04659786499999985
    },
    "t_user_15": {
        "redirect_time": 0.013540419999999997,
        "get_access_token_time": 0.013578807000000026,
        "decode_id_token_time": 0.00024765199999965404,
        "complete_login_time": 0.013604335000000134,
        "dispatch_time": 0.050080642000000175
    },
    "t_user_16": {
        "redirect_time": 0.013568451000000037,
        "get_access_token_time": 0.011707330000000127,
        "decode_id_token_time": 0.0002150830000000603,
        "complete_login_time": 0.018250166000000068,
        "dispatch_time": 0.05155489599999985
    },
    "t_user_17": {
        "redirect_time": 0.013712814000000018,
        "get_access_token_time": 0.012948214000000124,
        "decode_id_token_time": 0.0002960640000000403,
        "complete_login_time": 0.014271051000000146,
        "dispatch_time": 0.05786047399999994
    },
    "t_user_18": {
        "redirect_time": 0.014186350000000125,
        "get_access_token_time": 0.012294843999999916,
        "decode_id_token_time": 0.0006786390000002029,
        "complete_login_time": 0.014877438000000076,
        "dispatch_time": 0.054463569999999795
    },
    "t_user_19": {
        "redirect_time": 0.014986504999999983,
        "get_access_token_time": 0.012311142000000164,
        "decode_id_token_time": 0.00022709399999998325,
        "complete_login_time": 0.013956966999999931,
        "dispatch_time": 0.054913983999999694
    },
    "t_user_20": {
        "redirect_time": 0.013566176000000096,
        "get_access_token_time": 0.011839748999999955,
        "decode_id_token_time": 0.00023260499999988582,
        "complete_login_time": 0.013652990000000198,
        "dispatch_time": 0.056076451999999666
    },
    "t_user_21": {
        "redirect_time": 0.014788588999999908,
        "get_access_token_time": 0.016839575000000107,
        "decode_id_token_time": 0.00026458399999995663,
        "complete_login_time": 0.01402524500000002,
        "dispatch_time": 0.053851401999999826
    },
    "t_user_22": {
        "redirect_time": 0.014356503999999992,
        "get_access_token_time": 0.011433406999999729,
        "decode_id_token_time": 0.00022908800000021046,
        "complete_login_time": 0.013166133000000357,
        "dispatch_time": 0.047910377000000004
    },
    "t_user_23": {
        "redirect_time": 0.01580057899999998,
        "get_access_token_time": 0.014332310999999986,
        "decode_id_token_time": 0.00022318700000001357,
        "complete_login_time": 0.013263741000000273,
        "dispatch_time": 0.04979369699999969
    },
    "t_user_24": {
        "redirect_time": 0.013728103999999908,
        "get_access_token_time": 0.015700637999999767,
        "decode_id_token_time": 0.00018127899999997865,
        "complete_login_time": 0.012306725000000185,
        "dispatch_time": 0.04977825700000027
    },
    "t_user_25": {
        "redirect_time": 0.016542867999999933,
        "get_access_token_time": 0.011368188000000057,
        "decode_id_token_time": 0.0002710860000001425,
        "complete_login_time": 0.014464708999999853,
        "dispatch_time": 0.05456635399999987
    },
    "t_user_26": {
        "redirect_time": 0.013482191000000032,
        "get_access_token_time": 0.012020521999999811,
        "decode_id_token_time": 0.00019504499999989378,
        "complete_login_time": 0.013162365000000342,
        "dispatch_time": 0.05287950100000005
    },
    "t_user_28": {
        "redirect_time": 0.01372873199999991,
        "get_access_token_time": 0.011097234000000178,
        "decode_id_token_time": 0.00020092599999976812,
        "complete_login_time": 0.012813112999999987,
        "dispatch_time": 0.04686264699999976
    },
    "t_user_27": {
        "redirect_time": 0.013758574999999995,
        "get_access_token_time": 0.01086491799999978,
        "decode_id_token_time": 0.0002052840000001943,
        "complete_login_time": 0.013379320999999944,
        "dispatch_time": 0.04554562800000017
    },
    "t_user_29": {
        "redirect_time": 0.013535996000000106,
        "get_access_token_time": 0.011203282999999953,