{
    "t_user_1": {
        "redirect_time": 0.01246344699999996,
        "get_access_token_time": 0.011579939999999844,
        "decode_id_token_time": 0.00020130700000020596,
        "complete_login_time": 0.012855452999999795,
        "dispatch_time": 0.052945781000000025
    },
    "t_user_2": {
        "redirect_time": 0.013348141000000036,
        "get_access_token_time": 0.012113020000000141,
        "decode_id_token_time": 0.00022244599999998727,
        "complete_login_time": 0.01507537999999986,
        "dispatch_time": 0.0500776049999998
    },
    "t_user_3": {
        "redirect_time": 0.013491358000000009,
        "get_access_token_time": 0.012276375999999978,
        "decode_id_token_time": 0.00021347900000012743,
        "complete_login_time": 0.013252630999999848,
        "dispatch_time": 0.048232421999999886
    },
    "t_user_4": {
        "redirect_time": 0.013132215000000058,
        "get_access_token_time": 0.012354870999999878,
        "decode_id_token_time": 0.00021174600000017918,
        "complete_login_time": 0.013935481999999944,
        "dispatch_time": 0.054673198000000145
    },
    "t_user_5": {
        "redirect_time": 0.013748981999999965,
        "get_access_token_time": 0.011543471000000416,
        "decode_id_token_time": 0.00022329699999978914,
        "complete_login_time": 0.013503510000000052,
        "dispatch_time": 0.04730046599999982
    },
    "t_user_6": {
        "redirect_time": 0.013893629000000018,
        "get_access_token_time": 0.013424850000000266,
        "decode_id_token_time": 0.00020387100000007763,
        "complete_login_time": 0.012851170999999884,
        "dispatch_time": 0.04932652000000015
    },
    "t_user_7": {
        "redirect_time": 0.014826133000000019,
        "get_access_token_time": 0.011731581999999907,
        "decode_id_token_time": 0.00020933199999983998,
        "complete_login_time": 0.01375196100000009,
        "dispatch_time": 0.048540622999999616
    },
    "t_user_8": {
        "redirect_time": 0.01671458300000006,
        "get_access_token_time": 0.011786492999999787,
        "decode_id_token_time": 0.0002062650000000943,
        "complete_login_time": 0.014570222999999771,
        "dispatch_time": 0.054621553000000045
    },
    "t_user_9": {
        "redirect_time": 0.014243223999999999,
        "get_access_token_time": 0.01166362600000026,
        "decode_id_token_time": 0.0006790090000001747,
        "complete_login_time": 0.01504306500000041,
        "dispatch_time": 0.05379468700000034
    },
    "t_user_10": {
        "redirect_time": 0.014924363999999968,
        "get_access_token_time": 0.011816580000000076,
        "decode_id_token_time": 0.0002258520000002484,
        "complete_login_time": 0.013844720000000255,
        "dispatch_time": 0.04935245799999999
    },
    "t_user_11": {
        "redirect_time": 0.016077879000000017,
        "get_access_token_time": 0.012526314000000038,
        "decode_id_token_time": 0.0002460399999999474,
        "complete_login_time": 0.013892833000000326,
        "dispatch_time": 0.05645640899999993
    },
    "t_user_12": {
        "redirect_time": 0.01807188999999987,
        "get_access_token_time": 0.016031267999999876,
        "decode_id_token_time": 0.0002532239999997188,
        "complete_login_time": 0.01476604799999981,
        "dispatch_time": 0.055924456999999705
    },
    "t_user_14": {
        "redirect_time": 0.013230348000000003,
        "get_access_token_time": 0.011480868000000033,
        "decode_id_token_time": 0.000235369999999957,
        "complete_login_time": 0.013940367000000009,
        "dispatch_time": 0.05531644499999988
    },
    "t_user_13": {
        "redirect_time": 0.014999972000000028,
        "get_access_token_time": 0.012171219999999927,
        "decode_id_token_time": 0.00021231700000035048,
        "complete_login_time": 0.013715466999999926,
        "dispatch_time": 0.05258025199999983
    },
    "t_user_15": {
        "redirect_time": 0.015456714000000149,
        "get_access_token_time": 0.012226516000000132,
        "decode_id_token_time": 0.0002134289999999872,
        "complete_login_time": 0.013314237999999978,
        "dispatch_time": 0.04819231200000029
    },
    "t_user_16": {
        "redirect_time": 0.014047091999999983,
        "get_access_token_time": 0.011885244000000128,
        "decode_id_token_time": 0.0002187590000000128,
        "complete_login_time": 0.01514121700000004,
        "dispatch_time": 0.05028510499999994
    },
    "t_user_17": {
        "redirect_time": 0.013252610000000109,
        "get_access_token_time": 0.015301408999999655,
        "decode_id_token_time": 0.00019622699999999327,
        "complete_login_time": 0.012755247000000303,
        "dispatch_time": 0.05202691900000023
    },
    "t_user_18": {
        "redirect_time": 0.013748352999999991,
        "get_access_token_time": 0.011813830999999997,
        "decode_id_token_time": 0.00024182200000000265,
        "complete_login_time": 0.016352239000000157,
        "dispatch_time": 0.051056770999999834
    },
    "t_user_19": {
        "redirect_time": 0.013640529999999984,
        "get_access_token_time": 0.015877928000000097,
        "decode_id_token_time": 0.00022593300000028904,
        "complete_login_time": 0.013315566000000167,
        "dispatch_time": 0.052236326000000055
    },
    "t_user_20": {
        "redirect_time": 0.014077590999999945,
        "get_access_token_time": 0.012297414999999923,
        "decode_id_token_time": 0.00022683400000023113,
        "complete_login_time": 0.013775192999999852,
        "dispatch_time": 0.04713034600000032
    },
    "t_user_21": {
        "redirect_time": 0.014959493999999962,
        "get_access_token_time": 0.010898047999999605,
        "decode_id_token_time": 0.00018408499999988948,
        "complete_login_time": 0.01226853499999958,
        "dispatch_time": 0.04514498999999983
    },
    "t_user_22": {
        "redirect_time": 0.014115221000000178,
        "get_access_token_time": 0.011794109000000219,
        "decode_id_token_time": 0.0002238180000002643,
        "complete_login_time": 0.013260448999999674,
        "dispatch_time": 0.048401322000000135
    },
    "t_user_23": {
        "redirect_time": 0.01389191600000017,
        "get_access_token_time": 0.010904535999999965,
        "decode_id_token_time": 0.00019459399999988136,
        "complete_login_time": 0.012523646,
        "dispatch_time": 0.0453517080000001
    },
    "t_user_24": {
        "redirect_time": 0.013766653000000018,
        "get_access_token_time": 0.011124428999999658,
        "decode_id_token_time": 0.00023106100000003238,
        "complete_login_time": 0.013289129000000344,
        "dispatch_time": 0.046916393000000056
    },
    "t_user_25": {
        "redirect_time": 0.013813910999999957,
        "get_access_token_time": 0.012313279999999871,
        "decode_id_token_time": 0.00021515100000080167,
        "complete_login_time": 0.017852302999999736,
        "dispatch_time": 0.053371389999999685
    },
    "t_user_26": {
        "redirect_time": 0.013765624000000143,
        "get_access_token_time": 0.01179407500000007,
        "decode_id_token_time": 0.0002785400000000493,
        "complete_login_time": 0.014650546000000375,
        "dispatch_time": 0.054673653000000044
    },
    "t_user_27": {
        "redirect_time": 0.01462949899999999,
        "get_access_token_time": 0.012420310999999629,
        "decode_id_token_time": 0.0002597859999999841,
        "complete_login_time": 0.015856515000000293,
        "dispatch_time": 0.05931018099999985
    },
    "t_user_28": {
        "redirect_time": 0.013861215000000149,
        "get_access_token_time": 0.011738566000000006,
        "decode_id_token_time": 0.00021760600000053643,
        "complete_login_time": 0.013383474999999478,
        "dispatch_time": 0.05448492300000041
    },
    "t_user_29": {
        "redirect_time": 0.01627636599999982,
        "get_access_token_time": 0.012036238999999505,