{
    "t_user_1": {
        "redirect_time": 0.013380901,
        "get_access_token_time": 0.011045106000000082,
        "decode_id_token_time": 0.00024637100000024503,
        "complete_login_time": 0.013117814999999311,
        "dispatch_time": 0.04529866800000004
    },
    "t_user_2": {
        "redirect_time": 0.013100264999999944,
        "get_access_token_time": 0.011635076000000133,
        "decode_id_token_time": 0.00022799600000045217,
        "complete_login_time": 0.01378742200000005,
        "dispatch_time": 0.047837437000000094
    },
    "t_user_3": {
        "redirect_time": 0.014148585000000047,
        "get_access_token_time": 0.011558139999999995,
        "decode_id_token_time": 0.0001994020000006813,
        "complete_login_time": 0.012878080000000125,
        "dispatch_time": 0.050223797000000125
    },
    "t_user_4": {
        "redirect_time": 0.014185565999999983,
        "get_access_token_time": 0.011246126999999717,
        "decode_id_token_time": 0.0002387959999996525,
        "complete_login_time": 0.01619148900000056,
        "dispatch_time": 0.05008074000000029
    },
    "t_user_5": {
        "redirect_time": 0.013898910000000098,
        "get_access_token_time": 0.012155599999999822,
        "decode_id_token_time": 0.00021361900000016476,
        "complete_login_time": 0.012983850000000352,
        "dispatch_time": 0.05372990600000005
    },
    "t_user_6": {
        "redirect_time": 0.013499756000000085,
        "get_access_token_time": 0.013719903000000144,
        "decode_id_token_time": 0.00020384099999937177,
        "complete_login_time": 0.013393398000000722,
        "dispatch_time": 0.048897799000000575
    },
    "t_user_7": {
        "redirect_time": 0.013173526000000102,
        "get_access_token_time": 0.015473806999999784,
        "decode_id_token_time": 0.00023317600000005712,
        "complete_login_time": 0.013806207999999653,
        "dispatch_time": 0.052033153
    },
    "t_user_8": {
        "redirect_time": 0.014774076000000025,
        "get_access_token_time": 0.0117848029999994,
        "decode_id_token_time": 0.00023391700000008342,
        "complete_login_time": 0.013450503000000502,
        "dispatch_time": 0.047653595999999965
    },
    "t_user_9": {
        "redirect_time": 0.014559960000000038,
        "get_access_token_time": 0.011608043999999929,
        "decode_id_token_time": 0.00019302199999948755,
        "complete_login_time": 0.017269351000000377,
        "dispatch_time": 0.05083781700000056
    },
    "t_user_10": {
        "redirect_time": 0.013453485999999959,
        "get_access_token_time": 0.010936651999999825,
        "decode_id_token_time": 0.00022476000000004603,
        "complete_login_time": 0.013104711000000435,
        "dispatch_time": 0.045101000000000724
    },
    "t_user_11": {
        "redirect_time": 0.015172618000000027,
        "get_access_token_time": 0.01918453600000003,
        "decode_id_token_time": 0.00022133499999998918,
        "complete_login_time": 0.013635251000000181,
        "dispatch_time": 0.05606441499999981
    },
    "t_user_12": {
        "redirect_time": 0.021034645999999935,
        "get_access_token_time": 0.015714373999999864,
        "decode_id_token_time": 0.0002331660000001179,
        "complete_login_time": 0.013038608000000451,
        "dispatch_time": 0.05195409600000023
    },
    "t_user_13": {
        "redirect_time": 0.013243055999999864,
        "get_access_token_time": 0.010736189000000174,
        "decode_id_token_time": 0.00019180899999948764,
        "complete_login_time": 0.012691161999999423,
        "dispatch_time": 0.04432074300000011
    },
    "t_user_14": {
        "redirect_time": 0.01778123999999992,
        "get_access_token_time": 0.011396927999999917,
        "decode_id_token_time": 0.00020739799999969222,
        "complete_login_time": 0.013417344000000497,
        "dispatch_time": 0.04689621600000038
    },
    "t_user_15": {
        "redirect_time": 0.013151152000000055,
        "get_access_token_time": 0.01285730900000015,
        "decode_id_token_time": 0.0001883020000001956,
        "complete_login_time": 0.014813151999999885,
        "dispatch_time": 0.0528756549999998
    },
    "t_user_16": {
        "redirect_time": 0.013705500000000148,
        "get_access_token_time": 0.011048435999999828,
        "decode_id_token_time": 0.00031627199999961775,
        "complete_login_time": 0.015380261999999867,
        "dispatch_time": 0.05024290500000017
    },
    "t_user_17": {
        "redirect_time": 0.013874031000000064,
        "get_access_token_time": 0.011368555999999863,
        "decode_id_token_time": 0.00020082599999993178,
        "complete_login_time": 0.013146406000000166,
        "dispatch_time": 0.048574727000000095
    },
    "t_user_18": {
        "redirect_time": 0.013657220000000025,
        "get_access_token_time": 0.012531570000000158,
        "decode_id_token_time": 0.0002115650000003022,
        "complete_login_time": 0.012992350000000208,
        "dispatch_time": 0.04688460999999977
    },
    "t_user_19": {
        "redirect_time": 0.014031852999999872,
        "get_access_token_time": 0.011488695999999798,
        "decode_id_token_time": 0.0007013220000002818,
        "complete_login_time": 0.014899554999999953,
        "dispatch_time": 0.05531751099999971
    },
    "t_user_20": {
        "redirect_time": 0.012626336999999932,
        "get_access_token_time": 0.012393180999999753,
        "decode_id_token_time": 0.00024320499999985756,
        "complete_login_time": 0.013681295000000038,
        "dispatch_time": 0.05007534800000002
    },
    "t_user_21": {
        "redirect_time": 0.015229992999999942,
        "get_access_token_time": 0.011951515999999884,
        "decode_id_token_time": 0.00019809999999997885,
        "complete_login_time": 0.013345989999999919,
        "dispatch_time": 0.05305104699999985
    },
    "t_user_22": {
        "redirect_time": 0.014112777999999881,
        "get_access_token_time": 0.011362199999999767,
        "decode_id_token_time": 0.00023734299999977893,
        "complete_login_time": 0.01917204700000008,
        "dispatch_time": 0.052478919000000346
    },
    "t_user_23": {
        "redirect_time": 0.016972922000000112,
        "get_access_token_time": 0.011545409000000006,
        "decode_id_token_time": 0.00021185599999995475,
        "complete_login_time": 0.013202669,
        "dispatch_time": 0.046652535999999856
    },
    "t_user_24": {
        "redirect_time": 0.01321581500000013,
        "get_access_token_time": 0.013061485999999789,
        "decode_id_token_time": 0.0002243790000000523,
        "complete_login_time": 0.013127983999999593,
        "dispatch_time": 0.04699512000000006
    },
    "t_user_25": {
        "redirect_time": 0.014899803000000045,
        "get_access_token_time": 0.02001072100000023,
        "decode_id_token_time": 0.00023250399999996674,
        "complete_login_time": 0.014363288999999835,
        "dispatch_time": 0.06058006899999979
    },
    "t_user_26": {
        "redirect_time": 0.013447154999999933,
        "get_access_token_time": 0.011867758999999811,
        "decode_id_token_time": 0.00019367199999997808,
        "complete_login_time": 0.01266436999999998,
        "dispatch_time": 0.050694757000000035
    },
    "t_user_28": {
        "redirect_time": 0.014056733000000099,
        "get_access_token_time": 0.013852646000000135,
        "decode_id_token_time": 0.00021828800000012194,
        "complete_login_time": 0.01322714799999991,
        "dispatch_time": 0.05390832899999998
    },
    "t_user_27": {
        "redirect_time": 0.013402884000000004,
        "get_access_token_time": 0.011048689999999972,
        "decode_id_token_time": 0.00020162700000003753,
        "complete_login_time": 0.013172396999999947,
        "dispatch_time": 0.0456538860000002
    },
    "t_user_29": {
        "redirect_time": 0.013844619000000113,
        "get_access_token_time": 0.011037342999999922,