{
    "t_user_1": {
        "redirect_time": 0.013889346999999996,
        "get_access_token_time": 0.011265254000000002,
        "decode_id_token_time": 0.00024078100000002323,
        "complete_login_time": 0.013791829999999727,
        "dispatch_time": 0.04760695899999989
    },
    "t_user_2": {
        "redirect_time": 0.014241502000000072,
        "get_access_token_time": 0.015414826999999853,
        "decode_id_token_time": 0.0006823860000002568,
        "complete_login_time": 0.014589753999999733,
        "dispatch_time": 0.05430218199999981
    },
    "t_user_3": {
        "redirect_time": 0.01347277400000002,
        "get_access_token_time": 0.01145502399999998,
        "decode_id_token_time": 0.00029271699999977585,
        "complete_login_time": 0.014051780999999597,
        "dispatch_time": 0.05250499299999989
    },
    "t_user_4": {
        "redirect_time": 0.012899037999999918,
        "get_access_token_time": 0.01233218299999983,
        "decode_id_token_time": 0.00022969899999969456,
        "complete_login_time": 0.020364621000000138,
        "dispatch_time": 0.056274221999999874
    },
    "t_user_5": {
        "redirect_time": 0.013400486999999961,
        "get_access_token_time": 0.011384284000000022,
        "decode_id_token_time": 0.00023616100000012352,
        "complete_login_time": 0.013726166000000095,
        "dispatch_time": 0.047091925999999784
    },
    "t_user_6": {
        "redirect_time": 0.015018799000000027,
        "get_access_token_time": 0.011446777000000186,
        "decode_id_token_time": 0.0002453880000001796,
        "complete_login_time": 0.014893707000000145,
        "dispatch_time": 0.04835076900000024
    },
    "t_user_7": {
        "redirect_time": 0.014190444000000024,
        "get_access_token_time": 0.012995805999999721,
        "decode_id_token_time": 0.00025205099999991987,
        "complete_login_time": 0.01350152299999996,
        "dispatch_time": 0.056536362999999756
    },
    "t_user_8": {
        "redirect_time": 0.015188228999999942,
        "get_access_token_time": 0.020796424000000258,
        "decode_id_token_time": 0.00021747700000007697,
        "complete_login_time": 0.013715045999999731,
        "dispatch_time": 0.058660711000000365
    },
    "t_user_9": {
        "redirect_time": 0.015691538000000005,
        "get_access_token_time": 0.011175211000000296,
        "decode_id_token_time": 0.00019881199999982613,
        "complete_login_time": 0.012987846000000136,
        "dispatch_time": 0.050086632000000186
    },
    "t_user_10": {
        "redirect_time": 0.015286064000000099,
        "get_access_token_time": 0.011688629000000006,
        "decode_id_token_time": 0.00021439100000009148,
        "complete_login_time": 0.013498923000000218,
        "dispatch_time": 0.047544740000000196
    },
    "t_user_11": {
        "redirect_time": 0.016165939999999934,
        "get_access_token_time": 0.012309196999999994,
        "decode_id_token_time": 0.0002336659999997437,
        "complete_login_time": 0.018850782999999982,
        "dispatch_time": 0.05389013500000006
    },
    "t_user_12": {
        "redirect_time": 0.018843834999999975,
        "get_access_token_time": 0.013188411999999872,
        "decode_id_token_time": 0.00025648000000000337,
        "complete_login_time": 0.014380179999999854,
        "dispatch_time": 0.05201046499999995
    },
    "t_user_13": {
        "redirect_time": 0.01658552099999988,
        "get_access_token_time": 0.012819600000000264,
        "decode_id_token_time": 0.00023808399999980523,
        "complete_login_time": 0.05169519900000008,
        "dispatch_time": 0.08903987000000013
    },
    "t_user_14": {
        "redirect_time": 0.015475605000000003,
        "get_access_token_time": 0.011147032999999862,
        "decode_id_token_time": 0.00019822000000013773,
        "complete_login_time": 0.013522238999999825,
        "dispatch_time": 0.050569727000000064
    },
    "t_user_15": {
        "redirect_time": 0.012710275999999965,
        "get_access_token_time": 0.012198254000000297,
        "decode_id_token_time": 0.0002164749999997717,
        "complete_login_time": 0.01298524099999998,
        "dispatch_time": 0.04974901900000006
    },
    "t_user_16": {
        "redirect_time": 0.01307172500000009,
        "get_access_token_time": 0.01307810099999962,
        "decode_id_token_time": 0.00021345900000024898,
        "complete_login_time": 0.013723269999999843,
        "dispatch_time": 0.048389895999999766
    },
    "t_user_17": {
        "redirect_time": 0.015769480000000113,
        "get_access_token_time": 0.01180886499999989,
        "decode_id_token_time": 0.0002191099999997448,
        "complete_login_time": 0.013133720999999987,
        "dispatch_time": 0.04953178700000027
    },
    "t_user_18": {
        "redirect_time": 0.014637043000000016,
        "get_access_token_time": 0.011325825999999761,
        "decode_id_token_time": 0.00022775500000005167,
        "complete_login_time": 0.01309450700000081,
        "dispatch_time": 0.04713547799999995
    },
    "t_user_19": {
        "redirect_time": 0.013525937999999904,
        "get_access_token_time": 0.012481765000000422,
        "decode_id_token_time": 0.00019940199999979313,
        "complete_login_time": 0.012974521000000294,
        "dispatch_time": 0.048536214999999494
    },
    "t_user_20": {
        "redirect_time": 0.014358356000000017,
        "get_access_token_time": 0.011436903000000775,
        "decode_id_token_time": 0.00022053200000016204,
        "complete_login_time": 0.014507489999999734,
        "dispatch_time": 0.054648684
    },
    "t_user_21": {
        "redirect_time": 0.015056404000000079,
        "get_access_token_time": 0.011522666999999487,
        "decode_id_token_time": 0.00024331400000043857,
        "complete_login_time": 0.013195423999999178,
        "dispatch_time": 0.048069639000000386
    },
    "t_user_22": {
        "redirect_time": 0.014933991000000146,
        "get_access_token_time": 0.01166259000000025,
        "decode_id_token_time": 0.00022150399999976145,
        "complete_login_time": 0.013193291000000329,
        "dispatch_time": 0.05278382699999984
    },
    "t_user_23": {
        "redirect_time": 0.02097724099999998,
        "get_access_token_time": 0.012173155000000158,
        "decode_id_token_time": 0.00017842400000045444,
        "complete_login_time": 0.012458388000000653,
        "dispatch_time": 0.04686600700000021
    },
    "t_user_24": {
        "redirect_time": 0.013758101000000078,
        "get_access_token_time": 0.011823737000000278,
        "decode_id_token_time": 0.0002075770000002919,
        "complete_login_time": 0.012941983000000157,
        "dispatch_time": 0.046969761999999804
    },
    "t_user_25": {
        "redirect_time": 0.015245163000000117,
        "get_access_token_time": 0.011395862999999729,
        "decode_id_token_time": 0.00024217300000017872,
        "complete_login_time": 0.013665319000000231,
        "dispatch_time": 0.05177894499999969
    },
    "t_user_26": {
        "redirect_time": 0.013397056000000074,
        "get_access_token_time": 0.01159230300000047,
        "decode_id_token_time": 0.0001986110000000707,
        "complete_login_time": 0.016942697000000173,
        "dispatch_time": 0.05114545100000001
    },
    "t_user_27": {
        "redirect_time": 0.01379465599999996,
        "get_access_token_time": 0.011831168999999697,
        "decode_id_token_time": 0.00022973899999989555,
        "complete_login_time": 0.013660144000000152,
        "dispatch_time": 0.04713201900000019
    },
    "t_user_28": {
        "redirect_time": 0.013724344999999971,
        "get_access_token_time": 0.011202060000000458,
        "decode_id_token_time": 0.00022772600000031673,
        "complete_login_time": 0.016265820000000097,
        "dispatch_time": 0.04923095000000011
    },
    "t_user_29": {
        "redirect_time": 0.0166706459999999,
        "get_access_token_time": 0.011707792999999356,