{
    "t_user_1": {
        "redirect_time": 0.013558014999999979,
        "get_access_token_time": 0.011280222999999978,
        "decode_id_token_time": 0.00025574800000027764,
        "complete_login_time": 0.014892091000000107,
        "dispatch_time": 0.049039769999999816
    },
    "t_user_2": {
        "redirect_time": 0.014209854999999938,
        "get_access_token_time": 0.0125782120000002,
        "decode_id_token_time": 0.00019682799999998224,
        "complete_login_time": 0.013161784000000232,
        "dispatch_time": 0.05248032799999969
    },
    "t_user_3": {
        "redirect_time": 0.013136136999999937,
        "get_access_token_time": 0.013282478000000264,
        "decode_id_token_time": 0.0002003449999996576,
        "complete_login_time": 0.01717136599999991,
        "dispatch_time": 0.053123518000000036
    },
    "t_user_4": {
        "redirect_time": 0.013805814000000027,
        "get_access_token_time": 0.01288067599999998,
        "decode_id_token_time": 0.00021853800000037893,
        "complete_login_time": 0.013002912000000144,
        "dispatch_time": 0.05118829199999997
    },
    "t_user_5": {
        "redirect_time": 0.015358779000000045,
        "get_access_token_time": 0.011073796999999885,
        "decode_id_token_time": 0.0006595929999999584,
        "complete_login_time": 0.014010224000000182,
        "dispatch_time": 0.05394026299999988
    },
    "t_user_6": {
        "redirect_time": 0.014594341999999982,
        "get_access_token_time": 0.011571184000000123,
        "decode_id_token_time": 0.0002442369999999805,
        "complete_login_time": 0.015106182999999884,
        "dispatch_time": 0.05532154999999994
    },
    "t_user_7": {
        "redirect_time": 0.014910617999999931,
        "get_access_token_time": 0.01177462000000018,
        "decode_id_token_time": 0.0002148210000001427,
        "complete_login_time": 0.013109545999999916,
        "dispatch_time": 0.04730990100000021
    },
    "t_user_8": {
        "redirect_time": 0.015510903999999992,
        "get_access_token_time": 0.011602969999999768,
        "decode_id_token_time": 0.0002291480000002899,
        "complete_login_time": 0.013710031000000011,
        "dispatch_time": 0.0473365659999998
    },
    "t_user_9": {
        "redirect_time": 0.014698181000000088,
        "get_access_token_time": 0.01277562000000021,
        "decode_id_token_time": 0.00020400100000017574,
        "complete_login_time": 0.017552070000000253,
        "dispatch_time": 0.05331316499999961
    },
    "t_user_10": {
        "redirect_time": 0.01457452299999995,
        "get_access_token_time": 0.011241511999999787,
        "decode_id_token_time": 0.00021177599999999686,
        "complete_login_time": 0.01334715200000014,
        "dispatch_time": 0.04642337499999982
    },
    "t_user_11": {
        "redirect_time": 0.014199987999999997,
        "get_access_token_time": 0.012177669000000169,
        "decode_id_token_time": 0.00024204199999999787,
        "complete_login_time": 0.01453536100000008,
        "dispatch_time": 0.049406679000000064
    },
    "t_user_12": {
        "redirect_time": 0.018310757000000066,
        "get_access_token_time": 0.012056541000000198,
        "decode_id_token_time": 0.00027028500000003675,
        "complete_login_time": 0.014319787999999889,
        "dispatch_time": 0.06064289600000006
    },
    "t_user_13": {
        "redirect_time": 0.013334702000000087,
        "get_access_token_time": 0.014545550999999879,
        "decode_id_token_time": 0.000229068000000332,
        "complete_login_time": 0.013898627999999746,
        "dispatch_time": 0.0623226520000002
    },
    "t_user_14": {
        "redirect_time": 0.016973337000000033,
        "get_access_token_time": 0.012116583999999708,
        "decode_id_token_time": 0.00026788100000008086,
        "complete_login_time": 0.014437419000000062,
        "dispatch_time": 0.050451688999999966
    },
    "t_user_15": {
        "redirect_time": 0.01322590899999998,
        "get_access_token_time": 0.01215345000000001,
        "decode_id_token_time": 0.0002790120000000229,
        "complete_login_time": 0.0148054769999999,
        "dispatch_time": 0.06025795200000017
    },
    "t_user_16": {
        "redirect_time": 0.014950110000000016,
        "get_access_token_time": 0.0127285399999999,
        "decode_id_token_time": 0.00022942799999992047,
        "complete_login_time": 0.013029253999999657,
        "dispatch_time": 0.051940297000000246
    },
    "t_user_17": {
        "redirect_time": 0.015111839999999876,
        "get_access_token_time": 0.012867061999999763,
        "decode_id_token_time": 0.00028297900000007203,
        "complete_login_time": 0.014829633000000175,
        "dispatch_time": 0.05231622800000002
    },
    "t_user_18": {
        "redirect_time": 0.013498452000000105,
        "get_access_token_time": 0.011148165999999904,
        "decode_id_token_time": 0.0002688319999997191,
        "complete_login_time": 0.017108153000000126,
        "dispatch_time": 0.05090442700000031
    },
    "t_user_19": {
        "redirect_time": 0.014131486000000137,
        "get_access_token_time": 0.011465954999999806,
        "decode_id_token_time": 0.00025032800000035493,
        "complete_login_time": 0.013535730000000079,
        "dispatch_time": 0.052345145999999954
    },
    "t_user_20": {
        "redirect_time": 0.013461691000000053,
        "get_access_token_time": 0.012413235999999994,
        "decode_id_token_time": 0.00021825700000022152,
        "complete_login_time": 0.014033428000000292,
        "dispatch_time": 0.04786462300000016
    },
    "t_user_21": {
        "redirect_time": 0.01563888499999999,
        "get_access_token_time": 0.015696394999999974,
        "decode_id_token_time": 0.0001900359999997825,
        "complete_login_time": 0.012342408000000304,
        "dispatch_time": 0.04956346300000014
    },
    "t_user_22": {
        "redirect_time": 0.015129138000000042,
        "get_access_token_time": 0.011520294999999958,
        "decode_id_token_time": 0.00022965799999985492,
        "complete_login_time": 0.013855622000000345,
        "dispatch_time": 0.055944510999999864
    },
    "t_user_23": {
        "redirect_time": 0.016342792999999967,
        "get_access_token_time": 0.01106098099999997,
        "decode_id_token_time": 0.00020775899999980751,
        "complete_login_time": 0.01373431199999997,
        "dispatch_time": 0.047824055999999615
    },
    "t_user_24": {
        "redirect_time": 0.014749139999999938,
        "get_access_token_time": 0.011507345000000058,
        "decode_id_token_time": 0.00022606199999941623,
        "complete_login_time": 0.01341274000000059,
        "dispatch_time": 0.04743818700000002
    },
    "t_user_25": {
        "redirect_time": 0.014166096999999933,
        "get_access_token_time": 0.012111760999999888,
        "decode_id_token_time": 0.00026805099999993587,
        "complete_login_time": 0.014044385000000048,
        "dispatch_time": 0.05488209699999924
    },
    "t_user_26": {
        "redirect_time": 0.014376488999999992,
        "get_access_token_time": 0.011935627000000615,
        "decode_id_token_time": 0.00020847000000046023,
        "complete_login_time": 0.01387610100000014,
        "dispatch_time": 0.05277797099999937
    },
    "t_user_27": {
        "redirect_time": 0.014214645000000026,
        "get_access_token_time": 0.013112777999999992,
        "decode_id_token_time": 0.00023182400000010261,
        "complete_login_time": 0.014965483000000113,
        "dispatch_time": 0.05231897399999941
    },
    "t_user_28": {
        "redirect_time": 0.013482427000000019,
        "get_access_token_time": 0.012998376999999728,
        "decode_id_token_time": 0.00019756900000000854,
        "complete_login_time": 0.013474731000000517,
        "dispatch_time": 0.049499004999999485
    },
    "t_user_29": {
        "redirect_time": 0.01365494299999992,
        "get_access_token_time": 0.012326129999999935,