{
    "t_user_1": {
        "redirect_time": 0.01330842600000004,
        "get_access_token_time": 0.01160763199999959,
        "decode_id_token_time": 0.0002305800000002023,
        "complete_login_time": 0.013692723000000129,
        "dispatch_time": 0.05019955800000009
    },
    "t_user_2": {
        "redirect_time": 0.013066281000000068,
        "get_access_token_time": 0.011867035999999942,
        "decode_id_token_time": 0.0002729499999998275,
        "complete_login_time": 0.01387122800000018,
        "dispatch_time": 0.04950671100000026
    },
    "t_user_3": {
        "redirect_time": 0.013967860999999915,
        "get_access_token_time": 0.011349485000000215,
        "decode_id_token_time": 0.00020823000000014247,
        "complete_login_time": 0.013795102000000004,
        "dispatch_time": 0.048986925999999986
    },
    "t_user_4": {
        "redirect_time": 0.01390156599999992,
        "get_access_token_time": 0.01510924700000027,
        "decode_id_token_time": 0.0007159079999996543,
        "complete_login_time": 0.014739120000000216,
        "dispatch_time": 0.054228567999999644
    },
    "t_user_5": {
        "redirect_time": 0.013291877000000007,
        "get_access_token_time": 0.0127256680000003,
        "decode_id_token_time": 0.00025762099999981913,
        "complete_login_time": 0.01363763299999965,
        "dispatch_time": 0.04881162200000011
    },
    "t_user_6": {
        "redirect_time": 0.016536360000000028,
        "get_access_token_time": 0.011715160999999696,
        "decode_id_token_time": 0.00022228600000007148,
        "complete_login_time": 0.013644579999999795,
        "dispatch_time": 0.04761011599999998
    },
    "t_user_7": {
        "redirect_time": 0.015453496000000011,
        "get_access_token_time": 0.011299052000000032,
        "decode_id_token_time": 0.00022524099999987612,
        "complete_login_time": 0.013553987000000323,
        "dispatch_time": 0.050580842000000015
    },
    "t_user_8": {
        "redirect_time": 0.014670804999999953,
        "get_access_token_time": 0.011237759000000125,
        "decode_id_token_time": 0.000284100999999648,
        "complete_login_time": 0.013783861000000286,
        "dispatch_time": 0.050510915999999906
    },
    "t_user_9": {
        "redirect_time": 0.015961031999999986,
        "get_access_token_time": 0.01186929999999986,
        "decode_id_token_time": 0.00025032799999991084,
        "complete_login_time": 0.014046570000000091,
        "dispatch_time": 0.05654466899999999
    },
    "t_user_10": {
        "redirect_time": 0.014167670999999937,
        "get_access_token_time": 0.011518182999999738,
        "decode_id_token_time": 0.00022077300000011846,
        "complete_login_time": 0.01415565799999996,
        "dispatch_time": 0.049461468000000064
    },
    "t_user_11": {
        "redirect_time": 0.015191869999999996,
        "get_access_token_time": 0.011396439999999952,
        "decode_id_token_time": 0.00020216800000039115,
        "complete_login_time": 0.018244741000000175,
        "dispatch_time": 0.051772712
    },
    "t_user_12": {
        "redirect_time": 0.018089041999999944,
        "get_access_token_time": 0.011313832999999995,
        "decode_id_token_time": 0.0002376540000001981,
        "complete_login_time": 0.01965344999999985,
        "dispatch_time": 0.0543660629999998
    },
    "t_user_13": {
        "redirect_time": 0.012781477999999957,
        "get_access_token_time": 0.011441324000000197,
        "decode_id_token_time": 0.00021131500000004522,
        "complete_login_time": 0.013253852999999705,
        "dispatch_time": 0.047906444000000104
    },
    "t_user_14": {
        "redirect_time": 0.01599061600000007,
        "get_access_token_time": 0.012014439000000099,
        "decode_id_token_time": 0.00021742599999985401,
        "complete_login_time": 0.019171333000000068,
        "dispatch_time": 0.05465679199999984
    },
    "t_user_15": {
        "redirect_time": 0.013874296000000008,
        "get_access_token_time": 0.011656866000000043,
        "decode_id_token_time": 0.0002585830000003675,
        "complete_login_time": 0.017539199999999866,
        "dispatch_time": 0.05175814199999973
    },
    "t_user_16": {
        "redirect_time": 0.015145082999999948,
        "get_access_token_time": 0.011651343000000036,
        "decode_id_token_time": 0.00022285700000024278,
        "complete_login_time": 0.013134990999999818,
        "dispatch_time": 0.05016602499999978
    },
    "t_user_17": {
        "redirect_time": 0.015260942000000055,
        "get_access_token_time": 0.012045029999999901,
        "decode_id_token_time": 0.00021850800000011716,
        "complete_login_time": 0.013433878999999926,
        "dispatch_time": 0.04913818899999978
    },
    "t_user_18": {
        "redirect_time": 0.013870492999999984,
        "get_access_token_time": 0.011538980000000088,
        "decode_id_token_time": 0.00021116500000006866,
        "complete_login_time": 0.04729708599999993,
        "dispatch_time": 0.08202781999999997
    },
    "t_user_19": {
        "redirect_time": 0.013862254000000185,
        "get_access_token_time": 0.012537704999999733,
        "decode_id_token_time": 0.0002204319999998816,
        "complete_login_time": 0.013849833000000089,
        "dispatch_time": 0.04954712299999997
    },
    "t_user_20": {
        "redirect_time": 0.01445902599999993,
        "get_access_token_time": 0.014092445999999814,
        "decode_id_token_time": 0.00028394000000009356,
        "complete_login_time": 0.014469373999999924,
        "dispatch_time": 0.05117656700000017
    },
    "t_user_21": {
        "redirect_time": 0.015477924000000032,
        "get_access_token_time": 0.011427837000000274,
        "decode_id_token_time": 0.0001830519999996838,
        "complete_login_time": 0.012151665999999395,
        "dispatch_time": 0.04720080800000037
    },
    "t_user_22": {
        "redirect_time": 0.01479929499999999,
        "get_access_token_time": 0.010987397000000065,
        "decode_id_token_time": 0.000229758999999774,
        "complete_login_time": 0.013047799999999832,
        "dispatch_time": 0.04760739399999947
    },
    "t_user_23": {
        "redirect_time": 0.016361776999999966,
        "get_access_token_time": 0.011567539000000515,
        "decode_id_token_time": 0.0002074380000003373,
        "complete_login_time": 0.013386413000000097,
        "dispatch_time": 0.04835459199999992
    },
    "t_user_24": {
        "redirect_time": 0.01443673599999995,
        "get_access_token_time": 0.011984292999999369,
        "decode_id_token_time": 0.00026079800000022857,
        "complete_login_time": 0.014689489999999417,
        "dispatch_time": 0.05265758699999967
    },
    "t_user_25": {
        "redirect_time": 0.016639741999999957,
        "get_access_token_time": 0.011510981000000697,
        "decode_id_token_time": 0.00020656600000013015,
        "complete_login_time": 0.013188696000000277,
        "dispatch_time": 0.04978198700000025
    },
    "t_user_26": {
        "redirect_time": 0.015050060999999948,
        "get_access_token_time": 0.011765029000000204,
        "decode_id_token_time": 0.00017762199999982187,
        "complete_login_time": 0.012735346999999564,
        "dispatch_time": 0.049484391000000016
    },
    "t_user_27": {
        "redirect_time": 0.013912213000000007,
        "get_access_token_time": 0.011459234000000151,
        "decode_id_token_time": 0.00020023500000032612,
        "complete_login_time": 0.012745508000000072,
        "dispatch_time": 0.04668914899999965
    },
    "t_user_28": {
        "redirect_time": 0.014803685000000177,
        "get_access_token_time": 0.011640357000000101,
        "decode_id_token_time": 0.0002287680000003789,
        "complete_login_time": 0.017052666999999744,
        "dispatch_time": 0.05210088100000032
    },
    "t_user_29": {
        "redirect_time": 0.015019307999999842,
        "get_access_token_time": 0.011675504999999475,