{
    "t_user_1": {
        "redirect_time": 0.01311901700000001,
        "get_access_token_time": 0.010873872999999978,
        "decode_id_token_time": 0.00020779800000036985,
        "complete_login_time": 0.013302876000000019,
        "dispatch_time": 0.04687097000000007
    },
    "t_user_2": {
        "redirect_time": 0.013221397000000024,
        "get_access_token_time": 0.011295212000000276,
        "decode_id_token_time": 0.00021407000000017717,
        "complete_login_time": 0.013820744000000218,
        "dispatch_time": 0.051483601999999795
    },
    "t_user_3": {
        "redirect_time": 0.01410029700000004,
        "get_access_token_time": 0.011470832999999736,
        "decode_id_token_time": 0.0002016970000000562,
        "complete_login_time": 0.013101631000000058,
        "dispatch_time": 0.04865942099999998
    },
    "t_user_4": {
        "redirect_time": 0.012662724000000014,
        "get_access_token_time": 0.012805479999999925,
        "decode_id_token_time": 0.00019667800000000568,
        "complete_login_time": 0.013268105999999946,
        "dispatch_time": 0.04855019999999999
    },
    "t_user_5": {
        "redirect_time": 0.013502521000000045,
        "get_access_token_time": 0.011491842999999946,
        "decode_id_token_time": 0.0002306510000003037,
        "complete_login_time": 0.013074017000000104,
        "dispatch_time": 0.04770082199999992
    },
    "t_user_6": {
        "redirect_time": 0.013989260000000003,
        "get_access_token_time": 0.011394537000000149,
        "decode_id_token_time": 0.0002591540000000947,
        "complete_login_time": 0.01639140800000005,
        "dispatch_time": 0.04956770400000021
    },
    "t_user_7": {
        "redirect_time": 0.014337773999999914,
        "get_access_token_time": 0.012566263000000077,
        "decode_id_token_time": 0.00023346700000015375,
        "complete_login_time": 0.014431064000000049,
        "dispatch_time": 0.053327911999999866
    },
    "t_user_8": {
        "redirect_time": 0.013708610999999982,
        "get_access_token_time": 0.014159859000000274,
        "decode_id_token_time": 0.00022917900000019031,
        "complete_login_time": 0.013595441999999736,
        "dispatch_time": 0.05324445599999983
    },
    "t_user_9": {
        "redirect_time": 0.013459853000000077,
        "get_access_token_time": 0.011783515999999938,
        "decode_id_token_time": 0.00022742599999991953,
        "complete_login_time": 0.013779818999999804,
        "dispatch_time": 0.04766994199999974
    },
    "t_user_10": {
        "redirect_time": 0.014437455999999904,
        "get_access_token_time": 0.011714400999999874,
        "decode_id_token_time": 0.00022746500000003778,
        "complete_login_time": 0.013603486000000053,
        "dispatch_time": 0.04721827500000009
    },
    "t_user_11": {
        "redirect_time": 0.013895663000000003,
        "get_access_token_time": 0.011640985000000104,
        "decode_id_token_time": 0.00019099799999988676,
        "complete_login_time": 0.01369611500000012,
        "dispatch_time": 0.050928749999999745
    },
    "t_user_12": {
        "redirect_time": 0.015337444000000033,
        "get_access_token_time": 0.011362148999999988,
        "decode_id_token_time": 0.00021978099999975242,
        "complete_login_time": 0.013427040999999917,
        "dispatch_time": 0.053951431999999855
    },
    "t_user_13": {
        "redirect_time": 0.014344007000000047,
        "get_access_token_time": 0.01191745700000002,
        "decode_id_token_time": 0.00026503499999996905,
        "complete_login_time": 0.014204439999999874,
        "dispatch_time": 0.04991598099999983
    },
    "t_user_14": {
        "redirect_time": 0.01315265099999996,
        "get_access_token_time": 0.01270439500000009,
        "decode_id_token_time": 0.0002226659999999825,
        "complete_login_time": 0.014618664000000337,
        "dispatch_time": 0.05030471099999989
    },
    "t_user_15": {
        "redirect_time": 0.014196584000000012,
        "get_access_token_time": 0.011996268999999948,
        "decode_id_token_time": 0.00023432799999989484,
        "complete_login_time": 0.013528186999999914,
        "dispatch_time": 0.04826098000000023
    },
    "t_user_16": {
        "redirect_time": 0.013269363999999895,
        "get_access_token_time": 0.011539505000000005,
        "decode_id_token_time": 0.000688177000000012,
        "complete_login_time": 0.014716914999999942,
        "dispatch_time": 0.054996657000000004
    },
    "t_user_17": {
        "redirect_time": 0.013231966999999845,
        "get_access_token_time": 0.011123910999999875,
        "decode_id_token_time": 0.0002495160000002272,
        "complete_login_time": 0.01404125700000014,
        "dispatch_time": 0.052289254000000174
    },
    "t_user_18": {
        "redirect_time": 0.013746327000000003,
        "get_access_token_time": 0.011521650000000161,
        "decode_id_token_time": 0.00022443900000013173,
        "complete_login_time": 0.013223909999999783,
        "dispatch_time": 0.05059802599999985
    },
    "t_user_19": {
        "redirect_time": 0.015333725000000076,
        "get_access_token_time": 0.011748534000000088,
        "decode_id_token_time": 0.00022700399999964205,
        "complete_login_time": 0.01335491099999997,
        "dispatch_time": 0.047551346000000105
    },
    "t_user_20": {
        "redirect_time": 0.013716064000000028,
        "get_access_token_time": 0.01153768700000013,
        "decode_id_token_time": 0.00021788700000024974,
        "complete_login_time": 0.021736454000000016,
        "dispatch_time": 0.05515319399999985
    },
    "t_user_21": {
        "redirect_time": 0.014394212999999878,
        "get_access_token_time": 0.012029942000000293,
        "decode_id_token_time": 0.00021024399999980403,
        "complete_login_time": 0.012930990000000087,
        "dispatch_time": 0.048627954000000084
    },
    "t_user_22": {
        "redirect_time": 0.014285491000000095,
        "get_access_token_time": 0.012060613999999692,
        "decode_id_token_time": 0.0003000609999999071,
        "complete_login_time": 0.015828835000000208,
        "dispatch_time": 0.05678271300000004
    },
    "t_user_23": {
        "redirect_time": 0.013651775999999893,
        "get_access_token_time": 0.013863064000000147,
        "decode_id_token_time": 0.00018379399999979285,
        "complete_login_time": 0.012985758999999764,
        "dispatch_time": 0.05469409299999972
    },
    "t_user_24": {
        "redirect_time": 0.013417750000000117,
        "get_access_token_time": 0.011590715000000085,
        "decode_id_token_time": 0.00021863899999985392,
        "complete_login_time": 0.01481616699999977,
        "dispatch_time": 0.05040358100000031
    },
    "t_user_25": {
        "redirect_time": 0.014157797000000194,
        "get_access_token_time": 0.016203841000000274,
        "decode_id_token_time": 0.00022643299999991484,
        "complete_login_time": 0.013312627999999993,
        "dispatch_time": 0.05144509399999997
    },
    "t_user_26": {
        "redirect_time": 0.015231412999999971,
        "get_access_token_time": 0.011610703000000111,
        "decode_id_token_time": 0.00023490900000000536,
        "complete_login_time": 0.013899450999999896,
        "dispatch_time": 0.052660851999999814
    },
    "t_user_28": {
        "redirect_time": 0.013741749000000025,
        "get_access_token_time": 0.01121676599999999,
        "decode_id_token_time": 0.0002229069999999389,
        "complete_login_time": 0.013771792000000005,
        "dispatch_time": 0.047530030000000334
    },
    "t_user_27": {
        "redirect_time": 0.014019146999999954,
        "get_access_token_time": 0.01626547700000014,
        "decode_id_token_time": 0.00022218599999979105,
        "complete_login_time": 0.012747086999999713,
        "dispatch_time": 0.05167743199999997
    },
    "t_user_29": {
        "redirect_time": 0.014578322000000199,
        "get_access_token_time": 0.011253146999999686,