{
    "t_user_1": {
        "login_start_time": 431462.432526,
        "login_finish_time": 431467.9055694,
        "keycloak_access_wait_time": 0.3081557999830693,
        "login_inputs_time": 0.11135469999862835,
        "redirect_from_keycloak_time": 3.782814599981066,
        "protected_resource": "You won the game!"
    },
    "t_user_2": {
        "login_start_time": 431462.932282,
        "login_finish_time": 431467.9221138,
        "keycloak_access_wait_time": 0.4444991999771446,
        "login_inputs_time": 3.29535659996327,
        "redirect_from_keycloak_time": 0.0032695000409148633,
        "protected_resource": "You won the game!"
    },
    "t_user_3": {
        "login_start_time": 431463.4325707,
        "login_finish_time": 431467.8424906,
        "keycloak_access_wait_time": 0.36301089997868985,
        "login_inputs_time": 0.11096040002303198,
        "redirect_from_keycloak_time": 2.622393199999351,
        "protected_resource": "You won the game!"
    },
    "t_user_4": {
        "login_start_time": 431463.9309235,
        "login_finish_time": 431467.8113666,
        "keycloak_access_wait_time": 0.37176699994597584,
        "login_inputs_time": 0.12164700002176687,
        "redirect_from_keycloak_time": 2.127196899964474,
        "protected_resource": "You won the game!"
    },
    "t_user_5": {
        "login_start_time": 431464.4288179,
        "login_finish_time": 431467.7941297,
        "keycloak_access_wait_time": 0.3790736999944784,
        "login_inputs_time": 0.11699860001681373,
        "redirect_from_keycloak_time": 1.568855799967423,
        "protected_resource": "You lost the game!"
    },
    "t_user_6": {
        "login_start_time": 431464.9276693,
        "login_finish_time": 431467.8986151,
        "keycloak_access_wait_time": 0.3871892999741249,
        "login_inputs_time": 0.12121399998432025,
        "redirect_from_keycloak_time": 1.1674514000187628,
        "protected_resource": "You lost the game!"
    },
    "t_user_7": {
        "login_start_time": 431465.453502,
        "login_finish_time": 431468.0985437,
        "keycloak_access_wait_time": 0.3760412000119686,
        "login_inputs_time": 0.1128181999665685,
        "redirect_from_keycloak_time": 0.8813933000201359,
        "protected_resource": "You lost the game!"
    },
    "t_user_8": {
        "login_start_time": 431465.9761428,
        "login_finish_time": 431468.2884414,
        "keycloak_access_wait_time": 0.3616034999722615,
        "login_inputs_time": 0.39620519999880344,
        "redirect_from_keycloak_time": 0.2666423000046052,
        "protected_resource": "You lost the game!"
    },
    "t_user_9": {
        "login_start_time": 431466.4592212,
        "login_finish_time": 431468.8459519,
        "keycloak_access_wait_time": 0.40017110004555434,
        "login_inputs_time": 0.12450320000061765,
        "redirect_from_keycloak_time": 0.42613239999627694,
        "protected_resource": "You lost the game!"
    },
    "t_user_10": {
        "login_start_time": 431466.9515787,
        "login_finish_time": 431469.214124,
        "keycloak_access_wait_time": 0.3641471999580972,
        "login_inputs_time": 0.12988860002951697,
        "redirect_from_keycloak_time": 0.4428491999860853,
        "protected_resource": "You lost the game!"
    },
    "t_user_11": {
        "login_start_time": 431467.4519172,
        "login_finish_time": 431469.5329015,
        "keycloak_access_wait_time": 0.27447329997085035,
        "login_inputs_time": 0.11473020003177226,
        "redirect_from_keycloak_time": 0.3853938999818638,
        "protected_resource": "You lost the game!"
    },
    "t_user_12": {
        "login_start_time": 431467.9610253,
        "login_finish_time": 431470.0380829,
        "keycloak_access_wait_time": 0.29138459998648614,
        "login_inputs_time": 0.14810220000799745,
        "redirect_from_keycloak_time": 0.3542828999925405,
        "protected_resource": "You won the game!"
    },
    "t_user_13": {
        "login_start_time": 431468.4858305,
        "login_finish_time": 431470.5931489,
        "keycloak_access_wait_time": 0.3105875999899581,
        "login_inputs_time": 0.1257120999507606,
        "redirect_from_keycloak_time": 0.4303197000408545,
        "protected_resource": "You lost the game!"
    },
    "t_user_14": {
        "login_start_time": 431468.9692861,
        "login_finish_time": 431470.6930031,
        "keycloak_access_wait_time": 0.33053420000942424,
        "login_inputs_time": 0.1347280999762006,
        "redirect_from_keycloak_time": 0.5126304000150412,
        "protected_resource": "You lost the game!"
    },
    "t_user_15": {
        "login_start_time": 431469.4793344,
        "login_finish_time": 431472.2409335,
        "keycloak_access_wait_time": 0.887415700010024,
        "login_inputs_time": 0.13337270001647994,
        "redirect_from_keycloak_time": 0.4886532999807969,
        "protected_resource": "You lost the game!"
    },
    "t_user_16": {
        "login_start_time": 431469.9631534,
        "login_finish_time": 431472.3325492,
        "keycloak_access_wait_time": 0.31463440001243725,
        "login_inputs_time": 0.11910619999980554,
        "redirect_from_keycloak_time": 0.6008521000039764,
        "protected_resource": "You won the game!"
    },
    "t_user_17": {
        "login_start_time": 431470.4566081,
        "login_finish_time": 431472.626907,
        "keycloak_access_wait_time": 0.3794640999985859,
        "login_inputs_time": 0.1088482000050135,
        "redirect_from_keycloak_time": 0.36764599999878556,
        "protected_resource": "You lost the game!"
    },
    "t_user_18": {
        "login_start_time": 431471.6412636,
        "login_finish_time": 431473.8563921,
        "keycloak_access_wait_time": 0.28008180001052096,
        "login_inputs_time": 0.12028889998327941,
        "redirect_from_keycloak_time": 0.5734522999846376,
        "protected_resource": "You lost the game!"
    },
    "t_user_19": {
        "login_start_time": 431471.7186553,
        "login_finish_time": 431473.8697937,
        "keycloak_access_wait_time": 0.2789296999690123,
        "login_inputs_time": 0.10958099999697879,
        "redirect_from_keycloak_time": 0.47958009998546913,
        "protected_resource": "You lost the game!"
    },
    "t_user_20": {
        "login_start_time": 431472.0105551,
        "login_finish_time": 431474.2353047,
        "keycloak_access_wait_time": 0.3378752000280656,
        "login_inputs_time": 0.099799899966456,
        "redirect_from_keycloak_time": 0.4451818999950774,
        "protected_resource": "You won the game!"
    },
    "t_user_21": {
        "login_start_time": 431472.4426336,
        "login_finish_time": 431474.5360122,
        "keycloak_access_wait_time": 0.29668280004989356,
        "login_inputs_time": 0.11740549997193739,
        "redirect_from_keycloak_time": 0.3674401000025682,
        "protected_resource": "You won the game!"
    },
    "t_user_22": {
        "login_start_time": 431472.9542877,
        "login_finish_time": 431474.9925088,
        "keycloak_access_wait_time": 0.26401159999659285,
        "login_inputs_time": 0.10711550002451986,
        "redirect_from_keycloak_time": 0.3939700999762863,
        "protected_resource": "You won the game!"
    },
    "t_user_23": {
        "login_start_time": 431473.453788,
        "login_finish_time": 431475.4946811,
        "keycloak_access_wait_time": 0.2681507000233978,
        "login_inputs_time": 0.306002700002864,
        "redirect_from_keycloak_time": 0.17808919999515638,
        "protected_resource": "You won the game!"
    },
    "t_user_24": {
        "login_start_time": 431473.9571024,
        "login_finish_time": 431475.9768205,
        "keycloak_access_wait_time": 0.26134369999635965,
        "login_inputs_time": 0.10748619999503717,
        "redirect_from_keycloak_time": 0.35779789998196065,
        "protected_resource": "You won the game!"
    },