{
    "t_user_1": {
        "login_start_time": 432345.9338783,
        "login_finish_time": 432351.3918141,
        "keycloak_access_wait_time": 0.34247919998597354,
        "login_inputs_time": 0.13143780000973493,
        "redirect_from_keycloak_time": 3.7240906999795698,
        "protected_resource": "You lost the game!"
    },
    "t_user_2": {
        "login_start_time": 432346.4170106,
        "login_finish_time": 432351.3318728,
        "keycloak_access_wait_time": 0.40603459998965263,
        "login_inputs_time": 0.11290209996514022,
        "redirect_from_keycloak_time": 3.134330000029877,
        "protected_resource": "You won the game!"
    },
    "t_user_3": {
        "login_start_time": 432346.915242,
        "login_finish_time": 432351.3780315,
        "keycloak_access_wait_time": 0.3970357000362128,
        "login_inputs_time": 2.787027099984698,
        "redirect_from_keycloak_time": 0.0054073999635875225,
        "protected_resource": "You lost the game!"
    },
    "t_user_4": {
        "login_start_time": 432347.4175453,
        "login_finish_time": 432351.3643558,
        "keycloak_access_wait_time": 0.34284329996444285,
        "login_inputs_time": 0.12041760003194213,
        "redirect_from_keycloak_time": 2.19096489995718,
        "protected_resource": "You won the game!"
    },
    "t_user_5": {
        "login_start_time": 432347.9159272,
        "login_finish_time": 432351.4077248,
        "keycloak_access_wait_time": 0.008246199984569103,
        "login_inputs_time": 1.786281400010921,
        "redirect_from_keycloak_time": 0.0055050000082701445,
        "protected_resource": "You won the game!"
    },
    "t_user_6": {
        "login_start_time": 432348.4141439,
        "login_finish_time": 432351.4881098,
        "keycloak_access_wait_time": 0.3006693000206724,
        "login_inputs_time": 0.11025600001448765,
        "redirect_from_keycloak_time": 1.3773628999479115,
        "protected_resource": "You won the game!"
    },
    "t_user_7": {
        "login_start_time": 432348.9270016,
        "login_finish_time": 432352.8642792,
        "keycloak_access_wait_time": 0.4964600999956019,
        "login_inputs_time": 1.1930284000118263,
        "redirect_from_keycloak_time": 0.0021834999788552523,
        "protected_resource": "You lost the game!"
    },
    "t_user_8": {
        "login_start_time": 432349.4244828,
        "login_finish_time": 432353.0399734,
        "keycloak_access_wait_time": 0.40237709996290505,
        "login_inputs_time": 1.2670091000036336,
        "redirect_from_keycloak_time": 0.0057649000082165,
        "protected_resource": "You lost the game!"
    },
    "t_user_9": {
        "login_start_time": 432349.9198601,
        "login_finish_time": 432353.2627468,
        "keycloak_access_wait_time": 0.4546025000163354,
        "login_inputs_time": 1.3719555999850854,
        "redirect_from_keycloak_time": 0.004948500019963831,
        "protected_resource": "You won the game!"
    },
    "t_user_10": {
        "login_start_time": 432350.4429401,
        "login_finish_time": 432353.4848489,
        "keycloak_access_wait_time": 0.3964385000290349,
        "login_inputs_time": 1.2857029000297189,
        "redirect_from_keycloak_time": 0.0025719000259414315,
        "protected_resource": "You lost the game!"
    },
    "t_user_11": {
        "login_start_time": 432350.9222594,
        "login_finish_time": 432353.5592116,
        "keycloak_access_wait_time": 0.36589750001439825,
        "login_inputs_time": 0.12459900003159419,
        "redirect_from_keycloak_time": 0.8633930999785662,
        "protected_resource": "You lost the game!"
    },
    "t_user_12": {
        "login_start_time": 432351.7745754,
        "login_finish_time": 432354.4727141,
        "keycloak_access_wait_time": 0.49902149999979883,
        "login_inputs_time": 0.13522500003455207,
        "redirect_from_keycloak_time": 0.5800747000030242,
        "protected_resource": "You won the game!"
    },
    "t_user_13": {
        "login_start_time": 432351.9316388,
        "login_finish_time": 432354.7723247,
        "keycloak_access_wait_time": 0.3820821999688633,
        "login_inputs_time": 0.11296779999975115,
        "redirect_from_keycloak_time": 0.8098299000412226,
        "protected_resource": "You won the game!"
    },
    "t_user_14": {
        "login_start_time": 432352.4442965,
        "login_finish_time": 432354.8040352,
        "keycloak_access_wait_time": 0.40317969996249303,
        "login_inputs_time": 0.9176216999767348,
        "redirect_from_keycloak_time": 0.005163899972103536,
        "protected_resource": "You lost the game!"
    },
    "t_user_15": {
        "login_start_time": 432352.9546026,
        "login_finish_time": 432355.239239,
        "keycloak_access_wait_time": 0.4330231000203639,
        "login_inputs_time": 0.11377860000357032,
        "redirect_from_keycloak_time": 0.4474231000058353,
        "protected_resource": "You won the game!"
    },
    "t_user_16": {
        "login_start_time": 432353.4499107,
        "login_finish_time": 432355.7027278,
        "keycloak_access_wait_time": 0.33111339999595657,
        "login_inputs_time": 0.11878369998885319,
        "redirect_from_keycloak_time": 0.4573559000273235,
        "protected_resource": "You won the game!"
    },
    "t_user_17": {
        "login_start_time": 432353.9424387,
        "login_finish_time": 432356.1524756,
        "keycloak_access_wait_time": 0.3932465999969281,
        "login_inputs_time": 0.12668699998175725,
        "redirect_from_keycloak_time": 0.3999924000236206,
        "protected_resource": "You lost the game!"
    },
    "t_user_18": {
        "login_start_time": 432354.4693945,
        "login_finish_time": 432356.6202338,
        "keycloak_access_wait_time": 0.2662568999803625,
        "login_inputs_time": 0.12020369997480884,
        "redirect_from_keycloak_time": 0.5020611999789253,
        "protected_resource": "You lost the game!"
    },
    "t_user_19": {
        "login_start_time": 432354.9393,
        "login_finish_time": 432357.0316694,
        "keycloak_access_wait_time": 0.32028729998273775,
        "login_inputs_time": 0.4850736999651417,
        "redirect_from_keycloak_time": 0.022000800003297627,
        "protected_resource": "You won the game!"
    },
    "t_user_20": {
        "login_start_time": 432355.4378382,
        "login_finish_time": 432357.5563934,
        "keycloak_access_wait_time": 0.27456360001815483,
        "login_inputs_time": 0.5415377000463195,
        "redirect_from_keycloak_time": 0.01911689998814836,
        "protected_resource": "You lost the game!"
    },
    "t_user_21": {
        "login_start_time": 432355.9622577,
        "login_finish_time": 432358.1152757,
        "keycloak_access_wait_time": 0.27574780001305044,
        "login_inputs_time": 0.12630830000853166,
        "redirect_from_keycloak_time": 0.4843915000092238,
        "protected_resource": "You lost the game!"
    },
    "t_user_22": {
        "login_start_time": 432356.4586887,
        "login_finish_time": 432358.6721299,
        "keycloak_access_wait_time": 0.31927159999031574,
        "login_inputs_time": 0.1165037999744527,
        "redirect_from_keycloak_time": 0.5058814000221901,
        "protected_resource": "You lost the game!"
    },
    "t_user_23": {
        "login_start_time": 432357.0670416,
        "login_finish_time": 432359.1811458,
        "keycloak_access_wait_time": 0.2993819999974221,
        "login_inputs_time": 0.12660369998775423,
        "redirect_from_keycloak_time": 0.4656059999833815,
        "protected_resource": "You lost the game!"
    },
    "t_user_24": {
        "login_start_time": 432357.5162992,
        "login_finish_time": 432359.5762009,
        "keycloak_access_wait_time": 0.3173979999846779,
        "login_inputs_time": 0.12173559999791905,
        "redirect_from_keycloak_time": 0.3373328000307083,
        "protected_resource": "You won the game!"
    },