{
    "t_user_1": {
        "login_start_time": 432728.0914229,
        "login_finish_time": 432734.4147155,
        "keycloak_access_wait_time": 0.3263204999966547,
        "login_inputs_time": 4.725292099989019,
        "redirect_from_keycloak_time": 0.024494900018908083,
        "protected_resource": "You lost the game!"
    },
    "t_user_2": {
        "login_start_time": 432728.5266224,
        "login_finish_time": 432734.0533427,
        "keycloak_access_wait_time": 0.40947130002314225,
        "login_inputs_time": 0.24656990001676604,
        "redirect_from_keycloak_time": 3.54336000001058,
        "protected_resource": "You won the game!"
    },
    "t_user_3": {
        "login_start_time": 432729.1034768,
        "login_finish_time": 432734.4137343,
        "keycloak_access_wait_time": 0.5068328999914229,
        "login_inputs_time": 3.510440100042615,
        "redirect_from_keycloak_time": 0.034113300032913685,
        "protected_resource": "You won the game!"
    },
    "t_user_4": {
        "login_start_time": 432729.6002661,
        "login_finish_time": 432734.4150936,
        "keycloak_access_wait_time": 0.5578211999963969,
        "login_inputs_time": 3.0002259999746457,
        "redirect_from_keycloak_time": 0.026266800006851554,
        "protected_resource": "You won the game!"
    },
    "t_user_5": {
        "login_start_time": 432730.1094885,
        "login_finish_time": 432734.4108863,
        "keycloak_access_wait_time": 0.37666860001627356,
        "login_inputs_time": 2.685478499974124,
        "redirect_from_keycloak_time": 0.023183499986771494,
        "protected_resource": "You won the game!"
    },
    "t_user_6": {
        "login_start_time": 432730.7142767,
        "login_finish_time": 432734.4141664,
        "keycloak_access_wait_time": 0.4576638000435196,
        "login_inputs_time": 0.18272380001144484,
        "redirect_from_keycloak_time": 1.8091309999581426,
        "protected_resource": "You lost the game!"
    },
    "t_user_7": {
        "login_start_time": 432731.0705684,
        "login_finish_time": 432734.430074,
        "keycloak_access_wait_time": 0.4041053999681026,
        "login_inputs_time": 1.5860821999958716,
        "redirect_from_keycloak_time": 0.016712999960873276,
        "protected_resource": "You lost the game!"
    },
    "t_user_8": {
        "login_start_time": 432731.6304027,
        "login_finish_time": 432736.5278377,
        "keycloak_access_wait_time": 0.09574740001698956,
        "login_inputs_time": 1.4725234999787062,
        "redirect_from_keycloak_time": 0.0061224999953992665,
        "protected_resource": "You lost the game!"
    },
    "t_user_9": {
        "login_start_time": 432732.1447184,
        "login_finish_time": 432736.9083913,
        "keycloak_access_wait_time": 0.17101829999592155,
        "login_inputs_time": 1.8107667000149377,
        "redirect_from_keycloak_time": 0.007374799984972924,
        "protected_resource": "You won the game!"
    },
    "t_user_10": {
        "login_start_time": 432732.6259132,
        "login_finish_time": 432736.3719886,
        "keycloak_access_wait_time": 0.7101917999680154,
        "login_inputs_time": 1.251428899995517,
        "redirect_from_keycloak_time": 0.014896899985615164,
        "protected_resource": "You lost the game!"
    },
    "t_user_11": {
        "login_start_time": 432733.1502217,
        "login_finish_time": 432737.224702,
        "keycloak_access_wait_time": 0.041308099986054,
        "login_inputs_time": 2.075420400011353,
        "redirect_from_keycloak_time": 0.0073420999688096344,
        "protected_resource": "You lost the game!"
    },
    "t_user_12": {
        "login_start_time": 432733.6269776,
        "login_finish_time": 432737.4389156,
        "keycloak_access_wait_time": 0.016951999976299703,
        "login_inputs_time": 1.3486333999899216,
        "redirect_from_keycloak_time": 0.01569490000838414,
        "protected_resource": "You lost the game!"
    },
    "t_user_13": {
        "login_start_time": 432734.1350323,
        "login_finish_time": 432737.2582478,
        "keycloak_access_wait_time": 0.10996710002655163,
        "login_inputs_time": 1.3130170000367798,
        "redirect_from_keycloak_time": 0.011425199976656586,
        "protected_resource": "You won the game!"
    },
    "t_user_14": {
        "login_start_time": 432734.649595,
        "login_finish_time": 432737.4282221,
        "keycloak_access_wait_time": 0.021179900038987398,
        "login_inputs_time": 1.4272761999745853,
        "redirect_from_keycloak_time": 0.05270550004206598,
        "protected_resource": "You won the game!"
    },
    "t_user_15": {
        "login_start_time": 432735.5222578,
        "login_finish_time": 432738.9229571,
        "keycloak_access_wait_time": 0.6447484000236727,
        "login_inputs_time": 1.2042999000404961,
        "redirect_from_keycloak_time": 0.006147199950646609,
        "protected_resource": "You won the game!"
    },
    "t_user_16": {
        "login_start_time": 432735.7721732,
        "login_finish_time": 432739.0020652,
        "keycloak_access_wait_time": 0.5066483999835327,
        "login_inputs_time": 1.2167160999961197,
        "redirect_from_keycloak_time": 0.00877710001077503,
        "protected_resource": "You won the game!"
    },
    "t_user_17": {
        "login_start_time": 432736.6976195,
        "login_finish_time": 432738.9846606,
        "keycloak_access_wait_time": 0.029416600009426475,
        "login_inputs_time": 0.9378036999842152,
        "redirect_from_keycloak_time": 0.005333700042683631,
        "protected_resource": "You lost the game!"
    },
    "t_user_18": {
        "login_start_time": 432736.7270789,
        "login_finish_time": 432739.3254329,
        "keycloak_access_wait_time": 0.5183716000174172,
        "login_inputs_time": 0.8015324000152759,
        "redirect_from_keycloak_time": 0.004857299965806305,
        "protected_resource": "You won the game!"
    },
    "t_user_19": {
        "login_start_time": 432737.2568832,
        "login_finish_time": 432740.221456,
        "keycloak_access_wait_time": 0.6198549000546336,
        "login_inputs_time": 0.9713893000152893,
        "redirect_from_keycloak_time": 0.0127521000104025,
        "protected_resource": "You lost the game!"
    },
    "t_user_20": {
        "login_start_time": 432737.7565642,
        "login_finish_time": 432740.2272415,
        "keycloak_access_wait_time": 0.3377182999975048,
        "login_inputs_time": 0.805645500018727,
        "redirect_from_keycloak_time": 0.004260000016074628,
        "protected_resource": "You lost the game!"
    },
    "t_user_21": {
        "login_start_time": 432738.2414269,
        "login_finish_time": 432740.5638562,
        "keycloak_access_wait_time": 0.009576300042681396,
        "login_inputs_time": 0.6284295999794267,
        "redirect_from_keycloak_time": 0.004490400024224073,
        "protected_resource": "You lost the game!"
    },
    "t_user_22": {
        "login_start_time": 432738.7505854,
        "login_finish_time": 432741.7405778,
        "keycloak_access_wait_time": 0.03069740004139021,
        "login_inputs_time": 0.8166150000179186,
        "redirect_from_keycloak_time": 0.007433600025251508,
        "protected_resource": "You won the game!"
    },
    "t_user_23": {
        "login_start_time": 432739.2200021,
        "login_finish_time": 432741.7351866,
        "keycloak_access_wait_time": 0.008731900015845895,
        "login_inputs_time": 0.7752200000104494,
        "redirect_from_keycloak_time": 0.013247700000647455,
        "protected_resource": "You lost the game!"
    },
    "t_user_24": {
        "login_start_time": 432739.7588435,
        "login_finish_time": 432742.440815,
        "keycloak_access_wait_time": 0.008677499950863421,
        "login_inputs_time": 0.905922100006137,
        "redirect_from_keycloak_time": 0.0036879999679513276,
        "protected_resource": "You lost the game!"
    },