{
    "t_user_1": {
        "login_start_time": 432155.2886607,
        "login_finish_time": 432161.5863864,
        "keycloak_access_wait_time": 0.3479464999982156,
        "login_inputs_time": 0.11736279999604449,
        "redirect_from_keycloak_time": 4.538058799982537,
        "protected_resource": "You won the game!"
    },
    "t_user_2": {
        "login_start_time": 432155.7885707,
        "login_finish_time": 432161.6379165,
        "keycloak_access_wait_time": 0.38515749998623505,
        "login_inputs_time": 0.13981560000684112,
        "redirect_from_keycloak_time": 4.079679999966174,
        "protected_resource": "You won the game!"
    },
    "t_user_3": {
        "login_start_time": 432156.2885336,
        "login_finish_time": 432161.5968533,
        "keycloak_access_wait_time": 0.34158629999728873,
        "login_inputs_time": 0.140855300007388,
        "redirect_from_keycloak_time": 3.5666356000001542,
        "protected_resource": "You won the game!"
    },
    "t_user_4": {
        "login_start_time": 432156.7861064,
        "login_finish_time": 432161.4033369,
        "keycloak_access_wait_time": 0.4199500000104308,
        "login_inputs_time": 0.13058840000303462,
        "redirect_from_keycloak_time": 2.7934541999711655,
        "protected_resource": "You lost the game!"
    },
    "t_user_5": {
        "login_start_time": 432157.2833203,
        "login_finish_time": 432161.6275477,
        "keycloak_access_wait_time": 0.3803429999970831,
        "login_inputs_time": 0.11557289998745546,
        "redirect_from_keycloak_time": 2.54853870003717,
        "protected_resource": "You lost the game!"
    },
    "t_user_6": {
        "login_start_time": 432157.7946955,
        "login_finish_time": 432161.6776348,
        "keycloak_access_wait_time": 0.37698589998763055,
        "login_inputs_time": 0.14447010000003502,
        "redirect_from_keycloak_time": 2.083344900049269,
        "protected_resource": "You won the game!"
    },
    "t_user_7": {
        "login_start_time": 432158.2949397,
        "login_finish_time": 432161.7568031,
        "keycloak_access_wait_time": 0.39655629999469966,
        "login_inputs_time": 0.11144399998011068,
        "redirect_from_keycloak_time": 1.6571157000144012,
        "protected_resource": "You won the game!"
    },
    "t_user_8": {
        "login_start_time": 432158.8049639,
        "login_finish_time": 432163.5974268,
        "keycloak_access_wait_time": 0.8237462999531999,
        "login_inputs_time": 1.5247777000186034,
        "redirect_from_keycloak_time": 0.002528799988795072,
        "protected_resource": "You lost the game!"
    },
    "t_user_9": {
        "login_start_time": 432159.3043071,
        "login_finish_time": 432163.4435707,
        "keycloak_access_wait_time": 0.5279635000042617,
        "login_inputs_time": 1.4826716000097804,
        "redirect_from_keycloak_time": 0.0050466000102460384,
        "protected_resource": "You lost the game!"
    },
    "t_user_10": {
        "login_start_time": 432159.8173421,
        "login_finish_time": 432163.6140614,
        "keycloak_access_wait_time": 0.513667399995029,
        "login_inputs_time": 1.4759801999898627,
        "redirect_from_keycloak_time": 0.004428200016263872,
        "protected_resource": "You won the game!"
    },
    "t_user_11": {
        "login_start_time": 432160.3128849,
        "login_finish_time": 432164.0974086,
        "keycloak_access_wait_time": 0.44756499998038635,
        "login_inputs_time": 0.17789689998608083,
        "redirect_from_keycloak_time": 1.6892879999941215,
        "protected_resource": "You won the game!"
    },
    "t_user_12": {
        "login_start_time": 432160.811391,
        "login_finish_time": 432164.176877,
        "keycloak_access_wait_time": 0.3201505999895744,
        "login_inputs_time": 0.12017760000890121,
        "redirect_from_keycloak_time": 1.5931549000088125,
        "protected_resource": "You won the game!"
    },
    "t_user_13": {
        "login_start_time": 432161.3049605,
        "login_finish_time": 432164.2261226,
        "keycloak_access_wait_time": 0.39405429997714236,
        "login_inputs_time": 0.12048619997221977,
        "redirect_from_keycloak_time": 1.090239500044845,
        "protected_resource": "You won the game!"
    },
    "t_user_14": {
        "login_start_time": 432161.8042132,
        "login_finish_time": 432164.1931091,
        "keycloak_access_wait_time": 0.31387959996936843,
        "login_inputs_time": 0.13564000005135313,
        "redirect_from_keycloak_time": 1.1327304999576882,
        "protected_resource": "You won the game!"
    },
    "t_user_15": {
        "login_start_time": 432162.3144057,
        "login_finish_time": 432165.1730589,
        "keycloak_access_wait_time": 0.4429830000153743,
        "login_inputs_time": 0.12257529998896644,
        "redirect_from_keycloak_time": 0.48523009999189526,
        "protected_resource": "You won the game!"
    },
    "t_user_16": {
        "login_start_time": 432162.8230497,
        "login_finish_time": 432165.4811012,
        "keycloak_access_wait_time": 0.4294063000124879,
        "login_inputs_time": 0.10441249998984858,
        "redirect_from_keycloak_time": 0.7310473999823444,
        "protected_resource": "You lost the game!"
    },
    "t_user_17": {
        "login_start_time": 432163.3430229,
        "login_finish_time": 432165.6631106,
        "keycloak_access_wait_time": 0.350851800001692,
        "login_inputs_time": 0.10983550001401454,
        "redirect_from_keycloak_time": 0.5554211999988183,
        "protected_resource": "You lost the game!"
    },
    "t_user_18": {
        "login_start_time": 432163.8137249,
        "login_finish_time": 432166.111726,
        "keycloak_access_wait_time": 0.31860779999988154,
        "login_inputs_time": 0.620124900015071,
        "redirect_from_keycloak_time": 0.02034399996045977,
        "protected_resource": "You lost the game!"
    },
    "t_user_19": {
        "login_start_time": 432164.3223944,
        "login_finish_time": 432166.5004589,
        "keycloak_access_wait_time": 0.3275425999891013,
        "login_inputs_time": 0.11286239995388314,
        "redirect_from_keycloak_time": 0.42410990002099425,
        "protected_resource": "You won the game!"
    },
    "t_user_20": {
        "login_start_time": 432164.8180982,
        "login_finish_time": 432167.019214,
        "keycloak_access_wait_time": 0.32657839998137206,
        "login_inputs_time": 0.5901613999740221,
        "redirect_from_keycloak_time": 0.002200000046286732,
        "protected_resource": "You won the game!"
    },
    "t_user_21": {
        "login_start_time": 432165.3200945,
        "login_finish_time": 432167.4296692,
        "keycloak_access_wait_time": 0.28652960003819317,
        "login_inputs_time": 0.09235759999137372,
        "redirect_from_keycloak_time": 0.45962280000094324,
        "protected_resource": "You lost the game!"
    },
    "t_user_22": {
        "login_start_time": 432165.8191051,
        "login_finish_time": 432168.0526163,
        "keycloak_access_wait_time": 0.29476070002419874,
        "login_inputs_time": 0.1376709999749437,
        "redirect_from_keycloak_time": 0.49336040002526715,
        "protected_resource": "You won the game!"
    },
    "t_user_23": {
        "login_start_time": 432166.3252526,
        "login_finish_time": 432168.491478,
        "keycloak_access_wait_time": 0.3985016999649815,
        "login_inputs_time": 0.11177980003412813,
        "redirect_from_keycloak_time": 0.39662610000232235,
        "protected_resource": "You lost the game!"
    },
    "t_user_24": {
        "login_start_time": 432166.8085731,
        "login_finish_time": 432169.0155547,
        "keycloak_access_wait_time": 0.3257001000456512,
        "login_inputs_time": 0.12538519996451214,
        "redirect_from_keycloak_time": 0.46495200000936165,
        "protected_resource": "You lost the game!"
    },