{
    "t_user_1": {
        "redirect_time": 0.0034050449999999954,
        "build_auth_time": 0.001026297999999981,
        "login_time": 0.00235708699999998,
        "acs_dispatch_time": 0.0034686659999998426,
        "finish_acs_dispatch_time": 0.017890157000000073
    },
    "t_user_2": {
        "redirect_time": 0.003062385000000001,
        "build_auth_time": 0.0008926879999999748,
        "login_time": 0.002148947999999984,
        "acs_dispatch_time": 0.003442830000000008,
        "finish_acs_dispatch_time": 0.017328713000000384
    },
    "t_user_3": {
        "redirect_time": 0.0042630080000000126,
        "build_auth_time": 0.001587156000000034,
        "login_time": 0.002649793999999983,
        "acs_dispatch_time": 0.0026630700000001006,
        "finish_acs_dispatch_time": 0.01702463200000004
    },
    "t_user_4": {
        "redirect_time": 0.0031298709999999508,
        "build_auth_time": 0.0008824709999999403,
        "login_time": 0.002225639000000057,
        "acs_dispatch_time": 0.003639364999999728,
        "finish_acs_dispatch_time": 0.018023061999999257
    },
    "t_user_5": {
        "redirect_time": 0.003194424000000029,
        "build_auth_time": 0.0009220840000000452,
        "login_time": 0.002235770999999942,
        "acs_dispatch_time": 0.00290120400000049,
        "finish_acs_dispatch_time": 0.01712056500000081
    },
    "t_user_6": {
        "redirect_time": 0.003352587999999934,
        "build_auth_time": 0.0008626630000000413,
        "login_time": 0.0024657699999999227,
        "acs_dispatch_time": 0.003560948000000508,
        "finish_acs_dispatch_time": 0.01888675899999992
    },
    "t_user_7": {
        "redirect_time": 0.003264082000000057,
        "build_auth_time": 0.0009745310000000007,
        "login_time": 0.0022606170000000203,
        "acs_dispatch_time": 0.003809731999999677,
        "finish_acs_dispatch_time": 0.017699728000000192
    },
    "t_user_8": {
        "redirect_time": 0.0030671720000000624,
        "build_auth_time": 0.0008607990000000232,
        "login_time": 0.0021850429999999976,
        "acs_dispatch_time": 0.003258059000000202,
        "finish_acs_dispatch_time": 0.018462120999999776
    },
    "t_user_9": {
        "redirect_time": 0.003084296000000042,
        "build_auth_time": 0.0008476849999999869,
        "login_time": 0.0022110120000000677,
        "acs_dispatch_time": 0.002849262000000241,
        "finish_acs_dispatch_time": 0.01676364000000019
    },
    "t_user_10": {
        "redirect_time": 0.0030825019999999315,
        "build_auth_time": 0.0008791429999999156,
        "login_time": 0.0021794150000000734,
        "acs_dispatch_time": 0.003324835000000359,
        "finish_acs_dispatch_time": 0.016299840999999926
    },
    "t_user_11": {
        "redirect_time": 0.0031160949999999854,
        "build_auth_time": 0.000914518999999947,
        "login_time": 0.002180947000000044,
        "acs_dispatch_time": 0.0034509910000002364,
        "finish_acs_dispatch_time": 0.015342308000000138
    },
    "t_user_12": {
        "redirect_time": 0.003203190999999994,
        "build_auth_time": 0.0009277650000000248,
        "login_time": 0.0022529740000000187,
        "acs_dispatch_time": 0.0037140710000000965,
        "finish_acs_dispatch_time": 0.01809123700000015
    },
    "t_user_14": {
        "redirect_time": 0.003311342999999911,
        "build_auth_time": 0.0009106150000000035,
        "login_time": 0.002372975999999971,
        "acs_dispatch_time": 0.0027774019999999844,
        "finish_acs_dispatch_time": 0.015784029999999838
    },
    "t_user_13": {
        "redirect_time": 0.003110524999999975,
        "build_auth_time": 0.0008432969999999651,
        "login_time": 0.0022472700000000234,
        "acs_dispatch_time": 0.0030301759999997735,
        "finish_acs_dispatch_time": 0.015494820000000242
    },
    "t_user_15": {
        "redirect_time": 0.003112516999999926,
        "build_auth_time": 0.0008876890000000248,
        "login_time": 0.0022030479999999297,
        "acs_dispatch_time": 0.003147110999999647,
        "finish_acs_dispatch_time": 0.015396913000000012
    },
    "t_user_16": {
        "redirect_time": 0.003586792999999977,
        "build_auth_time": 0.0009756939999998604,
        "login_time": 0.0025851310000000183,
        "acs_dispatch_time": 0.00304714900000036,
        "finish_acs_dispatch_time": 0.017212296999999932
    },
    "t_user_17": {
        "redirect_time": 0.003121385000000032,
        "build_auth_time": 0.0008680519999999525,
        "login_time": 0.0022321030000000963,
        "acs_dispatch_time": 0.003843274999999924,
        "finish_acs_dispatch_time": 0.019740402000000046
    },
    "t_user_18": {
        "redirect_time": 0.0030512830000000157,
        "build_auth_time": 0.0008740330000001073,
        "login_time": 0.0021506799999999604,
        "acs_dispatch_time": 0.002835021999999743,
        "finish_acs_dispatch_time": 0.01615741599999998
    },
    "t_user_19": {
        "redirect_time": 0.003084505999999987,
        "build_auth_time": 0.0008891819999998773,
        "login_time": 0.0021720810000001034,
        "acs_dispatch_time": 0.0028819480000001896,
        "finish_acs_dispatch_time": 0.016324001000000088
    },
    "t_user_20": {
        "redirect_time": 0.0031110260000000167,
        "build_auth_time": 0.0008670099999998904,
        "login_time": 0.0022223250000001915,
        "acs_dispatch_time": 0.0027902530000001313,
        "finish_acs_dispatch_time": 0.01669015000000007
    },
    "t_user_21": {
        "redirect_time": 0.003165855999999856,
        "build_auth_time": 0.000876947999999933,
        "login_time": 0.0022659949999999096,
        "acs_dispatch_time": 0.003344500999999944,
        "finish_acs_dispatch_time": 0.016839397000000034
    },
    "t_user_22": {
        "redirect_time": 0.0030664220000000686,
        "build_auth_time": 0.0008758269999999957,
        "login_time": 0.002169124999999994,
        "acs_dispatch_time": 0.003476154999999981,
        "finish_acs_dispatch_time": 0.01851002200000007
    },
    "t_user_23": {
        "redirect_time": 0.0031056550000001515,
        "build_auth_time": 0.0008822889999999806,
        "login_time": 0.0022024769999999805,
        "acs_dispatch_time": 0.0031766950000000627,
        "finish_acs_dispatch_time": 0.01701987599999999
    },
    "t_user_24": {
        "redirect_time": 0.0030715800000000737,
        "build_auth_time": 0.0008373450000001004,
        "login_time": 0.002211452999999919,
        "acs_dispatch_time": 0.0034003149999999316,
        "finish_acs_dispatch_time": 0.016915215999999678
    },
    "t_user_25": {
        "redirect_time": 0.003091500000000025,
        "build_auth_time": 0.0008585859999998835,
        "login_time": 0.0022107520000000935,
        "acs_dispatch_time": 0.003237603000000089,
        "finish_acs_dispatch_time": 0.016702883000000224
    },
    "t_user_26": {
        "redirect_time": 0.003186296999999838,
        "build_auth_time": 0.0008650479999998684,
        "login_time": 0.0023013720000000237,
        "acs_dispatch_time": 0.0033406380000000624,
        "finish_acs_dispatch_time": 0.016091448000000064
    },
    "t_user_28": {
        "redirect_time": 0.003437244000000117,
        "build_auth_time": 0.0009070049999999608,
        "login_time": 0.002492017000000013,
        "acs_dispatch_time": 0.003009759000000223,
        "finish_acs_dispatch_time": 0.018177111999999163
    },
    "t_user_27": {
        "redirect_time": 0.0038725280000000417,
        "build_auth_time": 0.001046316000000047,
        "login_time": 0.0027669409999999672,
        "acs_dispatch_time": 0.002952843000000094,
        "finish_acs_dispatch_time": 0.016234758000000404
    },
    "t_user_29": {
        "redirect_time": 0.0032346439999999532,
        "build_auth_time": 0.0009863029999999107,
        "login_time": 0.002226671000000069,
        "acs_dispatch_time": 0.0035510770000000136,
        "finish_acs_dispatch_time": 0.016546614000000126
    },