{
    "t_user_1": {
        "redirect_time": 0.00301145199999997,
        "build_auth_time": 0.0008447699999999947,
        "login_time": 0.0021466949999999763,
        "acs_dispatch_time": 0.003236971999999838,
        "finish_acs_dispatch_time": 0.01633502500000006
    },
    "t_user_2": {
        "redirect_time": 0.0030366450000000045,
        "build_auth_time": 0.0008563799999999899,
        "login_time": 0.0021597560000000127,
        "acs_dispatch_time": 0.003340484000000643,
        "finish_acs_dispatch_time": 0.016106635999999952
    },
    "t_user_3": {
        "redirect_time": 0.0038917259999999843,
        "build_auth_time": 0.0016312410000000055,
        "login_time": 0.002237292000000002,
        "acs_dispatch_time": 0.002749710999999877,
        "finish_acs_dispatch_time": 0.01539218699999978
    },
    "t_user_4": {
        "redirect_time": 0.003004415000000038,
        "build_auth_time": 0.0008446579999999981,
        "login_time": 0.0021402000000000365,
        "acs_dispatch_time": 0.003508006000000563,
        "finish_acs_dispatch_time": 0.016900095999999643
    },
    "t_user_5": {
        "redirect_time": 0.0035638190000000236,
        "build_auth_time": 0.0011014389999999263,
        "login_time": 0.002440890000000029,
        "acs_dispatch_time": 0.0038337280000000362,
        "finish_acs_dispatch_time": 0.0171834939999993
    },
    "t_user_6": {
        "redirect_time": 0.0032164529999999525,
        "build_auth_time": 0.0010208889999999693,
        "login_time": 0.002173352999999989,
        "acs_dispatch_time": 0.003525116999999689,
        "finish_acs_dispatch_time": 0.01709134300000059
    },
    "t_user_7": {
        "redirect_time": 0.0031113270000000526,
        "build_auth_time": 0.0009117750000000591,
        "login_time": 0.002180957999999955,
        "acs_dispatch_time": 0.0032054739999995974,
        "finish_acs_dispatch_time": 0.015743397000000492
    },
    "t_user_8": {
        "redirect_time": 0.0030815029999999854,
        "build_auth_time": 0.0008845049999999244,
        "login_time": 0.002177121000000004,
        "acs_dispatch_time": 0.003310849999999199,
        "finish_acs_dispatch_time": 0.01549831200000007
    },
    "t_user_9": {
        "redirect_time": 0.0030930639999999787,
        "build_auth_time": 0.0008738539999999517,
        "login_time": 0.0021991220000000533,
        "acs_dispatch_time": 0.0032826059999999657,
        "finish_acs_dispatch_time": 0.01579875499999961
    },
    "t_user_10": {
        "redirect_time": 0.003022648999999933,
        "build_auth_time": 0.0008545359999999613,
        "login_time": 0.002148376000000063,
        "acs_dispatch_time": 0.0032726770000000016,
        "finish_acs_dispatch_time": 0.015993661000000436
    },
    "t_user_11": {
        "redirect_time": 0.0030307450000000014,
        "build_auth_time": 0.0008578219999999526,
        "login_time": 0.0021532060000000186,
        "acs_dispatch_time": 0.0032613249999995375,
        "finish_acs_dispatch_time": 0.01525393300000033
    },
    "t_user_12": {
        "redirect_time": 0.003185844999999965,
        "build_auth_time": 0.0008161159999999779,
        "login_time": 0.00234933100000001,
        "acs_dispatch_time": 0.0032961310000008126,
        "finish_acs_dispatch_time": 0.01575533699999987
    },
    "t_user_13": {
        "redirect_time": 0.0033083849999999693,
        "build_auth_time": 0.0010559540000000256,
        "login_time": 0.002225740999999948,
        "acs_dispatch_time": 0.0035978349999998827,
        "finish_acs_dispatch_time": 0.01696198399999993
    },
    "t_user_14": {
        "redirect_time": 0.0031693729999999753,
        "build_auth_time": 0.0008808339999999415,
        "login_time": 0.0022620090000000648,
        "acs_dispatch_time": 0.0034187020000002732,
        "finish_acs_dispatch_time": 0.01760545800000024
    },
    "t_user_15": {
        "redirect_time": 0.0031088809999999523,
        "build_auth_time": 0.0009418009999999644,
        "login_time": 0.0021449890000000416,
        "acs_dispatch_time": 0.004361852999999805,
        "finish_acs_dispatch_time": 0.01656364300000046
    },
    "t_user_16": {
        "redirect_time": 0.003131253000000056,
        "build_auth_time": 0.0008999320000000477,
        "login_time": 0.0022095099999999146,
        "acs_dispatch_time": 0.0036263380000001177,
        "finish_acs_dispatch_time": 0.016054669999999938
    },
    "t_user_17": {
        "redirect_time": 0.0031192119999998713,
        "build_auth_time": 0.0008849849999998938,
        "login_time": 0.002212166000000071,
        "acs_dispatch_time": 0.003124510000000136,
        "finish_acs_dispatch_time": 0.01597587700000025
    },
    "t_user_18": {
        "redirect_time": 0.0029831780000000307,
        "build_auth_time": 0.0008380180000000514,
        "login_time": 0.002122949000000096,
        "acs_dispatch_time": 0.002891306999999621,
        "finish_acs_dispatch_time": 0.017041161999999943
    },
    "t_user_19": {
        "redirect_time": 0.003031516999999928,
        "build_auth_time": 0.0008741039999999867,
        "login_time": 0.0021360829999999,
        "acs_dispatch_time": 0.003914179000000129,
        "finish_acs_dispatch_time": 0.02054922200000009
    },
    "t_user_20": {
        "redirect_time": 0.003187056999999882,
        "build_auth_time": 0.0009210019999998931,
        "login_time": 0.0022397659999999764,
        "acs_dispatch_time": 0.0031451989999999874,
        "finish_acs_dispatch_time": 0.0168367319999998
    },
    "t_user_21": {
        "redirect_time": 0.0030936440000000065,
        "build_auth_time": 0.0009028680000000566,
        "login_time": 0.0021706579999998254,
        "acs_dispatch_time": 0.0037141639999997977,
        "finish_acs_dispatch_time": 0.02202370699999978
    },
    "t_user_22": {
        "redirect_time": 0.0029853899999998657,
        "build_auth_time": 0.0008458409999998473,
        "login_time": 0.002118540000000113,
        "acs_dispatch_time": 0.0029545810000000117,
        "finish_acs_dispatch_time": 0.016805336000000004
    },
    "t_user_23": {
        "redirect_time": 0.003049298000000089,
        "build_auth_time": 0.0008690430000000138,
        "login_time": 0.002158845000000076,
        "acs_dispatch_time": 0.003346464000000271,
        "finish_acs_dispatch_time": 0.01584605500000036
    },
    "t_user_24": {
        "redirect_time": 0.0030348430000000093,
        "build_auth_time": 0.0008480950000000487,
        "login_time": 0.0021641450000000617,
        "acs_dispatch_time": 0.0034991790000002965,
        "finish_acs_dispatch_time": 0.01584013800000017
    },
    "t_user_25": {
        "redirect_time": 0.003611299999999984,
        "build_auth_time": 0.001039202999999933,
        "login_time": 0.002548422999999911,
        "acs_dispatch_time": 0.0034020309999998055,
        "finish_acs_dispatch_time": 0.01693304799999984
    },
    "t_user_26": {
        "redirect_time": 0.003065699999999838,
        "build_auth_time": 0.0008414230000000078,
        "login_time": 0.002204208999999846,
        "acs_dispatch_time": 0.003232153999999987,
        "finish_acs_dispatch_time": 0.01879616499999992
    },
    "t_user_28": {
        "redirect_time": 0.0030541880000001242,
        "build_auth_time": 0.0008571020000001095,
        "login_time": 0.0021755960000000574,
        "acs_dispatch_time": 0.0039630100000001,
        "finish_acs_dispatch_time": 0.016501255000000103
    },
    "t_user_27": {
        "redirect_time": 0.0029980539999998612,
        "build_auth_time": 0.0008597769999998395,
        "login_time": 0.0021202830000000006,
        "acs_dispatch_time": 0.0029726050000000726,
        "finish_acs_dispatch_time": 0.016446943000000047
    },
    "t_user_29": {
        "redirect_time": 0.0030359959999999298,
        "build_auth_time": 0.0008423040000000714,
        "login_time": 0.002172501999999854,
        "acs_dispatch_time": 0.0035199380000001668,
        "finish_acs_dispatch_time": 0.01684287200000023
    },