{
    "t_user_1": {
        "redirect_time": 0.003243192000000006,
        "build_auth_time": 0.0009329630000000089,
        "login_time": 0.002282576000000036,
        "acs_dispatch_time": 0.003257859999999946,
        "finish_acs_dispatch_time": 0.01637711899999994
    },
    "t_user_2": {
        "redirect_time": 0.003106115999999992,
        "build_auth_time": 0.0008698770000000189,
        "login_time": 0.002215250000000002,
        "acs_dispatch_time": 0.0029029979999999345,
        "finish_acs_dispatch_time": 0.016786570000000056
    },
    "t_user_3": {
        "redirect_time": 0.0030297240000000114,
        "build_auth_time": 0.0008612599999999748,
        "login_time": 0.002147214000000064,
        "acs_dispatch_time": 0.003530790000000117,
        "finish_acs_dispatch_time": 0.01829236600000006
    },
    "t_user_4": {
        "redirect_time": 0.0029812020000000716,
        "build_auth_time": 0.0008251530000000784,
        "login_time": 0.0021354109999999205,
        "acs_dispatch_time": 0.003214250000000085,
        "finish_acs_dispatch_time": 0.015021152000000093
    },
    "t_user_5": {
        "redirect_time": 0.0035992079999999094,
        "build_auth_time": 0.001454308999999987,
        "login_time": 0.0021237399999999296,
        "acs_dispatch_time": 0.0037195070000000108,
        "finish_acs_dispatch_time": 0.01575187400000022
    },
    "t_user_6": {
        "redirect_time": 0.0030373899999999177,
        "build_auth_time": 0.0008402109999999796,
        "login_time": 0.0021775720000000165,
        "acs_dispatch_time": 0.003364527000000006,
        "finish_acs_dispatch_time": 0.015679398000000067
    },
    "t_user_7": {
        "redirect_time": 0.003035212999999981,
        "build_auth_time": 0.0008421739999999733,
        "login_time": 0.002171188000000046,
        "acs_dispatch_time": 0.003867549999999831,
        "finish_acs_dispatch_time": 0.015365329999999844
    },
    "t_user_8": {
        "redirect_time": 0.003035314000000011,
        "build_auth_time": 0.0008530150000000125,
        "login_time": 0.0021619710000000403,
        "acs_dispatch_time": 0.0033333209999999447,
        "finish_acs_dispatch_time": 0.015479968999999816
    },
    "t_user_9": {
        "redirect_time": 0.0031316049999999818,
        "build_auth_time": 0.0008965359999999478,
        "login_time": 0.0022112440000000566,
        "acs_dispatch_time": 0.003763592999999954,
        "finish_acs_dispatch_time": 0.01554320099999984
    },
    "t_user_10": {
        "redirect_time": 0.003059651000000052,
        "build_auth_time": 0.0008540970000000536,
        "login_time": 0.0021829909999999675,
        "acs_dispatch_time": 0.0031764270000000927,
        "finish_acs_dispatch_time": 0.015350168999999969
    },
    "t_user_11": {
        "redirect_time": 0.0030462239999999863,
        "build_auth_time": 0.0008509800000000567,
        "login_time": 0.002173513000000016,
        "acs_dispatch_time": 0.002609999999999779,
        "finish_acs_dispatch_time": 0.015410841000000008
    },
    "t_user_12": {
        "redirect_time": 0.003120950999999983,
        "build_auth_time": 0.000871909000000004,
        "login_time": 0.002227411999999984,
        "acs_dispatch_time": 0.003483209999999737,
        "finish_acs_dispatch_time": 0.016982497999999957
    },
    "t_user_13": {
        "redirect_time": 0.0030384990000000833,
        "build_auth_time": 0.0008231080000000723,
        "login_time": 0.0021945629999999827,
        "acs_dispatch_time": 0.0033459369999997435,
        "finish_acs_dispatch_time": 0.015835553999999696
    },
    "t_user_14": {
        "redirect_time": 0.003238362999999911,
        "build_auth_time": 0.0009288570000000052,
        "login_time": 0.002285450999999994,
        "acs_dispatch_time": 0.0034996809999996437,
        "finish_acs_dispatch_time": 0.016282705000000064
    },
    "t_user_15": {
        "redirect_time": 0.0030907980000001167,
        "build_auth_time": 0.0008565419999999602,
        "login_time": 0.002211203000000106,
        "acs_dispatch_time": 0.003277474999999974,
        "finish_acs_dispatch_time": 0.016506387000000178
    },
    "t_user_16": {
        "redirect_time": 0.0030188030000000143,
        "build_auth_time": 0.0008364530000000148,
        "login_time": 0.0021605299999998273,
        "acs_dispatch_time": 0.003289974999999945,
        "finish_acs_dispatch_time": 0.016973399000000278
    },
    "t_user_17": {
        "redirect_time": 0.003081059000000108,
        "build_auth_time": 0.0008323750000001073,
        "login_time": 0.0022276249999999553,
        "acs_dispatch_time": 0.004059842000000202,
        "finish_acs_dispatch_time": 0.01580251799999921
    },
    "t_user_18": {
        "redirect_time": 0.0030871099999998375,
        "build_auth_time": 0.0008714289999998126,
        "login_time": 0.002193660000000097,
        "acs_dispatch_time": 0.00347901400000028,
        "finish_acs_dispatch_time": 0.015838499000000006
    },
    "t_user_19": {
        "redirect_time": 0.0030927320000000424,
        "build_auth_time": 0.0008719799999998834,
        "login_time": 0.002201134999999965,
        "acs_dispatch_time": 0.003210951999999878,
        "finish_acs_dispatch_time": 0.015640099000000518
    },
    "t_user_20": {
        "redirect_time": 0.0031254729999998787,
        "build_auth_time": 0.0008525339999998494,
        "login_time": 0.0022532430000001824,
        "acs_dispatch_time": 0.0032792400000003497,
        "finish_acs_dispatch_time": 0.01576202099999957
    },
    "t_user_21": {
        "redirect_time": 0.0030913769999998397,
        "build_auth_time": 0.0008338580000000206,
        "login_time": 0.002239224999999845,
        "acs_dispatch_time": 0.0035557370000001143,
        "finish_acs_dispatch_time": 0.01621336200000023
    },
    "t_user_22": {
        "redirect_time": 0.00319058300000008,
        "build_auth_time": 0.0008133200000000063,
        "login_time": 0.0023593600000000325,
        "acs_dispatch_time": 0.0030162709999999038,
        "finish_acs_dispatch_time": 0.015815433999999406
    },
    "t_user_23": {
        "redirect_time": 0.0036861580000000504,
        "build_auth_time": 0.0014185709999998686,
        "login_time": 0.002247550000000098,
        "acs_dispatch_time": 0.0030220500000002204,
        "finish_acs_dispatch_time": 0.016861260000000655
    },
    "t_user_24": {
        "redirect_time": 0.0032240180000000507,
        "build_auth_time": 0.0009139590000000197,
        "login_time": 0.0022874360000000316,
        "acs_dispatch_time": 0.0033117590000006913,
        "finish_acs_dispatch_time": 0.01681163299999966
    },
    "t_user_25": {
        "redirect_time": 0.00301228099999995,
        "build_auth_time": 0.0008117370000000346,
        "login_time": 0.0021811669999998173,
        "acs_dispatch_time": 0.003322808000000066,
        "finish_acs_dispatch_time": 0.017740131000000048
    },
    "t_user_26": {
        "redirect_time": 0.0031466440000000873,
        "build_auth_time": 0.0009003130000000414,
        "login_time": 0.0022248000000000268,
        "acs_dispatch_time": 0.0032929880000001077,
        "finish_acs_dispatch_time": 0.017211115000000277
    },
    "t_user_27": {
        "redirect_time": 0.003220178999999934,
        "build_auth_time": 0.0009125049999998414,
        "login_time": 0.0022818550000001103,
        "acs_dispatch_time": 0.0031638329999994497,
        "finish_acs_dispatch_time": 0.01600896699999943
    },
    "t_user_28": {
        "redirect_time": 0.0030356719999999893,
        "build_auth_time": 0.000867720999999877,
        "login_time": 0.0021476129999999927,
        "acs_dispatch_time": 0.003209561999999444,
        "finish_acs_dispatch_time": 0.017960296000000042
    },
    "t_user_30": {
        "redirect_time": 0.003060542000000055,
        "build_auth_time": 0.0008407429999999216,
        "login_time": 0.0021984189999999515,
        "acs_dispatch_time": 0.0033042620000003353,
        "finish_acs_dispatch_time": 0.015956547000000043
    },