{
    "t_user_1": {
        "redirect_time": 0.0030438010000000126,
        "build_auth_time": 0.0008259740000000071,
        "login_time": 0.002197468999999952,
        "acs_dispatch_time": 0.004433605999999646,
        "finish_acs_dispatch_time": 0.021866800999999825
    },
    "t_user_2": {
        "redirect_time": 0.0031131979999999837,
        "build_auth_time": 0.0008658979999999761,
        "login_time": 0.002226651000000024,
        "acs_dispatch_time": 0.003176696999999784,
        "finish_acs_dispatch_time": 0.016677675999999586
    },
    "t_user_3": {
        "redirect_time": 0.0036558340000000245,
        "build_auth_time": 0.001364719999999986,
        "login_time": 0.0022664380000000373,
        "acs_dispatch_time": 0.0032471379999998717,
        "finish_acs_dispatch_time": 0.016243632999999313
    },
    "t_user_4": {
        "redirect_time": 0.003023753000000018,
        "build_auth_time": 0.0008344809999999425,
        "login_time": 0.0021691240000000223,
        "acs_dispatch_time": 0.0033785449999994555,
        "finish_acs_dispatch_time": 0.01612360800000001
    },
    "t_user_5": {
        "redirect_time": 0.00341847900000003,
        "build_auth_time": 0.0009616180000000529,
        "login_time": 0.0024270559999999275,
        "acs_dispatch_time": 0.0031596970000000724,
        "finish_acs_dispatch_time": 0.01658417099999987
    },
    "t_user_6": {
        "redirect_time": 0.003041675000000077,
        "build_auth_time": 0.0008465819999999846,
        "login_time": 0.0021744850000000593,
        "acs_dispatch_time": 0.0032151419999992825,
        "finish_acs_dispatch_time": 0.017241646000000443
    },
    "t_user_7": {
        "redirect_time": 0.002972773999999956,
        "build_auth_time": 0.0008281970000000305,
        "login_time": 0.0021266540000000056,
        "acs_dispatch_time": 0.0032535500000001605,
        "finish_acs_dispatch_time": 0.014927948000000413
    },
    "t_user_8": {
        "redirect_time": 0.0029567069999999473,
        "build_auth_time": 0.0008214749999999604,
        "login_time": 0.0021166169999999873,
        "acs_dispatch_time": 0.0029449159999996866,
        "finish_acs_dispatch_time": 0.016396967999999568
    },
    "t_user_9": {
        "redirect_time": 0.0030137630000000026,
        "build_auth_time": 0.0008303010000000333,
        "login_time": 0.002164126000000044,
        "acs_dispatch_time": 0.0029122719999996605,
        "finish_acs_dispatch_time": 0.01622818199999987
    },
    "t_user_10": {
        "redirect_time": 0.0030063900000000254,
        "build_auth_time": 0.0008427050000000547,
        "login_time": 0.0021450799999999104,
        "acs_dispatch_time": 0.003296117999999737,
        "finish_acs_dispatch_time": 0.015926330999999294
    },
    "t_user_11": {
        "redirect_time": 0.003104200999999973,
        "build_auth_time": 0.0008887709999999549,
        "login_time": 0.002193729000000033,
        "acs_dispatch_time": 0.0027585270000001216,
        "finish_acs_dispatch_time": 0.015366392000000673
    },
    "t_user_12": {
        "redirect_time": 0.0030218280000000597,
        "build_auth_time": 0.0008537650000000063,
        "login_time": 0.0021496979999999777,
        "acs_dispatch_time": 0.00319565399999977,
        "finish_acs_dispatch_time": 0.015776984999999577
    },
    "t_user_14": {
        "redirect_time": 0.0032202110000000284,
        "build_auth_time": 0.000886587999999966,
        "login_time": 0.002309969000000023,
        "acs_dispatch_time": 0.002707962999999758,
        "finish_acs_dispatch_time": 0.014665250000000185
    },
    "t_user_13": {
        "redirect_time": 0.002917753999999939,
        "build_auth_time": 0.0008304620000000318,
        "login_time": 0.002070720999999942,
        "acs_dispatch_time": 0.0031170610000001986,
        "finish_acs_dispatch_time": 0.01532277999999998
    },
    "t_user_15": {
        "redirect_time": 0.003168292000000017,
        "build_auth_time": 0.0009335150000000514,
        "login_time": 0.0022133579999998876,
        "acs_dispatch_time": 0.0033537780000001405,
        "finish_acs_dispatch_time": 0.017089289000000285
    },
    "t_user_16": {
        "redirect_time": 0.0030360260000001915,
        "build_auth_time": 0.0008430170000000015,
        "login_time": 0.002172180000000079,
        "acs_dispatch_time": 0.00422090800000019,
        "finish_acs_dispatch_time": 0.015884139999999825
    },
    "t_user_17": {
        "redirect_time": 0.0031158440000000898,
        "build_auth_time": 0.0008738940000001527,
        "login_time": 0.0022204500000000404,
        "acs_dispatch_time": 0.002909110000000048,
        "finish_acs_dispatch_time": 0.016357574000000152
    },
    "t_user_18": {
        "redirect_time": 0.0030954290000000384,
        "build_auth_time": 0.0009174960000000176,
        "login_time": 0.002158015000000013,
        "acs_dispatch_time": 0.0031363330000000467,
        "finish_acs_dispatch_time": 0.01640645999999979
    },
    "t_user_19": {
        "redirect_time": 0.0030227009999999055,
        "build_auth_time": 0.0008411520000000117,
        "login_time": 0.002159626999999942,
        "acs_dispatch_time": 0.002853594999999931,
        "finish_acs_dispatch_time": 0.016115026000000032
    },
    "t_user_20": {
        "redirect_time": 0.002999626000000033,
        "build_auth_time": 0.0008279580000001285,
        "login_time": 0.002153163999999874,
        "acs_dispatch_time": 0.003268530999999797,
        "finish_acs_dispatch_time": 0.017546032000000267
    },
    "t_user_21": {
        "redirect_time": 0.003083382999999884,
        "build_auth_time": 0.0008577729999998951,
        "login_time": 0.002206696000000008,
        "acs_dispatch_time": 0.0029184980000001026,
        "finish_acs_dispatch_time": 0.019302000000000152
    },
    "t_user_22": {
        "redirect_time": 0.003040142999999995,
        "build_auth_time": 0.0008589260000000376,
        "login_time": 0.0021611189999999336,
        "acs_dispatch_time": 0.003145211000000092,
        "finish_acs_dispatch_time": 0.015657699000000136
    },
    "t_user_23": {
        "redirect_time": 0.003475517000000039,
        "build_auth_time": 0.0013233240000001256,
        "login_time": 0.0021319149999998732,
        "acs_dispatch_time": 0.0028522510000001944,
        "finish_acs_dispatch_time": 0.015457019000000294
    },
    "t_user_24": {
        "redirect_time": 0.0030056689999999886,
        "build_auth_time": 0.0008385579999998782,
        "login_time": 0.0021476140000000754,
        "acs_dispatch_time": 0.00288336900000008,
        "finish_acs_dispatch_time": 0.016181314999999863
    },
    "t_user_25": {
        "redirect_time": 0.003023740999999802,
        "build_auth_time": 0.0008516819999999647,
        "login_time": 0.0021521719999999522,
        "acs_dispatch_time": 0.002886699999999909,
        "finish_acs_dispatch_time": 0.016480016000000042
    },
    "t_user_26": {
        "redirect_time": 0.0032700640000000725,
        "build_auth_time": 0.0008674909999999425,
        "login_time": 0.002380111000000129,
        "acs_dispatch_time": 0.002880744999999685,
        "finish_acs_dispatch_time": 0.016019955999999613
    },
    "t_user_28": {
        "redirect_time": 0.0034306529999998947,
        "build_auth_time": 0.0009909509999999067,
        "login_time": 0.0024151759999999634,
        "acs_dispatch_time": 0.0030299049999999994,
        "finish_acs_dispatch_time": 0.01682935100000016
    },
    "t_user_27": {
        "redirect_time": 0.0033357660000001843,
        "build_auth_time": 0.0009349670000000643,
        "login_time": 0.0023651920000000715,
        "acs_dispatch_time": 0.002689678000000306,
        "finish_acs_dispatch_time": 0.016027047000000127
    },
    "t_user_29": {
        "redirect_time": 0.003025617000000036,
        "build_auth_time": 0.0008046649999999822,
        "login_time": 0.002201165000000005,
        "acs_dispatch_time": 0.003294356000000054,