{
    "t_user_1": {
        "redirect_time": 0.0030777929999999953,
        "build_auth_time": 0.0008453999999999962,
        "login_time": 0.0022130470000000235,
        "acs_dispatch_time": 0.0034082980000000873,
        "finish_acs_dispatch_time": 0.01799208099999916
    },
    "t_user_2": {
        "redirect_time": 0.0030916389999999794,
        "build_auth_time": 0.0008909449999999763,
        "login_time": 0.002181498000000004,
        "acs_dispatch_time": 0.0029162099999999747,
        "finish_acs_dispatch_time": 0.01753871000000018
    },
    "t_user_3": {
        "redirect_time": 0.003654409000000025,
        "build_auth_time": 0.0013990050000000087,
        "login_time": 0.0022302170000000343,
        "acs_dispatch_time": 0.0035173720000001296,
        "finish_acs_dispatch_time": 0.0172277860000003
    },
    "t_user_4": {
        "redirect_time": 0.003089294999999992,
        "build_auth_time": 0.0008695049999999371,
        "login_time": 0.0021988309999999567,
        "acs_dispatch_time": 0.003416410999999897,
        "finish_acs_dispatch_time": 0.018064676999999918
    },
    "t_user_5": {
        "redirect_time": 0.0032697630000000366,
        "build_auth_time": 0.0009379240000000344,
        "login_time": 0.002308805999999941,
        "acs_dispatch_time": 0.0034038230000001946,
        "finish_acs_dispatch_time": 0.016194503999999554
    },
    "t_user_6": {
        "redirect_time": 0.0031041930000000884,
        "build_auth_time": 0.000870407000000073,
        "login_time": 0.0022130259999999513,
        "acs_dispatch_time": 0.003478601000000303,
        "finish_acs_dispatch_time": 0.01640783499999987
    },
    "t_user_7": {
        "redirect_time": 0.003001608999999905,
        "build_auth_time": 0.0008616799999999758,
        "login_time": 0.002120632999999983,
        "acs_dispatch_time": 0.003226450000000547,
        "finish_acs_dispatch_time": 0.0161020409999999
    },
    "t_user_8": {
        "redirect_time": 0.003056392999999935,
        "build_auth_time": 0.0008689539999999774,
        "login_time": 0.0021666499999999367,
        "acs_dispatch_time": 0.0033690999999995697,
        "finish_acs_dispatch_time": 0.017282319000000435
    },
    "t_user_9": {
        "redirect_time": 0.002998333999999936,
        "build_auth_time": 0.0008293799999999907,
        "login_time": 0.00214911799999995,
        "acs_dispatch_time": 0.0033256560000003432,
        "finish_acs_dispatch_time": 0.01659781999999943
    },
    "t_user_10": {
        "redirect_time": 0.003092792000000011,
        "build_auth_time": 0.0008832619999999958,
        "login_time": 0.00219021499999994,
        "acs_dispatch_time": 0.0033005400000005736,
        "finish_acs_dispatch_time": 0.01588677400000016
    },
    "t_user_11": {
        "redirect_time": 0.003022461000000032,
        "build_auth_time": 0.0008425459999999996,
        "login_time": 0.0021595559999999514,
        "acs_dispatch_time": 0.0035161119999997936,
        "finish_acs_dispatch_time": 0.016677142999999894
    },
    "t_user_12": {
        "redirect_time": 0.0031867660000000075,
        "build_auth_time": 0.0008780510000000463,
        "login_time": 0.002265505000000001,
        "acs_dispatch_time": 0.003331006999999886,
        "finish_acs_dispatch_time": 0.016997400000000162
    },
    "t_user_14": {
        "redirect_time": 0.003173802000000059,
        "build_auth_time": 0.0008572829999999865,
        "login_time": 0.0022940380000000538,
        "acs_dispatch_time": 0.0034300529999997664,
        "finish_acs_dispatch_time": 0.017319957999999858
    },
    "t_user_13": {
        "redirect_time": 0.003438796999999938,
        "build_auth_time": 0.0009092789999999296,
        "login_time": 0.0025060749999999965,
        "acs_dispatch_time": 0.0033116889999993404,
        "finish_acs_dispatch_time": 0.018614295999999975
    },
    "t_user_15": {
        "redirect_time": 0.003103293000000118,
        "build_auth_time": 0.0008569510000000502,
        "login_time": 0.002225262000000061,
        "acs_dispatch_time": 0.0034424939999997406,
        "finish_acs_dispatch_time": 0.017215685000000036
    },
    "t_user_16": {
        "redirect_time": 0.0031430949999999847,
        "build_auth_time": 0.0008565609999999779,
        "login_time": 0.0022669079999999564,
        "acs_dispatch_time": 0.003067514000000049,
        "finish_acs_dispatch_time": 0.01867184299999991
    },
    "t_user_17": {
        "redirect_time": 0.003385599000000017,
        "build_auth_time": 0.0010871120000000012,
        "login_time": 0.0022781589999998353,
        "acs_dispatch_time": 0.0029624300000001824,
        "finish_acs_dispatch_time": 0.018885819999999942
    },
    "t_user_18": {
        "redirect_time": 0.0030773299999999892,
        "build_auth_time": 0.0008788529999999017,
        "login_time": 0.00217693699999999,
        "acs_dispatch_time": 0.003146430999999783,
        "finish_acs_dispatch_time": 0.01664844299999979
    },
    "t_user_19": {
        "redirect_time": 0.002974379999999943,
        "build_auth_time": 0.0008211549999999068,
        "login_time": 0.0021336080000000646,
        "acs_dispatch_time": 0.0034804670000001536,
        "finish_acs_dispatch_time": 0.019141250999999748
    },
    "t_user_20": {
        "redirect_time": 0.0039079349999999735,
        "build_auth_time": 0.001466200000000084,
        "login_time": 0.0024192119999999484,
        "acs_dispatch_time": 0.003902012000000177,
        "finish_acs_dispatch_time": 0.020364988999999944
    },
    "t_user_21": {
        "redirect_time": 0.0031135709999998706,
        "build_auth_time": 0.0008946340000000053,
        "login_time": 0.0021973659999998674,
        "acs_dispatch_time": 0.0031151430000000424,
        "finish_acs_dispatch_time": 0.018085676000000106
    },
    "t_user_22": {
        "redirect_time": 0.003061964000000028,
        "build_auth_time": 0.0008586150000000625,
        "login_time": 0.0021814589999999967,
        "acs_dispatch_time": 0.0029677859999996947,
        "finish_acs_dispatch_time": 0.017052687999999705
    },
    "t_user_23": {
        "redirect_time": 0.0030713209999999602,
        "build_auth_time": 0.000846262000000042,
        "login_time": 0.002204901000000037,
        "acs_dispatch_time": 0.0030596209999997903,
        "finish_acs_dispatch_time": 0.015529954000000235
    },
    "t_user_24": {
        "redirect_time": 0.0034078909999999407,
        "build_auth_time": 0.0009993279999997995,
        "login_time": 0.002386211000000138,
        "acs_dispatch_time": 0.0033196970000002324,
        "finish_acs_dispatch_time": 0.01590000699999994
    },
    "t_user_25": {
        "redirect_time": 0.002997313000000057,
        "build_auth_time": 0.0008412220000000303,
        "login_time": 0.002136222999999937,
        "acs_dispatch_time": 0.0037217080000000458,
        "finish_acs_dispatch_time": 0.015905682000000088
    },
    "t_user_26": {
        "redirect_time": 0.0029918950000000777,
        "build_auth_time": 0.0008284689999999983,
        "login_time": 0.002144100000000204,
        "acs_dispatch_time": 0.0036208069999998926,
        "finish_acs_dispatch_time": 0.017330078000000082
    },
    "t_user_28": {
        "redirect_time": 0.003338760999999968,
        "build_auth_time": 0.0009839499999999557,
        "login_time": 0.002329543999999961,
        "acs_dispatch_time": 0.0028665990000003028,
        "finish_acs_dispatch_time": 0.015770072000000024
    },
    "t_user_27": {
        "redirect_time": 0.0031686519999998275,
        "build_auth_time": 0.0008377859999999515,
        "login_time": 0.002307542999999912,
        "acs_dispatch_time": 0.003229236999999774,
        "finish_acs_dispatch_time": 0.01713513099999986
    },
    "t_user_29": {
        "redirect_time": 0.0030362470000000474,
        "build_auth_time": 0.0008562300000001244,
        "login_time": 0.0021591279999999546,
        "acs_dispatch_time": 0.0032918259999998867,
        "finish_acs_dispatch_time": 0.016348059999999887
    },