{
    "t_user_1": {
        "redirect_time": 0.0030817309999999765,
        "build_auth_time": 0.0008267949999999913,
        "login_time": 0.002231853000000006,
        "acs_dispatch_time": 0.0029801299999991926,
        "finish_acs_dispatch_time": 0.015955340999999734
    },
    "t_user_2": {
        "redirect_time": 0.003325385000000014,
        "build_auth_time": 0.0010280510000000298,
        "login_time": 0.0022776969999999674,
        "acs_dispatch_time": 0.002962398999999838,
        "finish_acs_dispatch_time": 0.01525597699999981
    },
    "t_user_3": {
        "redirect_time": 0.003668475999999976,
        "build_auth_time": 0.001429813000000002,
        "login_time": 0.0022180349999999516,
        "acs_dispatch_time": 0.002898548000000112,
        "finish_acs_dispatch_time": 0.017863238000000337
    },
    "t_user_4": {
        "redirect_time": 0.0030350120000000036,
        "build_auth_time": 0.0008289089999999888,
        "login_time": 0.0021866259999999693,
        "acs_dispatch_time": 0.003577326999999464,
        "finish_acs_dispatch_time": 0.017541662999999375
    },
    "t_user_5": {
        "redirect_time": 0.0030819399999999497,
        "build_auth_time": 0.0008921069999999753,
        "login_time": 0.0021680330000000136,
        "acs_dispatch_time": 0.0037523039999998176,
        "finish_acs_dispatch_time": 0.01710830299999966
    },
    "t_user_6": {
        "redirect_time": 0.003648960999999895,
        "build_auth_time": 0.0011686739999999807,
        "login_time": 0.002459487999999954,
        "acs_dispatch_time": 0.0036317299999995,
        "finish_acs_dispatch_time": 0.016085828999999663
    },
    "t_user_7": {
        "redirect_time": 0.0030872000000000677,
        "build_auth_time": 0.0008603369999999888,
        "login_time": 0.002204450999999996,
        "acs_dispatch_time": 0.0028064150000002286,
        "finish_acs_dispatch_time": 0.016862563000000108
    },
    "t_user_8": {
        "redirect_time": 0.003071408999999914,
        "build_auth_time": 0.0008613999999999011,
        "login_time": 0.0021891910000000347,
        "acs_dispatch_time": 0.003192720000000371,
        "finish_acs_dispatch_time": 0.015806882999999772
    },
    "t_user_9": {
        "redirect_time": 0.00319577400000004,
        "build_auth_time": 0.0009248889999999843,
        "login_time": 0.0022362100000000718,
        "acs_dispatch_time": 0.003339083000000187,
        "finish_acs_dispatch_time": 0.017790431999999967
    },
    "t_user_10": {
        "redirect_time": 0.003071722999999915,
        "build_auth_time": 0.0008643170000000033,
        "login_time": 0.002186996999999913,
        "acs_dispatch_time": 0.003440289000000263,
        "finish_acs_dispatch_time": 0.018404087000000402
    },
    "t_user_11": {
        "redirect_time": 0.0030565040000000154,
        "build_auth_time": 0.0008886310000000286,
        "login_time": 0.0021453809999999462,
        "acs_dispatch_time": 0.0035084769999995657,
        "finish_acs_dispatch_time": 0.017524829000000075
    },
    "t_user_12": {
        "redirect_time": 0.0030362750000000327,
        "build_auth_time": 0.0008731520000000437,
        "login_time": 0.0021410919999999,
        "acs_dispatch_time": 0.0035637290000005706,
        "finish_acs_dispatch_time": 0.015563762000000203
    },
    "t_user_14": {
        "redirect_time": 0.0031842110000001034,
        "build_auth_time": 0.0008978470000000627,
        "login_time": 0.002263640999999983,
        "acs_dispatch_time": 0.0035618390000005107,
        "finish_acs_dispatch_time": 0.015429221000000659
    },
    "t_user_13": {
        "redirect_time": 0.0029718930000000032,
        "build_auth_time": 0.0008322360000000417,
        "login_time": 0.002117566000000015,
        "acs_dispatch_time": 0.0033537089999997605,
        "finish_acs_dispatch_time": 0.016927566999999755
    },
    "t_user_15": {
        "redirect_time": 0.0030207780000000017,
        "build_auth_time": 0.0008316250000000025,
        "login_time": 0.0021692760000000533,
        "acs_dispatch_time": 0.0030703999999999176,
        "finish_acs_dispatch_time": 0.015955475000000163
    },
    "t_user_16": {
        "redirect_time": 0.003699818000000077,
        "build_auth_time": 0.0011191930000000738,
        "login_time": 0.0025500679999999054,
        "acs_dispatch_time": 0.00352071899999995,
        "finish_acs_dispatch_time": 0.016339027999999978
    },
    "t_user_17": {
        "redirect_time": 0.003029833999999898,
        "build_auth_time": 0.0008583749999999668,
        "login_time": 0.002149197000000047,
        "acs_dispatch_time": 0.0028610069999999155,
        "finish_acs_dispatch_time": 0.015300363999999789
    },
    "t_user_18": {
        "redirect_time": 0.0030606309999998693,
        "build_auth_time": 0.0008643749999999173,
        "login_time": 0.0021772309999998907,
        "acs_dispatch_time": 0.0032326839999998747,
        "finish_acs_dispatch_time": 0.015530562000000359
    },
    "t_user_19": {
        "redirect_time": 0.0030545089999998165,
        "build_auth_time": 0.0008324359999998254,
        "login_time": 0.0022026870000000365,
        "acs_dispatch_time": 0.002794587000000348,
        "finish_acs_dispatch_time": 0.01615481600000024
    },
    "t_user_20": {
        "redirect_time": 0.003071752000000094,
        "build_auth_time": 0.0008584150000001678,
        "login_time": 0.0021924279999998575,
        "acs_dispatch_time": 0.0034012740000002317,
        "finish_acs_dispatch_time": 0.015510360999999584
    },
    "t_user_21": {
        "redirect_time": 0.0030681770000000608,
        "build_auth_time": 0.0008291609999999672,
        "login_time": 0.002219970000000071,
        "acs_dispatch_time": 0.00373104599999996,
        "finish_acs_dispatch_time": 0.02082915800000018
    },
    "t_user_22": {
        "redirect_time": 0.002990872999999894,
        "build_auth_time": 0.0008489469999999333,
        "login_time": 0.002123050000000015,
        "acs_dispatch_time": 0.0032878670000000554,
        "finish_acs_dispatch_time": 0.015015655999999655
    },
    "t_user_23": {
        "redirect_time": 0.0030855180000000093,
        "build_auth_time": 0.0008441779999999177,
        "login_time": 0.0022200000000001108,
        "acs_dispatch_time": 0.0033255250000001624,
        "finish_acs_dispatch_time": 0.01593425599999998
    },
    "t_user_24": {
        "redirect_time": 0.0030256660000000934,
        "build_auth_time": 0.0008311229999999892,
        "login_time": 0.002174866000000053,
        "acs_dispatch_time": 0.0028731920000000244,
        "finish_acs_dispatch_time": 0.015263216000000135
    },
    "t_user_25": {
        "redirect_time": 0.0031883799999998796,
        "build_auth_time": 0.0008929499999998924,
        "login_time": 0.002262178000000059,
        "acs_dispatch_time": 0.002673398999999854,
        "finish_acs_dispatch_time": 0.01515688000000015
    },
    "t_user_26": {
        "redirect_time": 0.0032655349999999306,
        "build_auth_time": 0.0009492639999999497,
        "login_time": 0.0022883890000000573,
        "acs_dispatch_time": 0.0031083619999998646,
        "finish_acs_dispatch_time": 0.015364110000000153
    },
    "t_user_27": {
        "redirect_time": 0.003011679999999961,
        "build_auth_time": 0.0008187809999999907,
        "login_time": 0.0021738539999998086,
        "acs_dispatch_time": 0.002846952000000069,
        "finish_acs_dispatch_time": 0.016174467999999997
    },
    "t_user_28": {
        "redirect_time": 0.003000429999999943,
        "build_auth_time": 0.0008074300000000534,
        "login_time": 0.002175778000000017,
        "acs_dispatch_time": 0.003378746000000099,
        "finish_acs_dispatch_time": 0.016000782999999963
    },
    "t_user_29": {
        "redirect_time": 0.0030426969999999276,
        "build_auth_time": 0.000847803999999952,
        "login_time": 0.002175245999999964,
        "acs_dispatch_time": 0.00372871099999994,
        "finish_acs_dispatch_time": 0.019855585000000175
    },