{
    "t_user_1": {
        "redirect_time": 0.012806608999999969,
        "pkce_time": 4.111600000001e-05,
        "get_access_token_time": 0.012101989000000035,
        "decode_id_token_time": 0.0006492930000000507,
        "complete_login_time": 0.013712681000000004,
        "dispatch_time": 0.0521070480000001
    },
    "t_user_2": {
        "redirect_time": 0.012406280999999963,
        "pkce_time": 4.316000000004e-05,
        "get_access_token_time": 0.011718554000000103,
        "decode_id_token_time": 0.00022558200000011297,
        "complete_login_time": 0.013724427000000095,
        "dispatch_time": 0.048067097000000114
    },
    "t_user_3": {
        "redirect_time": 0.013138328000000032,
        "pkce_time": 4.107599999992e-05,
        "get_access_token_time": 0.010848979000000147,
        "decode_id_token_time": 0.000200093999999984,
        "complete_login_time": 0.012046261999999919,
        "dispatch_time": 0.04856988699999998
    },
    "t_user_4": {
        "redirect_time": 0.013573305999999952,
        "pkce_time": 4.0555e-05,
        "get_access_token_time": 0.011512468000000053,
        "decode_id_token_time": 0.00018258100000001498,
        "complete_login_time": 0.012400497999999982,
        "dispatch_time": 0.04478807600000001
    },
    "t_user_5": {
        "redirect_time": 0.01318842600000003,
        "pkce_time": 4.226899999993e-05,
        "get_access_token_time": 0.011236924999999953,
        "decode_id_token_time": 0.0001996429999999716,
        "complete_login_time": 0.013791706999999986,
        "dispatch_time": 0.051555894000000047
    },
    "t_user_6": {
        "redirect_time": 0.013785951000000018,
        "pkce_time": 4.497400000003e-05,
        "get_access_token_time": 0.01692879799999991,
        "decode_id_token_time": 0.00018536700000004736,
        "complete_login_time": 0.012476390000000004,
        "dispatch_time": 0.052691421000000016
    },
    "t_user_7": {
        "redirect_time": 0.014211638000000026,
        "pkce_time": 4.056499999994e-05,
        "get_access_token_time": 0.010699030000000054,
        "decode_id_token_time": 0.0001922799999998226,
        "complete_login_time": 0.012412789999999951,
        "dispatch_time": 0.044088666000000165
    },
    "t_user_8": {
        "redirect_time": 0.012767340000000127,
        "pkce_time": 3.836199999996e-05,
        "get_access_token_time": 0.010865085000000052,
        "decode_id_token_time": 0.0001704890000000514,
        "complete_login_time": 0.012120547999999953,
        "dispatch_time": 0.045091567999999915
    },
    "t_user_9": {
        "redirect_time": 0.012696851999999925,
        "pkce_time": 3.964400000012e-05,
        "get_access_token_time": 0.010251088999999824,
        "decode_id_token_time": 0.0001899950000001649,
        "complete_login_time": 0.011959673999999865,
        "dispatch_time": 0.04250379399999993
    },
    "t_user_10": {
        "redirect_time": 0.01270905,
        "pkce_time": 4.407299999998e-05,
        "get_access_token_time": 0.01071435799999998,
        "decode_id_token_time": 0.00020507399999991627,
        "complete_login_time": 0.012757093999999913,
        "dispatch_time": 0.04869822300000015
    },
    "t_user_11": {
        "redirect_time": 0.012535901999999988,
        "pkce_time": 3.553500000009e-05,
        "get_access_token_time": 0.010804174,
        "decode_id_token_time": 0.00017750200000010707,
        "complete_login_time": 0.012275293999999937,
        "dispatch_time": 0.04793609799999987
    },
    "t_user_12": {
        "redirect_time": 0.014260594000000015,
        "pkce_time": 4.250900000002e-05,
        "get_access_token_time": 0.01053123700000036,
        "decode_id_token_time": 0.00020940200000030273,
        "complete_login_time": 0.012369566999999915,
        "dispatch_time": 0.04475296699999998
    },
    "t_user_13": {
        "redirect_time": 0.013191768999999853,
        "pkce_time": 4.514500000008e-05,
        "get_access_token_time": 0.011066303000000222,
        "decode_id_token_time": 0.0001985310000001128,
        "complete_login_time": 0.017157039000000207,
        "dispatch_time": 0.050381144000000155
    },
    "t_user_14": {
        "redirect_time": 0.013242137999999848,
        "pkce_time": 3.9334e-05,
        "get_access_token_time": 0.010786264000000045,
        "decode_id_token_time": 0.00019757000000009128,
        "complete_login_time": 0.011645612000000138,
        "dispatch_time": 0.04347398200000008
    },
    "t_user_15": {
        "redirect_time": 0.012982285999999732,
        "pkce_time": 3.737900000012e-05,
        "get_access_token_time": 0.01054845999999987,
        "decode_id_token_time": 0.00019110700000002367,
        "complete_login_time": 0.01556917499999999,
        "dispatch_time": 0.04706264100000013
    },
    "t_user_16": {
        "redirect_time": 0.01287225000000003,
        "pkce_time": 4.316100000024e-05,
        "get_access_token_time": 0.010891258000000015,
        "decode_id_token_time": 0.000197548999999686,
        "complete_login_time": 0.012521665999999598,
        "dispatch_time": 0.050400087000000315
    },
    "t_user_17": {
        "redirect_time": 0.012987690999999746,
        "pkce_time": 4.411199999987e-05,
        "get_access_token_time": 0.014101425999999861,
        "decode_id_token_time": 0.00018975399999998643,
        "complete_login_time": 0.012498068000000195,
        "dispatch_time": 0.04843624999999996
    },
    "t_user_18": {
        "redirect_time": 0.012905602000000016,
        "pkce_time": 4.194899999987e-05,
        "get_access_token_time": 0.010672764999999806,
        "decode_id_token_time": 0.0002475029999997602,
        "complete_login_time": 0.013168451999999942,
        "dispatch_time": 0.046139285999999835
    },
    "t_user_19": {
        "redirect_time": 0.013307850999999982,
        "pkce_time": 4.844999999998e-05,
        "get_access_token_time": 0.0170334470000002,
        "decode_id_token_time": 0.00022688299999984451,
        "complete_login_time": 0.012925008999999932,
        "dispatch_time": 0.05329819700000016
    },
    "t_user_20": {
        "redirect_time": 0.013508195,
        "pkce_time": 5.724799999962e-05,
        "get_access_token_time": 0.011181978999999842,
        "decode_id_token_time": 0.0002261419999998182,
        "complete_login_time": 0.013722680999999959,
        "dispatch_time": 0.047084698999999564
    },
    "t_user_21": {
        "redirect_time": 0.014503464000000132,
        "pkce_time": 5.75989999998e-05,
        "get_access_token_time": 0.011112389,
        "decode_id_token_time": 0.00020869000000001137,
        "complete_login_time": 0.01194117299999986,
        "dispatch_time": 0.05595370700000002
    },
    "t_user_22": {
        "redirect_time": 0.01392752400000008,
        "pkce_time": 5.08560000001e-05,
        "get_access_token_time": 0.01318582200000007,
        "decode_id_token_time": 0.00022017099999960266,
        "complete_login_time": 0.012198737999999931,
        "dispatch_time": 0.04730975500000012
    },
    "t_user_23": {
        "redirect_time": 0.01323806499999991,
        "pkce_time": 4.629699999992e-05,
        "get_access_token_time": 0.01031773299999994,
        "decode_id_token_time": 0.00020436199999984694,
        "complete_login_time": 0.011554646000000002,
        "dispatch_time": 0.04840450900000004
    },
    "t_user_24": {
        "redirect_time": 0.013308970000000198,
        "pkce_time": 3.874299999973e-05,
        "get_access_token_time": 0.010724119000000254,
        "decode_id_token_time": 0.0001880120000001817,
        "complete_login_time": 0.01236688000000008,
        "dispatch_time": 0.04459393700000014
    },
    "t_user_25": {
        "redirect_time": 0.013639288999999888,
        "pkce_time": 4.224899999983e-05,
        "get_access_token_time": 0.0131280450000002,
        "decode_id_token_time": 0.00017688999999965205,
        "complete_login_time": 0.012110658999999302,
        "dispatch_time": 0.04705837399999968
    },