{
    "t_user_1": {
        "redirect_time": 0.012550628000000008,
        "pkce_time": 3.514600000004e-05,
        "get_access_token_time": 0.010974044999999988,
        "decode_id_token_time": 0.0006723770000000018,
        "complete_login_time": 0.014051174,
        "dispatch_time": 0.04979762700000001
    },
    "t_user_2": {
        "redirect_time": 0.012187335000000021,
        "pkce_time": 3.810100000001e-05,
        "get_access_token_time": 0.01555511300000001,
        "decode_id_token_time": 0.00017321400000003262,
        "complete_login_time": 0.011663466999999983,
        "dispatch_time": 0.04816471900000008
    },
    "t_user_3": {
        "redirect_time": 0.012735417999999998,
        "pkce_time": 4.452399999999e-05,
        "get_access_token_time": 0.011211336000000016,
        "decode_id_token_time": 0.00018899299999997066,
        "complete_login_time": 0.012647309999999967,
        "dispatch_time": 0.044737994
    },
    "t_user_4": {
        "redirect_time": 0.013153347000000037,
        "pkce_time": 4.099599999996e-05,
        "get_access_token_time": 0.010258726999999968,
        "decode_id_token_time": 0.0001867500000000133,
        "complete_login_time": 0.01175257399999996,
        "dispatch_time": 0.04644590999999998
    },
    "t_user_5": {
        "redirect_time": 0.012292660000000066,
        "pkce_time": 3.717000000003e-05,
        "get_access_token_time": 0.010261175000000011,
        "decode_id_token_time": 0.00018474499999987515,
        "complete_login_time": 0.011578633999999921,
        "dispatch_time": 0.04403567900000005
    },
    "t_user_6": {
        "redirect_time": 0.013028393999999999,
        "pkce_time": 5.264699999996e-05,
        "get_access_token_time": 0.010234988000000111,
        "decode_id_token_time": 0.00019595700000007987,
        "complete_login_time": 0.012054650999999916,
        "dispatch_time": 0.04343485800000013
    },
    "t_user_7": {
        "redirect_time": 0.013764710000000013,
        "pkce_time": 4.353099999999e-05,
        "get_access_token_time": 0.013324382999999829,
        "decode_id_token_time": 0.00018277099999997048,
        "complete_login_time": 0.013537490000000041,
        "dispatch_time": 0.047469668999999826
    },
    "t_user_8": {
        "redirect_time": 0.012526315999999982,
        "pkce_time": 4.03550000001e-05,
        "get_access_token_time": 0.010807012999999976,
        "decode_id_token_time": 0.000205875000000022,
        "complete_login_time": 0.013131860999999967,
        "dispatch_time": 0.049423495000000095
    },
    "t_user_9": {
        "redirect_time": 0.012577967000000134,
        "pkce_time": 3.655799999991e-05,
        "get_access_token_time": 0.01077845299999991,
        "decode_id_token_time": 0.00017111999999985805,
        "complete_login_time": 0.011828062000000195,
        "dispatch_time": 0.04778618599999995
    },
    "t_user_10": {
        "redirect_time": 0.012386633999999841,
        "pkce_time": 3.887300000005e-05,
        "get_access_token_time": 0.010446210000000011,
        "decode_id_token_time": 0.00017115000000011982,
        "complete_login_time": 0.011397877000000056,
        "dispatch_time": 0.04737849300000008
    },
    "t_user_11": {
        "redirect_time": 0.013800687000000034,
        "pkce_time": 4.673799999999e-05,
        "get_access_token_time": 0.01024567799999998,
        "decode_id_token_time": 0.00017966600000018929,
        "complete_login_time": 0.011665848000000034,
        "dispatch_time": 0.046384765999999855
    },
    "t_user_12": {
        "redirect_time": 0.012613070000000004,
        "pkce_time": 4.283900000002e-05,
        "get_access_token_time": 0.010339067999999951,
        "decode_id_token_time": 0.00017466599999993448,
        "complete_login_time": 0.014453773000000059,
        "dispatch_time": 0.04609892900000023
    },
    "t_user_13": {
        "redirect_time": 0.012571016999999962,
        "pkce_time": 3.62380000003e-05,
        "get_access_token_time": 0.010878157000000055,
        "decode_id_token_time": 0.00018324200000030544,
        "complete_login_time": 0.012338270999999956,
        "dispatch_time": 0.04545148699999979
    },
    "t_user_15": {
        "redirect_time": 0.013146002999999684,
        "pkce_time": 4.081599999983e-05,
        "get_access_token_time": 0.010534032000000249,
        "decode_id_token_time": 0.00016919600000031565,
        "complete_login_time": 0.016598315999999613,
        "dispatch_time": 0.0482627240000002
    },
    "t_user_14": {
        "redirect_time": 0.012473343000000359,
        "pkce_time": 3.825100000032e-05,
        "get_access_token_time": 0.010224593000000226,
        "decode_id_token_time": 0.0001756880000001182,
        "complete_login_time": 0.011501279999999614,
        "dispatch_time": 0.04285692600000024
    },
    "t_user_16": {
        "redirect_time": 0.012806568999999879,
        "pkce_time": 3.978400000015e-05,
        "get_access_token_time": 0.010285062999999983,
        "decode_id_token_time": 0.00017874499999992466,
        "complete_login_time": 0.011225062999999924,
        "dispatch_time": 0.042675073999999924
    },
    "t_user_17": {
        "redirect_time": 0.012780800000000259,
        "pkce_time": 3.95740000001e-05,
        "get_access_token_time": 0.010313419000000046,
        "decode_id_token_time": 0.00016217399999973736,
        "complete_login_time": 0.011126058999999966,
        "dispatch_time": 0.0465836679999998
    },
    "t_user_18": {
        "redirect_time": 0.012230422000000019,
        "pkce_time": 3.492500000002e-05,
        "get_access_token_time": 0.013351006000000165,
        "decode_id_token_time": 0.00019061599999981027,
        "complete_login_time": 0.012528537999999756,
        "dispatch_time": 0.048490047000000036
    },
    "t_user_19": {
        "redirect_time": 0.012428226000000375,
        "pkce_time": 3.633800000014e-05,
        "get_access_token_time": 0.010210153000000055,
        "decode_id_token_time": 0.00018268199999971202,
        "complete_login_time": 0.011991132999999987,
        "dispatch_time": 0.04319345799999974
    },
    "t_user_20": {
        "redirect_time": 0.013352172000000273,
        "pkce_time": 4.296999999998e-05,
        "get_access_token_time": 0.010358407000000014,
        "decode_id_token_time": 0.0001938520000002164,
        "complete_login_time": 0.015748754999999726,
        "dispatch_time": 0.04678862400000039
    },
    "t_user_21": {
        "redirect_time": 0.012708390999999875,
        "pkce_time": 4.384200000018e-05,
        "get_access_token_time": 0.010045037999999895,
        "decode_id_token_time": 0.00017927499999981222,
        "complete_login_time": 0.011107094000000206,
        "dispatch_time": 0.043876161000000025
    },
    "t_user_22": {
        "redirect_time": 0.01318543399999994,
        "pkce_time": 3.809099999996e-05,
        "get_access_token_time": 0.014402324999999827,
        "decode_id_token_time": 0.0002532639999999198,
        "complete_login_time": 0.01372647700000007,
        "dispatch_time": 0.05019618700000006
    },
    "t_user_23": {
        "redirect_time": 0.013595268999999632,
        "pkce_time": 5.613399999982e-05,
        "get_access_token_time": 0.010786921000000227,
        "decode_id_token_time": 0.000202779999999958,
        "complete_login_time": 0.015625104999999806,
        "dispatch_time": 0.04724032400000011
    },
    "t_user_24": {
        "redirect_time": 0.01281713299999998,
        "pkce_time": 4.275900000028e-05,
        "get_access_token_time": 0.016174244000000115,
        "decode_id_token_time": 0.0002551170000000269,
        "complete_login_time": 0.014005878999999943,
        "dispatch_time": 0.05518523799999997
    },
    "t_user_25": {
        "redirect_time": 0.013027403999999798,
        "pkce_time": 4.97730000002e-05,
        "get_access_token_time": 0.04497863100000021,
        "decode_id_token_time": 0.00025882300000024117,
        "complete_login_time": 0.013136485999999614,