{
    "t_user_1": {
        "redirect_time": 0.013108636999999979,
        "pkce_time": 4.1758e-05,
        "get_access_token_time": 0.012599841999999972,
        "decode_id_token_time": 0.00023281600000002456,
        "complete_login_time": 0.012924378000000125,
        "dispatch_time": 0.050644409
    },
    "t_user_2": {
        "redirect_time": 0.014028678999999988,
        "pkce_time": 6.348899999997e-05,
        "get_access_token_time": 0.011511724999999973,
        "decode_id_token_time": 0.000645425999999949,
        "complete_login_time": 0.014684107000000002,
        "dispatch_time": 0.05308789199999997
    },
    "t_user_3": {
        "redirect_time": 0.012780794999999956,
        "pkce_time": 3.849099999997e-05,
        "get_access_token_time": 0.010938071999999965,
        "decode_id_token_time": 0.00017228199999985705,
        "complete_login_time": 0.012026637000000062,
        "dispatch_time": 0.044041311999999944
    },
    "t_user_4": {
        "redirect_time": 0.013000350000000105,
        "pkce_time": 4.221999999998e-05,
        "get_access_token_time": 0.012260629999999995,
        "decode_id_token_time": 0.00017852400000006874,
        "complete_login_time": 0.01330425699999993,
        "dispatch_time": 0.052370372000000054
    },
    "t_user_5": {
        "redirect_time": 0.014827948999999951,
        "pkce_time": 4.981399999993e-05,
        "get_access_token_time": 0.012573072000000018,
        "decode_id_token_time": 0.00018510599999999044,
        "complete_login_time": 0.013558003999999957,
        "dispatch_time": 0.047404982999999956
    },
    "t_user_6": {
        "redirect_time": 0.013862735000000015,
        "pkce_time": 4.725900000002e-05,
        "get_access_token_time": 0.010591491000000008,
        "decode_id_token_time": 0.0002095719999999357,
        "complete_login_time": 0.01222617700000006,
        "dispatch_time": 0.050240876000000156
    },
    "t_user_7": {
        "redirect_time": 0.012815078000000035,
        "pkce_time": 4.026499999998e-05,
        "get_access_token_time": 0.011137685999999869,
        "decode_id_token_time": 0.0002627500000000893,
        "complete_login_time": 0.013282401999999971,
        "dispatch_time": 0.050911205000000015
    },
    "t_user_8": {
        "redirect_time": 0.013164688999999896,
        "pkce_time": 4.166799999994e-05,
        "get_access_token_time": 0.010812952999999847,
        "decode_id_token_time": 0.0001881310000000358,
        "complete_login_time": 0.012429280000000098,
        "dispatch_time": 0.04509969800000002
    },
    "t_user_9": {
        "redirect_time": 0.013220062999999893,
        "pkce_time": 3.891300000003e-05,
        "get_access_token_time": 0.011351957000000024,
        "decode_id_token_time": 0.00018994500000002468,
        "complete_login_time": 0.012630812999999907,
        "dispatch_time": 0.04585932100000001
    },
    "t_user_10": {
        "redirect_time": 0.014290407999999921,
        "pkce_time": 4.036600000012e-05,
        "get_access_token_time": 0.011377588999999855,
        "decode_id_token_time": 0.0001942929999998455,
        "complete_login_time": 0.012706354999999947,
        "dispatch_time": 0.04744809399999994
    },
    "t_user_11": {
        "redirect_time": 0.012548280999999939,
        "pkce_time": 4.098699999999e-05,
        "get_access_token_time": 0.011693401000000048,
        "decode_id_token_time": 0.00016003899999983418,
        "complete_login_time": 0.011581802000000252,
        "dispatch_time": 0.04450445100000011
    },
    "t_user_12": {
        "redirect_time": 0.013835743999999872,
        "pkce_time": 4.459299999993e-05,
        "get_access_token_time": 0.010098214999999744,
        "decode_id_token_time": 0.00016380600000021062,
        "complete_login_time": 0.014862817000000028,
        "dispatch_time": 0.04618901600000003
    },
    "t_user_13": {
        "redirect_time": 0.012659793999999946,
        "pkce_time": 3.785199999995e-05,
        "get_access_token_time": 0.010665599000000192,
        "decode_id_token_time": 0.0002514810000002754,
        "complete_login_time": 0.016955874999999843,
        "dispatch_time": 0.04855132200000023
    },
    "t_user_14": {
        "redirect_time": 0.012789302000000058,
        "pkce_time": 3.572700000021e-05,
        "get_access_token_time": 0.010877829999999644,
        "decode_id_token_time": 0.00017800200000017696,
        "complete_login_time": 0.012079317999999617,
        "dispatch_time": 0.04526532200000011
    },
    "t_user_15": {
        "redirect_time": 0.012858651000000165,
        "pkce_time": 3.238100000003e-05,
        "get_access_token_time": 0.01030334299999991,
        "decode_id_token_time": 0.00018523600000008855,
        "complete_login_time": 0.011487905000000076,
        "dispatch_time": 0.04309906099999994
    },
    "t_user_16": {
        "redirect_time": 0.01352113300000024,
        "pkce_time": 3.919299999966e-05,
        "get_access_token_time": 0.010359806000000304,
        "decode_id_token_time": 0.0001646879999999129,
        "complete_login_time": 0.01141884599999976,
        "dispatch_time": 0.046660854000000196
    },
    "t_user_17": {
        "redirect_time": 0.014251307999999963,
        "pkce_time": 4.377099999964e-05,
        "get_access_token_time": 0.013225158000000015,
        "decode_id_token_time": 0.00018625799999982817,
        "complete_login_time": 0.012948453999999998,
        "dispatch_time": 0.04766310200000001
    },
    "t_user_18": {
        "redirect_time": 0.012841905999999792,
        "pkce_time": 3.820200000026e-05,
        "get_access_token_time": 0.01052957199999982,
        "decode_id_token_time": 0.00020195799999989106,
        "complete_login_time": 0.013263076999999956,
        "dispatch_time": 0.050465743000000174
    },
    "t_user_19": {
        "redirect_time": 0.012836846999999985,
        "pkce_time": 4.199900000001e-05,
        "get_access_token_time": 0.014322353000000287,
        "decode_id_token_time": 0.00021960100000040228,
        "complete_login_time": 0.017397498000000233,
        "dispatch_time": 0.055381242000000164
    },
    "t_user_20": {
        "redirect_time": 0.015004933000000165,
        "pkce_time": 4.712799999984e-05,
        "get_access_token_time": 0.01348060600000034,
        "decode_id_token_time": 0.00021901899999976493,
        "complete_login_time": 0.012622455999999893,
        "dispatch_time": 0.048471331000000006
    },
    "t_user_21": {
        "redirect_time": 0.012991153999999838,
        "pkce_time": 3.942399999968e-05,
        "get_access_token_time": 0.015116685000000185,
        "decode_id_token_time": 0.0002450579999999647,
        "complete_login_time": 0.014532008000000207,
        "dispatch_time": 0.05150081300000009
    },
    "t_user_22": {
        "redirect_time": 0.013071156000000084,
        "pkce_time": 3.93139999999e-05,
        "get_access_token_time": 0.015129878000000208,
        "decode_id_token_time": 0.0002538140000001299,
        "complete_login_time": 0.01342305399999999,
        "dispatch_time": 0.052264615999999986
    },
    "t_user_23": {
        "redirect_time": 0.014411588000000197,
        "pkce_time": 4.790000000021e-05,
        "get_access_token_time": 0.01306856199999995,
        "decode_id_token_time": 0.0001781730000001147,
        "complete_login_time": 0.011710002000000053,
        "dispatch_time": 0.04542372299999986
    },
    "t_user_24": {
        "redirect_time": 0.012353446000000101,
        "pkce_time": 3.744999999977e-05,
        "get_access_token_time": 0.012863805999999922,
        "decode_id_token_time": 0.0003743200000001501,
        "complete_login_time": 0.012529259999999987,
        "dispatch_time": 0.046169939999999965
    },
    "t_user_25": {
        "redirect_time": 0.012090161999999793,
        "pkce_time": 3.472400000026e-05,
        "get_access_token_time": 0.011489086000000093,
        "decode_id_token_time": 0.00021106400000014958,
        "complete_login_time": 0.016952707999999816,