{
    "t_user_1": {
        "redirect_time": 0.014267517000000007,
        "pkce_time": 4.458299999999e-05,
        "get_access_token_time": 0.011394581999999986,
        "decode_id_token_time": 0.0006182049999999828,
        "complete_login_time": 0.013922122000000092,
        "dispatch_time": 0.05304748100000001
    },
    "t_user_2": {
        "redirect_time": 0.014484872000000037,
        "pkce_time": 6.488199999999e-05,
        "get_access_token_time": 0.010977028,
        "decode_id_token_time": 0.00017510600000003596,
        "complete_login_time": 0.012364010999999953,
        "dispatch_time": 0.049427683
    },
    "t_user_3": {
        "redirect_time": 0.013265178000000044,
        "pkce_time": 4.426299999993e-05,
        "get_access_token_time": 0.012465158000000032,
        "decode_id_token_time": 0.00017357499999992587,
        "complete_login_time": 0.01226694099999992,
        "dispatch_time": 0.045803660000000024
    },
    "t_user_4": {
        "redirect_time": 0.01419072499999996,
        "pkce_time": 4.206899999992e-05,
        "get_access_token_time": 0.010471706999999997,
        "decode_id_token_time": 0.0001987420000000295,
        "complete_login_time": 0.012222469999999985,
        "dispatch_time": 0.04364511800000004
    },
    "t_user_5": {
        "redirect_time": 0.015465805000000055,
        "pkce_time": 0.0001216879999999,
        "get_access_token_time": 0.012335663999999857,
        "decode_id_token_time": 0.00021620500000008036,
        "complete_login_time": 0.012407457999999982,
        "dispatch_time": 0.04574219899999987
    },
    "t_user_6": {
        "redirect_time": 0.012911867000000021,
        "pkce_time": 3.679700000003e-05,
        "get_access_token_time": 0.011165963000000056,
        "decode_id_token_time": 0.00017264299999997235,
        "complete_login_time": 0.019464589999999893,
        "dispatch_time": 0.05319337700000015
    },
    "t_user_7": {
        "redirect_time": 0.013641683999999987,
        "pkce_time": 4.281000000006e-05,
        "get_access_token_time": 0.010542516999999973,
        "decode_id_token_time": 0.00018992499999992418,
        "complete_login_time": 0.011982973999999924,
        "dispatch_time": 0.04332240800000009
    },
    "t_user_8": {
        "redirect_time": 0.012954270000000045,
        "pkce_time": 3.71389999998e-05,
        "get_access_token_time": 0.01044938800000006,
        "decode_id_token_time": 0.0001964770000000282,
        "complete_login_time": 0.012133195999999957,
        "dispatch_time": 0.046638509000000106
    },
    "t_user_9": {
        "redirect_time": 0.0129171480000001,
        "pkce_time": 3.534700000007e-05,
        "get_access_token_time": 0.010909528000000002,
        "decode_id_token_time": 0.00017691100000005733,
        "complete_login_time": 0.012035707999999978,
        "dispatch_time": 0.04447239199999986
    },
    "t_user_10": {
        "redirect_time": 0.012835802999999979,
        "pkce_time": 3.611800000014e-05,
        "get_access_token_time": 0.010687977999999987,
        "decode_id_token_time": 0.0002484130000000029,
        "complete_login_time": 0.015149367999999885,
        "dispatch_time": 0.048425253
    },
    "t_user_11": {
        "redirect_time": 0.013022596000000108,
        "pkce_time": 4.465399999987e-05,
        "get_access_token_time": 0.012269111000000166,
        "decode_id_token_time": 0.00017465599999999526,
        "complete_login_time": 0.012543756999999989,
        "dispatch_time": 0.04645011700000001
    },
    "t_user_12": {
        "redirect_time": 0.012756306999999856,
        "pkce_time": 3.512499999991e-05,
        "get_access_token_time": 0.010837701000000255,
        "decode_id_token_time": 0.00020387100000007763,
        "complete_login_time": 0.012674929000000112,
        "dispatch_time": 0.04804757199999976
    },
    "t_user_13": {
        "redirect_time": 0.012388971999999887,
        "pkce_time": 3.715900000012e-05,
        "get_access_token_time": 0.010868267999999848,
        "decode_id_token_time": 0.00020030399999981796,
        "complete_login_time": 0.01625652199999994,
        "dispatch_time": 0.0488978969999998
    },
    "t_user_14": {
        "redirect_time": 0.015559735000000074,
        "pkce_time": 3.604700000004e-05,
        "get_access_token_time": 0.010676228000000343,
        "decode_id_token_time": 0.00018813100000025784,
        "complete_login_time": 0.011785528000000323,
        "dispatch_time": 0.04328400599999993
    },
    "t_user_15": {
        "redirect_time": 0.012184116999999883,
        "pkce_time": 3.24199999997e-05,
        "get_access_token_time": 0.010804395000000078,
        "decode_id_token_time": 0.00016149099999962502,
        "complete_login_time": 0.011822645999999715,
        "dispatch_time": 0.044103455000000125
    },
    "t_user_16": {
        "redirect_time": 0.01254515600000028,
        "pkce_time": 3.682800000027e-05,
        "get_access_token_time": 0.011559952000000262,
        "decode_id_token_time": 0.00016977800000006482,
        "complete_login_time": 0.01479436899999964,
        "dispatch_time": 0.04909705099999995
    },
    "t_user_17": {
        "redirect_time": 0.012800682000000396,
        "pkce_time": 3.842099999973e-05,
        "get_access_token_time": 0.013560827000000053,
        "decode_id_token_time": 0.00018339299999992065,
        "complete_login_time": 0.012577032999999904,
        "dispatch_time": 0.047595779999999976
    },
    "t_user_18": {
        "redirect_time": 0.012705359999999999,
        "pkce_time": 3.747099999973e-05,
        "get_access_token_time": 0.014006376000000209,
        "decode_id_token_time": 0.0001677529999999372,
        "complete_login_time": 0.011920331999999867,
        "dispatch_time": 0.04692613200000029
    },
    "t_user_19": {
        "redirect_time": 0.013310924999999862,
        "pkce_time": 6.207499999977e-05,
        "get_access_token_time": 0.014253436999999813,
        "decode_id_token_time": 0.0001839040000000125,
        "complete_login_time": 0.011944853000000144,
        "dispatch_time": 0.047369763999999925
    },
    "t_user_20": {
        "redirect_time": 0.01310611099999992,
        "pkce_time": 0.00023933700000001,
        "get_access_token_time": 0.012728311000000048,
        "decode_id_token_time": 0.000213798999999959,
        "complete_login_time": 0.021709223000000222,
        "dispatch_time": 0.05694690400000013
    },
    "t_user_21": {
        "redirect_time": 0.013973876999999746,
        "pkce_time": 4.497400000014e-05,
        "get_access_token_time": 0.013382612000000016,
        "decode_id_token_time": 0.00021708500000006126,
        "complete_login_time": 0.012493887999999842,
        "dispatch_time": 0.04744439399999978
    },
    "t_user_22": {
        "redirect_time": 0.013460949999999805,
        "pkce_time": 4.145800000011e-05,
        "get_access_token_time": 0.010463982999999732,
        "decode_id_token_time": 0.00017489700000039576,
        "complete_login_time": 0.011624363000000137,
        "dispatch_time": 0.043455021000000205
    },
    "t_user_23": {
        "redirect_time": 0.014243595000000386,
        "pkce_time": 4.104699999985e-05,
        "get_access_token_time": 0.010256794999999652,
        "decode_id_token_time": 0.00016810400000011327,
        "complete_login_time": 0.01133598499999966,
        "dispatch_time": 0.047452802000000016
    },
    "t_user_24": {
        "redirect_time": 0.012995189000000185,
        "pkce_time": 3.929400000002e-05,
        "get_access_token_time": 0.013275847000000063,
        "decode_id_token_time": 0.0001778329999999606,
        "complete_login_time": 0.012093839999999911,
        "dispatch_time": 0.0473141130000001
    },
    "t_user_25": {
        "redirect_time": 0.012657711000000127,
        "pkce_time": 3.9605e-05,
        "get_access_token_time": 0.01085746700000012,
        "decode_id_token_time": 0.00020689699999998368,
        "complete_login_time": 0.012906445000000044,