{
    "t_user_1": {
        "redirect_time": 0.015068718000000036,
        "pkce_time": 5.044500000001e-05,
        "get_access_token_time": 0.010869374000000098,
        "decode_id_token_time": 0.0001963469999999301,
        "complete_login_time": 0.012356400000000045,
        "dispatch_time": 0.04478836099999994
    },
    "t_user_2": {
        "redirect_time": 0.014645288000000034,
        "pkce_time": 5.014299999995e-05,
        "get_access_token_time": 0.012745812999999995,
        "decode_id_token_time": 0.0001950450000000048,
        "complete_login_time": 0.012947556999999943,
        "dispatch_time": 0.048038939
    },
    "t_user_3": {
        "redirect_time": 0.014201742000000017,
        "pkce_time": 5.7117e-05,
        "get_access_token_time": 0.011885532999999948,
        "decode_id_token_time": 0.00020028400000005053,
        "complete_login_time": 0.013236488999999962,
        "dispatch_time": 0.05170413600000001
    },
    "t_user_4": {
        "redirect_time": 0.013680126000000015,
        "pkce_time": 4.150800000002e-05,
        "get_access_token_time": 0.013064592999999958,
        "decode_id_token_time": 0.0007405440000000096,
        "complete_login_time": 0.014522019000000053,
        "dispatch_time": 0.054908018999999975
    },
    "t_user_5": {
        "redirect_time": 0.014016777000000036,
        "pkce_time": 5.015400000008e-05,
        "get_access_token_time": 0.010513890999999997,
        "decode_id_token_time": 0.00019052599999991315,
        "complete_login_time": 0.012479145999999997,
        "dispatch_time": 0.04395261699999997
    },
    "t_user_6": {
        "redirect_time": 0.013325462000000066,
        "pkce_time": 4.700699999993e-05,
        "get_access_token_time": 0.01084255699999992,
        "decode_id_token_time": 0.000195054999999833,
        "complete_login_time": 0.012523842000000007,
        "dispatch_time": 0.04854477899999998
    },
    "t_user_7": {
        "redirect_time": 0.013044092000000007,
        "pkce_time": 4.585600000007e-05,
        "get_access_token_time": 0.010759280999999898,
        "decode_id_token_time": 0.0002486849999998597,
        "complete_login_time": 0.013583872999999969,
        "dispatch_time": 0.04954234299999993
    },
    "t_user_8": {
        "redirect_time": 0.013285741000000018,
        "pkce_time": 4.034400000008e-05,
        "get_access_token_time": 0.010696275000000144,
        "decode_id_token_time": 0.0002002440000001826,
        "complete_login_time": 0.012403237000000011,
        "dispatch_time": 0.044519863000000104
    },
    "t_user_9": {
        "redirect_time": 0.013082084999999966,
        "pkce_time": 4.057600000018e-05,
        "get_access_token_time": 0.01071441499999981,
        "decode_id_token_time": 0.000175036999999989,
        "complete_login_time": 0.011966290000000157,
        "dispatch_time": 0.04439220300000013
    },
    "t_user_10": {
        "redirect_time": 0.012807398999999942,
        "pkce_time": 3.939499999994e-05,
        "get_access_token_time": 0.010894061000000121,
        "decode_id_token_time": 0.0002148930000001048,
        "complete_login_time": 0.014315156000000107,
        "dispatch_time": 0.0516194539999999
    },
    "t_user_11": {
        "redirect_time": 0.014028778999999991,
        "pkce_time": 4.066600000008e-05,
        "get_access_token_time": 0.010790823000000005,
        "decode_id_token_time": 0.00020144700000002125,
        "complete_login_time": 0.011950823999999916,
        "dispatch_time": 0.04808122199999998
    },
    "t_user_12": {
        "redirect_time": 0.01361306299999998,
        "pkce_time": 3.794999999984e-05,
        "get_access_token_time": 0.01068657499999981,
        "decode_id_token_time": 0.00022133499999998918,
        "complete_login_time": 0.01251516499999994,
        "dispatch_time": 0.04437362300000025
    },
    "t_user_14": {
        "redirect_time": 0.0147445209999999,
        "pkce_time": 5.0675e-05,
        "get_access_token_time": 0.013055429000000007,
        "decode_id_token_time": 0.00020770800000002865,
        "complete_login_time": 0.015247184999999774,
        "dispatch_time": 0.05352708999999978
    },
    "t_user_13": {
        "redirect_time": 0.014870466999999943,
        "pkce_time": 3.877299999999e-05,
        "get_access_token_time": 0.012559478999999651,
        "decode_id_token_time": 0.000253092999999982,
        "complete_login_time": 0.014217503999999881,
        "dispatch_time": 0.05278017899999998
    },
    "t_user_15": {
        "redirect_time": 0.014637608999999774,
        "pkce_time": 4.924200000023e-05,
        "get_access_token_time": 0.012257672000000053,
        "decode_id_token_time": 0.00029556299999988767,
        "complete_login_time": 0.01908672999999972,
        "dispatch_time": 0.05539334100000026
    },
    "t_user_16": {
        "redirect_time": 0.014937474999999978,
        "pkce_time": 4.280000000012e-05,
        "get_access_token_time": 0.011053974999999827,
        "decode_id_token_time": 0.00019218999999992548,
        "complete_login_time": 0.01230683499999996,
        "dispatch_time": 0.045016636999999804
    },
    "t_user_17": {
        "redirect_time": 0.01506845900000009,
        "pkce_time": 4.573500000005e-05,
        "get_access_token_time": 0.010350477999999885,
        "decode_id_token_time": 0.0002370830000000268,
        "complete_login_time": 0.012477536000000011,
        "dispatch_time": 0.044269643999999886
    },
    "t_user_18": {
        "redirect_time": 0.015418246000000302,
        "pkce_time": 4.109699999999e-05,
        "get_access_token_time": 0.011059139999999967,
        "decode_id_token_time": 0.00020884100000007066,
        "complete_login_time": 0.016757363999999608,
        "dispatch_time": 0.051078159000000234
    },
    "t_user_19": {
        "redirect_time": 0.019125870000000322,
        "pkce_time": 5.270799999968e-05,
        "get_access_token_time": 0.010883232999999937,
        "decode_id_token_time": 0.00023116199999995146,
        "complete_login_time": 0.012229527000000129,
        "dispatch_time": 0.044512650000000153
    },
    "t_user_20": {
        "redirect_time": 0.01409073499999991,
        "pkce_time": 4.461300000003e-05,
        "get_access_token_time": 0.011023036999999736,
        "decode_id_token_time": 0.0002057650000000244,
        "complete_login_time": 0.012150335999999928,
        "dispatch_time": 0.04615188300000028
    },
    "t_user_21": {
        "redirect_time": 0.016187061999999752,
        "pkce_time": 4.291000000034e-05,
        "get_access_token_time": 0.011001406000000102,
        "decode_id_token_time": 0.0001777029999998625,
        "complete_login_time": 0.012300616000000097,
        "dispatch_time": 0.047117506999999836
    },
    "t_user_22": {
        "redirect_time": 0.013345544999999959,
        "pkce_time": 3.841199999988e-05,
        "get_access_token_time": 0.011316549000000009,
        "decode_id_token_time": 0.0001988609999998836,
        "complete_login_time": 0.01277954300000017,
        "dispatch_time": 0.04638303599999993
    },
    "t_user_23": {
        "redirect_time": 0.013918566999999715,
        "pkce_time": 4.242900000007e-05,
        "get_access_token_time": 0.0103703089999998,
        "decode_id_token_time": 0.00026021499999995257,
        "complete_login_time": 0.015839913000000205,
        "dispatch_time": 0.04906275299999985
    },
    "t_user_24": {
        "redirect_time": 0.012894616000000081,
        "pkce_time": 3.686900000011e-05,
        "get_access_token_time": 0.011209348000000396,
        "decode_id_token_time": 0.0002236689999994823,
        "complete_login_time": 0.013874350000000035,
        "dispatch_time": 0.049142022999999924
    },
    "t_user_25": {
        "redirect_time": 0.013590937000000025,
        "pkce_time": 4.379300000013e-05,
        "get_access_token_time": 0.010534705000000422,
        "decode_id_token_time": 0.00017118000000060363,
        "complete_login_time": 0.01152004299999998,