{
    "t_user_1": {
        "redirect_time": 0.012614638000000011,
        "pkce_time": 4.098600000002e-05,
        "get_access_token_time": 0.012279984000000077,
        "decode_id_token_time": 0.000213208999999992,
        "complete_login_time": 0.013767773999999955,
        "dispatch_time": 0.05734236000000004
    },
    "t_user_2": {
        "redirect_time": 0.013250823999999994,
        "pkce_time": 4.024499999999e-05,
        "get_access_token_time": 0.012733688000000076,
        "decode_id_token_time": 0.00018437400000004267,
        "complete_login_time": 0.012447717999999997,
        "dispatch_time": 0.04624766999999996
    },
    "t_user_3": {
        "redirect_time": 0.013388493999999973,
        "pkce_time": 4.3291e-05,
        "get_access_token_time": 0.010353233000000017,
        "decode_id_token_time": 0.00020248800000000067,
        "complete_login_time": 0.012509831999999887,
        "dispatch_time": 0.044575017999999966
    },
    "t_user_4": {
        "redirect_time": 0.01298481100000004,
        "pkce_time": 4.08369999999e-05,
        "get_access_token_time": 0.011394764999999918,
        "decode_id_token_time": 0.00022477899999995277,
        "complete_login_time": 0.013116224999999981,
        "dispatch_time": 0.051511035999999955
    },
    "t_user_5": {
        "redirect_time": 0.013430565000000061,
        "pkce_time": 4.351200000008e-05,
        "get_access_token_time": 0.01279821400000003,
        "decode_id_token_time": 0.0007032240000000023,
        "complete_login_time": 0.016018676999999926,
        "dispatch_time": 0.056264350999999935
    },
    "t_user_6": {
        "redirect_time": 0.012813885999999997,
        "pkce_time": 5.2528e-05,
        "get_access_token_time": 0.015724432000000066,
        "decode_id_token_time": 0.00023916699999992908,
        "complete_login_time": 0.014463345000000016,
        "dispatch_time": 0.05592674300000011
    },
    "t_user_7": {
        "redirect_time": 0.012850766000000013,
        "pkce_time": 3.826200000001e-05,
        "get_access_token_time": 0.012289698999999876,
        "decode_id_token_time": 0.00020182699999993226,
        "complete_login_time": 0.013605899999999949,
        "dispatch_time": 0.05099433199999992
    },
    "t_user_8": {
        "redirect_time": 0.014940150000000152,
        "pkce_time": 5.06950000001e-05,
        "get_access_token_time": 0.011349070000000072,
        "decode_id_token_time": 0.00021051300000007878,
        "complete_login_time": 0.013147083000000004,
        "dispatch_time": 0.04855392000000003
    },
    "t_user_9": {
        "redirect_time": 0.015754913000000093,
        "pkce_time": 5.129599999987e-05,
        "get_access_token_time": 0.011137830000000015,
        "decode_id_token_time": 0.00017040800000001077,
        "complete_login_time": 0.012339075999999949,
        "dispatch_time": 0.04534661799999995
    },
    "t_user_10": {
        "redirect_time": 0.015466199999999874,
        "pkce_time": 5.152600000002e-05,
        "get_access_token_time": 0.011120951000000101,
        "decode_id_token_time": 0.00020889899999998462,
        "complete_login_time": 0.016146269999999907,
        "dispatch_time": 0.0492156210000001
    },
    "t_user_11": {
        "redirect_time": 0.014509568000000028,
        "pkce_time": 5.870099999994e-05,
        "get_access_token_time": 0.011431654999999985,
        "decode_id_token_time": 0.00020943099999959358,
        "complete_login_time": 0.014430643999999937,
        "dispatch_time": 0.0531355790000001
    },
    "t_user_12": {
        "redirect_time": 0.013150489999999904,
        "pkce_time": 4.377199999994e-05,
        "get_access_token_time": 0.013613144999999882,
        "decode_id_token_time": 0.00021734699999997886,
        "complete_login_time": 0.013899438999999791,
        "dispatch_time": 0.05277491000000012
    },
    "t_user_13": {
        "redirect_time": 0.015631410999999762,
        "pkce_time": 6.052300000015e-05,
        "get_access_token_time": 0.012186886999999924,
        "decode_id_token_time": 0.0002248300000000647,
        "complete_login_time": 0.018395209000000357,
        "dispatch_time": 0.05351210499999981
    },
    "t_user_14": {
        "redirect_time": 0.020395339999999873,
        "pkce_time": 4.758900000024e-05,
        "get_access_token_time": 0.012589265999999988,
        "decode_id_token_time": 0.0002514189999995864,
        "complete_login_time": 0.016075598000000024,
        "dispatch_time": 0.05333049400000034
    },
    "t_user_15": {
        "redirect_time": 0.014845145999999865,
        "pkce_time": 5.27189999997e-05,
        "get_access_token_time": 0.011477875000000193,
        "decode_id_token_time": 0.00026999500000002286,
        "complete_login_time": 0.01612561599999962,
        "dispatch_time": 0.051248173999999924
    },
    "t_user_16": {
        "redirect_time": 0.014352339000000214,
        "pkce_time": 4.209800000021e-05,
        "get_access_token_time": 0.010953483999999847,
        "decode_id_token_time": 0.00018832200000007404,
        "complete_login_time": 0.012632595999999996,
        "dispatch_time": 0.04580168800000006
    },
    "t_user_17": {
        "redirect_time": 0.01350298499999969,
        "pkce_time": 4.15669999998e-05,
        "get_access_token_time": 0.010767355000000034,
        "decode_id_token_time": 0.00018272100000027436,
        "complete_login_time": 0.01185820400000015,
        "dispatch_time": 0.04642947899999994
    },
    "t_user_18": {
        "redirect_time": 0.016212085000000265,
        "pkce_time": 5.352999999975e-05,
        "get_access_token_time": 0.017239486999999887,
        "decode_id_token_time": 0.00022149399999982222,
        "complete_login_time": 0.013200599999999785,
        "dispatch_time": 0.055725307000000335
    },
    "t_user_19": {
        "redirect_time": 0.01416716100000004,
        "pkce_time": 4.333100000009e-05,
        "get_access_token_time": 0.011378627999999669,
        "decode_id_token_time": 0.00022605300000000383,
        "complete_login_time": 0.01595467099999981,
        "dispatch_time": 0.04937753099999975
    },
    "t_user_20": {
        "redirect_time": 0.017726204999999773,
        "pkce_time": 4.225899999977e-05,
        "get_access_token_time": 0.011526227999999694,
        "decode_id_token_time": 0.00021158500000018066,
        "complete_login_time": 0.013312953999999877,
        "dispatch_time": 0.046739297000000235
    },
    "t_user_21": {
        "redirect_time": 0.012870114000000044,
        "pkce_time": 5.533499999988e-05,
        "get_access_token_time": 0.010313420000000129,
        "decode_id_token_time": 0.00016080100000026576,
        "complete_login_time": 0.011475370000000318,
        "dispatch_time": 0.042790667999999865
    },
    "t_user_22": {
        "redirect_time": 0.012593469000000024,
        "pkce_time": 3.392300000016e-05,
        "get_access_token_time": 0.011394006000000179,
        "decode_id_token_time": 0.00017577899999965396,
        "complete_login_time": 0.011981269000000072,
        "dispatch_time": 0.046596563000000035
    },
    "t_user_23": {
        "redirect_time": 0.013447542000000201,
        "pkce_time": 3.540600000029e-05,
        "get_access_token_time": 0.013316130000000204,
        "decode_id_token_time": 0.000197378999999831,
        "complete_login_time": 0.012170691000000122,
        "dispatch_time": 0.04683205799999968
    },
    "t_user_24": {
        "redirect_time": 0.01313481499999991,
        "pkce_time": 3.877200000035e-05,
        "get_access_token_time": 0.010976216999999622,
        "decode_id_token_time": 0.00023288499999996048,
        "complete_login_time": 0.012775970999999942,
        "dispatch_time": 0.04481811099999966
    },
    "t_user_25": {
        "redirect_time": 0.01373191799999951,
        "pkce_time": 4.046499999966e-05,
        "get_access_token_time": 0.011294498999999902,
        "decode_id_token_time": 0.0002224260000005529,
        "complete_login_time": 0.013303086999999714,