{
    "t_user_1": {
        "redirect_time": 0.012477852000000011,
        "pkce_time": 3.721900000003e-05,
        "get_access_token_time": 0.011778402000000021,
        "decode_id_token_time": 0.000632462999999972,
        "complete_login_time": 0.014472476999999984,
        "dispatch_time": 0.05256530100000001
    },
    "t_user_2": {
        "redirect_time": 0.012487193000000008,
        "pkce_time": 3.778100000001e-05,
        "get_access_token_time": 0.015365455000000194,
        "decode_id_token_time": 0.00019228000000004464,
        "complete_login_time": 0.012223775999999908,
        "dispatch_time": 0.049216535000000006
    },
    "t_user_3": {
        "redirect_time": 0.013174931999999973,
        "pkce_time": 3.9593e-05,
        "get_access_token_time": 0.010644977,
        "decode_id_token_time": 0.0002161440000000292,
        "complete_login_time": 0.012876019000000016,
        "dispatch_time": 0.04471341299999998
    },
    "t_user_4": {
        "redirect_time": 0.013591463999999998,
        "pkce_time": 5.3109e-05,
        "get_access_token_time": 0.012059915000000032,
        "decode_id_token_time": 0.00019409299999995078,
        "complete_login_time": 0.012553162999999978,
        "dispatch_time": 0.044958586999999994
    },
    "t_user_5": {
        "redirect_time": 0.013137100999999984,
        "pkce_time": 4.314099999991e-05,
        "get_access_token_time": 0.01135639799999999,
        "decode_id_token_time": 0.0002035710000000135,
        "complete_login_time": 0.013179060999999992,
        "dispatch_time": 0.04977701499999998
    },
    "t_user_6": {
        "redirect_time": 0.014395307999999996,
        "pkce_time": 4.093699999996e-05,
        "get_access_token_time": 0.010594027000000006,
        "decode_id_token_time": 0.00020021500000000358,
        "complete_login_time": 0.013292698999999963,
        "dispatch_time": 0.05052636399999999
    },
    "t_user_7": {
        "redirect_time": 0.013858142000000018,
        "pkce_time": 4.526399999993e-05,
        "get_access_token_time": 0.011713072999999907,
        "decode_id_token_time": 0.00024357499999982934,
        "complete_login_time": 0.014063409000000027,
        "dispatch_time": 0.04958919600000011
    },
    "t_user_8": {
        "redirect_time": 0.012736614000000035,
        "pkce_time": 3.992500000005e-05,
        "get_access_token_time": 0.016778543999999895,
        "decode_id_token_time": 0.00022480000000002498,
        "complete_login_time": 0.013246913999999999,
        "dispatch_time": 0.05196300799999998
    },
    "t_user_9": {
        "redirect_time": 0.012785614,
        "pkce_time": 4.487400000008e-05,
        "get_access_token_time": 0.01130713899999991,
        "decode_id_token_time": 0.00022064200000015965,
        "complete_login_time": 0.01296165100000013,
        "dispatch_time": 0.04640120300000006
    },
    "t_user_10": {
        "redirect_time": 0.0129132460000001,
        "pkce_time": 4.352100000005e-05,
        "get_access_token_time": 0.011761102999999995,
        "decode_id_token_time": 0.0002590139999998353,
        "complete_login_time": 0.01329239400000004,
        "dispatch_time": 0.048267684999999894
    },
    "t_user_11": {
        "redirect_time": 0.013496654000000108,
        "pkce_time": 3.977399999999e-05,
        "get_access_token_time": 0.011322832999999921,
        "decode_id_token_time": 0.00020755900000013483,
        "complete_login_time": 0.012842484999999959,
        "dispatch_time": 0.05046883800000024
    },
    "t_user_12": {
        "redirect_time": 0.01464922099999999,
        "pkce_time": 6.188500000004e-05,
        "get_access_token_time": 0.0122678559999998,
        "decode_id_token_time": 0.00021936000000000178,
        "complete_login_time": 0.013646984999999834,
        "dispatch_time": 0.054622665000000126
    },
    "t_user_13": {
        "redirect_time": 0.01418554400000005,
        "pkce_time": 5.30190000001e-05,
        "get_access_token_time": 0.011646777000000164,
        "decode_id_token_time": 0.0002071969999999368,
        "complete_login_time": 0.013102126999999797,
        "dispatch_time": 0.04725613299999987
    },
    "t_user_14": {
        "redirect_time": 0.014532218000000041,
        "pkce_time": 4.901200000007e-05,
        "get_access_token_time": 0.014029031000000192,
        "decode_id_token_time": 0.00020604500000009907,
        "complete_login_time": 0.013596016000000155,
        "dispatch_time": 0.051908071999999805
    },
    "t_user_15": {
        "redirect_time": 0.01395062299999994,
        "pkce_time": 4.912200000007e-05,
        "get_access_token_time": 0.010975468000000266,
        "decode_id_token_time": 0.00021216699999992983,
        "complete_login_time": 0.012359063999999975,
        "dispatch_time": 0.04693238599999994
    },
    "t_user_16": {
        "redirect_time": 0.01345686100000032,
        "pkce_time": 4.349100000001e-05,
        "get_access_token_time": 0.010511766000000033,
        "decode_id_token_time": 0.00019853199999975146,
        "complete_login_time": 0.014733623999999779,
        "dispatch_time": 0.04674768400000007
    },
    "t_user_17": {
        "redirect_time": 0.014417550000000112,
        "pkce_time": 4.38009999999e-05,
        "get_access_token_time": 0.010327912000000161,
        "decode_id_token_time": 0.00019635700000009138,
        "complete_login_time": 0.012042072000000292,
        "dispatch_time": 0.044090825000000056
    },
    "t_user_18": {
        "redirect_time": 0.0126162820000002,
        "pkce_time": 4.449299999987e-05,
        "get_access_token_time": 0.010486557000000118,
        "decode_id_token_time": 0.00024202200000011942,
        "complete_login_time": 0.013287826000000003,
        "dispatch_time": 0.04517634600000031
    },
    "t_user_19": {
        "redirect_time": 0.012353785999999811,
        "pkce_time": 3.865199999975e-05,
        "get_access_token_time": 0.010279251000000045,
        "decode_id_token_time": 0.00019000499999988207,
        "complete_login_time": 0.011571861000000183,
        "dispatch_time": 0.04650311900000004
    },
    "t_user_20": {
        "redirect_time": 0.012755102000000296,
        "pkce_time": 3.923299999986e-05,
        "get_access_token_time": 0.018151950000000028,
        "decode_id_token_time": 0.00020819900000024205,
        "complete_login_time": 0.012994250999999846,
        "dispatch_time": 0.05366015699999993
    },
    "t_user_21": {
        "redirect_time": 0.01329589699999989,
        "pkce_time": 3.67179999996e-05,
        "get_access_token_time": 0.010943946999999898,
        "decode_id_token_time": 0.00016863500000008358,
        "complete_login_time": 0.011467614000000292,
        "dispatch_time": 0.04399734699999991
    },
    "t_user_22": {
        "redirect_time": 0.013520791000000365,
        "pkce_time": 4.586599999978e-05,
        "get_access_token_time": 0.010219853000000167,
        "decode_id_token_time": 0.00018962400000033242,
        "complete_login_time": 0.01162775199999988,
        "dispatch_time": 0.04274783599999976
    },
    "t_user_23": {
        "redirect_time": 0.012732531000000158,
        "pkce_time": 4.757899999985e-05,
        "get_access_token_time": 0.010998324000000004,
        "decode_id_token_time": 0.00022291699999987813,
        "complete_login_time": 0.016822440999999966,
        "dispatch_time": 0.05020343500000024
    },
    "t_user_24": {
        "redirect_time": 0.012745008000000002,
        "pkce_time": 4.670700000009e-05,
        "get_access_token_time": 0.011206645999999765,
        "decode_id_token_time": 0.00024085999999989838,
        "complete_login_time": 0.01817394899999991,
        "dispatch_time": 0.052941247000000136
    },
    "t_user_25": {
        "redirect_time": 0.0136614439999998,
        "pkce_time": 4.479300000026e-05,
        "get_access_token_time": 0.01777039200000008,
        "decode_id_token_time": 0.00021001199999926,
        "complete_login_time": 0.013033050999999851,
        "dispatch_time": 0.05360502
    },