{
    "t_user_1": {
        "redirect_time": 0.013163244000000018,
        "pkce_time": 3.956499999996e-05,
        "get_access_token_time": 0.010909312999999976,
        "decode_id_token_time": 0.00020191800000002313,
        "complete_login_time": 0.012937323000000056,
        "dispatch_time": 0.045699843999999934
    },
    "t_user_2": {
        "redirect_time": 0.013372376999999935,
        "pkce_time": 4.683800000005e-05,
        "get_access_token_time": 0.010509162000000072,
        "decode_id_token_time": 0.0001896639999999783,
        "complete_login_time": 0.011590375000000042,
        "dispatch_time": 0.04639687299999995
    },
    "t_user_3": {
        "redirect_time": 0.012942906000000032,
        "pkce_time": 4.145799999999e-05,
        "get_access_token_time": 0.011405019999999988,
        "decode_id_token_time": 0.0006751320000000227,
        "complete_login_time": 0.013566882000000002,
        "dispatch_time": 0.05055153000000001
    },
    "t_user_4": {
        "redirect_time": 0.014547662999999988,
        "pkce_time": 5.170700000001e-05,
        "get_access_token_time": 0.01564995299999994,
        "decode_id_token_time": 0.00017951599999999068,
        "complete_login_time": 0.012055154999999984,
        "dispatch_time": 0.048849264
    },
    "t_user_5": {
        "redirect_time": 0.012692480999999978,
        "pkce_time": 3.9805e-05,
        "get_access_token_time": 0.010403122000000042,
        "decode_id_token_time": 0.0001902150000000491,
        "complete_login_time": 0.011782061999999982,
        "dispatch_time": 0.04437214700000003
    },
    "t_user_6": {
        "redirect_time": 0.012707894999999914,
        "pkce_time": 3.713900000002e-05,
        "get_access_token_time": 0.010448251999999991,
        "decode_id_token_time": 0.00020941099999993718,
        "complete_login_time": 0.013227761000000005,
        "dispatch_time": 0.04505709099999988
    },
    "t_user_7": {
        "redirect_time": 0.01275522100000015,
        "pkce_time": 3.566599999982e-05,
        "get_access_token_time": 0.011670102999999932,
        "decode_id_token_time": 0.00022063300000008113,
        "complete_login_time": 0.012800090000000042,
        "dispatch_time": 0.04686813600000006
    },
    "t_user_8": {
        "redirect_time": 0.013224973000000029,
        "pkce_time": 4.099699999993e-05,
        "get_access_token_time": 0.010836416000000071,
        "decode_id_token_time": 0.00025396499999996713,
        "complete_login_time": 0.013441713000000188,
        "dispatch_time": 0.04615838300000008
    },
    "t_user_9": {
        "redirect_time": 0.013383143999999847,
        "pkce_time": 3.700000000006e-05,
        "get_access_token_time": 0.010373039999999945,
        "decode_id_token_time": 0.00019017499999995913,
        "complete_login_time": 0.011376947000000026,
        "dispatch_time": 0.04337804500000009
    },
    "t_user_10": {
        "redirect_time": 0.01320813300000001,
        "pkce_time": 3.814199999996e-05,
        "get_access_token_time": 0.01095170099999998,
        "decode_id_token_time": 0.00019698899999998076,
        "complete_login_time": 0.012512398000000147,
        "dispatch_time": 0.045716220000000085
    },
    "t_user_11": {
        "redirect_time": 0.012911622000000067,
        "pkce_time": 4.932299999982e-05,
        "get_access_token_time": 0.011241155000000003,
        "decode_id_token_time": 0.00023191399999999973,
        "complete_login_time": 0.012516597999999934,
        "dispatch_time": 0.04749252500000001
    },
    "t_user_12": {
        "redirect_time": 0.012591100999999938,
        "pkce_time": 3.784100000015e-05,
        "get_access_token_time": 0.010450848000000068,
        "decode_id_token_time": 0.00022755600000001763,
        "complete_login_time": 0.011963485000000329,
        "dispatch_time": 0.04762860599999996
    },
    "t_user_14": {
        "redirect_time": 0.015982876000000035,
        "pkce_time": 5.586500000021e-05,
        "get_access_token_time": 0.011519242999999957,
        "decode_id_token_time": 0.0002231169999999949,
        "complete_login_time": 0.01365053699999974,
        "dispatch_time": 0.052333564
    },
    "t_user_13": {
        "redirect_time": 0.015858049000000207,
        "pkce_time": 4.069600000012e-05,
        "get_access_token_time": 0.010391502999999691,
        "decode_id_token_time": 0.00020034400000001895,
        "complete_login_time": 0.011614166999999842,
        "dispatch_time": 0.04377602499999966
    },
    "t_user_15": {
        "redirect_time": 0.019124573000000034,
        "pkce_time": 4.798900000003e-05,
        "get_access_token_time": 0.010757597000000008,
        "decode_id_token_time": 0.00017712000000003059,
        "complete_login_time": 0.011610390000000415,
        "dispatch_time": 0.04565188099999995
    },
    "t_user_16": {
        "redirect_time": 0.01388902000000014,
        "pkce_time": 4.302000000012e-05,
        "get_access_token_time": 0.012404484999999799,
        "decode_id_token_time": 0.00021880900000015302,
        "complete_login_time": 0.013473282999999725,
        "dispatch_time": 0.04974752100000002
    },
    "t_user_17": {
        "redirect_time": 0.013121710000000064,
        "pkce_time": 3.987400000005e-05,
        "get_access_token_time": 0.010481983000000028,
        "decode_id_token_time": 0.00022565199999968755,
        "complete_login_time": 0.012140436000000143,
        "dispatch_time": 0.04536051299999988
    },
    "t_user_18": {
        "redirect_time": 0.013133372999999615,
        "pkce_time": 4.129700000011e-05,
        "get_access_token_time": 0.010759779000000247,
        "decode_id_token_time": 0.0002037310000000403,
        "complete_login_time": 0.01246851200000032,
        "dispatch_time": 0.04446910699999984
    },
    "t_user_19": {
        "redirect_time": 0.012939191000000072,
        "pkce_time": 4.02359999998e-05,
        "get_access_token_time": 0.010816351999999974,
        "decode_id_token_time": 0.00019795999999994152,
        "complete_login_time": 0.012149165999999934,
        "dispatch_time": 0.04459591300000021
    },
    "t_user_20": {
        "redirect_time": 0.016917972000000336,
        "pkce_time": 5.104599999983e-05,
        "get_access_token_time": 0.010944267999999813,
        "decode_id_token_time": 0.00019109700000008445,
        "complete_login_time": 0.011753231000000142,
        "dispatch_time": 0.04454313700000023
    },
    "t_user_21": {
        "redirect_time": 0.016300542999999834,
        "pkce_time": 4.074599999981e-05,
        "get_access_token_time": 0.010710631000000248,
        "decode_id_token_time": 0.0002069069999999229,
        "complete_login_time": 0.013446168000000203,
        "dispatch_time": 0.05444100799999996
    },
    "t_user_22": {
        "redirect_time": 0.01422622200000001,
        "pkce_time": 4.9733e-05,
        "get_access_token_time": 0.013741189999999737,
        "decode_id_token_time": 0.00021407000000017717,
        "complete_login_time": 0.012856297999999988,
        "dispatch_time": 0.049996564999999826
    },
    "t_user_23": {
        "redirect_time": 0.013211945000000114,
        "pkce_time": 4.265000000014e-05,
        "get_access_token_time": 0.010277027000000327,
        "decode_id_token_time": 0.00020130699999976187,
        "complete_login_time": 0.012000225999999614,
        "dispatch_time": 0.04366457399999968
    },
    "t_user_24": {
        "redirect_time": 0.012655579000000028,
        "pkce_time": 3.896200000009e-05,
        "get_access_token_time": 0.010299011000000302,
        "decode_id_token_time": 0.00018145900000021697,
        "complete_login_time": 0.01127112100000005,
        "dispatch_time": 0.042812376000000096
    },
    "t_user_25": {
        "redirect_time": 0.012849504000000067,
        "pkce_time": 3.905300000007e-05,
        "get_access_token_time": 0.010944198000000682,
        "decode_id_token_time": 0.00017704000000051678,
        "complete_login_time": 0.014095827000000227,