{
    "t_user_1": {
        "redirect_time": 0.012817520000000027,
        "pkce_time": 4.188900000002e-05,
        "get_access_token_time": 0.01108353300000009,
        "decode_id_token_time": 0.0006387840000000589,
        "complete_login_time": 0.013438225999999998,
        "dispatch_time": 0.050039510000000065
    },
    "t_user_2": {
        "redirect_time": 0.013729231000000008,
        "pkce_time": 5.294899999997e-05,
        "get_access_token_time": 0.014928070999999932,
        "decode_id_token_time": 0.00018538700000003683,
        "complete_login_time": 0.012296241000000041,
        "dispatch_time": 0.048000213000000014
    },
    "t_user_3": {
        "redirect_time": 0.012724247999999938,
        "pkce_time": 3.906300000001e-05,
        "get_access_token_time": 0.010980442000000035,
        "decode_id_token_time": 0.00019146899999999967,
        "complete_login_time": 0.011789238999999951,
        "dispatch_time": 0.047277137000000025
    },
    "t_user_4": {
        "redirect_time": 0.01277781499999997,
        "pkce_time": 3.776100000008e-05,
        "get_access_token_time": 0.010493774000000067,
        "decode_id_token_time": 0.00018164999999992215,
        "complete_login_time": 0.012263851999999908,
        "dispatch_time": 0.04302872499999999
    },
    "t_user_5": {
        "redirect_time": 0.012368911000000038,
        "pkce_time": 3.529600000007e-05,
        "get_access_token_time": 0.010570721000000005,
        "decode_id_token_time": 0.00021647400000002204,
        "complete_login_time": 0.011980325999999986,
        "dispatch_time": 0.04528427899999998
    },
    "t_user_6": {
        "redirect_time": 0.013788525999999912,
        "pkce_time": 4.109699999999e-05,
        "get_access_token_time": 0.01258995499999993,
        "decode_id_token_time": 0.0002215750000000849,
        "complete_login_time": 0.012482719000000086,
        "dispatch_time": 0.04591536600000001
    },
    "t_user_7": {
        "redirect_time": 0.013730575999999939,
        "pkce_time": 3.728999999986e-05,
        "get_access_token_time": 0.010686935999999925,
        "decode_id_token_time": 0.00019095700000004712,
        "complete_login_time": 0.012099405000000063,
        "dispatch_time": 0.046468090999999934
    },
    "t_user_8": {
        "redirect_time": 0.012433103999999862,
        "pkce_time": 3.448500000003e-05,
        "get_access_token_time": 0.010347236999999954,
        "decode_id_token_time": 0.0001723419999999365,
        "complete_login_time": 0.012276269000000006,
        "dispatch_time": 0.04353915799999997
    },
    "t_user_9": {
        "redirect_time": 0.012469602000000135,
        "pkce_time": 3.596700000008e-05,
        "get_access_token_time": 0.010721753999999972,
        "decode_id_token_time": 0.0002082190000001205,
        "complete_login_time": 0.015874981000000066,
        "dispatch_time": 0.04811570399999998
    },
    "t_user_10": {
        "redirect_time": 0.013509455999999975,
        "pkce_time": 4.166800000016e-05,
        "get_access_token_time": 0.010971618999999988,
        "decode_id_token_time": 0.00019702799999987697,
        "complete_login_time": 0.012431003000000107,
        "dispatch_time": 0.04537215799999994
    },
    "t_user_11": {
        "redirect_time": 0.017604581000000064,
        "pkce_time": 4.203899999999e-05,
        "get_access_token_time": 0.010310762000000029,
        "decode_id_token_time": 0.0001655490000000981,
        "complete_login_time": 0.015016144999999925,
        "dispatch_time": 0.04695112499999987
    },
    "t_user_12": {
        "redirect_time": 0.01336069800000006,
        "pkce_time": 4.266099999994e-05,
        "get_access_token_time": 0.011902634000000134,
        "decode_id_token_time": 0.00019774000000039038,
        "complete_login_time": 0.012689420000000062,
        "dispatch_time": 0.04585388400000001
    },
    "t_user_14": {
        "redirect_time": 0.012725753000000228,
        "pkce_time": 4.136700000013e-05,
        "get_access_token_time": 0.012221357000000044,
        "decode_id_token_time": 0.00020457299999998568,
        "complete_login_time": 0.012817548999999762,
        "dispatch_time": 0.05210686099999995
    },
    "t_user_13": {
        "redirect_time": 0.012422710999999698,
        "pkce_time": 4.635599999991e-05,
        "get_access_token_time": 0.013090532999999738,
        "decode_id_token_time": 0.0002112040000001869,
        "complete_login_time": 0.015850689000000084,
        "dispatch_time": 0.0537312179999998
    },
    "t_user_15": {
        "redirect_time": 0.012798813999999936,
        "pkce_time": 3.541600000023e-05,
        "get_access_token_time": 0.010432746000000215,
        "decode_id_token_time": 0.0002057859999999856,
        "complete_login_time": 0.016159041999999957,
        "dispatch_time": 0.04778933399999996
    },
    "t_user_16": {
        "redirect_time": 0.012870368000000187,
        "pkce_time": 3.677900000021e-05,
        "get_access_token_time": 0.010143090999999771,
        "decode_id_token_time": 0.00024016799999992955,
        "complete_login_time": 0.017592143999999976,
        "dispatch_time": 0.048935219000000085
    },
    "t_user_17": {
        "redirect_time": 0.014517225999999717,
        "pkce_time": 4.520400000008e-05,
        "get_access_token_time": 0.009992723999999953,
        "decode_id_token_time": 0.00018682899999999947,
        "complete_login_time": 0.011419065999999756,
        "dispatch_time": 0.041696074999999944
    },
    "t_user_18": {
        "redirect_time": 0.0131059790000001,
        "pkce_time": 3.93940000003e-05,
        "get_access_token_time": 0.010363675999999877,
        "decode_id_token_time": 0.0001739540000000872,
        "complete_login_time": 0.014975651000000312,
        "dispatch_time": 0.04528937599999994
    },
    "t_user_19": {
        "redirect_time": 0.012442612000000075,
        "pkce_time": 3.87230000003e-05,
        "get_access_token_time": 0.010559093999999991,
        "decode_id_token_time": 0.0001766910000000621,
        "complete_login_time": 0.011924003999999933,
        "dispatch_time": 0.04311820700000002
    },
    "t_user_20": {
        "redirect_time": 0.01326918999999993,
        "pkce_time": 3.763000000001e-05,
        "get_access_token_time": 0.013016265000000082,
        "decode_id_token_time": 0.00017639000000002625,
        "complete_login_time": 0.011556699999999864,
        "dispatch_time": 0.04537504299999995
    },
    "t_user_21": {
        "redirect_time": 0.014391174000000007,
        "pkce_time": 5.380099999996e-05,
        "get_access_token_time": 0.013210752999999631,
        "decode_id_token_time": 0.0001764290000001445,
        "complete_login_time": 0.011511856999999903,
        "dispatch_time": 0.046138572000000266
    },
    "t_user_22": {
        "redirect_time": 0.013221096999999737,
        "pkce_time": 3.83209999999e-05,
        "get_access_token_time": 0.01305310400000037,
        "decode_id_token_time": 0.00021027299999998306,
        "complete_login_time": 0.012817950999999717,
        "dispatch_time": 0.04653845700000003
    },
    "t_user_23": {
        "redirect_time": 0.012616355999999662,
        "pkce_time": 4.125699999991e-05,
        "get_access_token_time": 0.010446624000000071,
        "decode_id_token_time": 0.00016483799999988946,
        "complete_login_time": 0.011462951000000388,
        "dispatch_time": 0.04238019400000015
    },
    "t_user_24": {
        "redirect_time": 0.012718004999999977,
        "pkce_time": 3.877299999999e-05,
        "get_access_token_time": 0.01037625199999992,
        "decode_id_token_time": 0.00018954399999993043,
        "complete_login_time": 0.015475155999999934,
        "dispatch_time": 0.045954730000000055
    },
    "t_user_25": {
        "redirect_time": 0.012694560999999993,
        "pkce_time": 3.859200000011e-05,
        "get_access_token_time": 0.01955822700000054,
        "decode_id_token_time": 0.00022503100000026421,
        "complete_login_time": 0.014251864000000225,