{
    "t_user_1": {
        "redirect_time": 0.014941846000000036,
        "pkce_time": 5.019499999998e-05,
        "get_access_token_time": 0.011332062000000032,
        "decode_id_token_time": 0.0006684489999999599,
        "complete_login_time": 0.014125162999999996,
        "dispatch_time": 0.051370126000000016
    },
    "t_user_2": {
        "redirect_time": 0.013819510000000035,
        "pkce_time": 5.017399999996e-05,
        "get_access_token_time": 0.0160971889999999,
        "decode_id_token_time": 0.00022423999999998667,
        "complete_login_time": 0.01309559700000007,
        "dispatch_time": 0.05031215999999994
    },
    "t_user_3": {
        "redirect_time": 0.013846903000000021,
        "pkce_time": 4.338100000001e-05,
        "get_access_token_time": 0.011194287999999997,
        "decode_id_token_time": 0.00021013400000002846,
        "complete_login_time": 0.013483346000000007,
        "dispatch_time": 0.046456516
    },
    "t_user_4": {
        "redirect_time": 0.01260366199999996,
        "pkce_time": 4.183800000002e-05,
        "get_access_token_time": 0.011173725000000023,
        "decode_id_token_time": 0.00019802000000002096,
        "complete_login_time": 0.012360529999999925,
        "dispatch_time": 0.04878927599999994
    },
    "t_user_5": {
        "redirect_time": 0.013544851999999996,
        "pkce_time": 4.225899999999e-05,
        "get_access_token_time": 0.011393195999999883,
        "decode_id_token_time": 0.0001950740000000728,
        "complete_login_time": 0.012939561000000044,
        "dispatch_time": 0.05254528199999997
    },
    "t_user_6": {
        "redirect_time": 0.012477114000000067,
        "pkce_time": 4.123700000003e-05,
        "get_access_token_time": 0.010598594999999822,
        "decode_id_token_time": 0.00020609500000001724,
        "complete_login_time": 0.012525625999999956,
        "dispatch_time": 0.04453399999999985
    },
    "t_user_8": {
        "redirect_time": 0.012611887999999905,
        "pkce_time": 3.932400000006e-05,
        "get_access_token_time": 0.01017570499999998,
        "decode_id_token_time": 0.00020474300000006274,
        "complete_login_time": 0.015515721999999954,
        "dispatch_time": 0.04693715900000006
    },
    "t_user_9": {
        "redirect_time": 0.012835465999999851,
        "pkce_time": 3.743899999997e-05,
        "get_access_token_time": 0.010772022000000048,
        "decode_id_token_time": 0.0001729440000000082,
        "complete_login_time": 0.012464008000000026,
        "dispatch_time": 0.044378387999999935
    },
    "t_user_7": {
        "redirect_time": 0.014272414000000122,
        "pkce_time": 3.829100000008e-05,
        "get_access_token_time": 0.010791106000000106,
        "decode_id_token_time": 0.0001693869999999098,
        "complete_login_time": 0.012901386000000015,
        "dispatch_time": 0.04898572499999987
    },
    "t_user_10": {
        "redirect_time": 0.013444829999999852,
        "pkce_time": 3.649700000019e-05,
        "get_access_token_time": 0.012090374000000015,
        "decode_id_token_time": 0.00017574900000005833,
        "complete_login_time": 0.01205573900000001,
        "dispatch_time": 0.04546593199999993
    },
    "t_user_11": {
        "redirect_time": 0.01244453000000001,
        "pkce_time": 3.511499999997e-05,
        "get_access_token_time": 0.010877051000000026,
        "decode_id_token_time": 0.00017575800000013686,
        "complete_login_time": 0.012203775000000139,
        "dispatch_time": 0.047968057999999925
    },
    "t_user_12": {
        "redirect_time": 0.012686640999999943,
        "pkce_time": 3.738999999991e-05,
        "get_access_token_time": 0.013749803999999699,
        "decode_id_token_time": 0.0001756689999998784,
        "complete_login_time": 0.01200856799999972,
        "dispatch_time": 0.04845025799999991
    },
    "t_user_13": {
        "redirect_time": 0.012941252999999708,
        "pkce_time": 3.771100000005e-05,
        "get_access_token_time": 0.010197035000000021,
        "decode_id_token_time": 0.00016178200000016574,
        "complete_login_time": 0.014923438999999927,
        "dispatch_time": 0.04604512699999974
    },
    "t_user_14": {
        "redirect_time": 0.012855934999999707,
        "pkce_time": 3.567699999962e-05,
        "get_access_token_time": 0.010181715000000313,
        "decode_id_token_time": 0.0001717310000000083,
        "complete_login_time": 0.014428994000000195,
        "dispatch_time": 0.04514311499999968
    },
    "t_user_15": {
        "redirect_time": 0.012384670999999958,
        "pkce_time": 3.534599999977e-05,
        "get_access_token_time": 0.01060538099999997,
        "decode_id_token_time": 0.0002023790000000858,
        "complete_login_time": 0.01962707099999994,
        "dispatch_time": 0.052131707999999666
    },
    "t_user_16": {
        "redirect_time": 0.013175920000000119,
        "pkce_time": 3.876300000005e-05,
        "get_access_token_time": 0.011222887000000181,
        "decode_id_token_time": 0.00017505699999986746,
        "complete_login_time": 0.0157964439999998,
        "dispatch_time": 0.04834543499999988
    },
    "t_user_17": {
        "redirect_time": 0.013095923999999926,
        "pkce_time": 3.818099999986e-05,
        "get_access_token_time": 0.014018815000000018,
        "decode_id_token_time": 0.00018850199999986827,
        "complete_login_time": 0.011768234999999905,
        "dispatch_time": 0.047042332999999825
    },
    "t_user_18": {
        "redirect_time": 0.01275695199999971,
        "pkce_time": 3.9444e-05,
        "get_access_token_time": 0.010287850000000098,
        "decode_id_token_time": 0.00020102600000004855,
        "complete_login_time": 0.01207055300000004,
        "dispatch_time": 0.043540274000000156
    },
    "t_user_19": {
        "redirect_time": 0.013854467999999898,
        "pkce_time": 3.907299999995e-05,
        "get_access_token_time": 0.010686970000000073,
        "decode_id_token_time": 0.0002491159999999937,
        "complete_login_time": 0.01352491599999972,
        "dispatch_time": 0.050440523999999876
    },
    "t_user_20": {
        "redirect_time": 0.013308636000000096,
        "pkce_time": 4.280000000012e-05,
        "get_access_token_time": 0.012119577999999631,
        "decode_id_token_time": 0.0002000239999997433,
        "complete_login_time": 0.012414276000000335,
        "dispatch_time": 0.04943975200000006
    },
    "t_user_21": {
        "redirect_time": 0.012752063000000202,
        "pkce_time": 3.40040000002e-05,
        "get_access_token_time": 0.010538964000000206,
        "decode_id_token_time": 0.0001810089999998432,
        "complete_login_time": 0.011733135000000061,
        "dispatch_time": 0.05206696399999977
    },
    "t_user_22": {
        "redirect_time": 0.01483406899999995,
        "pkce_time": 4.206900000003e-05,
        "get_access_token_time": 0.010780557999999996,
        "decode_id_token_time": 0.00021940000000020277,
        "complete_login_time": 0.01722684199999991,
        "dispatch_time": 0.04879012099999969
    },
    "t_user_23": {
        "redirect_time": 0.013680298999999785,
        "pkce_time": 3.799100000013e-05,
        "get_access_token_time": 0.010387199999999819,
        "decode_id_token_time": 0.0002188999999996888,
        "complete_login_time": 0.012500340000000332,
        "dispatch_time": 0.0439408939999999
    },
    "t_user_24": {
        "redirect_time": 0.013013311999999999,
        "pkce_time": 3.939299999978e-05,
        "get_access_token_time": 0.012939843999999923,
        "decode_id_token_time": 0.000241571000000107,
        "complete_login_time": 0.015198986000000136,
        "dispatch_time": 0.05015785899999958
    },
    "t_user_25": {
        "redirect_time": 0.012498766000000217,
        "pkce_time": 3.69189999998e-05,
        "get_access_token_time": 0.01017146300000027,
        "decode_id_token_time": 0.00018312200000014656,
        "complete_login_time": 0.01596451999999937,