{
    "t_user_1": {
        "redirect_time": 0.003216541999999989,
        "build_auth_time": 0.0009211920000000706,
        "login_time": 0.0022652939999999733,
        "acs_dispatch_time": 0.0036486809999995984,
        "finish_acs_dispatch_time": 0.020196477999999907
    },
    "t_user_2": {
        "redirect_time": 0.0032874149999999602,
        "build_auth_time": 0.0009620179999999534,
        "login_time": 0.0023010110000000195,
        "acs_dispatch_time": 0.0042511890000001,
        "finish_acs_dispatch_time": 0.02261024299999992
    },
    "t_user_3": {
        "redirect_time": 0.00418526599999991,
        "build_auth_time": 0.0018528849999999153,
        "login_time": 0.002307605000000046,
        "acs_dispatch_time": 0.005535765999999942,
        "finish_acs_dispatch_time": 0.018473951000000266
    },
    "t_user_4": {
        "redirect_time": 0.0032802799999999133,
        "build_auth_time": 0.0009327729999999423,
        "login_time": 0.002324925000000033,
        "acs_dispatch_time": 0.0037359750000001135,
        "finish_acs_dispatch_time": 0.01828211599999996
    },
    "t_user_5": {
        "redirect_time": 0.0032832770000000844,
        "build_auth_time": 0.000988488000000065,
        "login_time": 0.0022730789999999557,
        "acs_dispatch_time": 0.003613827000000569,
        "finish_acs_dispatch_time": 0.0173753079999992
    },
    "t_user_6": {
        "redirect_time": 0.0034336480000000114,
        "build_auth_time": 0.0009869960000000733,
        "login_time": 0.00242583399999996,
        "acs_dispatch_time": 0.003902543000000147,
        "finish_acs_dispatch_time": 0.01969327700000001
    },
    "t_user_7": {
        "redirect_time": 0.0032556849999999526,
        "build_auth_time": 0.0009422609999999443,
        "login_time": 0.0022932970000000275,
        "acs_dispatch_time": 0.004214528999999967,
        "finish_acs_dispatch_time": 0.019131717000000048
    },
    "t_user_8": {
        "redirect_time": 0.00330824399999996,
        "build_auth_time": 0.0009778480000000034,
        "login_time": 0.002309157000000006,
        "acs_dispatch_time": 0.0034672219999998255,
        "finish_acs_dispatch_time": 0.0176437410000001
    },
    "t_user_9": {
        "redirect_time": 0.0032881849999999435,
        "build_auth_time": 0.0009375119999999182,
        "login_time": 0.002326048000000025,
        "acs_dispatch_time": 0.003909227000000293,
        "finish_acs_dispatch_time": 0.02013655400000003
    },
    "t_user_10": {
        "redirect_time": 0.003156338999999897,
        "build_auth_time": 0.0009017649999999433,
        "login_time": 0.0022331840000000547,
        "acs_dispatch_time": 0.00313670499999974,
        "finish_acs_dispatch_time": 0.016448160000000378
    },
    "t_user_11": {
        "redirect_time": 0.00322837499999995,
        "build_auth_time": 0.0009473809999999139,
        "login_time": 0.002258572999999986,
        "acs_dispatch_time": 0.0037256439999997504,
        "finish_acs_dispatch_time": 0.017962310999999787
    },
    "t_user_12": {
        "redirect_time": 0.003125993000000049,
        "build_auth_time": 0.0008777610000000324,
        "login_time": 0.0022295869999999773,
        "acs_dispatch_time": 0.003807999000000173,
        "finish_acs_dispatch_time": 0.018813236999999816
    },
    "t_user_13": {
        "redirect_time": 0.0032521600000001705,
        "build_auth_time": 0.0009222750000001945,
        "login_time": 0.0023034359999998255,
        "acs_dispatch_time": 0.0038892009999997867,
        "finish_acs_dispatch_time": 0.017625010000000163
    },
    "t_user_14": {
        "redirect_time": 0.0031900019999999696,
        "build_auth_time": 0.0008697760000000443,
        "login_time": 0.002301631999999998,
        "acs_dispatch_time": 0.0033461040000002384,
        "finish_acs_dispatch_time": 0.01714904199999978
    },
    "t_user_15": {
        "redirect_time": 0.003156128999999952,
        "build_auth_time": 0.0008986300000000114,
        "login_time": 0.0022374119999999387,
        "acs_dispatch_time": 0.0038079559999992796,
        "finish_acs_dispatch_time": 0.018842954000000134
    },
    "t_user_16": {
        "redirect_time": 0.003531793000000061,
        "build_auth_time": 0.0009212620000000893,
        "login_time": 0.0025880689999999706,
        "acs_dispatch_time": 0.003459364999999437,
        "finish_acs_dispatch_time": 0.01745792399999946
    },
    "t_user_17": {
        "redirect_time": 0.003789845000000014,
        "build_auth_time": 0.0011372350000000697,
        "login_time": 0.0026280539999998798,
        "acs_dispatch_time": 0.0036800110000001496,
        "finish_acs_dispatch_time": 0.01818476800000024
    },
    "t_user_18": {
        "redirect_time": 0.0031944830000001367,
        "build_auth_time": 0.0008910060000000275,
        "login_time": 0.0022768370000001426,
        "acs_dispatch_time": 0.0036626759999993652,
        "finish_acs_dispatch_time": 0.018577147999999433
    },
    "t_user_19": {
        "redirect_time": 0.0035514999999999297,
        "build_auth_time": 0.0011067299999998337,
        "login_time": 0.002421607000000048,
        "acs_dispatch_time": 0.0037209339999995095,
        "finish_acs_dispatch_time": 0.019213156000000176
    },
    "t_user_20": {
        "redirect_time": 0.0032206200000000074,
        "build_auth_time": 0.0008901350000001251,
        "login_time": 0.0023057890000000025,
        "acs_dispatch_time": 0.003945665999999903,
        "finish_acs_dispatch_time": 0.01889200000000013
    },
    "t_user_21": {
        "redirect_time": 0.0035851409999998474,
        "build_auth_time": 0.001145682999999842,
        "login_time": 0.002410754000000015,
        "acs_dispatch_time": 0.003848454999999973,
        "finish_acs_dispatch_time": 0.01925243599999993
    },
    "t_user_22": {
        "redirect_time": 0.0032149900000000287,
        "build_auth_time": 0.0009460789999999886,
        "login_time": 0.0022353680000000153,
        "acs_dispatch_time": 0.004239496000000287,
        "finish_acs_dispatch_time": 0.02082579899999981
    },
    "t_user_23": {
        "redirect_time": 0.0032294770000000916,
        "build_auth_time": 0.0009171040000000019,
        "login_time": 0.002292946999999934,
        "acs_dispatch_time": 0.003413480000000746,
        "finish_acs_dispatch_time": 0.01872179999999979
    },
    "t_user_24": {
        "redirect_time": 0.003338996000000094,
        "build_auth_time": 0.0009703650000001396,
        "login_time": 0.0023461479999999924,
        "acs_dispatch_time": 0.003078485999999714,
        "finish_acs_dispatch_time": 0.017663241999999357
    },
    "t_user_25": {
        "redirect_time": 0.003129519000000025,
        "build_auth_time": 0.0008714089999999342,
        "login_time": 0.0022389650000000927,
        "acs_dispatch_time": 0.003652377999999956,
        "finish_acs_dispatch_time": 0.02032221199999995
    },
    "t_user_26": {
        "redirect_time": 0.003904366999999853,
        "build_auth_time": 0.0013102190000000569,
        "login_time": 0.0025659449999999584,
        "acs_dispatch_time": 0.00411527300000003,
        "finish_acs_dispatch_time": 0.019755713999999536
    },
    "t_user_28": {
        "redirect_time": 0.0038139909999999055,
        "build_auth_time": 0.0011425459999998555,
        "login_time": 0.0026445940000001666,
        "acs_dispatch_time": 0.0036177409999993415,
        "finish_acs_dispatch_time": 0.019977743000000103
    },
    "t_user_27": {
        "redirect_time": 0.003478764000000023,
        "build_auth_time": 0.00102409399999992,
        "login_time": 0.002430244000000137,
        "acs_dispatch_time": 0.004058947999999951,
        "finish_acs_dispatch_time": 0.01992731599999953
    },
    "t_user_29": {
        "redirect_time": 0.0032432230000001283,
        "build_auth_time": 0.0009513580000000132,
        "login_time": 0.002269342000000174,
        "acs_dispatch_time": 0.003539074999999947,
        "finish_acs_dispatch_time": 0.018562031999999284
    },