{
    "t_user_1": {
        "redirect_time": 0.01513563699999998,
        "pkce_time": 4.102699999997e-05,
        "get_access_token_time": 0.012893237000000113,
        "decode_id_token_time": 0.00027576600000012164,
        "complete_login_time": 0.014730841999999855,
        "dispatch_time": 0.058444841000000025
    },
    "t_user_2": {
        "redirect_time": 0.014938711999999965,
        "pkce_time": 7.427800000004e-05,
        "get_access_token_time": 0.015357977000000078,
        "decode_id_token_time": 0.0007971319999999782,
        "complete_login_time": 0.015226924999999891,
        "dispatch_time": 0.05755790999999999
    },
    "t_user_3": {
        "redirect_time": 0.014007411000000025,
        "pkce_time": 5.180700000007e-05,
        "get_access_token_time": 0.013053353999999961,
        "decode_id_token_time": 0.00022455999999992926,
        "complete_login_time": 0.013655626000000032,
        "dispatch_time": 0.055993791000000126
    },
    "t_user_4": {
        "redirect_time": 0.013973238000000054,
        "pkce_time": 5.233800000004e-05,
        "get_access_token_time": 0.013950589999999985,
        "decode_id_token_time": 0.00024884599999996926,
        "complete_login_time": 0.015069118999999964,
        "dispatch_time": 0.05517087300000001
    },
    "t_user_5": {
        "redirect_time": 0.01624402700000005,
        "pkce_time": 8.328499999999e-05,
        "get_access_token_time": 0.012214987999999982,
        "decode_id_token_time": 0.0002602360000001358,
        "complete_login_time": 0.016270246000000155,
        "dispatch_time": 0.05332851300000008
    },
    "t_user_6": {
        "redirect_time": 0.014063865000000009,
        "pkce_time": 5.972099999996e-05,
        "get_access_token_time": 0.013169620999999854,
        "decode_id_token_time": 0.0002216139999999811,
        "complete_login_time": 0.014803608999999884,
        "dispatch_time": 0.052875207000000035
    },
    "t_user_7": {
        "redirect_time": 0.013803342999999968,
        "pkce_time": 4.139699999994e-05,
        "get_access_token_time": 0.012512178000000151,
        "decode_id_token_time": 0.00022516999999999676,
        "complete_login_time": 0.013752699999999951,
        "dispatch_time": 0.051129088000000156
    },
    "t_user_8": {
        "redirect_time": 0.014284501000000116,
        "pkce_time": 5.540299999995e-05,
        "get_access_token_time": 0.012425091999999971,
        "decode_id_token_time": 0.00023648200000003783,
        "complete_login_time": 0.014466858999999888,
        "dispatch_time": 0.05289314199999984
    },
    "t_user_9": {
        "redirect_time": 0.01446325000000015,
        "pkce_time": 4.629599999983e-05,
        "get_access_token_time": 0.012904924000000317,
        "decode_id_token_time": 0.00022750499999979468,
        "complete_login_time": 0.014136676000000126,
        "dispatch_time": 0.052909117000000006
    },
    "t_user_10": {
        "redirect_time": 0.01482572900000001,
        "pkce_time": 4.884100000013e-05,
        "get_access_token_time": 0.013397596999999983,
        "decode_id_token_time": 0.0002621600000001223,
        "complete_login_time": 0.013980516000000165,
        "dispatch_time": 0.05068847099999996
    },
    "t_user_11": {
        "redirect_time": 0.015433015000000161,
        "pkce_time": 4.372200000002e-05,
        "get_access_token_time": 0.012252402000000107,
        "decode_id_token_time": 0.00021393000000013984,
        "complete_login_time": 0.013427622000000028,
        "dispatch_time": 0.05619275099999976
    },
    "t_user_12": {
        "redirect_time": 0.015243585999999976,
        "pkce_time": 4.061599999994e-05,
        "get_access_token_time": 0.011717115000000167,
        "decode_id_token_time": 0.00020159700000021985,
        "complete_login_time": 0.01314591399999987,
        "dispatch_time": 0.049177049000000306
    },
    "t_user_13": {
        "redirect_time": 0.01652092999999999,
        "pkce_time": 5.424099999995e-05,
        "get_access_token_time": 0.013147726000000137,
        "decode_id_token_time": 0.0002168049999999866,
        "complete_login_time": 0.01690798299999985,
        "dispatch_time": 0.05377076499999989
    },
    "t_user_14": {
        "redirect_time": 0.013668192000000357,
        "pkce_time": 3.918299999972e-05,
        "get_access_token_time": 0.012535219000000097,
        "decode_id_token_time": 0.00021784700000004875,
        "complete_login_time": 0.014760120000000043,
        "dispatch_time": 0.05186066200000017
    },
    "t_user_15": {
        "redirect_time": 0.014593373999999937,
        "pkce_time": 4.152800000012e-05,
        "get_access_token_time": 0.021173182000000068,
        "decode_id_token_time": 0.00018568700000010097,
        "complete_login_time": 0.015650892000000027,
        "dispatch_time": 0.06240892699999989
    },
    "t_user_16": {
        "redirect_time": 0.018398319000000107,
        "pkce_time": 5.904999999995e-05,
        "get_access_token_time": 0.01233224299999991,
        "decode_id_token_time": 0.00019435300000036904,
        "complete_login_time": 0.013591573999999884,
        "dispatch_time": 0.05543966999999972
    },
    "t_user_17": {
        "redirect_time": 0.015753813999999977,
        "pkce_time": 6.423999999994e-05,
        "get_access_token_time": 0.012263307000000001,
        "decode_id_token_time": 0.00020577499999996363,
        "complete_login_time": 0.01818579499999995,
        "dispatch_time": 0.05611401399999982
    },
    "t_user_18": {
        "redirect_time": 0.015324444999999631,
        "pkce_time": 4.183800000002e-05,
        "get_access_token_time": 0.013368586999999987,
        "decode_id_token_time": 0.0002908939999999305,
        "complete_login_time": 0.015443245000000161,
        "dispatch_time": 0.05332027100000003
    },
    "t_user_19": {
        "redirect_time": 0.015472562999999884,
        "pkce_time": 5.658599999991e-05,
        "get_access_token_time": 0.012379050999999919,
        "decode_id_token_time": 0.0002342769999996719,
        "complete_login_time": 0.013889586000000342,
        "dispatch_time": 0.05143116900000022
    },
    "t_user_20": {
        "redirect_time": 0.016719783999999738,
        "pkce_time": 4.460300000009e-05,
        "get_access_token_time": 0.012419857999999895,
        "decode_id_token_time": 0.0002209529999999127,
        "complete_login_time": 0.015229005999999767,
        "dispatch_time": 0.05403927399999997
    },
    "t_user_21": {
        "redirect_time": 0.016309831000000052,
        "pkce_time": 4.929300000001e-05,
        "get_access_token_time": 0.012297508000000068,
        "decode_id_token_time": 0.0002560279999999082,
        "complete_login_time": 0.01781735799999984,
        "dispatch_time": 0.05452035000000022
    },
    "t_user_22": {
        "redirect_time": 0.016717269000000368,
        "pkce_time": 8.522999999983e-05,
        "get_access_token_time": 0.012740360999999645,
        "decode_id_token_time": 0.00024361499999958625,
        "complete_login_time": 0.014738680999999865,
        "dispatch_time": 0.054568361999999926
    },
    "t_user_23": {
        "redirect_time": 0.014443079999999942,
        "pkce_time": 5.199699999991e-05,
        "get_access_token_time": 0.01456846299999981,
        "decode_id_token_time": 0.00023678300000007368,
        "complete_login_time": 0.015345262999999498,
        "dispatch_time": 0.05465546299999957
    },
    "t_user_24": {
        "redirect_time": 0.014895419000000132,
        "pkce_time": 6.968099999982e-05,
        "get_access_token_time": 0.01221991100000075,
        "decode_id_token_time": 0.0002433049999996939,
        "complete_login_time": 0.016476306000000385,
        "dispatch_time": 0.05392638700000063
    },
    "t_user_25": {
        "redirect_time": 0.014665186000000219,
        "pkce_time": 4.108700000005e-05,
        "get_access_token_time": 0.012616936999999773,
        "decode_id_token_time": 0.00029102499999922316,
        "complete_login_time": 0.013723482000000509,