{
    "t_user_1": {
        "redirect_time": 0.01439757900000005,
        "pkce_time": 4.289999999996e-05,
        "get_access_token_time": 0.014136465999999959,
        "decode_id_token_time": 0.0008856159999999225,
        "complete_login_time": 0.017139019999999894,
        "dispatch_time": 0.06374131100000002
    },
    "t_user_2": {
        "redirect_time": 0.013438211000000089,
        "pkce_time": 3.883199999999e-05,
        "get_access_token_time": 0.012550658999999964,
        "decode_id_token_time": 0.00020308899999998964,
        "complete_login_time": 0.013344389999999984,
        "dispatch_time": 0.05858237699999991
    },
    "t_user_3": {
        "redirect_time": 0.01424080899999991,
        "pkce_time": 6.7967e-05,
        "get_access_token_time": 0.014030550999999947,
        "decode_id_token_time": 0.00023402800000005275,
        "complete_login_time": 0.016939142000000018,
        "dispatch_time": 0.05763432599999996
    },
    "t_user_4": {
        "redirect_time": 0.018152797000000054,
        "pkce_time": 7.9579e-05,
        "get_access_token_time": 0.018463793000000006,
        "decode_id_token_time": 0.00020995200000006875,
        "complete_login_time": 0.014211949000000113,
        "dispatch_time": 0.05691307699999992
    },
    "t_user_5": {
        "redirect_time": 0.017720040000000048,
        "pkce_time": 6.973199999993e-05,
        "get_access_token_time": 0.013454908000000154,
        "decode_id_token_time": 0.0002994499999999789,
        "complete_login_time": 0.017824000999999923,
        "dispatch_time": 0.05807096699999992
    },
    "t_user_6": {
        "redirect_time": 0.015376043000000061,
        "pkce_time": 5.374000000002e-05,
        "get_access_token_time": 0.01194294600000001,
        "decode_id_token_time": 0.00018611800000001288,
        "complete_login_time": 0.014044812999999934,
        "dispatch_time": 0.052276714
    },
    "t_user_7": {
        "redirect_time": 0.015190035000000046,
        "pkce_time": 4.27300000001e-05,
        "get_access_token_time": 0.013487848000000024,
        "decode_id_token_time": 0.000225150999999979,
        "complete_login_time": 0.01423604200000006,
        "dispatch_time": 0.05149782199999997
    },
    "t_user_8": {
        "redirect_time": 0.01516718100000003,
        "pkce_time": 4.533399999995e-05,
        "get_access_token_time": 0.012534886999999939,
        "decode_id_token_time": 0.0002939299999999978,
        "complete_login_time": 0.020660713999999913,
        "dispatch_time": 0.06190412500000009
    },
    "t_user_9": {
        "redirect_time": 0.014667019999999864,
        "pkce_time": 4.402300000006e-05,
        "get_access_token_time": 0.013693611999999966,
        "decode_id_token_time": 0.00024831500000011,
        "complete_login_time": 0.013814243999999976,
        "dispatch_time": 0.054523858000000036
    },
    "t_user_10": {
        "redirect_time": 0.016616855000000097,
        "pkce_time": 4.776900000003e-05,
        "get_access_token_time": 0.012322075000000154,
        "decode_id_token_time": 0.00024256300000002895,
        "complete_login_time": 0.013984948000000053,
        "dispatch_time": 0.05110167700000012
    },
    "t_user_11": {
        "redirect_time": 0.015023094000000015,
        "pkce_time": 5.042499999997e-05,
        "get_access_token_time": 0.01652855200000003,
        "decode_id_token_time": 0.00019896200000024677,
        "complete_login_time": 0.013829014999999778,
        "dispatch_time": 0.056529966000000265
    },
    "t_user_12": {
        "redirect_time": 0.016006423999999964,
        "pkce_time": 5.659499999999e-05,
        "get_access_token_time": 0.01325389300000035,
        "decode_id_token_time": 0.000229209000000008,
        "complete_login_time": 0.013880499999999962,
        "dispatch_time": 0.05358848699999985
    },
    "t_user_13": {
        "redirect_time": 0.013858910999999807,
        "pkce_time": 4.013599999997e-05,
        "get_access_token_time": 0.01399236600000009,
        "decode_id_token_time": 0.0002250209999998809,
        "complete_login_time": 0.014611970000000252,
        "dispatch_time": 0.05525837900000008
    },
    "t_user_14": {
        "redirect_time": 0.015221857000000227,
        "pkce_time": 4.467300000011e-05,
        "get_access_token_time": 0.011910771999999792,
        "decode_id_token_time": 0.00023332599999958958,
        "complete_login_time": 0.014190979999999964,
        "dispatch_time": 0.05385939199999967
    },
    "t_user_15": {
        "redirect_time": 0.017788504999999954,
        "pkce_time": 5.30590000003e-05,
        "get_access_token_time": 0.01348833599999999,
        "decode_id_token_time": 0.0002686820000001866,
        "complete_login_time": 0.014369679999999718,
        "dispatch_time": 0.05435078399999993
    },
    "t_user_16": {
        "redirect_time": 0.016303190999999995,
        "pkce_time": 5.540300000018e-05,
        "get_access_token_time": 0.013553894999999816,
        "decode_id_token_time": 0.00024289399999988248,
        "complete_login_time": 0.014020578000000228,
        "dispatch_time": 0.05787885800000003
    },
    "t_user_17": {
        "redirect_time": 0.014014700000000158,
        "pkce_time": 5.127599999977e-05,
        "get_access_token_time": 0.013968589000000087,
        "decode_id_token_time": 0.0002419719999999792,
        "complete_login_time": 0.014931620000000034,
        "dispatch_time": 0.05727473399999994
    },
    "t_user_18": {
        "redirect_time": 0.015639210000000237,
        "pkce_time": 4.318100000011e-05,
        "get_access_token_time": 0.012576653999999632,
        "decode_id_token_time": 0.00023237399999986863,
        "complete_login_time": 0.02125145900000014,
        "dispatch_time": 0.0609930529999998
    },
    "t_user_19": {
        "redirect_time": 0.015149521999999749,
        "pkce_time": 4.381100000028e-05,
        "get_access_token_time": 0.016272719999999907,
        "decode_id_token_time": 0.00026901300000004014,
        "complete_login_time": 0.01546174800000033,
        "dispatch_time": 0.05912736099999982
    },
    "t_user_20": {
        "redirect_time": 0.014525906000000255,
        "pkce_time": 4.325100000013e-05,
        "get_access_token_time": 0.012846328000000184,
        "decode_id_token_time": 0.00021554199999984647,
        "complete_login_time": 0.014221969999999917,
        "dispatch_time": 0.05279897999999994
    },
    "t_user_21": {
        "redirect_time": 0.0212661289999998,
        "pkce_time": 5.74870000003e-05,
        "get_access_token_time": 0.011790412999999944,
        "decode_id_token_time": 0.00024940600000000757,
        "complete_login_time": 0.014665057999999398,
        "dispatch_time": 0.05293268299999987
    },
    "t_user_22": {
        "redirect_time": 0.01615280100000005,
        "pkce_time": 5.513399999968e-05,
        "get_access_token_time": 0.014912030999999715,
        "decode_id_token_time": 0.0002113550000002462,
        "complete_login_time": 0.021498259000000353,
        "dispatch_time": 0.06152058199999999
    },
    "t_user_23": {
        "redirect_time": 0.014713737999999754,
        "pkce_time": 4.203800000013e-05,
        "get_access_token_time": 0.013575194999999596,
        "decode_id_token_time": 0.00027855100000007127,
        "complete_login_time": 0.016329470000000512,
        "dispatch_time": 0.05709898899999999
    },
    "t_user_24": {
        "redirect_time": 0.02035876300000039,
        "pkce_time": 6.122399999997e-05,
        "get_access_token_time": 0.012273643999999528,
        "decode_id_token_time": 0.00025593900000053793,
        "complete_login_time": 0.01633400500000004,
        "dispatch_time": 0.05478944499999994
    },
    "t_user_25": {
        "redirect_time": 0.015196686999999987,
        "pkce_time": 3.429300000013e-05,
        "get_access_token_time": 0.016025739000000705,
        "decode_id_token_time": 0.00023252500000037202,
        "complete_login_time": 0.014080443000000109,