{
    "t_user_1": {
        "redirect_time": 0.014953587999999907,
        "pkce_time": 4.603599999997e-05,
        "get_access_token_time": 0.016394771999999946,
        "decode_id_token_time": 0.00025146000000009217,
        "complete_login_time": 0.01409708700000012,
        "dispatch_time": 0.056478554999999986
    },
    "t_user_2": {
        "redirect_time": 0.014927448999999982,
        "pkce_time": 5.118600000009e-05,
        "get_access_token_time": 0.012543446000000014,
        "decode_id_token_time": 0.0007559329999999864,
        "complete_login_time": 0.018072497999999992,
        "dispatch_time": 0.062264451
    },
    "t_user_3": {
        "redirect_time": 0.015301726999999987,
        "pkce_time": 5.255900000001e-05,
        "get_access_token_time": 0.012922137999999972,
        "decode_id_token_time": 0.00025463599999997477,
        "complete_login_time": 0.014180215999999968,
        "dispatch_time": 0.05350293500000003
    },
    "t_user_4": {
        "redirect_time": 0.01472707300000009,
        "pkce_time": 4.542500000004e-05,
        "get_access_token_time": 0.01531443999999993,
        "decode_id_token_time": 0.0002626409999999524,
        "complete_login_time": 0.017589271999999934,
        "dispatch_time": 0.059992535000000013
    },
    "t_user_5": {
        "redirect_time": 0.015632595000000027,
        "pkce_time": 7.827599999999e-05,
        "get_access_token_time": 0.01307438400000005,
        "decode_id_token_time": 0.00023507900000008242,
        "complete_login_time": 0.014398541999999903,
        "dispatch_time": 0.05805777199999995
    },
    "t_user_6": {
        "redirect_time": 0.01482070499999999,
        "pkce_time": 4.662799999999e-05,
        "get_access_token_time": 0.013700596999999926,
        "decode_id_token_time": 0.00019640700000000955,
        "complete_login_time": 0.013264823999999953,
        "dispatch_time": 0.059424992999999926
    },
    "t_user_7": {
        "redirect_time": 0.014144283000000035,
        "pkce_time": 5.334999999995e-05,
        "get_access_token_time": 0.014139646000000061,
        "decode_id_token_time": 0.00023582200000005216,
        "complete_login_time": 0.013594254999999889,
        "dispatch_time": 0.05124752799999999
    },
    "t_user_8": {
        "redirect_time": 0.01454167900000014,
        "pkce_time": 4.166799999994e-05,
        "get_access_token_time": 0.011652122999999959,
        "decode_id_token_time": 0.00019015500000008068,
        "complete_login_time": 0.014282179000000061,
        "dispatch_time": 0.04852299900000001
    },
    "t_user_9": {
        "redirect_time": 0.01459759500000013,
        "pkce_time": 6.260700000005e-05,
        "get_access_token_time": 0.012456840000000025,
        "decode_id_token_time": 0.00020020399999998162,
        "complete_login_time": 0.013292718999999842,
        "dispatch_time": 0.054447906000000046
    },
    "t_user_10": {
        "redirect_time": 0.01615921000000009,
        "pkce_time": 4.583599999997e-05,
        "get_access_token_time": 0.012011062000000017,
        "decode_id_token_time": 0.0004308550000002853,
        "complete_login_time": 0.014339442999999896,
        "dispatch_time": 0.056800840999999824
    },
    "t_user_11": {
        "redirect_time": 0.015218135000000022,
        "pkce_time": 5.222800000015e-05,
        "get_access_token_time": 0.01207866099999988,
        "decode_id_token_time": 0.0002694629999999698,
        "complete_login_time": 0.014986263000000388,
        "dispatch_time": 0.05349838000000018
    },
    "t_user_12": {
        "redirect_time": 0.013072158000000167,
        "pkce_time": 6.414999999982e-05,
        "get_access_token_time": 0.015917137000000192,
        "decode_id_token_time": 0.00025248200000005383,
        "complete_login_time": 0.014377720999999788,
        "dispatch_time": 0.054504721000000256
    },
    "t_user_13": {
        "redirect_time": 0.01581780899999985,
        "pkce_time": 4.792000000009e-05,
        "get_access_token_time": 0.012557301999999826,
        "decode_id_token_time": 0.00022712499999988367,
        "complete_login_time": 0.016319526999999834,
        "dispatch_time": 0.057708567000000155
    },
    "t_user_15": {
        "redirect_time": 0.014116190999999834,
        "pkce_time": 4.14270000002e-05,
        "get_access_token_time": 0.012380637999999777,
        "decode_id_token_time": 0.0002724189999998572,
        "complete_login_time": 0.014671263000000323,
        "dispatch_time": 0.06257888900000008
    },
    "t_user_14": {
        "redirect_time": 0.01666208700000027,
        "pkce_time": 3.762000000007e-05,
        "get_access_token_time": 0.013401293999999897,
        "decode_id_token_time": 0.00027999400000000563,
        "complete_login_time": 0.016885906000000173,
        "dispatch_time": 0.056920094999999726
    },
    "t_user_16": {
        "redirect_time": 0.016547856999999944,
        "pkce_time": 5.191699999996e-05,
        "get_access_token_time": 0.013350124000000019,
        "decode_id_token_time": 0.00025968599999970365,
        "complete_login_time": 0.01878409999999997,
        "dispatch_time": 0.058710306000000045
    },
    "t_user_17": {
        "redirect_time": 0.016225962999999677,
        "pkce_time": 4.667699999983e-05,
        "get_access_token_time": 0.019111247999999748,
        "decode_id_token_time": 0.0002768170000000403,
        "complete_login_time": 0.016693787999999987,
        "dispatch_time": 0.06406870100000006
    },
    "t_user_18": {
        "redirect_time": 0.01613553099999976,
        "pkce_time": 5.500299999994e-05,
        "get_access_token_time": 0.013414854000000087,
        "decode_id_token_time": 0.00021332900000015087,
        "complete_login_time": 0.02065204399999976,
        "dispatch_time": 0.0593069909999997
    },
    "t_user_19": {
        "redirect_time": 0.014754453000000112,
        "pkce_time": 5.207799999996e-05,
        "get_access_token_time": 0.012682006999999995,
        "decode_id_token_time": 0.00023795499999978986,
        "complete_login_time": 0.026491301000000078,
        "dispatch_time": 0.06606119599999971
    },
    "t_user_20": {
        "redirect_time": 0.014835655999999808,
        "pkce_time": 4.354200000023e-05,
        "get_access_token_time": 0.011961159999999804,
        "decode_id_token_time": 0.0004036349999996247,
        "complete_login_time": 0.013347111999999939,
        "dispatch_time": 0.053811092000000116
    },
    "t_user_21": {
        "redirect_time": 0.014653940000000087,
        "pkce_time": 6.042300000031e-05,
        "get_access_token_time": 0.011970425999999978,
        "decode_id_token_time": 0.00022296700000001834,
        "complete_login_time": 0.013208853999999715,
        "dispatch_time": 0.05288431800000026
    },
    "t_user_22": {
        "redirect_time": 0.016527614000000135,
        "pkce_time": 5.751799999976e-05,
        "get_access_token_time": 0.013262732000000277,
        "decode_id_token_time": 0.000219050999999304,
        "complete_login_time": 0.012965717000000154,
        "dispatch_time": 0.05240621999999995
    },
    "t_user_23": {
        "redirect_time": 0.016573145999999817,
        "pkce_time": 5.258900000005e-05,
        "get_access_token_time": 0.01280639600000022,
        "decode_id_token_time": 0.00022613299999996173,
        "complete_login_time": 0.013798936999999789,
        "dispatch_time": 0.05288303199999955
    },
    "t_user_24": {
        "redirect_time": 0.013856123000000053,
        "pkce_time": 4.348200000015e-05,
        "get_access_token_time": 0.012875168999999964,
        "decode_id_token_time": 0.00027793000000020385,
        "complete_login_time": 0.015952300000000363,
        "dispatch_time": 0.05489884799999967
    },
    "t_user_25": {
        "redirect_time": 0.016044316000000336,
        "pkce_time": 4.887100000017e-05,
        "get_access_token_time": 0.01341459899999986,
        "decode_id_token_time": 0.0002851230000002758,
        "complete_login_time": 0.015087219999999846,