{
    "t_user_1": {
        "redirect_time": 0.01582349900000002,
        "pkce_time": 4.816000000007e-05,
        "get_access_token_time": 0.015317212999999996,
        "decode_id_token_time": 0.0010014230000000568,
        "complete_login_time": 0.016339657000000063,
        "dispatch_time": 0.057421473
    },
    "t_user_2": {
        "redirect_time": 0.013797480000000029,
        "pkce_time": 5.539300000001e-05,
        "get_access_token_time": 0.011870899999999907,
        "decode_id_token_time": 0.00019519500000009238,
        "complete_login_time": 0.01406634200000001,
        "dispatch_time": 0.049689708000000055
    },
    "t_user_3": {
        "redirect_time": 0.013554079999999913,
        "pkce_time": 3.941299999999e-05,
        "get_access_token_time": 0.01993195400000003,
        "decode_id_token_time": 0.00030951899999998034,
        "complete_login_time": 0.015552193999999853,
        "dispatch_time": 0.062024104999999885
    },
    "t_user_4": {
        "redirect_time": 0.014335559000000053,
        "pkce_time": 4.497400000003e-05,
        "get_access_token_time": 0.013185868999999961,
        "decode_id_token_time": 0.0002851130000000035,
        "complete_login_time": 0.015001375000000094,
        "dispatch_time": 0.055641011000000073
    },
    "t_user_5": {
        "redirect_time": 0.01428901199999999,
        "pkce_time": 4.178799999999e-05,
        "get_access_token_time": 0.011693340000000108,
        "decode_id_token_time": 0.000177150999999931,
        "complete_login_time": 0.016776883999999992,
        "dispatch_time": 0.05132437500000009
    },
    "t_user_6": {
        "redirect_time": 0.015500053000000014,
        "pkce_time": 5.528300000002e-05,
        "get_access_token_time": 0.019617854000000046,
        "decode_id_token_time": 0.0002337369999998451,
        "complete_login_time": 0.013746806999999972,
        "dispatch_time": 0.059305168000000075
    },
    "t_user_7": {
        "redirect_time": 0.014209152999999919,
        "pkce_time": 5.117600000004e-05,
        "get_access_token_time": 0.011309521999999905,
        "decode_id_token_time": 0.0002350700000000039,
        "complete_login_time": 0.017458434999999994,
        "dispatch_time": 0.05271261199999988
    },
    "t_user_8": {
        "redirect_time": 0.015438202999999984,
        "pkce_time": 5.053499999996e-05,
        "get_access_token_time": 0.01423206499999985,
        "decode_id_token_time": 0.0002462910000000651,
        "complete_login_time": 0.016972065000000036,
        "dispatch_time": 0.05968245900000002
    },
    "t_user_9": {
        "redirect_time": 0.015299335999999997,
        "pkce_time": 5.351099999995e-05,
        "get_access_token_time": 0.01326858299999989,
        "decode_id_token_time": 0.0002271450000002062,
        "complete_login_time": 0.013545061999999941,
        "dispatch_time": 0.05171990999999965
    },
    "t_user_10": {
        "redirect_time": 0.014374537000000132,
        "pkce_time": 4.323100000003e-05,
        "get_access_token_time": 0.012457699000000044,
        "decode_id_token_time": 0.00024137099999999023,
        "complete_login_time": 0.013569936000000116,
        "dispatch_time": 0.057347948999999954
    },
    "t_user_11": {
        "redirect_time": 0.014503259000000046,
        "pkce_time": 4.461300000003e-05,
        "get_access_token_time": 0.014492023999999937,
        "decode_id_token_time": 0.0002608579999998639,
        "complete_login_time": 0.015044950000000057,
        "dispatch_time": 0.06024208299999989
    },
    "t_user_12": {
        "redirect_time": 0.014636780000000016,
        "pkce_time": 4.076599999991e-05,
        "get_access_token_time": 0.013654697999999854,
        "decode_id_token_time": 0.00027727899999963057,
        "complete_login_time": 0.019702135999999815,
        "dispatch_time": 0.06014244299999971
    },
    "t_user_14": {
        "redirect_time": 0.015992389000000218,
        "pkce_time": 5.006400000007e-05,
        "get_access_token_time": 0.011913677999999983,
        "decode_id_token_time": 0.00023171399999988296,
        "complete_login_time": 0.01432336600000017,
        "dispatch_time": 0.05063574900000001
    },
    "t_user_13": {
        "redirect_time": 0.015160204999999927,
        "pkce_time": 5.116499999991e-05,
        "get_access_token_time": 0.012949490999999647,
        "decode_id_token_time": 0.000269303000000054,
        "complete_login_time": 0.014707143000000311,
        "dispatch_time": 0.0561604
    },
    "t_user_15": {
        "redirect_time": 0.01541674000000004,
        "pkce_time": 4.633600000004e-05,
        "get_access_token_time": 0.01213078699999981,
        "decode_id_token_time": 0.00020158699999983654,
        "complete_login_time": 0.01610121000000042,
        "dispatch_time": 0.054128491999999806
    },
    "t_user_16": {
        "redirect_time": 0.016061430000000154,
        "pkce_time": 5.0404e-05,
        "get_access_token_time": 0.012498074999999886,
        "decode_id_token_time": 0.00026445499999994126,
        "complete_login_time": 0.013723403999999828,
        "dispatch_time": 0.05494655900000023
    },
    "t_user_17": {
        "redirect_time": 0.014800210999999841,
        "pkce_time": 5.489200000008e-05,
        "get_access_token_time": 0.015730551000000315,
        "decode_id_token_time": 0.00025721099999964636,
        "complete_login_time": 0.014741452999999627,
        "dispatch_time": 0.05711944000000013
    },
    "t_user_18": {
        "redirect_time": 0.01638559800000028,
        "pkce_time": 5.513300000004e-05,
        "get_access_token_time": 0.011819915999999875,
        "decode_id_token_time": 0.00022297699999995757,
        "complete_login_time": 0.013267128999999933,
        "dispatch_time": 0.05849212899999978
    },
    "t_user_19": {
        "redirect_time": 0.016531524000000353,
        "pkce_time": 6.615300000012e-05,
        "get_access_token_time": 0.01232395800000008,
        "decode_id_token_time": 0.00023739400000000188,
        "complete_login_time": 0.013626297000000065,
        "dispatch_time": 0.051986904999999695
    },
    "t_user_20": {
        "redirect_time": 0.014773246999999934,
        "pkce_time": 6.262600000007e-05,
        "get_access_token_time": 0.01476386300000021,
        "decode_id_token_time": 0.00020573400000012398,
        "complete_login_time": 0.014056726999999825,
        "dispatch_time": 0.053048100000000264
    },
    "t_user_21": {
        "redirect_time": 0.01510067500000023,
        "pkce_time": 6.292799999974e-05,
        "get_access_token_time": 0.012907162999999944,
        "decode_id_token_time": 0.00024764300000024164,
        "complete_login_time": 0.01648559500000024,
        "dispatch_time": 0.053087458000000254
    },
    "t_user_22": {
        "redirect_time": 0.014801942000000068,
        "pkce_time": 4.644699999989e-05,
        "get_access_token_time": 0.012268048999999337,
        "decode_id_token_time": 0.00027162800000013476,
        "complete_login_time": 0.01393258399999997,
        "dispatch_time": 0.05573161999999998
    },
    "t_user_23": {
        "redirect_time": 0.014051639000000282,
        "pkce_time": 4.184799999996e-05,
        "get_access_token_time": 0.012303977000000188,
        "decode_id_token_time": 0.0002285669999997353,
        "complete_login_time": 0.013895055999999961,
        "dispatch_time": 0.05528156599999967
    },
    "t_user_24": {
        "redirect_time": 0.0171642649999999,
        "pkce_time": 0.00027276899999995,
        "get_access_token_time": 0.012459833000000309,
        "decode_id_token_time": 0.00022639300000015794,
        "complete_login_time": 0.022543016999999388,
        "dispatch_time": 0.05921384300000021
    },
    "t_user_25": {
        "redirect_time": 0.016211438000000022,
        "pkce_time": 3.928400000008e-05,
        "get_access_token_time": 0.011750624000000265,
        "decode_id_token_time": 0.0002515800000004731,
        "complete_login_time": 0.014308886999999437,