{
    "t_user_1": {
        "redirect_time": 0.013969670000000045,
        "pkce_time": 4.5725e-05,
        "get_access_token_time": 0.011937026000000017,
        "decode_id_token_time": 0.0002158140000001474,
        "complete_login_time": 0.013043002999999942,
        "dispatch_time": 0.048720125
    },
    "t_user_2": {
        "redirect_time": 0.015114988999999968,
        "pkce_time": 8.938700000005e-05,
        "get_access_token_time": 0.013262813999999956,
        "decode_id_token_time": 0.0006336040000000098,
        "complete_login_time": 0.015050585999999977,
        "dispatch_time": 0.05536649800000004
    },
    "t_user_3": {
        "redirect_time": 0.013812110999999905,
        "pkce_time": 5.558399999994e-05,
        "get_access_token_time": 0.013472886000000073,
        "decode_id_token_time": 0.00019191800000006864,
        "complete_login_time": 0.01976057099999995,
        "dispatch_time": 0.05638502700000003
    },
    "t_user_4": {
        "redirect_time": 0.014595236999999983,
        "pkce_time": 5.679600000008e-05,
        "get_access_token_time": 0.012207202000000028,
        "decode_id_token_time": 0.0002217650000000404,
        "complete_login_time": 0.014449213999999988,
        "dispatch_time": 0.05066860499999992
    },
    "t_user_5": {
        "redirect_time": 0.016749500000000084,
        "pkce_time": 5.1947e-05,
        "get_access_token_time": 0.011674488999999788,
        "decode_id_token_time": 0.00022489999999986132,
        "complete_login_time": 0.013722250999999908,
        "dispatch_time": 0.048809587999999904
    },
    "t_user_6": {
        "redirect_time": 0.014092820999999978,
        "pkce_time": 4.1438e-05,
        "get_access_token_time": 0.011844513000000001,
        "decode_id_token_time": 0.00022826599999992148,
        "complete_login_time": 0.013464831999999927,
        "dispatch_time": 0.06009942199999996
    },
    "t_user_7": {
        "redirect_time": 0.016958371000000083,
        "pkce_time": 5.361100000001e-05,
        "get_access_token_time": 0.011551437000000053,
        "decode_id_token_time": 0.0002208529999998543,
        "complete_login_time": 0.014595396000000038,
        "dispatch_time": 0.050198166999999794
    },
    "t_user_8": {
        "redirect_time": 0.01569407300000014,
        "pkce_time": 5.5103e-05,
        "get_access_token_time": 0.011986542999999905,
        "decode_id_token_time": 0.00023620100000010247,
        "complete_login_time": 0.013299989999999928,
        "dispatch_time": 0.05009293400000003
    },
    "t_user_9": {
        "redirect_time": 0.015541406000000091,
        "pkce_time": 5.320999999991e-05,
        "get_access_token_time": 0.011984691999999963,
        "decode_id_token_time": 0.00022321800000013603,
        "complete_login_time": 0.013113624000000046,
        "dispatch_time": 0.052399298999999955
    },
    "t_user_10": {
        "redirect_time": 0.014713281000000134,
        "pkce_time": 5.129500000001e-05,
        "get_access_token_time": 0.01229063099999994,
        "decode_id_token_time": 0.00025877300000010095,
        "complete_login_time": 0.013550583999999866,
        "dispatch_time": 0.049748591999999814
    },
    "t_user_11": {
        "redirect_time": 0.013872005999999937,
        "pkce_time": 4.430200000005e-05,
        "get_access_token_time": 0.01302950600000008,
        "decode_id_token_time": 0.0005050029999997818,
        "complete_login_time": 0.024360827999999835,
        "dispatch_time": 0.06214372999999984
    },
    "t_user_12": {
        "redirect_time": 0.014347082000000011,
        "pkce_time": 8.4749e-05,
        "get_access_token_time": 0.011612090999999936,
        "decode_id_token_time": 0.00018767099999994485,
        "complete_login_time": 0.01283520100000013,
        "dispatch_time": 0.048907107999999866
    },
    "t_user_14": {
        "redirect_time": 0.018804684999999655,
        "pkce_time": 4.648700000009e-05,
        "get_access_token_time": 0.012299836999999592,
        "decode_id_token_time": 0.00024709300000003154,
        "complete_login_time": 0.01879344000000005,
        "dispatch_time": 0.05464546799999992
    },
    "t_user_13": {
        "redirect_time": 0.0137079120000001,
        "pkce_time": 4.282e-05,
        "get_access_token_time": 0.012259275999999986,
        "decode_id_token_time": 0.00020606499999997752,
        "complete_login_time": 0.013712530000000278,
        "dispatch_time": 0.04959561899999976
    },
    "t_user_15": {
        "redirect_time": 0.013936581000000281,
        "pkce_time": 4.733899999998e-05,
        "get_access_token_time": 0.012982717999999949,
        "decode_id_token_time": 0.00032009900000007363,
        "complete_login_time": 0.01699199500000015,
        "dispatch_time": 0.060455499000000135
    },
    "t_user_16": {
        "redirect_time": 0.015251635000000263,
        "pkce_time": 4.537500000001e-05,
        "get_access_token_time": 0.013603515999999871,
        "decode_id_token_time": 0.00023401699999991976,
        "complete_login_time": 0.014294861999999853,
        "dispatch_time": 0.056068928000000184
    },
    "t_user_17": {
        "redirect_time": 0.015676829000000225,
        "pkce_time": 5.315900000014e-05,
        "get_access_token_time": 0.011481212000000074,
        "decode_id_token_time": 0.00023901699999973047,
        "complete_login_time": 0.01553034399999964,
        "dispatch_time": 0.05752784500000008
    },
    "t_user_18": {
        "redirect_time": 0.014801544999999638,
        "pkce_time": 4.432300000001e-05,
        "get_access_token_time": 0.015378743999999944,
        "decode_id_token_time": 0.00024306400000018158,
        "complete_login_time": 0.013694781000000322,
        "dispatch_time": 0.0533669050000003
    },
    "t_user_19": {
        "redirect_time": 0.014629417000000089,
        "pkce_time": 4.306999999981e-05,
        "get_access_token_time": 0.011654239000000288,
        "decode_id_token_time": 0.00023827500000006552,
        "complete_login_time": 0.01385516099999995,
        "dispatch_time": 0.054616696999999714
    },
    "t_user_20": {
        "redirect_time": 0.022105234000000085,
        "pkce_time": 4.313999999983e-05,
        "get_access_token_time": 0.01206574199999988,
        "decode_id_token_time": 0.00019191900000015139,
        "complete_login_time": 0.013177782000000082,
        "dispatch_time": 0.051843890000000226
    },
    "t_user_21": {
        "redirect_time": 0.016723729999999826,
        "pkce_time": 4.698700000016e-05,
        "get_access_token_time": 0.015251337000000031,
        "decode_id_token_time": 0.00024959699999982377,
        "complete_login_time": 0.015165861999999919,
        "dispatch_time": 0.05327334100000014
    },
    "t_user_22": {
        "redirect_time": 0.014042862999999794,
        "pkce_time": 4.115699999963e-05,
        "get_access_token_time": 0.011135557999999879,
        "decode_id_token_time": 0.0002102029999999644,
        "complete_login_time": 0.013656860999999854,
        "dispatch_time": 0.05361697400000054
    },
    "t_user_23": {
        "redirect_time": 0.01618651800000004,
        "pkce_time": 4.382199999986e-05,
        "get_access_token_time": 0.04678560099999984,
        "decode_id_token_time": 0.00023812599999928352,
        "complete_login_time": 0.016297671000000236,
        "dispatch_time": 0.08910692900000061
    },
    "t_user_24": {
        "redirect_time": 0.014137110999999702,
        "pkce_time": 5.312000000002e-05,
        "get_access_token_time": 0.012962173000000021,
        "decode_id_token_time": 0.00021747600000043832,
        "complete_login_time": 0.013697856000000286,
        "dispatch_time": 0.052188154999999625
    },
    "t_user_25": {
        "redirect_time": 0.015239521999999894,
        "pkce_time": 4.548400000015e-05,
        "get_access_token_time": 0.016801559000000132,
        "decode_id_token_time": 0.0002340979999999604,
        "complete_login_time": 0.014405155999999586,
        "dispatch_time": 0.05556184399999964
    },