{
    "t_user_1": {
        "redirect_time": 0.014574658000000018,
        "pkce_time": 4.900200000002e-05,
        "get_access_token_time": 0.01552790599999998,
        "decode_id_token_time": 0.0008628130000000178,
        "complete_login_time": 0.014987714999999957,
        "dispatch_time": 0.056208649
    },
    "t_user_2": {
        "redirect_time": 0.01702577999999999,
        "pkce_time": 5.5845e-05,
        "get_access_token_time": 0.011652082000000008,
        "decode_id_token_time": 0.00020108599999990595,
        "complete_login_time": 0.014037475000000077,
        "dispatch_time": 0.050689863
    },
    "t_user_3": {
        "redirect_time": 0.013832179,
        "pkce_time": 4.499399999991e-05,
        "get_access_token_time": 0.012365508999999997,
        "decode_id_token_time": 0.00025035799999995056,
        "complete_login_time": 0.014050546999999858,
        "dispatch_time": 0.05515804099999988
    },
    "t_user_4": {
        "redirect_time": 0.014782842000000018,
        "pkce_time": 4.710799999996e-05,
        "get_access_token_time": 0.016722835000000158,
        "decode_id_token_time": 0.0002339469999999011,
        "complete_login_time": 0.013255561000000027,
        "dispatch_time": 0.05429086500000002
    },
    "t_user_5": {
        "redirect_time": 0.015074136000000071,
        "pkce_time": 4.673700000002e-05,
        "get_access_token_time": 0.012530885000000103,
        "decode_id_token_time": 0.00022866799999987641,
        "complete_login_time": 0.013942214000000064,
        "dispatch_time": 0.056107613
    },
    "t_user_6": {
        "redirect_time": 0.016357389000000055,
        "pkce_time": 4.551500000005e-05,
        "get_access_token_time": 0.011687688000000085,
        "decode_id_token_time": 0.00022314799999989532,
        "complete_login_time": 0.01355742400000004,
        "dispatch_time": 0.050005029000000034
    },
    "t_user_7": {
        "redirect_time": 0.014456114999999992,
        "pkce_time": 4.5305e-05,
        "get_access_token_time": 0.011613804000000005,
        "decode_id_token_time": 0.00020916199999998497,
        "complete_login_time": 0.012715816000000046,
        "dispatch_time": 0.0477447929999999
    },
    "t_user_8": {
        "redirect_time": 0.015015447000000126,
        "pkce_time": 4.557499999991e-05,
        "get_access_token_time": 0.012692775999999961,
        "decode_id_token_time": 0.00023775499999989513,
        "complete_login_time": 0.014272668000000044,
        "dispatch_time": 0.05624616100000002
    },
    "t_user_9": {
        "redirect_time": 0.014960779000000146,
        "pkce_time": 4.370199999992e-05,
        "get_access_token_time": 0.01568874099999995,
        "decode_id_token_time": 0.00028901900000000147,
        "complete_login_time": 0.015660373999999866,
        "dispatch_time": 0.056269429999999954
    },
    "t_user_10": {
        "redirect_time": 0.014717619000000015,
        "pkce_time": 4.963300000016e-05,
        "get_access_token_time": 0.012374419000000358,
        "decode_id_token_time": 0.0002476730000000593,
        "complete_login_time": 0.019073455000000017,
        "dispatch_time": 0.05905650499999959
    },
    "t_user_11": {
        "redirect_time": 0.014446291000000056,
        "pkce_time": 4.808900000008e-05,
        "get_access_token_time": 0.013026919000000081,
        "decode_id_token_time": 0.00026686900000028047,
        "complete_login_time": 0.014481391999999982,
        "dispatch_time": 0.05719826500000025
    },
    "t_user_12": {
        "redirect_time": 0.014002846999999985,
        "pkce_time": 4.610700000018e-05,
        "get_access_token_time": 0.014828320999999978,
        "decode_id_token_time": 0.0002203920000001247,
        "complete_login_time": 0.014271708999999966,
        "dispatch_time": 0.054406723000000046
    },
    "t_user_14": {
        "redirect_time": 0.01560831000000018,
        "pkce_time": 4.420199999977e-05,
        "get_access_token_time": 0.016092571999999805,
        "decode_id_token_time": 0.00021314899999991255,
        "complete_login_time": 0.01375055199999986,
        "dispatch_time": 0.056106191999999666
    },
    "t_user_13": {
        "redirect_time": 0.014000315999999735,
        "pkce_time": 4.45929999997e-05,
        "get_access_token_time": 0.013056245000000022,
        "decode_id_token_time": 0.00022480999999974216,
        "complete_login_time": 0.014761373000000244,
        "dispatch_time": 0.0526713270000001
    },
    "t_user_15": {
        "redirect_time": 0.014075623999999731,
        "pkce_time": 5.324000000018e-05,
        "get_access_token_time": 0.015053835999999876,
        "decode_id_token_time": 0.00027197899999986674,
        "complete_login_time": 0.014367255000000245,
        "dispatch_time": 0.052437717000000106
    },
    "t_user_16": {
        "redirect_time": 0.017122791999999887,
        "pkce_time": 4.344199999995e-05,
        "get_access_token_time": 0.012412722999999737,
        "decode_id_token_time": 0.0002804840000001363,
        "complete_login_time": 0.014106877000000129,
        "dispatch_time": 0.051386971999999975
    },
    "t_user_17": {
        "redirect_time": 0.014618034999999807,
        "pkce_time": 4.103699999991e-05,
        "get_access_token_time": 0.014459830999999923,
        "decode_id_token_time": 0.00031225400000023384,
        "complete_login_time": 0.02285290299999998,
        "dispatch_time": 0.06603609200000005
    },
    "t_user_18": {
        "redirect_time": 0.014058549000000031,
        "pkce_time": 5.509300000028e-05,
        "get_access_token_time": 0.01273033800000034,
        "decode_id_token_time": 0.0002947810000000217,
        "complete_login_time": 0.016485011000000327,
        "dispatch_time": 0.05679317500000014
    },
    "t_user_19": {
        "redirect_time": 0.015577278999999944,
        "pkce_time": 5.982299999996e-05,
        "get_access_token_time": 0.013364553999999806,
        "decode_id_token_time": 0.00020634600000013492,
        "complete_login_time": 0.013932925999999846,
        "dispatch_time": 0.06011678999999992
    },
    "t_user_20": {
        "redirect_time": 0.014806035999999967,
        "pkce_time": 4.556499999975e-05,
        "get_access_token_time": 0.01268946400000015,
        "decode_id_token_time": 0.0001940430000000326,
        "complete_login_time": 0.014338949999999961,
        "dispatch_time": 0.05096283300000026
    },
    "t_user_21": {
        "redirect_time": 0.014817068000000155,
        "pkce_time": 4.277099999994e-05,
        "get_access_token_time": 0.01224618700000013,
        "decode_id_token_time": 0.00026511499999992694,
        "complete_login_time": 0.01438641900000004,
        "dispatch_time": 0.060082012000000073
    },
    "t_user_22": {
        "redirect_time": 0.014063050000000299,
        "pkce_time": 4.497499999978e-05,
        "get_access_token_time": 0.012994257000000786,
        "decode_id_token_time": 0.0001917889999996092,
        "complete_login_time": 0.017000889000000186,
        "dispatch_time": 0.055684593000000504
    },
    "t_user_23": {
        "redirect_time": 0.015171597000000148,
        "pkce_time": 6.437899999989e-05,
        "get_access_token_time": 0.01241491700000008,
        "decode_id_token_time": 0.00022877700000023538,
        "complete_login_time": 0.016656959000000526,
        "dispatch_time": 0.05283989499999997
    },
    "t_user_24": {
        "redirect_time": 0.015345136999999731,
        "pkce_time": 4.222899999995e-05,
        "get_access_token_time": 0.012045180000000322,
        "decode_id_token_time": 0.0002228170000000418,
        "complete_login_time": 0.013899290999999536,
        "dispatch_time": 0.055069643999999585
    },
    "t_user_25": {
        "redirect_time": 0.017116173000000234,
        "pkce_time": 7.035099999975e-05,
        "get_access_token_time": 0.013950509999999916,
        "decode_id_token_time": 0.00020675699999994634,
        "complete_login_time": 0.01769537300000046,