{
    "t_user_1": {
        "redirect_time": 0.013367792000000045,
        "pkce_time": 3.780100000006e-05,
        "get_access_token_time": 0.01406598800000003,
        "decode_id_token_time": 0.0002302709999999486,
        "complete_login_time": 0.015738745000000054,
        "dispatch_time": 0.059069358000000016
    },
    "t_user_2": {
        "redirect_time": 0.013698871000000001,
        "pkce_time": 6.065300000002e-05,
        "get_access_token_time": 0.013660377000000112,
        "decode_id_token_time": 0.00022876800000015685,
        "complete_login_time": 0.013977907999999983,
        "dispatch_time": 0.051271580999999955
    },
    "t_user_3": {
        "redirect_time": 0.013697492000000033,
        "pkce_time": 5.803900000001e-05,
        "get_access_token_time": 0.017662637000000148,
        "decode_id_token_time": 0.00020490300000020056,
        "complete_login_time": 0.013434795,
        "dispatch_time": 0.054745000000000044
    },
    "t_user_4": {
        "redirect_time": 0.01570192800000003,
        "pkce_time": 4.278000000002e-05,
        "get_access_token_time": 0.01600872200000003,
        "decode_id_token_time": 0.0012020660000000571,
        "complete_login_time": 0.018727064000000015,
        "dispatch_time": 0.06375468699999998
    },
    "t_user_5": {
        "redirect_time": 0.01359478599999997,
        "pkce_time": 3.927299999995e-05,
        "get_access_token_time": 0.011837045999999907,
        "decode_id_token_time": 0.000204362000000069,
        "complete_login_time": 0.01412176899999995,
        "dispatch_time": 0.055006437000000075
    },
    "t_user_6": {
        "redirect_time": 0.016404823999999985,
        "pkce_time": 6.906900000003e-05,
        "get_access_token_time": 0.011863517999999962,
        "decode_id_token_time": 0.00022695500000002866,
        "complete_login_time": 0.013807405999999967,
        "dispatch_time": 0.05109861199999988
    },
    "t_user_7": {
        "redirect_time": 0.01732713500000005,
        "pkce_time": 5.798899999998e-05,
        "get_access_token_time": 0.012270256999999951,
        "decode_id_token_time": 0.00022618300000010194,
        "complete_login_time": 0.015014842999999889,
        "dispatch_time": 0.053920894
    },
    "t_user_8": {
        "redirect_time": 0.01615337799999983,
        "pkce_time": 5.724699999998e-05,
        "get_access_token_time": 0.014147997000000023,
        "decode_id_token_time": 0.0002442369999999805,
        "complete_login_time": 0.014741479000000002,
        "dispatch_time": 0.059453749
    },
    "t_user_9": {
        "redirect_time": 0.01573959200000008,
        "pkce_time": 6.897899999991e-05,
        "get_access_token_time": 0.014844018999999875,
        "decode_id_token_time": 0.00023483799999990396,
        "complete_login_time": 0.014529056000000207,
        "dispatch_time": 0.0550186690000003
    },
    "t_user_10": {
        "redirect_time": 0.01491574700000009,
        "pkce_time": 4.93720000001e-05,
        "get_access_token_time": 0.012431383000000018,
        "decode_id_token_time": 0.0002347989999997857,
        "complete_login_time": 0.014685991999999981,
        "dispatch_time": 0.05140487199999999
    },
    "t_user_11": {
        "redirect_time": 0.014740015999999967,
        "pkce_time": 4.926199999988e-05,
        "get_access_token_time": 0.01208743099999987,
        "decode_id_token_time": 0.0001841940000000264,
        "complete_login_time": 0.013052758999999803,
        "dispatch_time": 0.04798987099999996
    },
    "t_user_12": {
        "redirect_time": 0.014017783999999978,
        "pkce_time": 5.173699999994e-05,
        "get_access_token_time": 0.016196884999999828,
        "decode_id_token_time": 0.00023451900000015513,
        "complete_login_time": 0.01565841300000015,
        "dispatch_time": 0.0575643509999999
    },
    "t_user_13": {
        "redirect_time": 0.01814115900000024,
        "pkce_time": 5.018400000001e-05,
        "get_access_token_time": 0.01339896900000026,
        "decode_id_token_time": 0.00024692299999973244,
        "complete_login_time": 0.015403232999999794,
        "dispatch_time": 0.05853363999999983
    },
    "t_user_14": {
        "redirect_time": 0.018131711000000106,
        "pkce_time": 4.587600000017e-05,
        "get_access_token_time": 0.012422731999999659,
        "decode_id_token_time": 0.0002635120000000768,
        "complete_login_time": 0.015148559000000006,
        "dispatch_time": 0.05404236299999976
    },
    "t_user_15": {
        "redirect_time": 0.01534508999999984,
        "pkce_time": 5.348899999991e-05,
        "get_access_token_time": 0.012450070999999951,
        "decode_id_token_time": 0.0002083700000001798,
        "complete_login_time": 0.014600823999999957,
        "dispatch_time": 0.054514370000000145
    },
    "t_user_16": {
        "redirect_time": 0.014410449000000103,
        "pkce_time": 4.511499999982e-05,
        "get_access_token_time": 0.012152865999999651,
        "decode_id_token_time": 0.0001954159999999483,
        "complete_login_time": 0.01305715499999982,
        "dispatch_time": 0.052810355999999725
    },
    "t_user_17": {
        "redirect_time": 0.014903123999999934,
        "pkce_time": 3.637899999998e-05,
        "get_access_token_time": 0.016347634999999805,
        "decode_id_token_time": 0.00021363000000018673,
        "complete_login_time": 0.014626310000000142,
        "dispatch_time": 0.060853100000000104
    },
    "t_user_19": {
        "redirect_time": 0.013809655999999837,
        "pkce_time": 4.006499999987e-05,
        "get_access_token_time": 0.012266570999999615,
        "decode_id_token_time": 0.00019838100000013625,
        "complete_login_time": 0.017421614999999946,
        "dispatch_time": 0.05490813500000025
    },
    "t_user_18": {
        "redirect_time": 0.0137956560000001,
        "pkce_time": 5.186600000018e-05,
        "get_access_token_time": 0.014127575000000281,
        "decode_id_token_time": 0.0001986110000000707,
        "complete_login_time": 0.014421449999999947,
        "dispatch_time": 0.053868995999999836
    },
    "t_user_20": {
        "redirect_time": 0.015720747000000035,
        "pkce_time": 4.91509999998e-05,
        "get_access_token_time": 0.012054978000000105,
        "decode_id_token_time": 0.000205343000000191,
        "complete_login_time": 0.016291012000000382,
        "dispatch_time": 0.0524151129999999
    },
    "t_user_21": {
        "redirect_time": 0.014145909000000234,
        "pkce_time": 4.0555e-05,
        "get_access_token_time": 0.01187708200000026,
        "decode_id_token_time": 0.00017487599999999048,
        "complete_login_time": 0.012738578,
        "dispatch_time": 0.048293639000000166
    },
    "t_user_22": {
        "redirect_time": 0.017454313,
        "pkce_time": 7.081300000022e-05,
        "get_access_token_time": 0.013260951000000354,
        "decode_id_token_time": 0.0002126169999998595,
        "complete_login_time": 0.015202586000000018,
        "dispatch_time": 0.05387875799999975
    },
    "t_user_23": {
        "redirect_time": 0.014469188000000077,
        "pkce_time": 4.165799999978e-05,
        "get_access_token_time": 0.012144986000000024,
        "decode_id_token_time": 0.00022175400000001844,
        "complete_login_time": 0.013388669000000242,
        "dispatch_time": 0.05410619899999958
    },
    "t_user_24": {
        "redirect_time": 0.014410961999999916,
        "pkce_time": 4.468400000013e-05,
        "get_access_token_time": 0.011661729000000065,
        "decode_id_token_time": 0.00020295900000011358,
        "complete_login_time": 0.013557780000000186,
        "dispatch_time": 0.04988206799999961
    },
    "t_user_25": {
        "redirect_time": 0.014402099000000224,
        "pkce_time": 4.258000000013e-05,
        "get_access_token_time": 0.012394503000000334,
        "decode_id_token_time": 0.00020358999999992022,
        "complete_login_time": 0.017107484000000284,
        "dispatch_time": 0.05441816899999985
    },