{
    "t_user_1": {
        "redirect_time": 0.016158516999999928,
        "pkce_time": 4.016499999993e-05,
        "get_access_token_time": 0.012277706999999971,
        "decode_id_token_time": 0.00027541499999994556,
        "complete_login_time": 0.014018233000000047,
        "dispatch_time": 0.05591856299999998
    },
    "t_user_2": {
        "redirect_time": 0.013841376999999988,
        "pkce_time": 4.875199999999e-05,
        "get_access_token_time": 0.012237996999999945,
        "decode_id_token_time": 0.00022621299999991962,
        "complete_login_time": 0.014351149000000007,
        "dispatch_time": 0.05187814299999993
    },
    "t_user_3": {
        "redirect_time": 0.014761356000000059,
        "pkce_time": 5.824899999995e-05,
        "get_access_token_time": 0.016631303999999902,
        "decode_id_token_time": 0.0007747879999999707,
        "complete_login_time": 0.015609293000000024,
        "dispatch_time": 0.057509071999999994
    },
    "t_user_4": {
        "redirect_time": 0.014010144000000002,
        "pkce_time": 4.599699999996e-05,
        "get_access_token_time": 0.012454441000000038,
        "decode_id_token_time": 0.0002538030000001079,
        "complete_login_time": 0.027716839999999854,
        "dispatch_time": 0.06802659799999988
    },
    "t_user_5": {
        "redirect_time": 0.015905072999999992,
        "pkce_time": 5.932199999992e-05,
        "get_access_token_time": 0.01223806999999999,
        "decode_id_token_time": 0.00025864300000000284,
        "complete_login_time": 0.01539933799999993,
        "dispatch_time": 0.053994776999999994
    },
    "t_user_6": {
        "redirect_time": 0.014331963000000059,
        "pkce_time": 4.505499999996e-05,
        "get_access_token_time": 0.013181952999999913,
        "decode_id_token_time": 0.0002530320000000419,
        "complete_login_time": 0.01619105700000012,
        "dispatch_time": 0.055110097000000025
    },
    "t_user_7": {
        "redirect_time": 0.014689583000000006,
        "pkce_time": 4.661699999997e-05,
        "get_access_token_time": 0.012313616999999999,
        "decode_id_token_time": 0.00022794599999986787,
        "complete_login_time": 0.013965919999999965,
        "dispatch_time": 0.05126971400000002
    },
    "t_user_8": {
        "redirect_time": 0.015021541000000083,
        "pkce_time": 5.730800000014e-05,
        "get_access_token_time": 0.012057584999999982,
        "decode_id_token_time": 0.00021534200000017378,
        "complete_login_time": 0.013635117000000196,
        "dispatch_time": 0.04984626600000008
    },
    "t_user_9": {
        "redirect_time": 0.015724905000000122,
        "pkce_time": 4.8241e-05,
        "get_access_token_time": 0.012650578000000134,
        "decode_id_token_time": 0.00024858399999994063,
        "complete_login_time": 0.013798417999999923,
        "dispatch_time": 0.05120097700000015
    },
    "t_user_10": {
        "redirect_time": 0.016013985999999925,
        "pkce_time": 7.347800000002e-05,
        "get_access_token_time": 0.01493519600000015,
        "decode_id_token_time": 0.00021592399999992296,
        "complete_login_time": 0.014506771000000196,
        "dispatch_time": 0.053469985
    },
    "t_user_11": {
        "redirect_time": 0.015742107999999977,
        "pkce_time": 4.528500000012e-05,
        "get_access_token_time": 0.012247989999999653,
        "decode_id_token_time": 0.00021775699999970755,
        "complete_login_time": 0.013748082000000217,
        "dispatch_time": 0.05068616299999995
    },
    "t_user_12": {
        "redirect_time": 0.01799825899999985,
        "pkce_time": 5.668600000019e-05,
        "get_access_token_time": 0.017628538999999943,
        "decode_id_token_time": 0.0002773199999999143,
        "complete_login_time": 0.01486732600000007,
        "dispatch_time": 0.06104293900000002
    },
    "t_user_14": {
        "redirect_time": 0.014952435000000097,
        "pkce_time": 4.512499999976e-05,
        "get_access_token_time": 0.013391893000000099,
        "decode_id_token_time": 0.0002527830000000897,
        "complete_login_time": 0.014395769000000058,
        "dispatch_time": 0.052503984999999975
    },
    "t_user_13": {
        "redirect_time": 0.014221690999999925,
        "pkce_time": 4.014399999974e-05,
        "get_access_token_time": 0.012137217999999894,
        "decode_id_token_time": 0.0002525620000000117,
        "complete_login_time": 0.013818601999999736,
        "dispatch_time": 0.04961014900000027
    },
    "t_user_15": {
        "redirect_time": 0.015369878999999642,
        "pkce_time": 4.267900000032e-05,
        "get_access_token_time": 0.01278627599999993,
        "decode_id_token_time": 0.00030530100000003557,
        "complete_login_time": 0.020986229000000023,
        "dispatch_time": 0.058184086999999884
    },
    "t_user_16": {
        "redirect_time": 0.01433507299999981,
        "pkce_time": 4.540499999983e-05,
        "get_access_token_time": 0.014325068999999857,
        "decode_id_token_time": 0.00024509700000008294,
        "complete_login_time": 0.01883291699999967,
        "dispatch_time": 0.06171164100000004
    },
    "t_user_18": {
        "redirect_time": 0.017728793000000298,
        "pkce_time": 4.783000000019e-05,
        "get_access_token_time": 0.013207415000000111,
        "decode_id_token_time": 0.00021595399999974063,
        "complete_login_time": 0.013736922000000096,
        "dispatch_time": 0.05682950500000006
    },
    "t_user_17": {
        "redirect_time": 0.015511465000000335,
        "pkce_time": 4.108700000005e-05,
        "get_access_token_time": 0.01174466200000035,
        "decode_id_token_time": 0.0002249100000000226,
        "complete_login_time": 0.012714361000000007,
        "dispatch_time": 0.048638416000000184
    },
    "t_user_19": {
        "redirect_time": 0.015019575000000174,
        "pkce_time": 5.103600000034e-05,
        "get_access_token_time": 0.011930379999999907,
        "decode_id_token_time": 0.00023076999999993575,
        "complete_login_time": 0.017349782999999785,
        "dispatch_time": 0.052669282000000095
    },
    "t_user_20": {
        "redirect_time": 0.0169076020000003,
        "pkce_time": 5.283899999986e-05,
        "get_access_token_time": 0.012863584999999844,
        "decode_id_token_time": 0.00019967400000009405,
        "complete_login_time": 0.020646421999999998,
        "dispatch_time": 0.05680092999999964
    },
    "t_user_21": {
        "redirect_time": 0.01653400100000013,
        "pkce_time": 5.388099999992e-05,
        "get_access_token_time": 0.012060314000000183,
        "decode_id_token_time": 0.00020192800000007338,
        "complete_login_time": 0.01682278799999981,
        "dispatch_time": 0.05279784199999993
    },
    "t_user_22": {
        "redirect_time": 0.018721613000000303,
        "pkce_time": 4.223899999989e-05,
        "get_access_token_time": 0.011898198999999998,
        "decode_id_token_time": 0.00023106200000011512,
        "complete_login_time": 0.01637832000000028,
        "dispatch_time": 0.052832265000000156
    },
    "t_user_23": {
        "redirect_time": 0.015538169000000046,
        "pkce_time": 5.491300000005e-05,
        "get_access_token_time": 0.012344023999999898,
        "decode_id_token_time": 0.00021513200000011778,
        "complete_login_time": 0.014052638999999978,
        "dispatch_time": 0.051538826000000704
    },
    "t_user_24": {
        "redirect_time": 0.015420995000000381,
        "pkce_time": 4.696700000029e-05,
        "get_access_token_time": 0.012560183999999808,
        "decode_id_token_time": 0.00022086199999993283,
        "complete_login_time": 0.017225954999999793,
        "dispatch_time": 0.05423477400000021
    },
    "t_user_25": {
        "redirect_time": 0.016049086000000212,
        "pkce_time": 6.022300000019e-05,
        "get_access_token_time": 0.01217899400000011,
        "decode_id_token_time": 0.00029086399999922463,
        "complete_login_time": 0.01541845500000072,