{
    "t_user_1": {
        "redirect_time": 0.016218889999999986,
        "pkce_time": 4.362099999999e-05,
        "get_access_token_time": 0.012090390000000006,
        "decode_id_token_time": 0.00020920199999996392,
        "complete_login_time": 0.014628509999999983,
        "dispatch_time": 0.052702362
    },
    "t_user_2": {
        "redirect_time": 0.014365542000000064,
        "pkce_time": 4.764899999998e-05,
        "get_access_token_time": 0.012588270999999929,
        "decode_id_token_time": 0.00028356999999989974,
        "complete_login_time": 0.01446248700000008,
        "dispatch_time": 0.05335721700000007
    },
    "t_user_3": {
        "redirect_time": 0.014017579999999974,
        "pkce_time": 5.555400000001e-05,
        "get_access_token_time": 0.01623307399999996,
        "decode_id_token_time": 0.0007135240000000209,
        "complete_login_time": 0.014860125000000002,
        "dispatch_time": 0.05723628199999997
    },
    "t_user_4": {
        "redirect_time": 0.016310873000000004,
        "pkce_time": 5.795799999997e-05,
        "get_access_token_time": 0.01232354499999988,
        "decode_id_token_time": 0.00025024700000009226,
        "complete_login_time": 0.014577862000000108,
        "dispatch_time": 0.058798944999999936
    },
    "t_user_5": {
        "redirect_time": 0.018202817000000038,
        "pkce_time": 5.078599999997e-05,
        "get_access_token_time": 0.013573725000000092,
        "decode_id_token_time": 0.00024145200000003086,
        "complete_login_time": 0.01454671800000007,
        "dispatch_time": 0.053949625
    },
    "t_user_6": {
        "redirect_time": 0.014418608000000055,
        "pkce_time": 5.8369e-05,
        "get_access_token_time": 0.016546538000000055,
        "decode_id_token_time": 0.00022491999999996182,
        "complete_login_time": 0.014263355999999838,
        "dispatch_time": 0.05430516200000013
    },
    "t_user_7": {
        "redirect_time": 0.016037791000000023,
        "pkce_time": 6.195500000006e-05,
        "get_access_token_time": 0.014026729999999876,
        "decode_id_token_time": 0.00025351500000003746,
        "complete_login_time": 0.01530176300000008,
        "dispatch_time": 0.05602126500000004
    },
    "t_user_8": {
        "redirect_time": 0.01485266899999993,
        "pkce_time": 5.676599999993e-05,
        "get_access_token_time": 0.014812851999999932,
        "decode_id_token_time": 0.00018181999999988818,
        "complete_login_time": 0.01306627700000007,
        "dispatch_time": 0.050987722000000124
    },
    "t_user_9": {
        "redirect_time": 0.015059560999999944,
        "pkce_time": 4.422200000009e-05,
        "get_access_token_time": 0.012027608999999773,
        "decode_id_token_time": 0.00022263699999980346,
        "complete_login_time": 0.01425889800000002,
        "dispatch_time": 0.050211318999999976
    },
    "t_user_10": {
        "redirect_time": 0.013868997999999966,
        "pkce_time": 4.118700000011e-05,
        "get_access_token_time": 0.012051274000000056,
        "decode_id_token_time": 0.00021908999999986634,
        "complete_login_time": 0.013377505999999872,
        "dispatch_time": 0.04948122299999991
    },
    "t_user_11": {
        "redirect_time": 0.014890217000000039,
        "pkce_time": 6.661500000016e-05,
        "get_access_token_time": 0.013724462999999965,
        "decode_id_token_time": 0.00019358200000008097,
        "complete_login_time": 0.013687188999999655,
        "dispatch_time": 0.052891680999999746
    },
    "t_user_12": {
        "redirect_time": 0.014667390999999919,
        "pkce_time": 3.838099999998e-05,
        "get_access_token_time": 0.015746848000000035,
        "decode_id_token_time": 0.00020830000000016113,
        "complete_login_time": 0.01391338299999978,
        "dispatch_time": 0.053740952000000064
    },
    "t_user_13": {
        "redirect_time": 0.018504747999999793,
        "pkce_time": 4.020500000013e-05,
        "get_access_token_time": 0.018983439000000324,
        "decode_id_token_time": 0.00024411600000018296,
        "complete_login_time": 0.014663473000000149,
        "dispatch_time": 0.058563497000000186
    },
    "t_user_14": {
        "redirect_time": 0.014764605999999958,
        "pkce_time": 5.955099999966e-05,
        "get_access_token_time": 0.012243117000000137,
        "decode_id_token_time": 0.00022708499999968268,
        "complete_login_time": 0.013623298999999811,
        "dispatch_time": 0.05112744600000019
    },
    "t_user_15": {
        "redirect_time": 0.015653702999999908,
        "pkce_time": 7.144299999995e-05,
        "get_access_token_time": 0.015398573000000138,
        "decode_id_token_time": 0.00021462999999988241,
        "complete_login_time": 0.013786552000000007,
        "dispatch_time": 0.053369331999999936
    },
    "t_user_16": {
        "redirect_time": 0.015187705999999856,
        "pkce_time": 5.972099999996e-05,
        "get_access_token_time": 0.012446332999999754,
        "decode_id_token_time": 0.0002188700000003152,
        "complete_login_time": 0.01331476099999973,
        "dispatch_time": 0.05541648300000013
    },
    "t_user_17": {
        "redirect_time": 0.014740714999999849,
        "pkce_time": 4.680900000009e-05,
        "get_access_token_time": 0.014940305999999737,
        "decode_id_token_time": 0.00022605300000000383,
        "complete_login_time": 0.01347567999999999,
        "dispatch_time": 0.05197397200000031
    },
    "t_user_18": {
        "redirect_time": 0.014983315999999913,
        "pkce_time": 4.936300000002e-05,
        "get_access_token_time": 0.013035943000000216,
        "decode_id_token_time": 0.00023508999999988234,
        "complete_login_time": 0.015274638999999812,
        "dispatch_time": 0.05519556000000003
    },
    "t_user_19": {
        "redirect_time": 0.01456443300000032,
        "pkce_time": 4.995400000007e-05,
        "get_access_token_time": 0.013008896000000103,
        "decode_id_token_time": 0.00022408800000039975,
        "complete_login_time": 0.014294658999999932,
        "dispatch_time": 0.056635921000000256
    },
    "t_user_20": {
        "redirect_time": 0.015083728000000018,
        "pkce_time": 4.565600000017e-05,
        "get_access_token_time": 0.011915919000000219,
        "decode_id_token_time": 0.00022908800000021046,
        "complete_login_time": 0.013875490000000212,
        "dispatch_time": 0.05502599900000016
    },
    "t_user_21": {
        "redirect_time": 0.015020627000000175,
        "pkce_time": 4.722800000012e-05,
        "get_access_token_time": 0.012858486999999919,
        "decode_id_token_time": 0.00024602000000006896,
        "complete_login_time": 0.01407181799999968,
        "dispatch_time": 0.054441633999999794
    },
    "t_user_22": {
        "redirect_time": 0.01511402499999992,
        "pkce_time": 5.98420000002e-05,
        "get_access_token_time": 0.012776069000000057,
        "decode_id_token_time": 0.00019803100000004292,
        "complete_login_time": 0.013975107000000264,
        "dispatch_time": 0.051276863000000006
    },
    "t_user_23": {
        "redirect_time": 0.015596603000000098,
        "pkce_time": 4.220900000007e-05,
        "get_access_token_time": 0.044073102000000475,
        "decode_id_token_time": 0.00023507000000044798,
        "complete_login_time": 0.014290632999999886,
        "dispatch_time": 0.08250727999999974
    },
    "t_user_24": {
        "redirect_time": 0.01596075500000005,
        "pkce_time": 4.188799999971e-05,
        "get_access_token_time": 0.012691037000000627,
        "decode_id_token_time": 0.00021261799999994224,
        "complete_login_time": 0.012882094000000066,
        "dispatch_time": 0.05331906400000008
    },
    "t_user_25": {
        "redirect_time": 0.014543167000000246,
        "pkce_time": 4.409300000008e-05,
        "get_access_token_time": 0.011434558000000372,
        "decode_id_token_time": 0.00020332000000067296,
        "complete_login_time": 0.012681762000000596,