{
    "t_user_1": {
        "redirect_time": 0.014721560999999994,
        "pkce_time": 4.485399999998e-05,
        "get_access_token_time": 0.012677939000000027,
        "decode_id_token_time": 0.0002284470000000205,
        "complete_login_time": 0.01436434200000003,
        "dispatch_time": 0.051734615999999956
    },
    "t_user_2": {
        "redirect_time": 0.014276991000000017,
        "pkce_time": 4.854099999996e-05,
        "get_access_token_time": 0.013068534999999937,
        "decode_id_token_time": 0.0008574319999999913,
        "complete_login_time": 0.01974754599999995,
        "dispatch_time": 0.05956713300000005
    },
    "t_user_3": {
        "redirect_time": 0.015048214999999976,
        "pkce_time": 5.781699999996e-05,
        "get_access_token_time": 0.012699632999999988,
        "decode_id_token_time": 0.00021293799999999585,
        "complete_login_time": 0.014913069000000001,
        "dispatch_time": 0.05228032699999996
    },
    "t_user_4": {
        "redirect_time": 0.013754846999999959,
        "pkce_time": 5.646500000001e-05,
        "get_access_token_time": 0.014246548999999997,
        "decode_id_token_time": 0.000258703999999943,
        "complete_login_time": 0.016118480999999907,
        "dispatch_time": 0.06055615800000003
    },
    "t_user_5": {
        "redirect_time": 0.014719221999999976,
        "pkce_time": 5.445299999995e-05,
        "get_access_token_time": 0.012129347000000124,
        "decode_id_token_time": 0.00022259500000010313,
        "complete_login_time": 0.014536461000000056,
        "dispatch_time": 0.05586878500000014
    },
    "t_user_6": {
        "redirect_time": 0.01563510899999998,
        "pkce_time": 4.731800000002e-05,
        "get_access_token_time": 0.012394749000000038,
        "decode_id_token_time": 0.00022772500000001195,
        "complete_login_time": 0.013416050000000013,
        "dispatch_time": 0.055265670000000044
    },
    "t_user_7": {
        "redirect_time": 0.014312627999999883,
        "pkce_time": 4.158799999998e-05,
        "get_access_token_time": 0.01522881400000009,
        "decode_id_token_time": 0.00021688600000002722,
        "complete_login_time": 0.013366946000000102,
        "dispatch_time": 0.05286972400000001
    },
    "t_user_8": {
        "redirect_time": 0.015478490000000011,
        "pkce_time": 5.690599999997e-05,
        "get_access_token_time": 0.01734935999999987,
        "decode_id_token_time": 0.0002282369999999645,
        "complete_login_time": 0.01416541299999996,
        "dispatch_time": 0.05718381799999994
    },
    "t_user_9": {
        "redirect_time": 0.014423282000000093,
        "pkce_time": 4.744899999998e-05,
        "get_access_token_time": 0.011806900999999925,
        "decode_id_token_time": 0.0002607370000000664,
        "complete_login_time": 0.014691095999999959,
        "dispatch_time": 0.057658286999999975
    },
    "t_user_10": {
        "redirect_time": 0.014619184000000063,
        "pkce_time": 4.473299999996e-05,
        "get_access_token_time": 0.013008999999999826,
        "decode_id_token_time": 0.00027657800000024935,
        "complete_login_time": 0.017369560000000117,
        "dispatch_time": 0.05810633299999979
    },
    "t_user_11": {
        "redirect_time": 0.023029425000000048,
        "pkce_time": 0.00025194100000014,
        "get_access_token_time": 0.011912926999999573,
        "decode_id_token_time": 0.0002492649999998875,
        "complete_login_time": 0.01849160499999991,
        "dispatch_time": 0.05519669599999988
    },
    "t_user_12": {
        "redirect_time": 0.015337230999999951,
        "pkce_time": 4.634700000006e-05,
        "get_access_token_time": 0.014729113000000016,
        "decode_id_token_time": 0.00021195600000023518,
        "complete_login_time": 0.014023193999999961,
        "dispatch_time": 0.05266745400000028
    },
    "t_user_14": {
        "redirect_time": 0.01531198800000011,
        "pkce_time": 4.85600000002e-05,
        "get_access_token_time": 0.013048836999999924,
        "decode_id_token_time": 0.00023741200000015894,
        "complete_login_time": 0.013682917000000128,
        "dispatch_time": 0.05226669900000003
    },
    "t_user_13": {
        "redirect_time": 0.015706540000000047,
        "pkce_time": 4.35409999997e-05,
        "get_access_token_time": 0.012653721000000395,
        "decode_id_token_time": 0.00023875699999997835,
        "complete_login_time": 0.015414548999999944,
        "dispatch_time": 0.06484105500000004
    },
    "t_user_15": {
        "redirect_time": 0.01604371399999982,
        "pkce_time": 7.241499999999e-05,
        "get_access_token_time": 0.011877134999999761,
        "decode_id_token_time": 0.00022377900000014606,
        "complete_login_time": 0.01820501299999977,
        "dispatch_time": 0.05330641699999994
    },
    "t_user_16": {
        "redirect_time": 0.015577819999999853,
        "pkce_time": 4.239999999989e-05,
        "get_access_token_time": 0.011595502999999674,
        "decode_id_token_time": 0.0002015769999998973,
        "complete_login_time": 0.019452935999999976,
        "dispatch_time": 0.05660313299999986
    },
    "t_user_17": {
        "redirect_time": 0.015143027000000142,
        "pkce_time": 4.735899999986e-05,
        "get_access_token_time": 0.012802157000000314,
        "decode_id_token_time": 0.0002527930000000289,
        "complete_login_time": 0.014720830000000351,
        "dispatch_time": 0.05505563899999988
    },
    "t_user_18": {
        "redirect_time": 0.015258055999999964,
        "pkce_time": 4.496399999976e-05,
        "get_access_token_time": 0.013856866999999884,
        "decode_id_token_time": 0.00021951100000006107,
        "complete_login_time": 0.014487123999999962,
        "dispatch_time": 0.05463469599999993
    },
    "t_user_19": {
        "redirect_time": 0.014625671000000118,
        "pkce_time": 5.845900000034e-05,
        "get_access_token_time": 0.01207994300000026,
        "decode_id_token_time": 0.0002429440000000227,
        "complete_login_time": 0.013690329000000112,
        "dispatch_time": 0.05721658900000026
    },
    "t_user_20": {
        "redirect_time": 0.014538635000000077,
        "pkce_time": 4.356199999966e-05,
        "get_access_token_time": 0.012198794000000124,
        "decode_id_token_time": 0.00025258200000033426,
        "complete_login_time": 0.018558461000000026,
        "dispatch_time": 0.05642438200000033
    },
    "t_user_21": {
        "redirect_time": 0.015717911999999945,
        "pkce_time": 8.690300000014e-05,
        "get_access_token_time": 0.012060690999999846,
        "decode_id_token_time": 0.0002739320000002543,
        "complete_login_time": 0.014651675999999725,
        "dispatch_time": 0.05666472700000025
    },
    "t_user_22": {
        "redirect_time": 0.015082694999999813,
        "pkce_time": 4.68269999998e-05,
        "get_access_token_time": 0.012793955000000246,
        "decode_id_token_time": 0.00022735399999973538,
        "complete_login_time": 0.01362338800000007,
        "dispatch_time": 0.05157378999999995
    },
    "t_user_23": {
        "redirect_time": 0.018486285999999907,
        "pkce_time": 7.547099999972e-05,
        "get_access_token_time": 0.016047932999999404,
        "decode_id_token_time": 0.0002760759999995699,
        "complete_login_time": 0.01571875800000022,
        "dispatch_time": 0.057423749999999885
    },
    "t_user_24": {
        "redirect_time": 0.014979057999999768,
        "pkce_time": 5.4993e-05,
        "get_access_token_time": 0.013831221000000227,
        "decode_id_token_time": 0.0002808450000006957,
        "complete_login_time": 0.01557006999999988,
        "dispatch_time": 0.05560437699999987
    },
    "t_user_25": {
        "redirect_time": 0.015588526000000158,
        "pkce_time": 4.676799999981e-05,
        "get_access_token_time": 0.011992361999999979,
        "decode_id_token_time": 0.00023577999999968569,
        "complete_login_time": 0.013856440000000525,