{
    "t_user_1": {
        "redirect_time": 0.013990822000000014,
        "pkce_time": 4.141800000002e-05,
        "get_access_token_time": 0.012537355000000083,
        "decode_id_token_time": 0.0008482560000000472,
        "complete_login_time": 0.016062153999999995,
        "dispatch_time": 0.05736349099999993
    },
    "t_user_2": {
        "redirect_time": 0.013839932,
        "pkce_time": 4.6137e-05,
        "get_access_token_time": 0.01869450599999989,
        "decode_id_token_time": 0.0002457099999999546,
        "complete_login_time": 0.014259770000000005,
        "dispatch_time": 0.05806832300000009
    },
    "t_user_3": {
        "redirect_time": 0.01417044200000006,
        "pkce_time": 4.404199999997e-05,
        "get_access_token_time": 0.012908529000000057,
        "decode_id_token_time": 0.00021930000000003336,
        "complete_login_time": 0.014522296000000101,
        "dispatch_time": 0.05119333299999995
    },
    "t_user_4": {
        "redirect_time": 0.015087654000000006,
        "pkce_time": 4.975299999999e-05,
        "get_access_token_time": 0.012023298999999987,
        "decode_id_token_time": 0.0002243500000000953,
        "complete_login_time": 0.013389643000000007,
        "dispatch_time": 0.05437828800000011
    },
    "t_user_5": {
        "redirect_time": 0.014781523000000019,
        "pkce_time": 5.8369e-05,
        "get_access_token_time": 0.01242238200000001,
        "decode_id_token_time": 0.00022148499999996574,
        "complete_login_time": 0.014515325000000079,
        "dispatch_time": 0.052710222000000195
    },
    "t_user_6": {
        "redirect_time": 0.01575528100000001,
        "pkce_time": 6.373999999998e-05,
        "get_access_token_time": 0.01280488600000007,
        "decode_id_token_time": 0.00028656499999990537,
        "complete_login_time": 0.015288763000000039,
        "dispatch_time": 0.05326028799999993
    },
    "t_user_7": {
        "redirect_time": 0.015376054999999944,
        "pkce_time": 4.711899999998e-05,
        "get_access_token_time": 0.01190259199999999,
        "decode_id_token_time": 0.00030824499999981825,
        "complete_login_time": 0.01462355400000015,
        "dispatch_time": 0.05073949199999994
    },
    "t_user_9": {
        "redirect_time": 0.01810872200000002,
        "pkce_time": 4.340099999989e-05,
        "get_access_token_time": 0.01218762700000009,
        "decode_id_token_time": 0.0003070249999999053,
        "complete_login_time": 0.014566997999999831,
        "dispatch_time": 0.05351053899999991
    },
    "t_user_8": {
        "redirect_time": 0.015981414000000083,
        "pkce_time": 5.739700000018e-05,
        "get_access_token_time": 0.0140657919999998,
        "decode_id_token_time": 0.00024190199999996054,
        "complete_login_time": 0.024743393000000058,
        "dispatch_time": 0.064012081
    },
    "t_user_10": {
        "redirect_time": 0.014961967000000076,
        "pkce_time": 4.771900000011e-05,
        "get_access_token_time": 0.01281617899999965,
        "decode_id_token_time": 0.00022155399999990166,
        "complete_login_time": 0.014108831999999794,
        "dispatch_time": 0.054515791999999674
    },
    "t_user_11": {
        "redirect_time": 0.014363914000000033,
        "pkce_time": 4.126699999984e-05,
        "get_access_token_time": 0.012419125000000086,
        "decode_id_token_time": 0.0002174070000000583,
        "complete_login_time": 0.014008306000000026,
        "dispatch_time": 0.05034115700000008
    },
    "t_user_12": {
        "redirect_time": 0.01460404999999998,
        "pkce_time": 4.692699999986e-05,
        "get_access_token_time": 0.012320595999999906,
        "decode_id_token_time": 0.00021405099999993737,
        "complete_login_time": 0.01702241399999993,
        "dispatch_time": 0.05433323000000012
    },
    "t_user_14": {
        "redirect_time": 0.016086395999999947,
        "pkce_time": 4.673699999991e-05,
        "get_access_token_time": 0.01168001399999996,
        "decode_id_token_time": 0.00024212199999995576,
        "complete_login_time": 0.013505648000000203,
        "dispatch_time": 0.053402022999999854
    },
    "t_user_13": {
        "redirect_time": 0.015598264999999945,
        "pkce_time": 4.490399999968e-05,
        "get_access_token_time": 0.01167331599999999,
        "decode_id_token_time": 0.00020262799999981596,
        "complete_login_time": 0.014469881999999767,
        "dispatch_time": 0.04970844499999982
    },
    "t_user_15": {
        "redirect_time": 0.015166269999999926,
        "pkce_time": 5.433099999985e-05,
        "get_access_token_time": 0.012857934999999987,
        "decode_id_token_time": 0.000207767999999664,
        "complete_login_time": 0.01394350099999997,
        "dispatch_time": 0.05574723700000028
    },
    "t_user_16": {
        "redirect_time": 0.014055206999999736,
        "pkce_time": 4.010500000007e-05,
        "get_access_token_time": 0.015241735000000034,
        "decode_id_token_time": 0.0002809139999997434,
        "complete_login_time": 0.014883831000000125,
        "dispatch_time": 0.05615406700000003
    },
    "t_user_17": {
        "redirect_time": 0.014756970000000091,
        "pkce_time": 4.076600000014e-05,
        "get_access_token_time": 0.013559533000000012,
        "decode_id_token_time": 0.00020036300000025875,
        "complete_login_time": 0.013983979000000257,
        "dispatch_time": 0.05597393999999989
    },
    "t_user_18": {
        "redirect_time": 0.01435792299999994,
        "pkce_time": 3.900299999993e-05,
        "get_access_token_time": 0.014172034,
        "decode_id_token_time": 0.00021068400000023857,
        "complete_login_time": 0.013232364999999913,
        "dispatch_time": 0.05208065599999978
    },
    "t_user_19": {
        "redirect_time": 0.01623235299999992,
        "pkce_time": 4.156799999988e-05,
        "get_access_token_time": 0.015534127000000009,
        "decode_id_token_time": 0.00024148199999984854,
        "complete_login_time": 0.01539015999999993,
        "dispatch_time": 0.05534534899999999
    },
    "t_user_20": {
        "redirect_time": 0.0148609310000003,
        "pkce_time": 4.461300000003e-05,
        "get_access_token_time": 0.013446949999999624,
        "decode_id_token_time": 0.0002456200000002795,
        "complete_login_time": 0.014369907999999931,
        "dispatch_time": 0.057196829000000005
    },
    "t_user_21": {
        "redirect_time": 0.015785730999999803,
        "pkce_time": 4.753800000001e-05,
        "get_access_token_time": 0.01809329100000001,
        "decode_id_token_time": 0.00025234099999993376,
        "complete_login_time": 0.015624807000000018,
        "dispatch_time": 0.05947569099999983
    },
    "t_user_22": {
        "redirect_time": 0.014549596000000165,
        "pkce_time": 4.303999999999e-05,
        "get_access_token_time": 0.012609804000000224,
        "decode_id_token_time": 0.00029032200000056463,
        "complete_login_time": 0.021117005999999883,
        "dispatch_time": 0.05866749399999982
    },
    "t_user_23": {
        "redirect_time": 0.014495104999999953,
        "pkce_time": 4.875999999987e-05,
        "get_access_token_time": 0.012268254000000312,
        "decode_id_token_time": 0.0004604209999996556,
        "complete_login_time": 0.0142271169999999,
        "dispatch_time": 0.051536898000000164
    },
    "t_user_24": {
        "redirect_time": 0.014802604999999858,
        "pkce_time": 4.779999999993e-05,
        "get_access_token_time": 0.011978084999999972,
        "decode_id_token_time": 0.00019855099999954717,
        "complete_login_time": 0.013523532000000671,
        "dispatch_time": 0.050675157999999776
    },
    "t_user_25": {
        "redirect_time": 0.01638130999999987,
        "pkce_time": 5.171699999984e-05,
        "get_access_token_time": 0.011801192000000071,
        "decode_id_token_time": 0.00020313000000005133,
        "complete_login_time": 0.016572127999999964,
        "dispatch_time": 0.05487126599999925
    },