{
    "t_user_1": {
        "redirect_time": 0.014375043999999892,
        "pkce_time": 5.5413e-05,
        "get_access_token_time": 0.012831937000000071,
        "decode_id_token_time": 0.00020493399999987894,
        "complete_login_time": 0.014037730000000082,
        "dispatch_time": 0.056017167000000034
    },
    "t_user_2": {
        "redirect_time": 0.014861730000000017,
        "pkce_time": 4.713700000003e-05,
        "get_access_token_time": 0.013596249999999976,
        "decode_id_token_time": 0.0007500019999999719,
        "complete_login_time": 0.01559656399999998,
        "dispatch_time": 0.06535450500000017
    },
    "t_user_3": {
        "redirect_time": 0.014904316000000084,
        "pkce_time": 5.456199999998e-05,
        "get_access_token_time": 0.012833439000000002,
        "decode_id_token_time": 0.0002376349999999583,
        "complete_login_time": 0.0172203179999999,
        "dispatch_time": 0.05998976299999992
    },
    "t_user_4": {
        "redirect_time": 0.01634588800000003,
        "pkce_time": 4.433299999995e-05,
        "get_access_token_time": 0.013711805000000021,
        "decode_id_token_time": 0.00019380300000015893,
        "complete_login_time": 0.014797626000000008,
        "dispatch_time": 0.05506090400000008
    },
    "t_user_5": {
        "redirect_time": 0.015863677999999992,
        "pkce_time": 4.840000000006e-05,
        "get_access_token_time": 0.013666817000000053,
        "decode_id_token_time": 0.0001766409999999219,
        "complete_login_time": 0.012929862000000014,
        "dispatch_time": 0.050967127000000056
    },
    "t_user_6": {
        "redirect_time": 0.014214991999999982,
        "pkce_time": 3.854199999997e-05,
        "get_access_token_time": 0.011740534999999941,
        "decode_id_token_time": 0.0002493560000000894,
        "complete_login_time": 0.0141880550000002,
        "dispatch_time": 0.04968675999999994
    },
    "t_user_7": {
        "redirect_time": 0.01669469400000001,
        "pkce_time": 5.612499999996e-05,
        "get_access_token_time": 0.017092303000000086,
        "decode_id_token_time": 0.00021763699999999275,
        "complete_login_time": 0.01487386699999993,
        "dispatch_time": 0.05530579999999996
    },
    "t_user_8": {
        "redirect_time": 0.018763792,
        "pkce_time": 6.642400000001e-05,
        "get_access_token_time": 0.012244528999999948,
        "decode_id_token_time": 0.00024106000000001515,
        "complete_login_time": 0.014151046999999917,
        "dispatch_time": 0.05251929799999999
    },
    "t_user_9": {
        "redirect_time": 0.01693885499999992,
        "pkce_time": 5.0314e-05,
        "get_access_token_time": 0.013257552000000006,
        "decode_id_token_time": 0.0002773279999999101,
        "complete_login_time": 0.01586858599999985,
        "dispatch_time": 0.05701050200000002
    },
    "t_user_10": {
        "redirect_time": 0.015985692000000107,
        "pkce_time": 6.712599999981e-05,
        "get_access_token_time": 0.013041877000000035,
        "decode_id_token_time": 0.0002601360000000774,
        "complete_login_time": 0.01978130999999994,
        "dispatch_time": 0.0612647479999997
    },
    "t_user_11": {
        "redirect_time": 0.015699588000000153,
        "pkce_time": 4.345099999981e-05,
        "get_access_token_time": 0.013026793000000314,
        "decode_id_token_time": 0.0002498079999999625,
        "complete_login_time": 0.015567834000000058,
        "dispatch_time": 0.056167941
    },
    "t_user_12": {
        "redirect_time": 0.015248207999999819,
        "pkce_time": 5.220699999997e-05,
        "get_access_token_time": 0.015289207999999999,
        "decode_id_token_time": 0.00022265600000004326,
        "complete_login_time": 0.023198659000000177,
        "dispatch_time": 0.06574721200000022
    },
    "t_user_13": {
        "redirect_time": 0.015565759000000234,
        "pkce_time": 6.039300000005e-05,
        "get_access_token_time": 0.014651933000000117,
        "decode_id_token_time": 0.00029736500000021593,
        "complete_login_time": 0.01730815699999999,
        "dispatch_time": 0.06202912100000013
    },
    "t_user_14": {
        "redirect_time": 0.014186390999999965,
        "pkce_time": 4.704800000033e-05,
        "get_access_token_time": 0.014531815000000226,
        "decode_id_token_time": 0.00022910899999972756,
        "complete_login_time": 0.013971033000000244,
        "dispatch_time": 0.05414414199999973
    },
    "t_user_15": {
        "redirect_time": 0.01601739300000027,
        "pkce_time": 4.51039999998e-05,
        "get_access_token_time": 0.012621465000000054,
        "decode_id_token_time": 0.0002584839999997257,
        "complete_login_time": 0.014266281999999908,
        "dispatch_time": 0.052604050000000235
    },
    "t_user_16": {
        "redirect_time": 0.018374273000000052,
        "pkce_time": 5.352900000011e-05,
        "get_access_token_time": 0.013882155000000118,
        "decode_id_token_time": 0.0002279660000001904,
        "complete_login_time": 0.014287130000000037,
        "dispatch_time": 0.05480534100000023
    },
    "t_user_17": {
        "redirect_time": 0.015278732000000073,
        "pkce_time": 5.552299999989e-05,
        "get_access_token_time": 0.014694798999999925,
        "decode_id_token_time": 0.0002766570000001245,
        "complete_login_time": 0.015213331999999635,
        "dispatch_time": 0.0625140270000002
    },
    "t_user_18": {
        "redirect_time": 0.01458907300000023,
        "pkce_time": 4.383200000024e-05,
        "get_access_token_time": 0.015367467999999995,
        "decode_id_token_time": 0.00023292600000024422,
        "complete_login_time": 0.01950512499999979,
        "dispatch_time": 0.06179376199999975
    },
    "t_user_19": {
        "redirect_time": 0.0182971860000003,
        "pkce_time": 7.790500000038e-05,
        "get_access_token_time": 0.014933816999999738,
        "decode_id_token_time": 0.000283580000000061,
        "complete_login_time": 0.015334474999999959,
        "dispatch_time": 0.05534428700000005
    },
    "t_user_20": {
        "redirect_time": 0.015679382000000075,
        "pkce_time": 4.430300000013e-05,
        "get_access_token_time": 0.013322848000000054,
        "decode_id_token_time": 0.00028501300000005614,
        "complete_login_time": 0.015187918999999717,
        "dispatch_time": 0.05357409699999982
    },
    "t_user_22": {
        "redirect_time": 0.0171995749999998,
        "pkce_time": 6.257799999965e-05,
        "get_access_token_time": 0.014093682000000385,
        "decode_id_token_time": 0.00023916700000015112,
        "complete_login_time": 0.01547050499999969,
        "dispatch_time": 0.06143963500000016
    },
    "t_user_21": {
        "redirect_time": 0.014702290999999867,
        "pkce_time": 5.191800000004e-05,
        "get_access_token_time": 0.012925880000000056,
        "decode_id_token_time": 0.00029287699999969163,
        "complete_login_time": 0.015986332999999853,
        "dispatch_time": 0.05728906099999964
    },
    "t_user_23": {
        "redirect_time": 0.014204855999999655,
        "pkce_time": 8.692199999993e-05,
        "get_access_token_time": 0.012455099000000303,
        "decode_id_token_time": 0.0002304410000002477,
        "complete_login_time": 0.013919902999999678,
        "dispatch_time": 0.051633354000000686
    },
    "t_user_24": {
        "redirect_time": 0.015959263000000057,
        "pkce_time": 4.645700000028e-05,
        "get_access_token_time": 0.015448603999999477,
        "decode_id_token_time": 0.0001969779999999588,
        "complete_login_time": 0.014057368000000459,
        "dispatch_time": 0.0596809519999999
    },
    "t_user_25": {
        "redirect_time": 0.01982125800000034,
        "pkce_time": 6.577399999985e-05,
        "get_access_token_time": 0.01224290999999944,
        "decode_id_token_time": 0.00021521299999971433,
        "complete_login_time": 0.016029094999999494,
        "dispatch_time": 0.062241434000000595
    },