{
    "t_user_1": {
        "redirect_time": 0.003180495999999977,
        "build_auth_time": 0.0008735140000000197,
        "login_time": 0.0022826269999999815,
        "acs_dispatch_time": 0.0032426110000001174,
        "finish_acs_dispatch_time": 0.015183310000000283
    },
    "t_user_2": {
        "redirect_time": 0.003087650999999969,
        "build_auth_time": 0.0008609889999999787,
        "login_time": 0.002206814999999973,
        "acs_dispatch_time": 0.0032890690000000333,
        "finish_acs_dispatch_time": 0.015568277999999935
    },
    "t_user_3": {
        "redirect_time": 0.0035987369999999075,
        "build_auth_time": 0.0013864019999999533,
        "login_time": 0.0021930690000000475,
        "acs_dispatch_time": 0.0032501360000001256,
        "finish_acs_dispatch_time": 0.015411936000000015
    },
    "t_user_4": {
        "redirect_time": 0.0031876680000000324,
        "build_auth_time": 0.0008764789999999856,
        "login_time": 0.0022899890000001033,
        "acs_dispatch_time": 0.0032650209999998125,
        "finish_acs_dispatch_time": 0.016044201999999785
    },
    "t_user_5": {
        "redirect_time": 0.0032444540000000632,
        "build_auth_time": 0.0009277050000000564,
        "login_time": 0.0022912109999999597,
        "acs_dispatch_time": 0.003449627000000177,
        "finish_acs_dispatch_time": 0.016484592999999936
    },
    "t_user_6": {
        "redirect_time": 0.0030764019999999226,
        "build_auth_time": 0.0008291299999999557,
        "login_time": 0.002225551999999964,
        "acs_dispatch_time": 0.0037996339999999407,
        "finish_acs_dispatch_time": 0.01930361600000019
    },
    "t_user_7": {
        "redirect_time": 0.0030612320000000803,
        "build_auth_time": 0.0008653170000000321,
        "login_time": 0.0021744049999999904,
        "acs_dispatch_time": 0.0033393310000002785,
        "finish_acs_dispatch_time": 0.01647182200000019
    },
    "t_user_8": {
        "redirect_time": 0.003284740000000008,
        "build_auth_time": 0.0008213849999999523,
        "login_time": 0.002442577000000057,
        "acs_dispatch_time": 0.0034267880000000694,
        "finish_acs_dispatch_time": 0.01641541999999996
    },
    "t_user_9": {
        "redirect_time": 0.003545746999999988,
        "build_auth_time": 0.0013590609999999392,
        "login_time": 0.0021667990000000525,
        "acs_dispatch_time": 0.0028655169999995955,
        "finish_acs_dispatch_time": 0.015255912999999843
    },
    "t_user_10": {
        "redirect_time": 0.00302627600000005,
        "build_auth_time": 0.0008347300000000057,
        "login_time": 0.002170225999999942,
        "acs_dispatch_time": 0.00364614899999971,
        "finish_acs_dispatch_time": 0.017199628999999828
    },
    "t_user_11": {
        "redirect_time": 0.0029822449999999945,
        "build_auth_time": 0.0008384869999999989,
        "login_time": 0.002124400999999998,
        "acs_dispatch_time": 0.0036483509999998276,
        "finish_acs_dispatch_time": 0.018297760000000274
    },
    "t_user_12": {
        "redirect_time": 0.003172389000000053,
        "build_auth_time": 0.0009259600000000034,
        "login_time": 0.0022251490000000373,
        "acs_dispatch_time": 0.003526824999999789,
        "finish_acs_dispatch_time": 0.016717606999999912
    },
    "t_user_13": {
        "redirect_time": 0.0031802459999999977,
        "build_auth_time": 0.0008802759999999576,
        "login_time": 0.002270906000000017,
        "acs_dispatch_time": 0.0034170360000000954,
        "finish_acs_dispatch_time": 0.016312742000000213
    },
    "t_user_14": {
        "redirect_time": 0.003015437000000065,
        "build_auth_time": 0.0008352310000000474,
        "login_time": 0.0021617919999999957,
        "acs_dispatch_time": 0.00329809499999989,
        "finish_acs_dispatch_time": 0.016423086999999725
    },
    "t_user_15": {
        "redirect_time": 0.003140411000000176,
        "build_auth_time": 0.0008746550000000575,
        "login_time": 0.0022430529999999393,
        "acs_dispatch_time": 0.003473673999999427,
        "finish_acs_dispatch_time": 0.016266601999999963
    },
    "t_user_16": {
        "redirect_time": 0.0031020889999999746,
        "build_auth_time": 0.0008641549999999221,
        "login_time": 0.002211744999999876,
        "acs_dispatch_time": 0.003353146000000251,
        "finish_acs_dispatch_time": 0.016094849999999994
    },
    "t_user_17": {
        "redirect_time": 0.0031707379999998953,
        "build_auth_time": 0.0008542869999998981,
        "login_time": 0.002286634000000065,
        "acs_dispatch_time": 0.003748144000000231,
        "finish_acs_dispatch_time": 0.017265373999999944
    },
    "t_user_18": {
        "redirect_time": 0.0031100049999999158,
        "build_auth_time": 0.0008594579999998686,
        "login_time": 0.002229146999999987,
        "acs_dispatch_time": 0.0032570770000006632,
        "finish_acs_dispatch_time": 0.01635833100000017
    },
    "t_user_19": {
        "redirect_time": 0.0035615970000000274,
        "build_auth_time": 0.0013970919999999332,
        "login_time": 0.002142985000000097,
        "acs_dispatch_time": 0.003071992000000634,
        "finish_acs_dispatch_time": 0.015563131000000396
    },
    "t_user_20": {
        "redirect_time": 0.0030601279999999953,
        "build_auth_time": 0.0008778000000000397,
        "login_time": 0.002162149999999974,
        "acs_dispatch_time": 0.0034234279999996176,
        "finish_acs_dispatch_time": 0.01708189600000054
    },
    "t_user_21": {
        "redirect_time": 0.003469085000000094,
        "build_auth_time": 0.0008595769999999447,
        "login_time": 0.0025891399999999898,
        "acs_dispatch_time": 0.003438808000000293,
        "finish_acs_dispatch_time": 0.02009224800000009
    },
    "t_user_22": {
        "redirect_time": 0.0031869690000001505,
        "build_auth_time": 0.0008687549999999433,
        "login_time": 0.002291815000000197,
        "acs_dispatch_time": 0.0033538179999998974,
        "finish_acs_dispatch_time": 0.01592288999999969
    },
    "t_user_23": {
        "redirect_time": 0.003053128000000127,
        "build_auth_time": 0.0008688740000000195,
        "login_time": 0.0021631140000000215,
        "acs_dispatch_time": 0.0034248009999995332,
        "finish_acs_dispatch_time": 0.0166267539999998
    },
    "t_user_24": {
        "redirect_time": 0.003097268999999958,
        "build_auth_time": 0.0009022670000000677,
        "login_time": 0.0021746649999998535,
        "acs_dispatch_time": 0.0035258510000000243,
        "finish_acs_dispatch_time": 0.018114359000000135
    },
    "t_user_25": {
        "redirect_time": 0.003013664000000027,
        "build_auth_time": 0.000860539000000049,
        "login_time": 0.00213324799999981,
        "acs_dispatch_time": 0.0035218610000002926,
        "finish_acs_dispatch_time": 0.01697905199999994
    },
    "t_user_26": {
        "redirect_time": 0.0029970719999998785,
        "build_auth_time": 0.0008318750000000374,
        "login_time": 0.0021458210000000477,
        "acs_dispatch_time": 0.003628925000000116,
        "finish_acs_dispatch_time": 0.01697549200000026
    },
    "t_user_28": {
        "redirect_time": 0.002958560999999804,
        "build_auth_time": 0.0008130499999998708,
        "login_time": 0.0021238299999999377,
        "acs_dispatch_time": 0.003268240999999783,
        "finish_acs_dispatch_time": 0.017018412999999732
    },
    "t_user_27": {
        "redirect_time": 0.003011639999999982,
        "build_auth_time": 0.0008420749999999977,
        "login_time": 0.0021440369999998765,
        "acs_dispatch_time": 0.003500176000000188,
        "finish_acs_dispatch_time": 0.0164917839999994
    },
    "t_user_29": {
        "redirect_time": 0.0031475739999999863,
        "build_auth_time": 0.0009166739999999507,
        "login_time": 0.002209259000000019,
        "acs_dispatch_time": 0.0033447820000001016,
        "finish_acs_dispatch_time": 0.019647305000000337
    },