{
    "t_user_1": {
        "redirect_time": 0.0030189330000000014,
        "build_auth_time": 0.000826684000000022,
        "login_time": 0.00217162999999998,
        "acs_dispatch_time": 0.0030197759999999185,
        "finish_acs_dispatch_time": 0.01592580500000018
    },
    "t_user_2": {
        "redirect_time": 0.0030059889999999867,
        "build_auth_time": 0.0008705079999999921,
        "login_time": 0.0021158649999999946,
        "acs_dispatch_time": 0.0031100740000002958,
        "finish_acs_dispatch_time": 0.0161068710000003
    },
    "t_user_3": {
        "redirect_time": 0.0036177530000000013,
        "build_auth_time": 0.0014041849999999467,
        "login_time": 0.0021934300000000517,
        "acs_dispatch_time": 0.003310626999999844,
        "finish_acs_dispatch_time": 0.016173755000000067
    },
    "t_user_4": {
        "redirect_time": 0.0030085829999999536,
        "build_auth_time": 0.0008456409999999526,
        "login_time": 0.002142203000000009,
        "acs_dispatch_time": 0.0035143490000000277,
        "finish_acs_dispatch_time": 0.01899058500000006
    },
    "t_user_5": {
        "redirect_time": 0.003141500999999991,
        "build_auth_time": 0.0008936809999999795,
        "login_time": 0.0022237649999999887,
        "acs_dispatch_time": 0.0037014310000000883,
        "finish_acs_dispatch_time": 0.020569873999999988
    },
    "t_user_6": {
        "redirect_time": 0.003055742000000028,
        "build_auth_time": 0.0008236700000000541,
        "login_time": 0.0022124959999999527,
        "acs_dispatch_time": 0.0037473050000000896,
        "finish_acs_dispatch_time": 0.01639687599999995
    },
    "t_user_7": {
        "redirect_time": 0.003147270999999896,
        "build_auth_time": 0.0009511869999999645,
        "login_time": 0.002175024999999997,
        "acs_dispatch_time": 0.003295406000000334,
        "finish_acs_dispatch_time": 0.016504900000000156
    },
    "t_user_8": {
        "redirect_time": 0.002969341999999986,
        "build_auth_time": 0.0008224289999999579,
        "login_time": 0.0021271360000000294,
        "acs_dispatch_time": 0.0032726960000002414,
        "finish_acs_dispatch_time": 0.016351000000000226
    },
    "t_user_9": {
        "redirect_time": 0.0031029479999999943,
        "build_auth_time": 0.0008536049999999795,
        "login_time": 0.002225849000000002,
        "acs_dispatch_time": 0.003148034999999716,
        "finish_acs_dispatch_time": 0.015287790999999995
    },
    "t_user_10": {
        "redirect_time": 0.003055542000000022,
        "build_auth_time": 0.0008317749999999791,
        "login_time": 0.0021961750000000224,
        "acs_dispatch_time": 0.0036447960000001167,
        "finish_acs_dispatch_time": 0.017475398999999836
    },
    "t_user_11": {
        "redirect_time": 0.003012342000000001,
        "build_auth_time": 0.000848807000000007,
        "login_time": 0.0021435779999999793,
        "acs_dispatch_time": 0.0033003809999998523,
        "finish_acs_dispatch_time": 0.015983274999999963
    },
    "t_user_12": {
        "redirect_time": 0.003045070999999955,
        "build_auth_time": 0.0008477049999999764,
        "login_time": 0.002175145000000045,
        "acs_dispatch_time": 0.0037252849999998006,
        "finish_acs_dispatch_time": 0.016825401000000184
    },
    "t_user_14": {
        "redirect_time": 0.0032358380000000464,
        "build_auth_time": 0.0009760650000000259,
        "login_time": 0.002239404999999972,
        "acs_dispatch_time": 0.0034667329999997776,
        "finish_acs_dispatch_time": 0.016144217999999988
    },
    "t_user_13": {
        "redirect_time": 0.0029527609999999704,
        "build_auth_time": 0.0007859890000000425,
        "login_time": 0.0021490189999999743,
        "acs_dispatch_time": 0.003690521000000224,
        "finish_acs_dispatch_time": 0.016168740999999986
    },
    "t_user_15": {
        "redirect_time": 0.0031147330000000917,
        "build_auth_time": 0.0008294600000000596,
        "login_time": 0.002263692000000095,
        "acs_dispatch_time": 0.0031482650000000945,
        "finish_acs_dispatch_time": 0.01615238899999971
    },
    "t_user_16": {
        "redirect_time": 0.00359120199999996,
        "build_auth_time": 0.0013562149999999384,
        "login_time": 0.0022140180000000953,
        "acs_dispatch_time": 0.003283144000000071,
        "finish_acs_dispatch_time": 0.016319367000000362
    },
    "t_user_17": {
        "redirect_time": 0.0031099159999998793,
        "build_auth_time": 0.0008912180000000269,
        "login_time": 0.0021961459999999544,
        "acs_dispatch_time": 0.003418066000000053,
        "finish_acs_dispatch_time": 0.01576529800000026
    },
    "t_user_18": {
        "redirect_time": 0.003132587999999936,
        "build_auth_time": 0.0008873799999999932,
        "login_time": 0.002223306999999952,
        "acs_dispatch_time": 0.0033268569999993503,
        "finish_acs_dispatch_time": 0.016372888000000252
    },
    "t_user_19": {
        "redirect_time": 0.0030576740000001212,
        "build_auth_time": 0.000849437000000064,
        "login_time": 0.0021880000000000788,
        "acs_dispatch_time": 0.0034911440000007232,
        "finish_acs_dispatch_time": 0.01728288099999986
    },
    "t_user_20": {
        "redirect_time": 0.0030099340000000474,
        "build_auth_time": 0.0008378449999999482,
        "login_time": 0.002153504999999889,
        "acs_dispatch_time": 0.0037195359999993016,
        "finish_acs_dispatch_time": 0.017307452999999917
    },
    "t_user_21": {
        "redirect_time": 0.003083021999999991,
        "build_auth_time": 0.0008648759999998479,
        "login_time": 0.002197707999999965,
        "acs_dispatch_time": 0.0032897909999993757,
        "finish_acs_dispatch_time": 0.016444817
    },
    "t_user_22": {
        "redirect_time": 0.0031424149999998985,
        "build_auth_time": 0.0008636550000000742,
        "login_time": 0.002256237999999966,
        "acs_dispatch_time": 0.00342740799999941,
        "finish_acs_dispatch_time": 0.01737733899999938
    },
    "t_user_23": {
        "redirect_time": 0.0031592469999999206,
        "build_auth_time": 0.0009350779999999226,
        "login_time": 0.0022053840000000324,
        "acs_dispatch_time": 0.003249754000000493,
        "finish_acs_dispatch_time": 0.015822918000000463
    },
    "t_user_24": {
        "redirect_time": 0.003223387000000022,
        "build_auth_time": 0.0009521990000000979,
        "login_time": 0.0022492960000000117,
        "acs_dispatch_time": 0.0034522219999999493,
        "finish_acs_dispatch_time": 0.01849135199999985
    },
    "t_user_25": {
        "redirect_time": 0.0030655089999997998,
        "build_auth_time": 0.0008626839999998914,
        "login_time": 0.0021823469999999734,
        "acs_dispatch_time": 0.0039647390000006055,
        "finish_acs_dispatch_time": 0.02063874799999965
    },
    "t_user_26": {
        "redirect_time": 0.003242718000000089,
        "build_auth_time": 0.0009134459999999844,
        "login_time": 0.0023042360000000706,
        "acs_dispatch_time": 0.004964991999999668,
        "finish_acs_dispatch_time": 0.015496087999999908
    },
    "t_user_27": {
        "redirect_time": 0.0033106389999999486,
        "build_auth_time": 0.0009113029999998634,
        "login_time": 0.002379279000000123,
        "acs_dispatch_time": 0.003615952000000533,
        "finish_acs_dispatch_time": 0.016925816999999732
    },
    "t_user_28": {
        "redirect_time": 0.003097142000000108,
        "build_auth_time": 0.0008652080000000062,
        "login_time": 0.002210843999999934,
        "acs_dispatch_time": 0.0034572739999996216,
        "finish_acs_dispatch_time": 0.016417525999999683
    },
    "t_user_29": {
        "redirect_time": 0.003065961000000117,
        "build_auth_time": 0.000835511000000011,
        "login_time": 0.00220767700000013,
        "acs_dispatch_time": 0.003891796000000447,
        "finish_acs_dispatch_time": 0.01804255800000032
    },