{
    "t_user_1": {
        "redirect_time": 0.003026766000000014,
        "build_auth_time": 0.0008238690000000326,
        "login_time": 0.0021843129999999933,
        "acs_dispatch_time": 0.0036552040000001895,
        "finish_acs_dispatch_time": 0.018004381999999985
    },
    "t_user_2": {
        "redirect_time": 0.003008475999999982,
        "build_auth_time": 0.0008283889999999849,
        "login_time": 0.002160200000000001,
        "acs_dispatch_time": 0.003661162999999412,
        "finish_acs_dispatch_time": 0.018412474999999873
    },
    "t_user_3": {
        "redirect_time": 0.0035449559999999325,
        "build_auth_time": 0.001333943000000004,
        "login_time": 0.0021931299999999876,
        "acs_dispatch_time": 0.003206931000000246,
        "finish_acs_dispatch_time": 0.01670722400000013
    },
    "t_user_4": {
        "redirect_time": 0.0030258279999999527,
        "build_auth_time": 0.0008401319999999934,
        "login_time": 0.002166279999999965,
        "acs_dispatch_time": 0.0026714580000000154,
        "finish_acs_dispatch_time": 0.017483828000000035
    },
    "t_user_5": {
        "redirect_time": 0.002996039000000006,
        "build_auth_time": 0.0008366540000001033,
        "login_time": 0.0021413509999999025,
        "acs_dispatch_time": 0.0033916999999998865,
        "finish_acs_dispatch_time": 0.015578214000000479
    },
    "t_user_6": {
        "redirect_time": 0.0030551290000000453,
        "build_auth_time": 0.000843967000000001,
        "login_time": 0.0021926170000000633,
        "acs_dispatch_time": 0.004292426999999321,
        "finish_acs_dispatch_time": 0.015418777000000716
    },
    "t_user_7": {
        "redirect_time": 0.003107839000000001,
        "build_auth_time": 0.0009027480000000088,
        "login_time": 0.0021849130000000105,
        "acs_dispatch_time": 0.004298792999999357,
        "finish_acs_dispatch_time": 0.017996336999999585
    },
    "t_user_8": {
        "redirect_time": 0.003157143000000029,
        "build_auth_time": 0.0008845140000000029,
        "login_time": 0.002250678000000006,
        "acs_dispatch_time": 0.0033668630000001087,
        "finish_acs_dispatch_time": 0.016921193999999584
    },
    "t_user_9": {
        "redirect_time": 0.003234116000000009,
        "build_auth_time": 0.0010416279999999611,
        "login_time": 0.002173111000000061,
        "acs_dispatch_time": 0.0033592080000000024,
        "finish_acs_dispatch_time": 0.016839475999999465
    },
    "t_user_10": {
        "redirect_time": 0.003010116999999979,
        "build_auth_time": 0.0008514609999999978,
        "login_time": 0.002137395999999958,
        "acs_dispatch_time": 0.003476528000000201,
        "finish_acs_dispatch_time": 0.016938886999999347
    },
    "t_user_11": {
        "redirect_time": 0.0030683769999999555,
        "build_auth_time": 0.0008707889999999274,
        "login_time": 0.0021777610000000003,
        "acs_dispatch_time": 0.003485233000000143,
        "finish_acs_dispatch_time": 0.016851669000000236
    },
    "t_user_12": {
        "redirect_time": 0.0030112879999999453,
        "build_auth_time": 0.000838587999999918,
        "login_time": 0.0021543059999999947,
        "acs_dispatch_time": 0.0033866199999996738,
        "finish_acs_dispatch_time": 0.016537838000000527
    },
    "t_user_14": {
        "redirect_time": 0.003056032000000042,
        "build_auth_time": 0.000831464000000004,
        "login_time": 0.0022069049999999812,
        "acs_dispatch_time": 0.0033685469999999995,
        "finish_acs_dispatch_time": 0.015748020999999834
    },
    "t_user_13": {
        "redirect_time": 0.0033261370000000623,
        "build_auth_time": 0.0009232960000000734,
        "login_time": 0.0023846169999999223,
        "acs_dispatch_time": 0.0034919379999998057,
        "finish_acs_dispatch_time": 0.016372207999999944
    },
    "t_user_15": {
        "redirect_time": 0.0030899260000000206,
        "build_auth_time": 0.0008801259999999811,
        "login_time": 0.0021912450000000083,
        "acs_dispatch_time": 0.0035079069999999213,
        "finish_acs_dispatch_time": 0.016579990000000322
    },
    "t_user_16": {
        "redirect_time": 0.003143856999999972,
        "build_auth_time": 0.0008817370000000491,
        "login_time": 0.0022388460000000165,
        "acs_dispatch_time": 0.0029509069999997806,
        "finish_acs_dispatch_time": 0.015839893999999966
    },
    "t_user_18": {
        "redirect_time": 0.003049019999999958,
        "build_auth_time": 0.000836393999999796,
        "login_time": 0.002188662000000008,
        "acs_dispatch_time": 0.003433446999999923,
        "finish_acs_dispatch_time": 0.01685296900000033
    },
    "t_user_17": {
        "redirect_time": 0.003077443000000013,
        "build_auth_time": 0.0008377059999999936,
        "login_time": 0.00221608299999998,
        "acs_dispatch_time": 0.003379608000000367,
        "finish_acs_dispatch_time": 0.017673847000000187
    },
    "t_user_19": {
        "redirect_time": 0.003077702999999987,
        "build_auth_time": 0.0008570809999999263,
        "login_time": 0.0021993719999999772,
        "acs_dispatch_time": 0.003523459000000173,
        "finish_acs_dispatch_time": 0.016409549000000023
    },
    "t_user_20": {
        "redirect_time": 0.0030273300000001058,
        "build_auth_time": 0.0008259050000001267,
        "login_time": 0.0021806159999999686,
        "acs_dispatch_time": 0.0044905049999997,
        "finish_acs_dispatch_time": 0.01627154300000022
    },
    "t_user_21": {
        "redirect_time": 0.003016569999999996,
        "build_auth_time": 0.0008398809999998758,
        "login_time": 0.0021564210000000195,
        "acs_dispatch_time": 0.0030539109999998537,
        "finish_acs_dispatch_time": 0.016473235000000308
    },
    "t_user_22": {
        "redirect_time": 0.0031061839999999563,
        "build_auth_time": 0.0008770989999999923,
        "login_time": 0.0022068429999999584,
        "acs_dispatch_time": 0.003336408000000013,
        "finish_acs_dispatch_time": 0.015849329999999995
    },
    "t_user_23": {
        "redirect_time": 0.0030820639999999955,
        "build_auth_time": 0.0008699269999998815,
        "login_time": 0.0021880119999999614,
        "acs_dispatch_time": 0.003251248999999845,
        "finish_acs_dispatch_time": 0.01606424499999992
    },
    "t_user_24": {
        "redirect_time": 0.0030506729999999482,
        "build_auth_time": 0.0008389479999999505,
        "login_time": 0.0021901150000001035,
        "acs_dispatch_time": 0.0031257639999999753,
        "finish_acs_dispatch_time": 0.044803055000000036
    },
    "t_user_25": {
        "redirect_time": 0.0030335319999998944,
        "build_auth_time": 0.0008366250000000353,
        "login_time": 0.0021743449999998,
        "acs_dispatch_time": 0.003367755999999833,
        "finish_acs_dispatch_time": 0.017477101999999967
    },
    "t_user_26": {
        "redirect_time": 0.0033668920000000657,
        "build_auth_time": 0.0010206880000001028,
        "login_time": 0.002321328000000067,
        "acs_dispatch_time": 0.0030123799999999257,
        "finish_acs_dispatch_time": 0.015700394000000006
    },
    "t_user_27": {
        "redirect_time": 0.003112919000000103,
        "build_auth_time": 0.0008760979999999918,
        "login_time": 0.002217754999999988,
        "acs_dispatch_time": 0.003825141999999726,
        "finish_acs_dispatch_time": 0.02147698000000009
    },
    "t_user_29": {
        "redirect_time": 0.0031146330000000333,
        "build_auth_time": 0.0008700569999999797,
        "login_time": 0.002225560000000071,
        "acs_dispatch_time": 0.003615046000000177,
        "finish_acs_dispatch_time": 0.020098340000000103
    },
    "t_user_28": {
        "redirect_time": 0.0031708679999999934,
        "build_auth_time": 0.0008821499999998039,
        "login_time": 0.002270504000000173,
        "acs_dispatch_time": 0.0033249460000002173,
        "finish_acs_dispatch_time": 0.016488524000000115
    },