{
    "t_user_1": {
        "redirect_time": 0.0031730530000000368,
        "build_auth_time": 0.0008644859999999976,
        "login_time": 0.0022866470000000305,
        "acs_dispatch_time": 0.0033167129999998046,
        "finish_acs_dispatch_time": 0.0169686819999999
    },
    "t_user_2": {
        "redirect_time": 0.0031087499999999935,
        "build_auth_time": 0.0008723999999999954,
        "login_time": 0.0022166330000000234,
        "acs_dispatch_time": 0.0035742189999998786,
        "finish_acs_dispatch_time": 0.015199246999999971
    },
    "t_user_3": {
        "redirect_time": 0.0038149170000000288,
        "build_auth_time": 0.0015648630000000274,
        "login_time": 0.002227220999999946,
        "acs_dispatch_time": 0.003441483000000023,
        "finish_acs_dispatch_time": 0.017155876999999986
    },
    "t_user_4": {
        "redirect_time": 0.002978434999999946,
        "build_auth_time": 0.0008172260000000042,
        "login_time": 0.002141601999999909,
        "acs_dispatch_time": 0.0033661540000000656,
        "finish_acs_dispatch_time": 0.01655775100000012
    },
    "t_user_5": {
        "redirect_time": 0.003236849999999958,
        "build_auth_time": 0.0009299679999998922,
        "login_time": 0.0022795810000000305,
        "acs_dispatch_time": 0.0034150520000002516,
        "finish_acs_dispatch_time": 0.018070852999999776
    },
    "t_user_6": {
        "redirect_time": 0.003047065000000071,
        "build_auth_time": 0.0008753160000000149,
        "login_time": 0.002153555000000029,
        "acs_dispatch_time": 0.003222877000000235,
        "finish_acs_dispatch_time": 0.015230131000000036
    },
    "t_user_7": {
        "redirect_time": 0.003037337999999945,
        "build_auth_time": 0.0008151029999999837,
        "login_time": 0.002202547999999971,
        "acs_dispatch_time": 0.0027474249999999145,
        "finish_acs_dispatch_time": 0.01594404100000002
    },
    "t_user_8": {
        "redirect_time": 0.0029757900000000337,
        "build_auth_time": 0.0008212840000000332,
        "login_time": 0.002134558999999925,
        "acs_dispatch_time": 0.0030317680000000458,
        "finish_acs_dispatch_time": 0.015552218999999923
    },
    "t_user_9": {
        "redirect_time": 0.003005316999999952,
        "build_auth_time": 0.0008614699999999198,
        "login_time": 0.0021251520000000745,
        "acs_dispatch_time": 0.003336287999999854,
        "finish_acs_dispatch_time": 0.01691036000000068
    },
    "t_user_10": {
        "redirect_time": 0.003068125000000088,
        "build_auth_time": 0.0008405410000000835,
        "login_time": 0.002206184999999916,
        "acs_dispatch_time": 0.002915559999999928,
        "finish_acs_dispatch_time": 0.017136734000000153
    },
    "t_user_11": {
        "redirect_time": 0.0031348490000000506,
        "build_auth_time": 0.0009015949999999773,
        "login_time": 0.002208708000000059,
        "acs_dispatch_time": 0.003665079999999765,
        "finish_acs_dispatch_time": 0.019397917000000042
    },
    "t_user_12": {
        "redirect_time": 0.003054539999999939,
        "build_auth_time": 0.0008996620000000233,
        "login_time": 0.002133337999999929
    },
    "t_user_14": {
        "redirect_time": 0.003111846000000029,
        "build_auth_time": 0.0008496980000000098,
        "login_time": 0.002240568000000054,
        "acs_dispatch_time": 0.0034726020000004354,
        "finish_acs_dispatch_time": 0.017542992999999285
    },
    "t_user_13": {
        "redirect_time": 0.0029307579999999778,
        "build_auth_time": 0.0007966479999998999,
        "login_time": 0.002115836000000093,
        "acs_dispatch_time": 0.0032055830000001784,
        "finish_acs_dispatch_time": 0.01873385999999977
    },
    "t_user_15": {
        "redirect_time": 0.0030460829999999772,
        "build_auth_time": 0.0008565109999999487,
        "login_time": 0.0021692939999999883
    },
    "t_user_16": {
        "redirect_time": 0.0030095180000000443,
        "build_auth_time": 0.0008338190000001244,
        "login_time": 0.0021559219999998103
    },
    "t_user_17": {
        "redirect_time": 0.003049310000000194,
        "build_auth_time": 0.0008575530000001219,
        "login_time": 0.002170977999999879
    },
    "t_user_18": {
        "redirect_time": 0.0030024120000000654,
        "build_auth_time": 0.0008216260000000197,
        "login_time": 0.0021624520000000924,
        "acs_dispatch_time": 0.003307773999999597,
        "finish_acs_dispatch_time": 0.01754322900000016
    },
    "t_user_19": {
        "redirect_time": 0.003027907999999968,
        "build_auth_time": 0.0008169069999999223,
        "login_time": 0.0021915240000001113
    },
    "t_user_20": {
        "redirect_time": 0.0029385349999999644,
        "build_auth_time": 0.0007931039999999889,
        "login_time": 0.0021278379999998265,
        "acs_dispatch_time": 0.0031918820000003123,
        "finish_acs_dispatch_time": 0.016867489000000013
    },
    "t_user_21": {
        "redirect_time": 0.0035581929999999318,
        "build_auth_time": 0.0013581299999998464,
        "login_time": 0.0021808370000000465
    },
    "t_user_22": {
        "redirect_time": 0.0030504229999999133,
        "build_auth_time": 0.000856060999999908,
        "login_time": 0.002165428999999941
    },
    "t_user_23": {
        "redirect_time": 0.0031085509999999594,
        "build_auth_time": 0.0009216030000001041,
        "login_time": 0.002165678999999976,
        "acs_dispatch_time": 0.003402293999999806,
        "finish_acs_dispatch_time": 0.016857487000000226
    },
    "t_user_24": {
        "redirect_time": 0.0030139439999998796,
        "build_auth_time": 0.0008324959999999049,
        "login_time": 0.0021610499999999977,
        "acs_dispatch_time": 0.003312313999999539,
        "finish_acs_dispatch_time": 0.016282117000000262
    },
    "t_user_25": {
        "redirect_time": 0.003126192999999944,
        "build_auth_time": 0.000910822999999894,
        "login_time": 0.002194001000000112,
        "acs_dispatch_time": 0.003339400999999853,
        "finish_acs_dispatch_time": 0.0165901470000005
    },
    "t_user_26": {
        "redirect_time": 0.0030100559999999277,
        "build_auth_time": 0.0008224480000000867,
        "login_time": 0.0021684919999998,
        "acs_dispatch_time": 0.0036946460000004677,
        "finish_acs_dispatch_time": 0.017104982000000213
    },
    "t_user_28": {
        "redirect_time": 0.003062554999999856,
        "build_auth_time": 0.0009110129999998495,
        "login_time": 0.0021321960000000306,
        "acs_dispatch_time": 0.0035124500000005554,
        "finish_acs_dispatch_time": 0.01693392300000074
    },
    "t_user_27": {
        "redirect_time": 0.0030617049999999146,
        "build_auth_time": 0.0008740240000000288,
        "login_time": 0.0021655789999999175,
        "acs_dispatch_time": 0.003276312999999753,
        "finish_acs_dispatch_time": 0.015839707999999675
    },
    "t_user_29": {
        "redirect_time": 0.003150079999999944,
        "build_auth_time": 0.000908397999999977,
        "login_time": 0.002220532000000164,
        "acs_dispatch_time": 0.003448634999999811,
        "finish_acs_dispatch_time": 0.018758628999999694
    },
    "t_user_30": {
        "redirect_time": 0.0031775390000001735,
        "build_auth_time": 0.0009009740000001099,
        "login_time": 0.0022549839999999044,
        "acs_dispatch_time": 0.003320367999999796,
        "finish_acs_dispatch_time": 0.019690452000000747
    },
    "t_user_31": {
        "redirect_time": 0.0030627450000000334,
        "build_auth_time": 0.0008714690000000136,
        "login_time": 0.002169725999999983,
        "acs_dispatch_time": 0.0034221770000000262,
        "finish_acs_dispatch_time": 0.016764208999999752
    },
    "t_user_32": {
        "redirect_time": 0.0032348170000000565,
        "build_auth_time": 0.0009730390000000089,
        "login_time": 0.0022393059999998854,
        "acs_dispatch_time": 0.0032319139999996693,