{
    "t_user_1": {
        "redirect_time": 0.0029999989999999754,
        "build_auth_time": 0.0008168570000000042,
        "login_time": 0.0021628039999999626,
        "acs_dispatch_time": 0.0033661110000000605,
        "finish_acs_dispatch_time": 0.01730016199999973
    },
    "t_user_2": {
        "redirect_time": 0.003116765999999993,
        "build_auth_time": 0.0008861139999999934,
        "login_time": 0.002209342000000003,
        "acs_dispatch_time": 0.003382542999999849,
        "finish_acs_dispatch_time": 0.017501889000000048
    },
    "t_user_3": {
        "redirect_time": 0.0034866279999999916,
        "build_auth_time": 0.0013121640000000045,
        "login_time": 0.0021540760000000603,
        "acs_dispatch_time": 0.004037423999999845,
        "finish_acs_dispatch_time": 0.017503475999999907
    },
    "t_user_4": {
        "redirect_time": 0.00306147499999998,
        "build_auth_time": 0.0008467839999999338,
        "login_time": 0.0021931809999999885,
        "acs_dispatch_time": 0.003475597000000441,
        "finish_acs_dispatch_time": 0.016254247
    },
    "t_user_5": {
        "redirect_time": 0.0030951569999999595,
        "build_auth_time": 0.0008876909999999683,
        "login_time": 0.0021872979999999487,
        "acs_dispatch_time": 0.003495892999999306,
        "finish_acs_dispatch_time": 0.016255441999999398
    },
    "t_user_6": {
        "redirect_time": 0.0030383870000000313,
        "build_auth_time": 0.0008525329999999887,
        "login_time": 0.002165606000000042,
        "acs_dispatch_time": 0.003346795999999763,
        "finish_acs_dispatch_time": 0.016462305999999316
    },
    "t_user_7": {
        "redirect_time": 0.003210611999999946,
        "build_auth_time": 0.0009244290000000044,
        "login_time": 0.002263650999999922,
        "acs_dispatch_time": 0.0036915589999999554,
        "finish_acs_dispatch_time": 0.016287483000000158
    },
    "t_user_8": {
        "redirect_time": 0.003101580000000048,
        "build_auth_time": 0.0008895530000000429,
        "login_time": 0.0021925299999999703,
        "acs_dispatch_time": 0.003499112000000082,
        "finish_acs_dispatch_time": 0.01700658100000041
    },
    "t_user_9": {
        "redirect_time": 0.0031736729999999325,
        "build_auth_time": 0.0009068559999999559,
        "login_time": 0.002241308999999969,
        "acs_dispatch_time": 0.002804173000000354,
        "finish_acs_dispatch_time": 0.01572378200000024
    },
    "t_user_10": {
        "redirect_time": 0.003266026000000033,
        "build_auth_time": 0.0010050690000000806,
        "login_time": 0.0022357800000000205,
        "acs_dispatch_time": 0.0037472209999993566,
        "finish_acs_dispatch_time": 0.01652949200000009
    },
    "t_user_11": {
        "redirect_time": 0.0031361920000000376,
        "build_auth_time": 0.0008975979999999995,
        "login_time": 0.002214908999999987,
        "acs_dispatch_time": 0.0030973469999997505,
        "finish_acs_dispatch_time": 0.015841446999999675
    },
    "t_user_12": {
        "redirect_time": 0.0031030410000000286,
        "build_auth_time": 0.0008567920000001061,
        "login_time": 0.002225840999999895,
        "acs_dispatch_time": 0.0034264150000002935,
        "finish_acs_dispatch_time": 0.015679959999999937
    },
    "t_user_13": {
        "redirect_time": 0.0030811299999999875,
        "build_auth_time": 0.0008710390000000734,
        "login_time": 0.002188179999999984,
        "acs_dispatch_time": 0.0033923920000002994,
        "finish_acs_dispatch_time": 0.015828850000000116
    },
    "t_user_14": {
        "redirect_time": 0.003223807000000023,
        "build_auth_time": 0.0009113339999999859,
        "login_time": 0.002290771999999941,
        "acs_dispatch_time": 0.003292602999999783,
        "finish_acs_dispatch_time": 0.015105844000000257
    },
    "t_user_15": {
        "redirect_time": 0.003088325000000003,
        "build_auth_time": 0.000861672000000091,
        "login_time": 0.0022077369999999874,
        "acs_dispatch_time": 0.0031941799999999354,
        "finish_acs_dispatch_time": 0.01763763099999993
    },
    "t_user_16": {
        "redirect_time": 0.0036290530000000487,
        "build_auth_time": 0.0013906900000000277,
        "login_time": 0.0022117429999999327,
        "acs_dispatch_time": 0.0038256230000000002,
        "finish_acs_dispatch_time": 0.020946432000000126
    },
    "t_user_17": {
        "redirect_time": 0.003071441000000119,
        "build_auth_time": 0.000851160000000073,
        "login_time": 0.002192007000000107,
        "acs_dispatch_time": 0.003118127000000026,
        "finish_acs_dispatch_time": 0.015310444999999895
    },
    "t_user_18": {
        "redirect_time": 0.0030542190000000247,
        "build_auth_time": 0.0008448800000000478,
        "login_time": 0.002188820999999841,
        "acs_dispatch_time": 0.0034923300000002655,
        "finish_acs_dispatch_time": 0.01646485100000028
    },
    "t_user_19": {
        "redirect_time": 0.0031387290000000068,
        "build_auth_time": 0.0008912169999999442,
        "login_time": 0.002222866000000101,
        "acs_dispatch_time": 0.003424383000000031,
        "finish_acs_dispatch_time": 0.017536298000000006
    },
    "t_user_20": {
        "redirect_time": 0.0031164070000000432,
        "build_auth_time": 0.0008988500000000066,
        "login_time": 0.002191869000000013,
        "acs_dispatch_time": 0.0026612169999999935,
        "finish_acs_dispatch_time": 0.015250973000000112
    },
    "t_user_21": {
        "redirect_time": 0.0030975389999998715,
        "build_auth_time": 0.0008494269999999027,
        "login_time": 0.0022286460000000563,
        "acs_dispatch_time": 0.003593626999999877,
        "finish_acs_dispatch_time": 0.01505162399999982
    },
    "t_user_22": {
        "redirect_time": 0.0030840450000000352,
        "build_auth_time": 0.0008796939999999864,
        "login_time": 0.0021846340000000186,
        "acs_dispatch_time": 0.002995328999999991,
        "finish_acs_dispatch_time": 0.01594020900000004
    },
    "t_user_23": {
        "redirect_time": 0.003097369999999877,
        "build_auth_time": 0.000818109999999983,
        "login_time": 0.002254964000000026,
        "acs_dispatch_time": 0.003347306999999855,
        "finish_acs_dispatch_time": 0.015826252999999735
    },
    "t_user_24": {
        "redirect_time": 0.0030681669999998995,
        "build_auth_time": 0.0008328680000000421,
        "login_time": 0.002212936999999915,
        "acs_dispatch_time": 0.003548632000000218,
        "finish_acs_dispatch_time": 0.015052344000000328
    },
    "t_user_25": {
        "redirect_time": 0.0035391570000000705,
        "build_auth_time": 0.0008518530000001245,
        "login_time": 0.002662927999999898,
        "acs_dispatch_time": 0.003337559000000212,
        "finish_acs_dispatch_time": 0.017108026999999915
    },
    "t_user_26": {
        "redirect_time": 0.003082851000000053,
        "build_auth_time": 0.000863492999999993,
        "login_time": 0.0021990299999998797,
        "acs_dispatch_time": 0.0033704190000003464,
        "finish_acs_dispatch_time": 0.016410065000000085
    },
    "t_user_27": {
        "redirect_time": 0.0030527359999998893,
        "build_auth_time": 0.0009082369999999784,
        "login_time": 0.0021236389999998995,
        "acs_dispatch_time": 0.002818489000000035,
        "finish_acs_dispatch_time": 0.017229198000000334
    },
    "t_user_28": {
        "redirect_time": 0.002931039000000135,
        "build_auth_time": 0.0008165870000000908,
        "login_time": 0.002096968999999893,
        "acs_dispatch_time": 0.0034485660000003193,
        "finish_acs_dispatch_time": 0.015973380999999343
    },
    "t_user_29": {
        "redirect_time": 0.0031613900000000417,
        "build_auth_time": 0.0008958359999999832,
        "login_time": 0.0022456470000000728,
        "acs_dispatch_time": 0.0037847639999997185,
        "finish_acs_dispatch_time": 0.01646176499999985
    },