{
    "t_user_1": {
        "redirect_time": 0.003023553000000012,
        "build_auth_time": 0.0008196830000000155,
        "login_time": 0.0021839920000000235,
        "acs_dispatch_time": 0.003226771999999656,
        "finish_acs_dispatch_time": 0.016075552000000215
    },
    "t_user_2": {
        "redirect_time": 0.003131212999999966,
        "build_auth_time": 0.0009107230000000022,
        "login_time": 0.0021996009999999955,
        "acs_dispatch_time": 0.0033074910000001623,
        "finish_acs_dispatch_time": 0.014580268999999646
    },
    "t_user_3": {
        "redirect_time": 0.003913415999999947,
        "build_auth_time": 0.001580393999999985,
        "login_time": 0.0023113719999999782,
        "acs_dispatch_time": 0.0034416830000001397,
        "finish_acs_dispatch_time": 0.015924908999999765
    },
    "t_user_4": {
        "redirect_time": 0.0032552039999999005,
        "build_auth_time": 0.0008729109999999762,
        "login_time": 0.002361273999999969,
        "acs_dispatch_time": 0.0027318659999999717,
        "finish_acs_dispatch_time": 0.015924153000000274
    },
    "t_user_5": {
        "redirect_time": 0.0031338980000000793,
        "build_auth_time": 0.0008810360000000017,
        "login_time": 0.002230931000000047,
        "acs_dispatch_time": 0.003334814999999658,
        "finish_acs_dispatch_time": 0.015578394999999912
    },
    "t_user_6": {
        "redirect_time": 0.0030548090000001027,
        "build_auth_time": 0.000828919000000039,
        "login_time": 0.002206724999999965,
        "acs_dispatch_time": 0.0034073990000003107,
        "finish_acs_dispatch_time": 0.015939427000000173
    },
    "t_user_7": {
        "redirect_time": 0.0031719789999999914,
        "build_auth_time": 0.000879395000000005,
        "login_time": 0.0022463889999999598,
        "acs_dispatch_time": 0.0033073200000002245,
        "finish_acs_dispatch_time": 0.01607204799999984
    },
    "t_user_8": {
        "redirect_time": 0.003182759999999951,
        "build_auth_time": 0.0009506670000000161,
        "login_time": 0.0022096919999999853,
        "acs_dispatch_time": 0.003151051000000127,
        "finish_acs_dispatch_time": 0.015527999000000126
    },
    "t_user_9": {
        "redirect_time": 0.0029990479999999486,
        "build_auth_time": 0.0008602789999999638,
        "login_time": 0.002119062000000005,
        "acs_dispatch_time": 0.003706363000000046,
        "finish_acs_dispatch_time": 0.019001076999999977
    },
    "t_user_10": {
        "redirect_time": 0.0030484379999999867,
        "build_auth_time": 0.0008486449999999257,
        "login_time": 0.0021812890000000307,
        "acs_dispatch_time": 0.0035154609999996644,
        "finish_acs_dispatch_time": 0.014883361999999956
    },
    "t_user_11": {
        "redirect_time": 0.0031567610000000634,
        "build_auth_time": 0.0008899540000000261,
        "login_time": 0.002244845999999967,
        "acs_dispatch_time": 0.0032868450000003158,
        "finish_acs_dispatch_time": 0.016770654000000107
    },
    "t_user_12": {
        "redirect_time": 0.003274441999999933,
        "build_auth_time": 0.0008136519999999425,
        "login_time": 0.002441794999999969,
        "acs_dispatch_time": 0.0031862460000002812,
        "finish_acs_dispatch_time": 0.015082127000000334
    },
    "t_user_13": {
        "redirect_time": 0.002993794999999966,
        "build_auth_time": 0.0008257329999999952,
        "login_time": 0.0021498479999999542,
        "acs_dispatch_time": 0.003054851999999997,
        "finish_acs_dispatch_time": 0.014560066000000038
    },
    "t_user_14": {
        "redirect_time": 0.0028510929999999712,
        "build_auth_time": 0.0007797090000000173,
        "login_time": 0.002054302000000008,
        "acs_dispatch_time": 0.003254441999999802,
        "finish_acs_dispatch_time": 0.01576412699999974
    },
    "t_user_15": {
        "redirect_time": 0.003037858999999976,
        "build_auth_time": 0.0008299809999999797,
        "login_time": 0.002188542000000071,
        "acs_dispatch_time": 0.003369823000000771,
        "finish_acs_dispatch_time": 0.015048076999999438
    },
    "t_user_16": {
        "redirect_time": 0.003144668000000017,
        "build_auth_time": 0.000993997999999996,
        "login_time": 0.0021312330000000657,
        "acs_dispatch_time": 0.003296493999999761,
        "finish_acs_dispatch_time": 0.01619907999999981
    },
    "t_user_17": {
        "redirect_time": 0.0030766309999998853,
        "build_auth_time": 0.0008478849999999927,
        "login_time": 0.0022091199999998423,
        "acs_dispatch_time": 0.002578098000000306,
        "finish_acs_dispatch_time": 0.016247789999999984
    },
    "t_user_18": {
        "redirect_time": 0.0030242439999998982,
        "build_auth_time": 0.0008598569999997974,
        "login_time": 0.0021453210000002,
        "acs_dispatch_time": 0.0028768869999997726,
        "finish_acs_dispatch_time": 0.015063890000000413
    },
    "t_user_19": {
        "redirect_time": 0.003149968000000003,
        "build_auth_time": 0.0008837710000000332,
        "login_time": 0.002245247999999922,
        "acs_dispatch_time": 0.003634066000000047,
        "finish_acs_dispatch_time": 0.017364183999999838
    },
    "t_user_20": {
        "redirect_time": 0.0030495400000001283,
        "build_auth_time": 0.000829100000000027,
        "login_time": 0.002201255000000124,
        "acs_dispatch_time": 0.003421996999999344,
        "finish_acs_dispatch_time": 0.016351535999999278
    },
    "t_user_21": {
        "redirect_time": 0.0031139490000000603,
        "build_auth_time": 0.0008384570000001812,
        "login_time": 0.0022546429999998896,
        "acs_dispatch_time": 0.00331682000000022,
        "finish_acs_dispatch_time": 0.016355497000000163
    },
    "t_user_22": {
        "redirect_time": 0.003011227000000005,
        "build_auth_time": 0.0008459899999999632,
        "login_time": 0.002143726999999984,
        "acs_dispatch_time": 0.0031703959999997977,
        "finish_acs_dispatch_time": 0.015725584999999764
    },
    "t_user_23": {
        "redirect_time": 0.003279028999999989,
        "build_auth_time": 0.0008442870000000546,
        "login_time": 0.002414022999999821,
        "acs_dispatch_time": 0.004140060000000112,
        "finish_acs_dispatch_time": 0.014762137999999148
    },
    "t_user_24": {
        "redirect_time": 0.003098350999999999,
        "build_auth_time": 0.0008828000000000724,
        "login_time": 0.002195844000000058,
        "acs_dispatch_time": 0.003326860999999681,
        "finish_acs_dispatch_time": 0.016028772000000302
    },
    "t_user_25": {
        "redirect_time": 0.0030716420000000966,
        "build_auth_time": 0.0008983789999998937,
        "login_time": 0.002154027000000003,
        "acs_dispatch_time": 0.0033089749999999363,
        "finish_acs_dispatch_time": 0.014984872000000315
    },
    "t_user_26": {
        "redirect_time": 0.0030314869999998884,
        "build_auth_time": 0.000832987999999979,
        "login_time": 0.0021804249999999303
    },
    "t_user_27": {
        "redirect_time": 0.0031626509999997943,
        "build_auth_time": 0.0008611399999998159,
        "login_time": 0.00228174400000003,
        "acs_dispatch_time": 0.0034771520000003164,
        "finish_acs_dispatch_time": 0.016426958999999464
    },
    "t_user_28": {
        "redirect_time": 0.0029071940000000573,
        "build_auth_time": 0.0007883630000000696,
        "login_time": 0.0021007969999999876,
        "acs_dispatch_time": 0.0032899699999999754,
        "finish_acs_dispatch_time": 0.01578420600000019
    },
    "t_user_29": {
        "redirect_time": 0.0030012710000000276,
        "build_auth_time": 0.0008368149999999908,
        "login_time": 0.0021464520000000764,
        "acs_dispatch_time": 0.0033489490000002675,
        "finish_acs_dispatch_time": 0.016198248000000248
    },
    "t_user_30": {
        "redirect_time": 0.0029972840000001,