{
    "t_user_1": {
        "redirect_time": 0.003091069000000002,
        "build_auth_time": 0.0008410529999999805,
        "login_time": 0.0022281049999999802,
        "acs_dispatch_time": 0.0033570469999997243,
        "finish_acs_dispatch_time": 0.01659133300000004
    },
    "t_user_2": {
        "redirect_time": 0.0032142279999999857,
        "build_auth_time": 0.0009257899999999819,
        "login_time": 0.0022653960000000306,
        "acs_dispatch_time": 0.0034401229999998506,
        "finish_acs_dispatch_time": 0.016588655000000063
    },
    "t_user_3": {
        "redirect_time": 0.0035917949999999532,
        "build_auth_time": 0.0013870929999999504,
        "login_time": 0.002183692000000015,
        "acs_dispatch_time": 0.003356081999999816,
        "finish_acs_dispatch_time": 0.015915829999999964
    },
    "t_user_4": {
        "redirect_time": 0.003047997999999996,
        "build_auth_time": 0.0008610700000000193,
        "login_time": 0.0021658079999999913,
        "acs_dispatch_time": 0.0035233559999996444,
        "finish_acs_dispatch_time": 0.017216230999999915
    },
    "t_user_5": {
        "redirect_time": 0.003306210999999948,
        "build_auth_time": 0.000894092000000013,
        "login_time": 0.0023901979999999545,
        "acs_dispatch_time": 0.0035016160000003183,
        "finish_acs_dispatch_time": 0.017001587000000207
    },
    "t_user_6": {
        "redirect_time": 0.0030966199999999944,
        "build_auth_time": 0.0008371059999999764,
        "login_time": 0.0022387560000000084,
        "acs_dispatch_time": 0.0032572989999999358,
        "finish_acs_dispatch_time": 0.015426079000000037
    },
    "t_user_7": {
        "redirect_time": 0.0031644849999999947,
        "build_auth_time": 0.0009264330000000598,
        "login_time": 0.002213967999999955,
        "acs_dispatch_time": 0.0029630819999999503,
        "finish_acs_dispatch_time": 0.016019363000000286
    },
    "t_user_8": {
        "redirect_time": 0.0031462119999999816,
        "build_auth_time": 0.0009397270000000013,
        "login_time": 0.0021773219999999815,
        "acs_dispatch_time": 0.0032450759999997913,
        "finish_acs_dispatch_time": 0.016102087000000154
    },
    "t_user_9": {
        "redirect_time": 0.0038270040000000227,
        "build_auth_time": 0.0015785809999999678,
        "login_time": 0.002225070000000051,
        "acs_dispatch_time": 0.003479543000000085,
        "finish_acs_dispatch_time": 0.019038766999999623
    },
    "t_user_10": {
        "redirect_time": 0.0030509009999999392,
        "build_auth_time": 0.000876346999999944,
        "login_time": 0.002153163999999985,
        "acs_dispatch_time": 0.003321269000000182,
        "finish_acs_dispatch_time": 0.01685252699999973
    },
    "t_user_11": {
        "redirect_time": 0.0031024069999999737,
        "build_auth_time": 0.0008663989999999622,
        "login_time": 0.0022126749999999973,
        "acs_dispatch_time": 0.003395838999999956,
        "finish_acs_dispatch_time": 0.017144549000000175
    },
    "t_user_12": {
        "redirect_time": 0.003384940000000003,
        "build_auth_time": 0.0011484179999999844,
        "login_time": 0.002213648999999984,
        "acs_dispatch_time": 0.003897955999999869,
        "finish_acs_dispatch_time": 0.02125758599999994
    },
    "t_user_14": {
        "redirect_time": 0.0030139450000000734,
        "build_auth_time": 0.000831224999999991,
        "login_time": 0.0021634940000000435,
        "acs_dispatch_time": 0.0031868820000000575,
        "finish_acs_dispatch_time": 0.01682662899999965
    },
    "t_user_13": {
        "redirect_time": 0.0028432840000000015,
        "build_auth_time": 0.0007956770000000501,
        "login_time": 0.002031836999999981,
        "acs_dispatch_time": 0.002781596000000164,
        "finish_acs_dispatch_time": 0.04749023500000016
    },
    "t_user_15": {
        "redirect_time": 0.003146821999999938,
        "build_auth_time": 0.0008638649999999082,
        "login_time": 0.0022596829999999013,
        "acs_dispatch_time": 0.003502328999999804,
        "finish_acs_dispatch_time": 0.016691435999999893
    },
    "t_user_16": {
        "redirect_time": 0.0031029289999999765,
        "build_auth_time": 0.0008798140000001453,
        "login_time": 0.0021991099999998376,
        "acs_dispatch_time": 0.003201956999999922,
        "finish_acs_dispatch_time": 0.016086338999999672
    },
    "t_user_17": {
        "redirect_time": 0.0036821839999998662,
        "build_auth_time": 0.0014468549999999691,
        "login_time": 0.0022129570000000154,
        "acs_dispatch_time": 0.003579745000000134,
        "finish_acs_dispatch_time": 0.016443282000000004
    },
    "t_user_18": {
        "redirect_time": 0.003000247999999983,
        "build_auth_time": 0.0008501399999998327,
        "login_time": 0.0021304120000000815,
        "acs_dispatch_time": 0.003494131000000067,
        "finish_acs_dispatch_time": 0.015692876999999772
    },
    "t_user_19": {
        "redirect_time": 0.0031718380000000934,
        "build_auth_time": 0.0009063240000000139,
        "login_time": 0.002242301000000113,
        "acs_dispatch_time": 0.0028846730000000598,
        "finish_acs_dispatch_time": 0.015431611999999983
    },
    "t_user_20": {
        "redirect_time": 0.003025714000000068,
        "build_auth_time": 0.0008588650000000975,
        "login_time": 0.00214784400000001,
        "acs_dispatch_time": 0.0035509579999999374,
        "finish_acs_dispatch_time": 0.01913577100000019
    },
    "t_user_21": {
        "redirect_time": 0.0030336619999999925,
        "build_auth_time": 0.000851662999999947,
        "login_time": 0.0021619920000000015,
        "acs_dispatch_time": 0.0033344520000002653,
        "finish_acs_dispatch_time": 0.01620338400000021
    },
    "t_user_22": {
        "redirect_time": 0.003018481999999878,
        "build_auth_time": 0.0008308829999998935,
        "login_time": 0.0021674320000000247,
        "acs_dispatch_time": 0.003241077000000203,
        "finish_acs_dispatch_time": 0.018348134000000016
    },
    "t_user_23": {
        "redirect_time": 0.003052306999999921,
        "build_auth_time": 0.0008550289999997851,
        "login_time": 0.0021786030000001677,
        "acs_dispatch_time": 0.0034373649999999145,
        "finish_acs_dispatch_time": 0.01645980899999966
    },
    "t_user_24": {
        "redirect_time": 0.003032310000000038,
        "build_auth_time": 0.0008442690000001196,
        "login_time": 0.00216596899999999,
        "acs_dispatch_time": 0.0035096509999998915,
        "finish_acs_dispatch_time": 0.016814765999999537
    },
    "t_user_25": {
        "redirect_time": 0.0030923299999998655,
        "build_auth_time": 0.0008889019999998027,
        "login_time": 0.0021825890000000125,
        "acs_dispatch_time": 0.003511451999999693,
        "finish_acs_dispatch_time": 0.01623691799999971
    },
    "t_user_26": {
        "redirect_time": 0.003185143000000057,
        "build_auth_time": 0.0008958240000001005,
        "login_time": 0.002265294999999945,
        "acs_dispatch_time": 0.00351562300000019,
        "finish_acs_dispatch_time": 0.016915440000000004
    },
    "t_user_27": {
        "redirect_time": 0.0032389260000000863,
        "build_auth_time": 0.0009213630000000084,
        "login_time": 0.002288056999999899,
        "acs_dispatch_time": 0.003478811999999998,
        "finish_acs_dispatch_time": 0.017881640000000587
    },
    "t_user_28": {
        "redirect_time": 0.0030188849999999157,
        "build_auth_time": 0.0008506310000000461,
        "login_time": 0.002149438999999864,
        "acs_dispatch_time": 0.003419320999999975,
        "finish_acs_dispatch_time": 0.015207303000000394
    },
    "t_user_29": {
        "redirect_time": 0.0031446959999998914,
        "build_auth_time": 0.0008926679999998743,
        "login_time": 0.0022333730000001495,
        "acs_dispatch_time": 0.0034465740000007017,
        "finish_acs_dispatch_time": 0.016844760999999764
    },