{
    "t_user_1": {
        "redirect_time": 0.003050873999999981,
        "build_auth_time": 0.0008381670000000008,
        "login_time": 0.002190605999999984,
        "acs_dispatch_time": 0.0027763160000002784,
        "finish_acs_dispatch_time": 0.016187525999999952
    },
    "t_user_2": {
        "redirect_time": 0.003047746000000018,
        "build_auth_time": 0.0008631239999999929,
        "login_time": 0.002164074000000016,
        "acs_dispatch_time": 0.0031067600000000972,
        "finish_acs_dispatch_time": 0.01574816400000012
    },
    "t_user_3": {
        "redirect_time": 0.0036221430000000776,
        "build_auth_time": 0.0014067600000000624,
        "login_time": 0.0021930000000000005,
        "acs_dispatch_time": 0.0033568950000000264,
        "finish_acs_dispatch_time": 0.01631935800000006
    },
    "t_user_4": {
        "redirect_time": 0.0030559000000000003,
        "build_auth_time": 0.0008489559999999008,
        "login_time": 0.002186175000000068,
        "acs_dispatch_time": 0.003721254999999868,
        "finish_acs_dispatch_time": 0.01918659999999983
    },
    "t_user_5": {
        "redirect_time": 0.0030636669999999366,
        "build_auth_time": 0.0008644559999999579,
        "login_time": 0.002178262000000042,
        "acs_dispatch_time": 0.0034207239999997086,
        "finish_acs_dispatch_time": 0.0158289439999999
    },
    "t_user_6": {
        "redirect_time": 0.0031533249999999846,
        "build_auth_time": 0.0008532850000000369,
        "login_time": 0.002278460999999954,
        "acs_dispatch_time": 0.0033794689999999683,
        "finish_acs_dispatch_time": 0.01556924900000034
    },
    "t_user_7": {
        "redirect_time": 0.00306921800000004,
        "build_auth_time": 0.0008684239999999788,
        "login_time": 0.0021794040000000514,
        "acs_dispatch_time": 0.003564361000000016,
        "finish_acs_dispatch_time": 0.019371443000000266
    },
    "t_user_8": {
        "redirect_time": 0.003088936000000042,
        "build_auth_time": 0.0008422860000000254,
        "login_time": 0.00222563099999995,
        "acs_dispatch_time": 0.0028643669999999233,
        "finish_acs_dispatch_time": 0.01625879500000016
    },
    "t_user_9": {
        "redirect_time": 0.0030687759999999953,
        "build_auth_time": 0.0009036700000000231,
        "login_time": 0.0021442069999999536,
        "acs_dispatch_time": 0.003212863999999982,
        "finish_acs_dispatch_time": 0.018724622000000135
    },
    "t_user_10": {
        "redirect_time": 0.002941798000000051,
        "build_auth_time": 0.0008178370000000434,
        "login_time": 0.002103592999999959,
        "acs_dispatch_time": 0.003446330000000053,
        "finish_acs_dispatch_time": 0.01598412199999988
    },
    "t_user_11": {
        "redirect_time": 0.002990308999999969,
        "build_auth_time": 0.0007960280000000042,
        "login_time": 0.0021736519999999704,
        "acs_dispatch_time": 0.003330325999999939,
        "finish_acs_dispatch_time": 0.016455297000000257
    },
    "t_user_12": {
        "redirect_time": 0.0034039529999999596,
        "build_auth_time": 0.001263861999999949,
        "login_time": 0.0021199830000000475,
        "acs_dispatch_time": 0.003303664999999789,
        "finish_acs_dispatch_time": 0.017086036999999443
    },
    "t_user_14": {
        "redirect_time": 0.003045924000000033,
        "build_auth_time": 0.0008363740000000286,
        "login_time": 0.0021893830000000447,
        "acs_dispatch_time": 0.0032781689999996644,
        "finish_acs_dispatch_time": 0.016244458999999267
    },
    "t_user_13": {
        "redirect_time": 0.0029626280000000227,
        "build_auth_time": 0.0008242310000000641,
        "login_time": 0.00211927199999995,
        "acs_dispatch_time": 0.003345324000000538,
        "finish_acs_dispatch_time": 0.016013390999999544
    },
    "t_user_15": {
        "redirect_time": 0.0031074789999999686,
        "build_auth_time": 0.0008644060000000398,
        "login_time": 0.0022213319999999648,
        "acs_dispatch_time": 0.0033444610000001873,
        "finish_acs_dispatch_time": 0.014595068000000211
    },
    "t_user_16": {
        "redirect_time": 0.0029730279999999887,
        "build_auth_time": 0.0008062879999999328,
        "login_time": 0.002146512000000156,
        "acs_dispatch_time": 0.003446992000000648,
        "finish_acs_dispatch_time": 0.015977739999999407
    },
    "t_user_17": {
        "redirect_time": 0.003089063000000003,
        "build_auth_time": 0.0008535650000001116,
        "login_time": 0.00221090200000007
    },
    "t_user_18": {
        "redirect_time": 0.002986724999999968,
        "build_auth_time": 0.0008036530000001818,
        "login_time": 0.002162453999999814,
        "acs_dispatch_time": 0.00331918800000075,
        "finish_acs_dispatch_time": 0.0176285389999995
    },
    "t_user_19": {
        "redirect_time": 0.003072363999999883,
        "build_auth_time": 0.000840882999999959,
        "login_time": 0.002206083999999997
    },
    "t_user_20": {
        "redirect_time": 0.003038327000000063,
        "build_auth_time": 0.0008404910000001653,
        "login_time": 0.002177026999999887
    },
    "t_user_21": {
        "redirect_time": 0.0035815249999999743,
        "build_auth_time": 0.001400277999999977,
        "login_time": 0.0021603480000000896,
        "acs_dispatch_time": 0.0033413429999997746,
        "finish_acs_dispatch_time": 0.017733676999999837
    },
    "t_user_22": {
        "redirect_time": 0.0033068430000000593,
        "build_auth_time": 0.0010659229999998576,
        "login_time": 0.0022139490000001594
    },
    "t_user_23": {
        "redirect_time": 0.0030369269999999116,
        "build_auth_time": 0.0008318350000000585,
        "login_time": 0.002184082999999948
    },
    "t_user_24": {
        "redirect_time": 0.0031020489999999956,
        "build_auth_time": 0.0008504389999999251,
        "login_time": 0.0022280660000000285
    },
    "t_user_25": {
        "redirect_time": 0.003075799999999962,
        "build_auth_time": 0.0008603199999999145,
        "login_time": 0.0021923770000000786
    },
    "t_user_26": {
        "redirect_time": 0.003083174000000133,
        "build_auth_time": 0.0008544580000000579,
        "login_time": 0.0022070750000000583,
        "acs_dispatch_time": 0.003236026999999808,
        "finish_acs_dispatch_time": 0.015640510999999968
    },
    "t_user_27": {
        "redirect_time": 0.003154797000000098,
        "build_auth_time": 0.0009100900000000856,
        "login_time": 0.0022191999999998657
    },
    "t_user_29": {
        "redirect_time": 0.003110394999999988,
        "build_auth_time": 0.0008601169999999936,
        "login_time": 0.002228828000000016
    },
    "t_user_28": {
        "redirect_time": 0.0030469550000000734,
        "build_auth_time": 0.0008522829999999537,
        "login_time": 0.0021732720000000594
    },
    "t_user_30": {
        "redirect_time": 0.003015454999999889,
        "build_auth_time": 0.000846221999999841,
        "login_time": 0.002148574000000014
    },
    "t_user_31": {
        "redirect_time": 0.003272273999999964,
        "build_auth_time": 0.0008448080000000857,
        "login_time": 0.002406256999999856,
        "acs_dispatch_time": 0.0034158770000001226,
        "finish_acs_dispatch_time": 0.016921578000000714
    },
    "t_user_32": {
        "redirect_time": 0.004023199000000144,
        "build_auth_time": 0.0015865850000000847,
        "login_time": 0.0024136919999999673,
        "acs_dispatch_time": 0.003359360999999339,
        "finish_acs_dispatch_time": 0.017258793999999966
    },
    "t_user_33": {
        "redirect_time": 0.0031746440000000042,
        "build_auth_time": 0.0008409619999998341,
        "login_time": 0.0023115410000000836,
        "acs_dispatch_time": 0.00325248800000022,
        "finish_acs_dispatch_time": 0.015890132
    },
    "t_user_34": {
        "redirect_time": 0.0031074099999999216,
        "build_auth_time": 0.0008729819999999666,