{
    "t_user_1": {
        "redirect_time": 0.0031421639999999473,
        "build_auth_time": 0.000890073999999963,
        "login_time": 0.002229538000000031,
        "acs_dispatch_time": 0.003361244000000152,
        "finish_acs_dispatch_time": 0.01695686899999993
    },
    "t_user_2": {
        "redirect_time": 0.0030266070000000145,
        "build_auth_time": 0.0008520419999999973,
        "login_time": 0.0021528749999999985,
        "acs_dispatch_time": 0.0031086089999998734,
        "finish_acs_dispatch_time": 0.01602537900000023
    },
    "t_user_3": {
        "redirect_time": 0.0036376799999999765,
        "build_auth_time": 0.0014203050000000106,
        "login_time": 0.002197016999999968,
        "acs_dispatch_time": 0.003293365999999409,
        "finish_acs_dispatch_time": 0.016098182999999544
    },
    "t_user_4": {
        "redirect_time": 0.0030453429999999226,
        "build_auth_time": 0.0008499989999999347,
        "login_time": 0.0021755370000000607,
        "acs_dispatch_time": 0.0033049450000000036,
        "finish_acs_dispatch_time": 0.01757301199999972
    },
    "t_user_5": {
        "redirect_time": 0.003111545999999965,
        "build_auth_time": 0.000886605999999901,
        "login_time": 0.002202728000000098,
        "acs_dispatch_time": 0.0033979890000006563,
        "finish_acs_dispatch_time": 0.016772824999999436
    },
    "t_user_6": {
        "redirect_time": 0.003042870000000031,
        "build_auth_time": 0.000853176000000011,
        "login_time": 0.0021692960000000427,
        "acs_dispatch_time": 0.00351141200000038,
        "finish_acs_dispatch_time": 0.01826654999999988
    },
    "t_user_7": {
        "redirect_time": 0.0031622820000000162,
        "build_auth_time": 0.0009047620000000034,
        "login_time": 0.002232553000000026,
        "acs_dispatch_time": 0.003306421000000004,
        "finish_acs_dispatch_time": 0.015266366000000087
    },
    "t_user_8": {
        "redirect_time": 0.003041583999999986,
        "build_auth_time": 0.000861519999999949,
        "login_time": 0.0021601669999999906,
        "acs_dispatch_time": 0.003234037000000356,
        "finish_acs_dispatch_time": 0.01627356300000038
    },
    "t_user_9": {
        "redirect_time": 0.00315910499999994,
        "build_auth_time": 0.0008747949999999838,
        "login_time": 0.0022374929999999793,
        "acs_dispatch_time": 0.0032506889999996957,
        "finish_acs_dispatch_time": 0.016512422000000804
    },
    "t_user_10": {
        "redirect_time": 0.0031017380000000205,
        "build_auth_time": 0.0008644360000000795,
        "login_time": 0.0022128869999999967,
        "acs_dispatch_time": 0.0034468450000000317,
        "finish_acs_dispatch_time": 0.017335264999999822
    },
    "t_user_11": {
        "redirect_time": 0.0030973499999999987,
        "build_auth_time": 0.0008791730000000664,
        "login_time": 0.002193891999999975,
        "acs_dispatch_time": 0.003598591000000262,
        "finish_acs_dispatch_time": 0.017497094999999963
    },
    "t_user_12": {
        "redirect_time": 0.0036013940000000355,
        "build_auth_time": 0.0014277890000000681,
        "login_time": 0.002153396999999946,
        "acs_dispatch_time": 0.0035111540000003494,
        "finish_acs_dispatch_time": 0.01638909299999991
    },
    "t_user_13": {
        "redirect_time": 0.0030888650000000517,
        "build_auth_time": 0.000886366999999999,
        "login_time": 0.002179054000000069,
        "acs_dispatch_time": 0.0033164279999997603,
        "finish_acs_dispatch_time": 0.015484617999999895
    },
    "t_user_14": {
        "redirect_time": 0.003054500000000071,
        "build_auth_time": 0.0008640450000000355,
        "login_time": 0.002167071999999992,
        "acs_dispatch_time": 0.003668515999999844,
        "finish_acs_dispatch_time": 0.04784415399999986
    },
    "t_user_15": {
        "redirect_time": 0.0031149429999999256,
        "build_auth_time": 0.0008812970000000586,
        "login_time": 0.002209139999999943,
        "acs_dispatch_time": 0.0037962669999997978,
        "finish_acs_dispatch_time": 0.015529831000000272
    },
    "t_user_16": {
        "redirect_time": 0.0031322980000001444,
        "build_auth_time": 0.0008851149999999919,
        "login_time": 0.0022248220000000707,
        "acs_dispatch_time": 0.0028221760000000096,
        "finish_acs_dispatch_time": 0.016091819000000118
    },
    "t_user_17": {
        "redirect_time": 0.0030861970000000127,
        "build_auth_time": 0.0008777000000002033,
        "login_time": 0.002187387999999846,
        "acs_dispatch_time": 0.0027434280000000477,
        "finish_acs_dispatch_time": 0.015150333999999877
    },
    "t_user_18": {
        "redirect_time": 0.003391670000000069,
        "build_auth_time": 0.0011330990000000263,
        "login_time": 0.0022350369999999398,
        "acs_dispatch_time": 0.003168512999999873,
        "finish_acs_dispatch_time": 0.01663799499999996
    },
    "t_user_19": {
        "redirect_time": 0.003064657999999998,
        "build_auth_time": 0.0008813579999999988,
        "login_time": 0.002163292999999955,
        "acs_dispatch_time": 0.0032434540000005896,
        "finish_acs_dispatch_time": 0.01685425100000071
    },
    "t_user_20": {
        "redirect_time": 0.0034216650000000737,
        "build_auth_time": 0.0012626090000000811,
        "login_time": 0.0021378770000000102,
        "acs_dispatch_time": 0.003559922999999632,
        "finish_acs_dispatch_time": 0.01646897600000008
    },
    "t_user_21": {
        "redirect_time": 0.003053439000000102,
        "build_auth_time": 0.0008507810000000227,
        "login_time": 0.0021824809999999584,
        "acs_dispatch_time": 0.003326307999999667,
        "finish_acs_dispatch_time": 0.016924234000000205
    },
    "t_user_22": {
        "redirect_time": 0.003207857000000036,
        "build_auth_time": 0.0009388949999999952,
        "login_time": 0.0022480629999999113,
        "acs_dispatch_time": 0.003464727000000334,
        "finish_acs_dispatch_time": 0.016980445000000177
    },
    "t_user_23": {
        "redirect_time": 0.0030073520000000187,
        "build_auth_time": 0.0008372650000001425,
        "login_time": 0.002149858999999976,
        "acs_dispatch_time": 0.0037736119999998152,
        "finish_acs_dispatch_time": 0.017254707999999397
    },
    "t_user_24": {
        "redirect_time": 0.003063774999999991,
        "build_auth_time": 0.0008504179999999639,
        "login_time": 0.0021918569999999082,
        "acs_dispatch_time": 0.00317907900000014,
        "finish_acs_dispatch_time": 0.015753458000000276
    },
    "t_user_25": {
        "redirect_time": 0.003102767999999978,
        "build_auth_time": 0.0009116239999999998,
        "login_time": 0.0021709160000000782,
        "acs_dispatch_time": 0.002863089999999957,
        "finish_acs_dispatch_time": 0.016016797999999888
    },
    "t_user_26": {
        "redirect_time": 0.0031853550000000563,
        "build_auth_time": 0.0008249110000000393,
        "login_time": 0.0023381620000000325,
        "acs_dispatch_time": 0.003456891999999989,
        "finish_acs_dispatch_time": 0.02016027999999981
    },
    "t_user_28": {
        "redirect_time": 0.0034045650000000816,
        "build_auth_time": 0.0011137720000000684,
        "login_time": 0.002266968000000036,
        "acs_dispatch_time": 0.003559828000000209,
        "finish_acs_dispatch_time": 0.016354882999999987
    },
    "t_user_27": {
        "redirect_time": 0.003198739000000117,
        "build_auth_time": 0.0008774010000001109,
        "login_time": 0.0022890579999998995,
        "acs_dispatch_time": 0.003282216999999754,
        "finish_acs_dispatch_time": 0.01662540800000034
    },
    "t_user_29": {
        "redirect_time": 0.0032260090000000297,
        "build_auth_time": 0.0008808060000000673,
        "login_time": 0.002325106000000021,
        "acs_dispatch_time": 0.0033033380000002666,
        "finish_acs_dispatch_time": 0.016541102000000585
    },