{
    "t_user_1": {
        "redirect_time": 0.003015708000000006,
        "build_auth_time": 0.0008421640000000341,
        "login_time": 0.0021526659999999698,
        "acs_dispatch_time": 0.003367545999999777,
        "finish_acs_dispatch_time": 0.016406195000000068
    },
    "t_user_2": {
        "redirect_time": 0.003009598000000002,
        "build_auth_time": 0.000847044000000019,
        "login_time": 0.002143378000000029,
        "acs_dispatch_time": 0.003100556000000143,
        "finish_acs_dispatch_time": 0.015571266999999889
    },
    "t_user_3": {
        "redirect_time": 0.0029989949999998933,
        "build_auth_time": 0.0008167169999999668,
        "login_time": 0.002160135999999979,
        "acs_dispatch_time": 0.003604377999999908,
        "finish_acs_dispatch_time": 0.017714534000000004
    },
    "t_user_4": {
        "redirect_time": 0.0030155779999999632,
        "build_auth_time": 0.0008238509999999311,
        "login_time": 0.002170616999999986,
        "acs_dispatch_time": 0.0030096290000001247,
        "finish_acs_dispatch_time": 0.015246045000000041
    },
    "t_user_5": {
        "redirect_time": 0.0035154130000000228,
        "build_auth_time": 0.0013104689999999808,
        "login_time": 0.0021841240000000095,
        "acs_dispatch_time": 0.003681674000000079,
        "finish_acs_dispatch_time": 0.01621436799999998
    },
    "t_user_6": {
        "redirect_time": 0.0030152159999999872,
        "build_auth_time": 0.0008205639999999681,
        "login_time": 0.0021740130000000857,
        "acs_dispatch_time": 0.0035063239999999496,
        "finish_acs_dispatch_time": 0.01591250600000027
    },
    "t_user_7": {
        "redirect_time": 0.003051956000000078,
        "build_auth_time": 0.0008481559999999888,
        "login_time": 0.002181769,
        "acs_dispatch_time": 0.003353498000000066,
        "finish_acs_dispatch_time": 0.015375397000000124
    },
    "t_user_8": {
        "redirect_time": 0.0030749069999999046,
        "build_auth_time": 0.0008608489999999414,
        "login_time": 0.002192497999999987,
        "acs_dispatch_time": 0.0034489770000001307,
        "finish_acs_dispatch_time": 0.018436401999999852
    },
    "t_user_9": {
        "redirect_time": 0.0034861539999999636,
        "build_auth_time": 0.0009205599999999592,
        "login_time": 0.002539395,
        "acs_dispatch_time": 0.003790334000000062,
        "finish_acs_dispatch_time": 0.017898721999999978
    },
    "t_user_10": {
        "redirect_time": 0.003040733999999934,
        "build_auth_time": 0.0008529849999999728,
        "login_time": 0.0021674010000000132,
        "acs_dispatch_time": 0.0038758730000001407,
        "finish_acs_dispatch_time": 0.015566524000000026
    },
    "t_user_11": {
        "redirect_time": 0.0031511109999999842,
        "build_auth_time": 0.0009112039999999988,
        "login_time": 0.00221431900000002,
        "acs_dispatch_time": 0.003650942000000157,
        "finish_acs_dispatch_time": 0.01961822599999996
    },
    "t_user_12": {
        "redirect_time": 0.0029656540000000398,
        "build_auth_time": 0.0008190519999999868,
        "login_time": 0.0021276070000000313,
        "acs_dispatch_time": 0.0033130030000001476,
        "finish_acs_dispatch_time": 0.016355938999999875
    },
    "t_user_13": {
        "redirect_time": 0.0029970799999999853,
        "build_auth_time": 0.0008288289999999199,
        "login_time": 0.002147913000000057,
        "acs_dispatch_time": 0.004025515000000368,
        "finish_acs_dispatch_time": 0.02039804799999967
    },
    "t_user_14": {
        "redirect_time": 0.003264553000000059,
        "build_auth_time": 0.0008295420000000719,
        "login_time": 0.0024142520000000056,
        "acs_dispatch_time": 0.0032301549999997903,
        "finish_acs_dispatch_time": 0.01630703000000011
    },
    "t_user_15": {
        "redirect_time": 0.0031363519999999534,
        "build_auth_time": 0.000846330999999978,
        "login_time": 0.002269422000000021,
        "acs_dispatch_time": 0.0034001549999995717,
        "finish_acs_dispatch_time": 0.019175487000000047
    },
    "t_user_16": {
        "redirect_time": 0.003114083999999906,
        "build_auth_time": 0.0008695659999999883,
        "login_time": 0.0022247109999999903,
        "acs_dispatch_time": 0.0033058289999998713,
        "finish_acs_dispatch_time": 0.016529918999999893
    },
    "t_user_17": {
        "redirect_time": 0.0030932020000000726,
        "build_auth_time": 0.0008740350000000507,
        "login_time": 0.0021980280000000185,
        "acs_dispatch_time": 0.0038259219999998706,
        "finish_acs_dispatch_time": 0.017723661000000668
    },
    "t_user_18": {
        "redirect_time": 0.003001269000000084,
        "build_auth_time": 0.0008378950000000884,
        "login_time": 0.002143556999999907,
        "acs_dispatch_time": 0.003326727999999335,
        "finish_acs_dispatch_time": 0.016047826999999515
    },
    "t_user_19": {
        "redirect_time": 0.0030322680000001156,
        "build_auth_time": 0.0008523140000000762,
        "login_time": 0.0021605069999999227,
        "acs_dispatch_time": 0.0035589109999998314,
        "finish_acs_dispatch_time": 0.01833055200000011
    },
    "t_user_20": {
        "redirect_time": 0.0030240340000000643,
        "build_auth_time": 0.0008531860000000613,
        "login_time": 0.0021514619999998263,
        "acs_dispatch_time": 0.004140289999999602,
        "finish_acs_dispatch_time": 0.018921736000000244
    },
    "t_user_21": {
        "redirect_time": 0.003072012999999929,
        "build_auth_time": 0.0008633639999999776,
        "login_time": 0.002197688999999947,
        "acs_dispatch_time": 0.0034571660000004556,
        "finish_acs_dispatch_time": 0.017016220999999554
    },
    "t_user_22": {
        "redirect_time": 0.003015387000000036,
        "build_auth_time": 0.0008451800000000009,
        "login_time": 0.0021506000000000025
    },
    "t_user_23": {
        "redirect_time": 0.002983658,
        "build_auth_time": 0.0008240309999998363,
        "login_time": 0.0021409920000001748
    },
    "t_user_24": {
        "redirect_time": 0.0030015310000000017,
        "build_auth_time": 0.0008350609999998593,
        "login_time": 0.002144419000000175,
        "acs_dispatch_time": 0.0039967680000003725,
        "finish_acs_dispatch_time": 0.015299838000000676
    },
    "t_user_25": {
        "redirect_time": 0.003024994000000003,
        "build_auth_time": 0.000818320000000039,
        "login_time": 0.0021872080000000516,
        "acs_dispatch_time": 0.0034515409999995583,
        "finish_acs_dispatch_time": 0.017484589000000383
    },
    "t_user_26": {
        "redirect_time": 0.0031155849999999763,
        "build_auth_time": 0.0008914660000001184,
        "login_time": 0.002202948999999954
    },
    "t_user_27": {
        "redirect_time": 0.0030160580000000436,
        "build_auth_time": 0.000819091000000105,
        "login_time": 0.0021765990000000013
    },
    "t_user_28": {
        "redirect_time": 0.0028325149999999244,
        "build_auth_time": 0.0007857679999998535,
        "login_time": 0.002030117000000109,
        "acs_dispatch_time": 0.0033886409999999145,
        "finish_acs_dispatch_time": 0.016986146999999896
    },
    "t_user_29": {
        "redirect_time": 0.0030935420000000047,
        "build_auth_time": 0.0008469829999999678,
        "login_time": 0.0022262010000000387
    },
    "t_user_30": {
        "redirect_time": 0.0029797899999999267,
        "build_auth_time": 0.0007932330000000043,
        "login_time": 0.002166138999999845
    },
    "t_user_31": {
        "redirect_time": 0.00303835100000005,
        "build_auth_time": 0.00083505099999992,
        "login_time": 0.002181678999999992,
        "acs_dispatch_time": 0.0031289570000003764,
        "finish_acs_dispatch_time": 0.01669941199999947
    },
    "t_user_32": {
        "redirect_time": 0.0030995850000001823,
        "build_auth_time": 0.0008646970000001364,