{
    "t_user_1": {
        "redirect_time": 0.003070119000000038,
        "build_auth_time": 0.0008413429999999944,
        "login_time": 0.0022053320000000043,
        "acs_dispatch_time": 0.003155408999999665,
        "finish_acs_dispatch_time": 0.016067997999999584
    },
    "t_user_2": {
        "redirect_time": 0.00297089300000003,
        "build_auth_time": 0.0008297919999999959,
        "login_time": 0.0021234180000000435,
        "acs_dispatch_time": 0.0034675440000002666,
        "finish_acs_dispatch_time": 0.017361347999999666
    },
    "t_user_3": {
        "redirect_time": 0.003011600999999975,
        "build_auth_time": 0.0008460209999999746,
        "login_time": 0.002146022999999997,
        "acs_dispatch_time": 0.003775556999999985,
        "finish_acs_dispatch_time": 0.0188674019999997
    },
    "t_user_4": {
        "redirect_time": 0.003579039000000006,
        "build_auth_time": 0.0013799279999999747,
        "login_time": 0.002178912999999949,
        "acs_dispatch_time": 0.0033308070000002132,
        "finish_acs_dispatch_time": 0.015972371999999346
    },
    "t_user_5": {
        "redirect_time": 0.0030631849999999128,
        "build_auth_time": 0.0008876700000000071,
        "login_time": 0.002154956999999902,
        "acs_dispatch_time": 0.003551128999999875,
        "finish_acs_dispatch_time": 0.01687751799999937
    },
    "t_user_6": {
        "redirect_time": 0.003150778999999937,
        "build_auth_time": 0.0008532439999999752,
        "login_time": 0.0022766459999999933,
        "acs_dispatch_time": 0.0029218030000004447,
        "finish_acs_dispatch_time": 0.016160436999999916
    },
    "t_user_7": {
        "redirect_time": 0.003204802999999923,
        "build_auth_time": 0.0009839509999999274,
        "login_time": 0.002198670000000069,
        "acs_dispatch_time": 0.0033593310000004095,
        "finish_acs_dispatch_time": 0.016660844999999647
    },
    "t_user_8": {
        "redirect_time": 0.0030741070000001036,
        "build_auth_time": 0.0008686640000000745,
        "login_time": 0.0021808669999999752,
        "acs_dispatch_time": 0.0040159280000002795,
        "finish_acs_dispatch_time": 0.021508557000000206
    },
    "t_user_9": {
        "redirect_time": 0.0030732970000000304,
        "build_auth_time": 0.0008689850000000998,
        "login_time": 0.002182720999999943,
        "acs_dispatch_time": 0.0034742940000001,
        "finish_acs_dispatch_time": 0.019433697000000194
    },
    "t_user_10": {
        "redirect_time": 0.00305851800000001,
        "build_auth_time": 0.0008595169999999763,
        "login_time": 0.0021791930000000237,
        "acs_dispatch_time": 0.003317199999999687,
        "finish_acs_dispatch_time": 0.016802993000000654
    },
    "t_user_11": {
        "redirect_time": 0.003022749999999963,
        "build_auth_time": 0.0008667799999999559,
        "login_time": 0.002134990000000059,
        "acs_dispatch_time": 0.0033287199999998407,
        "finish_acs_dispatch_time": 0.01695099399999922
    },
    "t_user_12": {
        "redirect_time": 0.003128980000000059,
        "build_auth_time": 0.0008662289999999961,
        "login_time": 0.0022386760000000505,
        "acs_dispatch_time": 0.0034646669999993662,
        "finish_acs_dispatch_time": 0.015937822999999796
    },
    "t_user_13": {
        "redirect_time": 0.003197225999999942,
        "build_auth_time": 0.0009568589999999766,
        "login_time": 0.0022161519999999157,
        "acs_dispatch_time": 0.0033442529999998527,
        "finish_acs_dispatch_time": 0.017307365999999824
    },
    "t_user_14": {
        "redirect_time": 0.003302993000000032,
        "build_auth_time": 0.0008719289999999935,
        "login_time": 0.0024083520000000025,
        "acs_dispatch_time": 0.003289952999999901,
        "finish_acs_dispatch_time": 0.01576076000000004
    },
    "t_user_15": {
        "redirect_time": 0.0031065960000000725,
        "build_auth_time": 0.0008608279999999802,
        "login_time": 0.0022248090000001053,
        "acs_dispatch_time": 0.0027500740000001578,
        "finish_acs_dispatch_time": 0.015567363999999806
    },
    "t_user_16": {
        "redirect_time": 0.0030089240000001904,
        "build_auth_time": 0.0008421430000000729,
        "login_time": 0.002146052000000065,
        "acs_dispatch_time": 0.003286514000000018,
        "finish_acs_dispatch_time": 0.015957649000000185
    },
    "t_user_17": {
        "redirect_time": 0.002933874000000003,
        "build_auth_time": 0.0008236389999998206,
        "login_time": 0.0020907590000001086,
        "acs_dispatch_time": 0.0028099489999999783,
        "finish_acs_dispatch_time": 0.015112784000000268
    },
    "t_user_18": {
        "redirect_time": 0.0031303420000001747,
        "build_auth_time": 0.0008512320000000351,
        "login_time": 0.0022585610000001033,
        "acs_dispatch_time": 0.003478673000000043,
        "finish_acs_dispatch_time": 0.01581646499999989
    },
    "t_user_19": {
        "redirect_time": 0.0031316740000000287,
        "build_auth_time": 0.0008787640000000874,
        "login_time": 0.0022298970000000917,
        "acs_dispatch_time": 0.003190904999999855,
        "finish_acs_dispatch_time": 0.01936198400000011
    },
    "t_user_20": {
        "redirect_time": 0.003086700000000109,
        "build_auth_time": 0.0008562510000000856,
        "login_time": 0.0022082070000000176,
        "acs_dispatch_time": 0.0029532489999999356,
        "finish_acs_dispatch_time": 0.01685143499999997
    },
    "t_user_21": {
        "redirect_time": 0.00308516499999989,
        "build_auth_time": 0.0008784219999999898,
        "login_time": 0.0021868959999999937,
        "acs_dispatch_time": 0.0033458830000001605,
        "finish_acs_dispatch_time": 0.015929458000000007
    },
    "t_user_22": {
        "redirect_time": 0.0031000329999999465,
        "build_auth_time": 0.0008537760000000283,
        "login_time": 0.002223875999999958,
        "acs_dispatch_time": 0.0033080699999996632,
        "finish_acs_dispatch_time": 0.017488482000000083
    },
    "t_user_23": {
        "redirect_time": 0.0031215250000000694,
        "build_auth_time": 0.0008870480000000569,
        "login_time": 0.0022135679999999436,
        "acs_dispatch_time": 0.0028441460000001584,
        "finish_acs_dispatch_time": 0.015509312999999914
    },
    "t_user_24": {
        "redirect_time": 0.003050081000000038,
        "build_auth_time": 0.0008566020000000396,
        "login_time": 0.002173972000000024,
        "acs_dispatch_time": 0.0032293789999999767,
        "finish_acs_dispatch_time": 0.015571356999999786
    },
    "t_user_25": {
        "redirect_time": 0.0030864980000000486,
        "build_auth_time": 0.0008525429999999279,
        "login_time": 0.002210250999999941,
        "acs_dispatch_time": 0.0035292360000003242,
        "finish_acs_dispatch_time": 0.01688794899999957
    },
    "t_user_26": {
        "redirect_time": 0.0030257449999999686,
        "build_auth_time": 0.0008310940000000322,
        "login_time": 0.002173071000000082,
        "acs_dispatch_time": 0.003350844000000297,
        "finish_acs_dispatch_time": 0.01694401000000001
    },
    "t_user_27": {
        "redirect_time": 0.0030908960000000096,
        "build_auth_time": 0.0008383059999998999,
        "login_time": 0.002232111000000092,
        "acs_dispatch_time": 0.003666332999999966,
        "finish_acs_dispatch_time": 0.015306047000000156
    },
    "t_user_28": {
        "redirect_time": 0.0031597679999999517,
        "build_auth_time": 0.0008675419999999434,
        "login_time": 0.0022632520000001044,
        "acs_dispatch_time": 0.002902643999999732,
        "finish_acs_dispatch_time": 0.015158494999999661
    },
    "t_user_29": {
        "redirect_time": 0.003137826999999982,
        "build_auth_time": 0.0008700059999999787,
        "login_time": 0.002246852000000077,
        "acs_dispatch_time": 0.003330814999999987,
        "finish_acs_dispatch_time": 0.01596273100000012
    },