{
    "t_user_1": {
        "redirect_time": 0.0030254639999999777,
        "build_auth_time": 0.0008077400000000012,
        "login_time": 0.0021974570000000138,
        "acs_dispatch_time": 0.003369077000000331,
        "finish_acs_dispatch_time": 0.01699983199999977
    },
    "t_user_2": {
        "redirect_time": 0.0030362239999999763,
        "build_auth_time": 0.0008411830000000231,
        "login_time": 0.002173058999999977,
        "acs_dispatch_time": 0.0032793599999996204,
        "finish_acs_dispatch_time": 0.015835211000000626
    },
    "t_user_3": {
        "redirect_time": 0.0036610929999999486,
        "build_auth_time": 0.0014304339999999804,
        "login_time": 0.0022082569999999357,
        "acs_dispatch_time": 0.0034721200000005226,
        "finish_acs_dispatch_time": 0.01720330499999978
    },
    "t_user_4": {
        "redirect_time": 0.0030714210000000186,
        "build_auth_time": 0.0008440170000000302,
        "login_time": 0.002206425000000012,
        "acs_dispatch_time": 0.0031282370000003112,
        "finish_acs_dispatch_time": 0.015549584000000394
    },
    "t_user_5": {
        "redirect_time": 0.0031684309999999716,
        "build_auth_time": 0.0008805459999999821,
        "login_time": 0.002262727999999936,
        "acs_dispatch_time": 0.0027742379999997624,
        "finish_acs_dispatch_time": 0.015999962000000423
    },
    "t_user_6": {
        "redirect_time": 0.00326336100000002,
        "build_auth_time": 0.0008505619999999992,
        "login_time": 0.00239263199999995,
        "acs_dispatch_time": 0.002984990999999937,
        "finish_acs_dispatch_time": 0.015275962000000476
    },
    "t_user_7": {
        "redirect_time": 0.0033239430000000514,
        "build_auth_time": 0.0011241810000000019,
        "login_time": 0.002178652999999975,
        "acs_dispatch_time": 0.003471519999999728,
        "finish_acs_dispatch_time": 0.015526477999999955
    },
    "t_user_8": {
        "redirect_time": 0.003017167999999959,
        "build_auth_time": 0.0008487560000000061,
        "login_time": 0.0021471619999999803,
        "acs_dispatch_time": 0.003426064999999312,
        "finish_acs_dispatch_time": 0.017336821999999863
    },
    "t_user_9": {
        "redirect_time": 0.00301461599999997,
        "build_auth_time": 0.0008325359999999948,
        "login_time": 0.002158435999999986,
        "acs_dispatch_time": 0.002997352999999592,
        "finish_acs_dispatch_time": 0.015419614999999887
    },
    "t_user_10": {
        "redirect_time": 0.003060921999999966,
        "build_auth_time": 0.0008796239999999678,
        "login_time": 0.0021595269999999944,
        "acs_dispatch_time": 0.003356454999999592,
        "finish_acs_dispatch_time": 0.01659874799999983
    },
    "t_user_11": {
        "redirect_time": 0.003032821000000019,
        "build_auth_time": 0.0008486580000000021,
        "login_time": 0.002163475000000026,
        "acs_dispatch_time": 0.0033497490000007346,
        "finish_acs_dispatch_time": 0.017559155000000715
    },
    "t_user_12": {
        "redirect_time": 0.002997150000000004,
        "build_auth_time": 0.0008202330000000035,
        "login_time": 0.002157761999999952,
        "acs_dispatch_time": 0.0033715020000002482,
        "finish_acs_dispatch_time": 0.016693281000000226
    },
    "t_user_14": {
        "redirect_time": 0.003121123999999975,
        "build_auth_time": 0.0008438189999999679,
        "login_time": 0.002257327000000031,
        "acs_dispatch_time": 0.0032676890000002956,
        "finish_acs_dispatch_time": 0.01482787200000013
    },
    "t_user_13": {
        "redirect_time": 0.003176215999999954,
        "build_auth_time": 0.0009336149999999988,
        "login_time": 0.002219728000000032,
        "acs_dispatch_time": 0.003347488000000176,
        "finish_acs_dispatch_time": 0.016713670999999763
    },
    "t_user_15": {
        "redirect_time": 0.0030488699999999813,
        "build_auth_time": 0.0008591249999998496,
        "login_time": 0.0021681640000001945,
        "acs_dispatch_time": 0.0034790939999993498,
        "finish_acs_dispatch_time": 0.016841211000000023
    },
    "t_user_16": {
        "redirect_time": 0.0031721599999998684,
        "build_auth_time": 0.0009133179999998298,
        "login_time": 0.0022349370000001034,
        "acs_dispatch_time": 0.003374077000000142,
        "finish_acs_dispatch_time": 0.015459182999999932
    },
    "t_user_17": {
        "redirect_time": 0.0031476960000000886,
        "build_auth_time": 0.0009296990000000616,
        "login_time": 0.002196035999999957,
        "acs_dispatch_time": 0.0028460820000000275,
        "finish_acs_dispatch_time": 0.016412702000000223
    },
    "t_user_18": {
        "redirect_time": 0.00311076499999996,
        "build_auth_time": 0.0008592560000000304,
        "login_time": 0.002228936999999931,
        "acs_dispatch_time": 0.0032725000000000115,
        "finish_acs_dispatch_time": 0.01672701099999996
    },
    "t_user_19": {
        "redirect_time": 0.003064237999999886,
        "build_auth_time": 0.0008457109999999712,
        "login_time": 0.0021976179999998458,
        "acs_dispatch_time": 0.003509699999999949,
        "finish_acs_dispatch_time": 0.015236524999999723
    },
    "t_user_20": {
        "redirect_time": 0.0030683369999999766,
        "build_auth_time": 0.0008541269999999823,
        "login_time": 0.002193109999999887,
        "acs_dispatch_time": 0.00335906099999983,
        "finish_acs_dispatch_time": 0.0161967289999998
    },
    "t_user_21": {
        "redirect_time": 0.0032372629999999347,
        "build_auth_time": 0.0009227949999999208,
        "login_time": 0.002290233000000086,
        "acs_dispatch_time": 0.0030919210000002195,
        "finish_acs_dispatch_time": 0.017635646000000005
    },
    "t_user_22": {
        "redirect_time": 0.0031006740000001365,
        "build_auth_time": 0.0008814169999999955,
        "login_time": 0.0021971660000001947,
        "acs_dispatch_time": 0.0026599510000000492,
        "finish_acs_dispatch_time": 0.014648628999999858
    },
    "t_user_23": {
        "redirect_time": 0.003075047000000053,
        "build_auth_time": 0.0008716390000000906,
        "login_time": 0.0021836610000001144,
        "acs_dispatch_time": 0.003697979000000018,
        "finish_acs_dispatch_time": 0.014738535000000219
    },
    "t_user_24": {
        "redirect_time": 0.0032861829999999426,
        "build_auth_time": 0.0010863299999999132,
        "login_time": 0.002178222000000174,
        "acs_dispatch_time": 0.002616101000000093,
        "finish_acs_dispatch_time": 0.015389276000000063
    },
    "t_user_25": {
        "redirect_time": 0.0030562040000001733,
        "build_auth_time": 0.0008842030000000278,
        "login_time": 0.002151322000000011,
        "acs_dispatch_time": 0.003154706000000118,
        "finish_acs_dispatch_time": 0.015767445999999907
    },
    "t_user_26": {
        "redirect_time": 0.002971473999999974,
        "build_auth_time": 0.0008119980000000915,
        "login_time": 0.0021403709999998632,
        "acs_dispatch_time": 0.003474054999999865,
        "finish_acs_dispatch_time": 0.016358815999999887
    },
    "t_user_28": {
        "redirect_time": 0.0030342119999999806,
        "build_auth_time": 0.0008628539999999685,
        "login_time": 0.002150990000000075,
        "acs_dispatch_time": 0.0032548249999999612,
        "finish_acs_dispatch_time": 0.01609473699999997
    },
    "t_user_27": {
        "redirect_time": 0.0028599069999999394,
        "build_auth_time": 0.0007825529999998526,
        "login_time": 0.0020618949999999803,
        "acs_dispatch_time": 0.0031875179999998338,
        "finish_acs_dispatch_time": 0.015885321999999924
    },
    "t_user_29": {
        "redirect_time": 0.003018782999999914,
        "build_auth_time": 0.0008383969999998797,
        "login_time": 0.0021606990000000437,
        "acs_dispatch_time": 0.003691397999999957,
        "finish_acs_dispatch_time": 0.02140259500000008
    },