{
    "t_user_1": {
        "redirect_time": 0.003143626999999982,
        "build_auth_time": 0.0008292000000000299,
        "login_time": 0.002292695999999983,
        "acs_dispatch_time": 0.00268314500000022,
        "finish_acs_dispatch_time": 0.015725943000000076
    },
    "t_user_2": {
        "redirect_time": 0.003057175000000023,
        "build_auth_time": 0.0008754470000000292,
        "login_time": 0.0021611200000000164,
        "acs_dispatch_time": 0.0034669400000000294,
        "finish_acs_dispatch_time": 0.015539511000000061
    },
    "t_user_3": {
        "redirect_time": 0.003581604999999932,
        "build_auth_time": 0.001384947999999997,
        "login_time": 0.002175386999999973,
        "acs_dispatch_time": 0.003288063999999924,
        "finish_acs_dispatch_time": 0.01534665699999982
    },
    "t_user_4": {
        "redirect_time": 0.0031837140000000597,
        "build_auth_time": 0.0009230270000000207,
        "login_time": 0.002236310999999991,
        "acs_dispatch_time": 0.0031377030000001582,
        "finish_acs_dispatch_time": 0.015622009999999964
    },
    "t_user_5": {
        "redirect_time": 0.0030512830000000157,
        "build_auth_time": 0.0008747650000000551,
        "login_time": 0.0021554289999999865,
        "acs_dispatch_time": 0.0032689420000000524,
        "finish_acs_dispatch_time": 0.016406554000000018
    },
    "t_user_6": {
        "redirect_time": 0.0032843009999999895,
        "build_auth_time": 0.001020709000000064,
        "login_time": 0.002240096999999941,
        "acs_dispatch_time": 0.0030043630000000654,
        "finish_acs_dispatch_time": 0.016105313000000177
    },
    "t_user_7": {
        "redirect_time": 0.003065110000000093,
        "build_auth_time": 0.0008479359999999936,
        "login_time": 0.0021950920000000096,
        "acs_dispatch_time": 0.0035129349999998283,
        "finish_acs_dispatch_time": 0.015929193999999924
    },
    "t_user_8": {
        "redirect_time": 0.004097256999999965,
        "build_auth_time": 0.001617223000000001,
        "login_time": 0.0024544260000000095,
        "acs_dispatch_time": 0.0038240369999997803,
        "finish_acs_dispatch_time": 0.020582761000000005
    },
    "t_user_9": {
        "redirect_time": 0.003207726999999938,
        "build_auth_time": 0.0009211619999999199,
        "login_time": 0.0022606769999999887,
        "acs_dispatch_time": 0.0031395260000000036,
        "finish_acs_dispatch_time": 0.01541128500000033
    },
    "t_user_10": {
        "redirect_time": 0.003007882999999989,
        "build_auth_time": 0.0008305419999999897,
        "login_time": 0.0021571630000000175,
        "acs_dispatch_time": 0.003410185000000787,
        "finish_acs_dispatch_time": 0.016448648999999982
    },
    "t_user_11": {
        "redirect_time": 0.003141504999999989,
        "build_auth_time": 0.0009274340000000603,
        "login_time": 0.0021920799999999296,
        "acs_dispatch_time": 0.003064151000000237,
        "finish_acs_dispatch_time": 0.015288972000000012
    },
    "t_user_12": {
        "redirect_time": 0.00295160800000005,
        "build_auth_time": 0.000818150000000073,
        "login_time": 0.002113659999999906,
        "acs_dispatch_time": 0.0032008760000001857,
        "finish_acs_dispatch_time": 0.015660698999999667
    },
    "t_user_13": {
        "redirect_time": 0.0031077769999999783,
        "build_auth_time": 0.000868071999999942,
        "login_time": 0.0022190170000000453,
        "acs_dispatch_time": 0.0032093999999993628,
        "finish_acs_dispatch_time": 0.01630651400000005
    },
    "t_user_14": {
        "redirect_time": 0.0029632869999999256,
        "build_auth_time": 0.0008205439999999786,
        "login_time": 0.0021238780000000235,
        "acs_dispatch_time": 0.0031558189999998376,
        "finish_acs_dispatch_time": 0.015733286000000124
    },
    "t_user_15": {
        "redirect_time": 0.003144668000000017,
        "build_auth_time": 0.0009245489999998302,
        "login_time": 0.0021995710000000113,
        "acs_dispatch_time": 0.0034730029999998635,
        "finish_acs_dispatch_time": 0.017899756999999905
    },
    "t_user_16": {
        "redirect_time": 0.0038674800000000342,
        "build_auth_time": 0.0015937589999999169,
        "login_time": 0.002245849000000133,
        "acs_dispatch_time": 0.002910620000000197,
        "finish_acs_dispatch_time": 0.015038278000000016
    },
    "t_user_17": {
        "redirect_time": 0.003582756999999992,
        "build_auth_time": 0.0011224879999998105,
        "login_time": 0.0024371050000000505,
        "acs_dispatch_time": 0.0033545390000000452,
        "finish_acs_dispatch_time": 0.016106757999999388
    },
    "t_user_18": {
        "redirect_time": 0.003074345000000145,
        "build_auth_time": 0.0008689640000001386,
        "login_time": 0.002184752000000012,
        "acs_dispatch_time": 0.0033686260000003188,
        "finish_acs_dispatch_time": 0.016522412000000486
    },
    "t_user_19": {
        "redirect_time": 0.003058876000000099,
        "build_auth_time": 0.0008466309999999311,
        "login_time": 0.0021918170000001513,
        "acs_dispatch_time": 0.003200932999999573,
        "finish_acs_dispatch_time": 0.016793758999999575
    },
    "t_user_20": {
        "redirect_time": 0.003107560999999981,
        "build_auth_time": 0.0008486060000001405,
        "login_time": 0.0022391889999999748,
        "acs_dispatch_time": 0.0033718050000004496,
        "finish_acs_dispatch_time": 0.017000263999999987
    },
    "t_user_21": {
        "redirect_time": 0.003100375000000044,
        "build_auth_time": 0.0008659790000000722,
        "login_time": 0.0022156609999999244,
        "acs_dispatch_time": 0.003361160999999946,
        "finish_acs_dispatch_time": 0.015902488000000048
    },
    "t_user_22": {
        "redirect_time": 0.0030693070000000766,
        "build_auth_time": 0.0008759970000000727,
        "login_time": 0.002172179999999857,
        "acs_dispatch_time": 0.003394778999999737,
        "finish_acs_dispatch_time": 0.016580262000000623
    },
    "t_user_23": {
        "redirect_time": 0.00308149000000002,
        "build_auth_time": 0.0008925989999999384,
        "login_time": 0.0021684029999999854,
        "acs_dispatch_time": 0.0034966380000005515,
        "finish_acs_dispatch_time": 0.017703909999999823
    },
    "t_user_24": {
        "redirect_time": 0.003031817999999964,
        "build_auth_time": 0.0008366239999999525,
        "login_time": 0.002176159000000011,
        "acs_dispatch_time": 0.00317064800000022,
        "finish_acs_dispatch_time": 0.015957262999999777
    },
    "t_user_25": {
        "redirect_time": 0.003029353000000068,
        "build_auth_time": 0.000850699999999982,
        "login_time": 0.00215877600000014,
        "acs_dispatch_time": 0.0032393170000002414,
        "finish_acs_dispatch_time": 0.016095178999999682
    },
    "t_user_26": {
        "redirect_time": 0.0029453880000001043,
        "build_auth_time": 0.0008087820000000079,
        "login_time": 0.0021048759999999778,
        "acs_dispatch_time": 0.0035571579999995606,
        "finish_acs_dispatch_time": 0.017328039999999767
    },
    "t_user_27": {
        "redirect_time": 0.0030164809999999598,
        "build_auth_time": 0.0008267470000000721,
        "login_time": 0.0021709079999998604,
        "acs_dispatch_time": 0.0034217480000000577,
        "finish_acs_dispatch_time": 0.016236775000000314
    },
    "t_user_28": {
        "redirect_time": 0.003005087999999878,
        "build_auth_time": 0.0008021899999999249,
        "login_time": 0.002182761000000033,
        "acs_dispatch_time": 0.003251308000000286,
        "finish_acs_dispatch_time": 0.016108835999999904
    },
    "t_user_29": {
        "redirect_time": 0.003069887999999965,
        "build_auth_time": 0.000845519999999933,
        "login_time": 0.0022052020000000727,
        "acs_dispatch_time": 0.003313125000000028,
        "finish_acs_dispatch_time": 0.01626277300000023
    },