{
    "t_user_1": {
        "redirect_time": 0.00314542000000001,
        "build_auth_time": 0.0009079679999999812,
        "login_time": 0.0022176349999999956,
        "acs_dispatch_time": 0.0034289100000002293,
        "finish_acs_dispatch_time": 0.016246685999999677
    },
    "t_user_2": {
        "redirect_time": 0.0030453119999999667,
        "build_auth_time": 0.0008478949999999874,
        "login_time": 0.002177631000000013,
        "acs_dispatch_time": 0.0034511429999999343,
        "finish_acs_dispatch_time": 0.016980898000000355
    },
    "t_user_3": {
        "redirect_time": 0.0032507440000000276,
        "build_auth_time": 0.0008783810000000392,
        "login_time": 0.002352075000000009,
        "acs_dispatch_time": 0.0038511679999997384,
        "finish_acs_dispatch_time": 0.021891802000000293
    },
    "t_user_4": {
        "redirect_time": 0.0029407959999999678,
        "build_auth_time": 0.0008158339999999598,
        "login_time": 0.00210736899999997,
        "acs_dispatch_time": 0.0033952870000000246,
        "finish_acs_dispatch_time": 0.016439541000000446
    },
    "t_user_5": {
        "redirect_time": 0.0034650970000000836,
        "build_auth_time": 0.001330537000000076,
        "login_time": 0.0021164670000000108,
        "acs_dispatch_time": 0.0033978979999997883,
        "finish_acs_dispatch_time": 0.017082421999999653
    },
    "t_user_6": {
        "redirect_time": 0.0030361669999999785,
        "build_auth_time": 0.0008110060000000585,
        "login_time": 0.002203681000000013,
        "acs_dispatch_time": 0.003942800999999996,
        "finish_acs_dispatch_time": 0.018439890000000236
    },
    "t_user_7": {
        "redirect_time": 0.0029913710000000204,
        "build_auth_time": 0.0008306719999999768,
        "login_time": 0.002141313000000089,
        "acs_dispatch_time": 0.003170887000000455,
        "finish_acs_dispatch_time": 0.015594672000000642
    },
    "t_user_8": {
        "redirect_time": 0.002942390999999933,
        "build_auth_time": 0.0008158749999999104,
        "login_time": 0.0021091230000001016,
        "acs_dispatch_time": 0.003287094000000046,
        "finish_acs_dispatch_time": 0.015370770000000089
    },
    "t_user_9": {
        "redirect_time": 0.0030109480000000133,
        "build_auth_time": 0.0008341579999999738,
        "login_time": 0.0021576739999999983,
        "acs_dispatch_time": 0.0034352899999996467,
        "finish_acs_dispatch_time": 0.01645580400000002
    },
    "t_user_10": {
        "redirect_time": 0.003200984000000018,
        "build_auth_time": 0.0009696820000000272,
        "login_time": 0.0022113449999999757,
        "acs_dispatch_time": 0.0037749060000003,
        "finish_acs_dispatch_time": 0.01736063000000021
    },
    "t_user_11": {
        "redirect_time": 0.0030972310000000336,
        "build_auth_time": 0.0008788640000000347,
        "login_time": 0.0021981690000000276,
        "acs_dispatch_time": 0.003451541999999641,
        "finish_acs_dispatch_time": 0.015943478000000066
    },
    "t_user_12": {
        "redirect_time": 0.0031210749999999177,
        "build_auth_time": 0.000885403999999923,
        "login_time": 0.0022128080000000105,
        "acs_dispatch_time": 0.0035455060000000316,
        "finish_acs_dispatch_time": 0.016841288000000176
    },
    "t_user_14": {
        "redirect_time": 0.003148697000000089,
        "build_auth_time": 0.0008251930000000574,
        "login_time": 0.0023030450000000036,
        "acs_dispatch_time": 0.00347826799999984,
        "finish_acs_dispatch_time": 0.015713913999999995
    },
    "t_user_13": {
        "redirect_time": 0.0027788560000000517,
        "build_auth_time": 0.0008006270000000537,
        "login_time": 0.001962148999999913,
        "acs_dispatch_time": 0.0030887310000000667,
        "finish_acs_dispatch_time": 0.04380060200000013
    },
    "t_user_15": {
        "redirect_time": 0.003057964999999996,
        "build_auth_time": 0.0008724700000000141,
        "login_time": 0.0021647159999999,
        "acs_dispatch_time": 0.0029846309999999043,
        "finish_acs_dispatch_time": 0.015495247000000045
    },
    "t_user_16": {
        "redirect_time": 0.0030209889999999184,
        "build_auth_time": 0.0008152159999998965,
        "login_time": 0.002186627000000163,
        "acs_dispatch_time": 0.002890391000000214,
        "finish_acs_dispatch_time": 0.0152400290000001
    },
    "t_user_17": {
        "redirect_time": 0.003028111000000111,
        "build_auth_time": 0.0008463009999999382,
        "login_time": 0.0021630350000001464,
        "acs_dispatch_time": 0.0031999499999999514,
        "finish_acs_dispatch_time": 0.016202746999999906
    },
    "t_user_18": {
        "redirect_time": 0.0030673450000000546,
        "build_auth_time": 0.0008646359999999742,
        "login_time": 0.0021755380000001434,
        "acs_dispatch_time": 0.0032460099999997993,
        "finish_acs_dispatch_time": 0.016282776000000165
    },
    "t_user_19": {
        "redirect_time": 0.003043506000000029,
        "build_auth_time": 0.0008481140000000664,
        "login_time": 0.0021745630000000737,
        "acs_dispatch_time": 0.0033662450000000455,
        "finish_acs_dispatch_time": 0.016224644000000232
    },
    "t_user_20": {
        "redirect_time": 0.0031087419999999977,
        "build_auth_time": 0.0009092400000001444,
        "login_time": 0.0021801959999998566,
        "acs_dispatch_time": 0.0028499660000003146,
        "finish_acs_dispatch_time": 0.016208563000000176
    },
    "t_user_21": {
        "redirect_time": 0.003064208000000068,
        "build_auth_time": 0.0008402299999998863,
        "login_time": 0.0022052830000001133,
        "acs_dispatch_time": 0.0035580710000000515,
        "finish_acs_dispatch_time": 0.016209636999999777
    },
    "t_user_22": {
        "redirect_time": 0.00306636299999985,
        "build_auth_time": 0.000841863999999859,
        "login_time": 0.0022048730000001626,
        "acs_dispatch_time": 0.00339575599999975,
        "finish_acs_dispatch_time": 0.016997871000000053
    },
    "t_user_23": {
        "redirect_time": 0.003003365000000091,
        "build_auth_time": 0.0008365239999998941,
        "login_time": 0.002148206000000208,
        "acs_dispatch_time": 0.004224698999999887,
        "finish_acs_dispatch_time": 0.019051579000000096
    },
    "t_user_24": {
        "redirect_time": 0.003116585000000116,
        "build_auth_time": 0.0009071350000000589,
        "login_time": 0.002190083999999981,
        "acs_dispatch_time": 0.0033462960000001374,
        "finish_acs_dispatch_time": 0.01701367800000053
    },
    "t_user_25": {
        "redirect_time": 0.003047054000000049,
        "build_auth_time": 0.000868241999999908,
        "login_time": 0.0021595060000001443,
        "acs_dispatch_time": 0.003424672000000406,
        "finish_acs_dispatch_time": 0.015614658999999698
    },
    "t_user_26": {
        "redirect_time": 0.0030201050000000507,
        "build_auth_time": 0.0008232999999999713,
        "login_time": 0.002177450000000025,
        "acs_dispatch_time": 0.0028396790000000394,
        "finish_acs_dispatch_time": 0.016264150000000477
    },
    "t_user_27": {
        "redirect_time": 0.003077474999999996,
        "build_auth_time": 0.0008455410000001162,
        "login_time": 0.002213870999999923,
        "acs_dispatch_time": 0.0033418799999997972,
        "finish_acs_dispatch_time": 0.017525672000000547
    },
    "t_user_28": {
        "redirect_time": 0.0029355189999999975,
        "build_auth_time": 0.0008285189999999165,
        "login_time": 0.002091089999999962,
        "acs_dispatch_time": 0.0033109929999994847,
        "finish_acs_dispatch_time": 0.01601341399999967
    },
    "t_user_29": {
        "redirect_time": 0.0032023359999999723,
        "build_auth_time": 0.0009300599999999548,
        "login_time": 0.002253881999999985,
        "acs_dispatch_time": 0.003314654999999611,
        "finish_acs_dispatch_time": 0.016268290000000185
    },