{
    "t_user_1": {
        "redirect_time": 0.0031516379999999566,
        "build_auth_time": 0.0008807750000000003,
        "login_time": 0.0022432909999999806,
        "acs_dispatch_time": 0.0032327649999999153,
        "finish_acs_dispatch_time": 0.01618713500000002
    },
    "t_user_2": {
        "redirect_time": 0.0033514560000000304,
        "build_auth_time": 0.0010252579999999734,
        "login_time": 0.0022994890000000434,
        "acs_dispatch_time": 0.003325584000000159,
        "finish_acs_dispatch_time": 0.015880156999999784
    },
    "t_user_3": {
        "redirect_time": 0.003841993000000099,
        "build_auth_time": 0.0016110420000000625,
        "login_time": 0.0022019370000000427,
        "acs_dispatch_time": 0.0033951249999999433,
        "finish_acs_dispatch_time": 0.01658518200000003
    },
    "t_user_4": {
        "redirect_time": 0.002990460000000028,
        "build_auth_time": 0.0008418550000000025,
        "login_time": 0.0021290680000000117,
        "acs_dispatch_time": 0.0028154620000000463,
        "finish_acs_dispatch_time": 0.04355530399999985
    },
    "t_user_5": {
        "redirect_time": 0.0031765369999999793,
        "build_auth_time": 0.000901636000000039,
        "login_time": 0.0022522189999999442,
        "acs_dispatch_time": 0.0033359349999999566,
        "finish_acs_dispatch_time": 0.017015693999999915
    },
    "t_user_6": {
        "redirect_time": 0.003125561999999915,
        "build_auth_time": 0.0008833809999999609,
        "login_time": 0.0022206809999999466,
        "acs_dispatch_time": 0.0034655900000002404,
        "finish_acs_dispatch_time": 0.01637527400000005
    },
    "t_user_7": {
        "redirect_time": 0.003071652000000036,
        "build_auth_time": 0.000849567000000051,
        "login_time": 0.002201016,
        "acs_dispatch_time": 0.0028428919999998747,
        "finish_acs_dispatch_time": 0.015268137999999709
    },
    "t_user_8": {
        "redirect_time": 0.003113950000000032,
        "build_auth_time": 0.0008983680000000938,
        "login_time": 0.002194412999999895,
        "acs_dispatch_time": 0.003380447999999703,
        "finish_acs_dispatch_time": 0.01635747899999984
    },
    "t_user_9": {
        "redirect_time": 0.0030248840000000055,
        "build_auth_time": 0.0008295799999999964,
        "login_time": 0.0021739149999999707,
        "acs_dispatch_time": 0.003386565000000008,
        "finish_acs_dispatch_time": 0.016594185999999844
    },
    "t_user_10": {
        "redirect_time": 0.0032755110000000087,
        "build_auth_time": 0.0008529130000000107,
        "login_time": 0.0023996649999999953,
        "acs_dispatch_time": 0.0035142589999996865,
        "finish_acs_dispatch_time": 0.016548699999999972
    },
    "t_user_11": {
        "redirect_time": 0.003070757000000035,
        "build_auth_time": 0.0008853360000000698,
        "login_time": 0.002164461999999978,
        "acs_dispatch_time": 0.0032459989999997774,
        "finish_acs_dispatch_time": 0.0165416770000002
    },
    "t_user_12": {
        "redirect_time": 0.0030943249999999534,
        "build_auth_time": 0.0008946619999999905,
        "login_time": 0.002179013999999979,
        "acs_dispatch_time": 0.0038069279999999317,
        "finish_acs_dispatch_time": 0.020912720999999745
    },
    "t_user_13": {
        "redirect_time": 0.0031711869999999642,
        "build_auth_time": 0.0009268930000000397,
        "login_time": 0.002223254000000008,
        "acs_dispatch_time": 0.003284451000000299,
        "finish_acs_dispatch_time": 0.016412458999999657
    },
    "t_user_14": {
        "redirect_time": 0.002921371000000006,
        "build_auth_time": 0.0008049850000000358,
        "login_time": 0.0020980419999999667,
        "acs_dispatch_time": 0.0035006040000000738,
        "finish_acs_dispatch_time": 0.017085758999999978
    },
    "t_user_15": {
        "redirect_time": 0.0030401229999998947,
        "build_auth_time": 0.000850671000000025,
        "login_time": 0.0021697450000000007,
        "acs_dispatch_time": 0.0029600329999999175,
        "finish_acs_dispatch_time": 0.015882983000000017
    },
    "t_user_16": {
        "redirect_time": 0.0032349950000001293,
        "build_auth_time": 0.000918605999999933,
        "login_time": 0.0022928960000001553,
        "acs_dispatch_time": 0.003351547000000288,
        "finish_acs_dispatch_time": 0.016336943999999853
    },
    "t_user_17": {
        "redirect_time": 0.0030344220000000366,
        "build_auth_time": 0.000847282999999921,
        "login_time": 0.002167532000000083,
        "acs_dispatch_time": 0.003571233999999812,
        "finish_acs_dispatch_time": 0.016398979000000313
    },
    "t_user_18": {
        "redirect_time": 0.003004527999999951,
        "build_auth_time": 0.0008342999999999545,
        "login_time": 0.0021506010000000853,
        "acs_dispatch_time": 0.003584281000000189,
        "finish_acs_dispatch_time": 0.016594666999999674
    },
    "t_user_19": {
        "redirect_time": 0.0029780370000001,
        "build_auth_time": 0.0008256040000000908,
        "login_time": 0.0021323159999999675,
        "acs_dispatch_time": 0.0030380199999999746,
        "finish_acs_dispatch_time": 0.01778038199999976
    },
    "t_user_20": {
        "redirect_time": 0.003035354999999962,
        "build_auth_time": 0.0008366939999999712,
        "login_time": 0.0021788130000000017,
        "acs_dispatch_time": 0.003250364999999533,
        "finish_acs_dispatch_time": 0.016723015000000174
    },
    "t_user_21": {
        "redirect_time": 0.0031547979999999587,
        "build_auth_time": 0.0008659479999999498,
        "login_time": 0.002268872000000144,
        "acs_dispatch_time": 0.0036570869999996702,
        "finish_acs_dispatch_time": 0.016430759999999545
    },
    "t_user_22": {
        "redirect_time": 0.0030592659999999494,
        "build_auth_time": 0.000834938999999979,
        "login_time": 0.0022029359999999887,
        "acs_dispatch_time": 0.003422919999999774,
        "finish_acs_dispatch_time": 0.017381851999999753
    },
    "t_user_23": {
        "redirect_time": 0.0030203959999999253,
        "build_auth_time": 0.0008518920000000207,
        "login_time": 0.0021484860000000605,
        "acs_dispatch_time": 0.002663929999999759,
        "finish_acs_dispatch_time": 0.015397949000000466
    },
    "t_user_24": {
        "redirect_time": 0.003009679000000043,
        "build_auth_time": 0.0008462220000000631,
        "login_time": 0.0021438599999998864,
        "acs_dispatch_time": 0.003252207999999257,
        "finish_acs_dispatch_time": 0.015675429999999935
    },
    "t_user_25": {
        "redirect_time": 0.003020307000000111,
        "build_auth_time": 0.0008526630000000868,
        "login_time": 0.0021474859999999207,
        "acs_dispatch_time": 0.0033592990000004264,
        "finish_acs_dispatch_time": 0.01627041799999951
    },
    "t_user_26": {
        "redirect_time": 0.003092520000000043,
        "build_auth_time": 0.0008584449999999855,
        "login_time": 0.0022131960000000284,
        "acs_dispatch_time": 0.0030132240000000365,
        "finish_acs_dispatch_time": 0.016192384000000004
    },
    "t_user_27": {
        "redirect_time": 0.0030069289999998805,
        "build_auth_time": 0.0008090219999998816,
        "login_time": 0.002176557000000079,
        "acs_dispatch_time": 0.00362561699999997,
        "finish_acs_dispatch_time": 0.015210997999999698
    },
    "t_user_28": {
        "redirect_time": 0.004041454,
        "build_auth_time": 0.0016369700000000709,
        "login_time": 0.002374467999999963,
        "acs_dispatch_time": 0.003339613999999713,
        "finish_acs_dispatch_time": 0.016175061000000213
    },
    "t_user_29": {
        "redirect_time": 0.00312249600000003,
        "build_auth_time": 0.0008854839999998809,
        "login_time": 0.002213208000000133,
        "acs_dispatch_time": 0.003281124999999996,
        "finish_acs_dispatch_time": 0.016103569000000206
    },