{
    "t_user_1": {
        "redirect_time": 0.0031163860000000265,
        "build_auth_time": 0.0008426950000000044,
        "login_time": 0.0022563680000000086,
        "acs_dispatch_time": 0.003235856999999953,
        "finish_acs_dispatch_time": 0.01711213600000061
    },
    "t_user_2": {
        "redirect_time": 0.003040064000000009,
        "build_auth_time": 0.0008664600000000133,
        "login_time": 0.0021550489999999645,
        "acs_dispatch_time": 0.003924860000000141,
        "finish_acs_dispatch_time": 0.021963754999999807
    },
    "t_user_3": {
        "redirect_time": 0.0038145920000000055,
        "build_auth_time": 0.0015994810000000692,
        "login_time": 0.002192649999999907,
        "acs_dispatch_time": 0.0034805689999997114,
        "finish_acs_dispatch_time": 0.01696821100000001
    },
    "t_user_4": {
        "redirect_time": 0.0031034620000000013,
        "build_auth_time": 0.0008898840000000074,
        "login_time": 0.0021918770000000087,
        "acs_dispatch_time": 0.004011470000000017,
        "finish_acs_dispatch_time": 0.017220030999999913
    },
    "t_user_5": {
        "redirect_time": 0.0030780740000000417,
        "build_auth_time": 0.0008704880000000026,
        "login_time": 0.0021881490000000836,
        "acs_dispatch_time": 0.0036257570000000072,
        "finish_acs_dispatch_time": 0.016283081999999283
    },
    "t_user_6": {
        "redirect_time": 0.003096628999999962,
        "build_auth_time": 0.0008954749999999789,
        "login_time": 0.002181227000000008,
        "acs_dispatch_time": 0.00340367299999933,
        "finish_acs_dispatch_time": 0.0169597769999994
    },
    "t_user_7": {
        "redirect_time": 0.003121146000000019,
        "build_auth_time": 0.0009550449999999877,
        "login_time": 0.002146623999999986,
        "acs_dispatch_time": 0.003566006999999871,
        "finish_acs_dispatch_time": 0.016542120999999632
    },
    "t_user_8": {
        "redirect_time": 0.0030419270000000553,
        "build_auth_time": 0.0008663300000000262,
        "login_time": 0.0021556899999999324,
        "acs_dispatch_time": 0.003394318999999868,
        "finish_acs_dispatch_time": 0.015550408000000182
    },
    "t_user_9": {
        "redirect_time": 0.003613805000000081,
        "build_auth_time": 0.0014151749999999907,
        "login_time": 0.0021785320000000663,
        "acs_dispatch_time": 0.00380067499999992,
        "finish_acs_dispatch_time": 0.016846584000000053
    },
    "t_user_10": {
        "redirect_time": 0.003152122000000035,
        "build_auth_time": 0.0009165330000000527,
        "login_time": 0.0022139089999999584,
        "acs_dispatch_time": 0.003304839000000115,
        "finish_acs_dispatch_time": 0.015412791000000148
    },
    "t_user_11": {
        "redirect_time": 0.0030982299999999796,
        "build_auth_time": 0.0008543059999999159,
        "login_time": 0.0022174240000000234,
        "acs_dispatch_time": 0.003364620999999346,
        "finish_acs_dispatch_time": 0.01639838799999982
    },
    "t_user_12": {
        "redirect_time": 0.0030497210000000052,
        "build_auth_time": 0.0008323559999999786,
        "login_time": 0.002197758999999966,
        "acs_dispatch_time": 0.003644233999999802,
        "finish_acs_dispatch_time": 0.016211328000000247
    },
    "t_user_13": {
        "redirect_time": 0.003111398000000043,
        "build_auth_time": 0.0008641050000000039,
        "login_time": 0.0022254930000000783,
        "acs_dispatch_time": 0.003289870000000139,
        "finish_acs_dispatch_time": 0.017816218000000106
    },
    "t_user_14": {
        "redirect_time": 0.0029558669999999454,
        "build_auth_time": 0.0008307840000000288,
        "login_time": 0.0021079109999999623,
        "acs_dispatch_time": 0.0034738440000001702,
        "finish_acs_dispatch_time": 0.01787845499999996
    },
    "t_user_15": {
        "redirect_time": 0.0030550910000000098,
        "build_auth_time": 0.000842634999999925,
        "login_time": 0.0021916859999999705,
        "acs_dispatch_time": 0.002909111000000131,
        "finish_acs_dispatch_time": 0.015557466000000186
    },
    "t_user_16": {
        "redirect_time": 0.0032138790000000306,
        "build_auth_time": 0.0009392470000000319,
        "login_time": 0.0022526310000001715,
        "acs_dispatch_time": 0.0033890459999996736,
        "finish_acs_dispatch_time": 0.01679796700000047
    },
    "t_user_17": {
        "redirect_time": 0.003137804999999938,
        "build_auth_time": 0.000910149999999943,
        "login_time": 0.0022055040000001913,
        "acs_dispatch_time": 0.0037282219999998922,
        "finish_acs_dispatch_time": 0.01616194999999987
    },
    "t_user_18": {
        "redirect_time": 0.003056444000000047,
        "build_auth_time": 0.0008529640000001226,
        "login_time": 0.0021845050000000032,
        "acs_dispatch_time": 0.0034047539999999543,
        "finish_acs_dispatch_time": 0.01781891499999988
    },
    "t_user_19": {
        "redirect_time": 0.003059098000000038,
        "build_auth_time": 0.0008443170000000944,
        "login_time": 0.0021933009999999253,
        "acs_dispatch_time": 0.00346441800000008,
        "finish_acs_dispatch_time": 0.01628180800000001
    },
    "t_user_20": {
        "redirect_time": 0.002971033000000123,
        "build_auth_time": 0.0008348010000001072,
        "login_time": 0.0021157139999998797,
        "acs_dispatch_time": 0.003730253999999711,
        "finish_acs_dispatch_time": 0.015859056000000038
    },
    "t_user_21": {
        "redirect_time": 0.0030952660000000964,
        "build_auth_time": 0.0008490370000000524,
        "login_time": 0.002225971999999965,
        "acs_dispatch_time": 0.003410061999999936,
        "finish_acs_dispatch_time": 0.01631305999999988
    },
    "t_user_22": {
        "redirect_time": 0.0031068389999999724,
        "build_auth_time": 0.0008364250000001405,
        "login_time": 0.0022496949999999405,
        "acs_dispatch_time": 0.0031826869999997953,
        "finish_acs_dispatch_time": 0.016174121000000152
    },
    "t_user_23": {
        "redirect_time": 0.0036582190000000736,
        "build_auth_time": 0.0014246420000001425,
        "login_time": 0.002212386999999927,
        "acs_dispatch_time": 0.0033669830000002676,
        "finish_acs_dispatch_time": 0.016478167000000266
    },
    "t_user_24": {
        "redirect_time": 0.0030541610000001107,
        "build_auth_time": 0.0008673720000000884,
        "login_time": 0.0021655579999999564,
        "acs_dispatch_time": 0.0032951789999997594,
        "finish_acs_dispatch_time": 0.016968305999999878
    },
    "t_user_25": {
        "redirect_time": 0.0031845249999999936,
        "build_auth_time": 0.0009353490000001408,
        "login_time": 0.0022292790000000284,
        "acs_dispatch_time": 0.003587926000000685,
        "finish_acs_dispatch_time": 0.01673404100000031
    },
    "t_user_26": {
        "redirect_time": 0.003097831000000051,
        "build_auth_time": 0.0009039900000000767,
        "login_time": 0.0021747549999999727,
        "acs_dispatch_time": 0.0031594570000001987,
        "finish_acs_dispatch_time": 0.01677755999999997
    },
    "t_user_28": {
        "redirect_time": 0.0033544879999998223,
        "build_auth_time": 0.0009757529999998571,
        "login_time": 0.0023572960000000087,
        "acs_dispatch_time": 0.003442608000000291,
        "finish_acs_dispatch_time": 0.016611042000000076
    },
    "t_user_27": {
        "redirect_time": 0.0033891150000000536,
        "build_auth_time": 0.0009347070000000901,
        "login_time": 0.0024328380000000482,
        "acs_dispatch_time": 0.00393923900000015,
        "finish_acs_dispatch_time": 0.018243541999999557
    },
    "t_user_29": {
        "redirect_time": 0.0030924709999999855,
        "build_auth_time": 0.0008683039999999309,
        "login_time": 0.002198279000000136,
        "acs_dispatch_time": 0.003311901000000006,
        "finish_acs_dispatch_time": 0.016828352000000102
    },