{
    "t_user_1": {
        "redirect_time": 0.0030157969999999867,
        "build_auth_time": 0.0008407409999999782,
        "login_time": 0.002154177000000035,
        "acs_dispatch_time": 0.003155028999999754,
        "finish_acs_dispatch_time": 0.01572160399999989
    },
    "t_user_2": {
        "redirect_time": 0.0031366919999999965,
        "build_auth_time": 0.0008417629999999954,
        "login_time": 0.0022741299999999853,
        "acs_dispatch_time": 0.0031830889999997503,
        "finish_acs_dispatch_time": 0.01642394100000022
    },
    "t_user_3": {
        "redirect_time": 0.003679376000000012,
        "build_auth_time": 0.0014306729999999934,
        "login_time": 0.0022294569999999903,
        "acs_dispatch_time": 0.002950327000000197,
        "finish_acs_dispatch_time": 0.019374369000000335
    },
    "t_user_4": {
        "redirect_time": 0.0030212090000000247,
        "build_auth_time": 0.0008295910000000184,
        "login_time": 0.002172211999999951,
        "acs_dispatch_time": 0.0036390410000000095,
        "finish_acs_dispatch_time": 0.016359696000000312
    },
    "t_user_5": {
        "redirect_time": 0.0030501509999999454,
        "build_auth_time": 0.0008499889999999954,
        "login_time": 0.0021818179999999465,
        "acs_dispatch_time": 0.0034220970000000683,
        "finish_acs_dispatch_time": 0.0174877630000001
    },
    "t_user_6": {
        "redirect_time": 0.003331226999999992,
        "build_auth_time": 0.000997754999999989,
        "login_time": 0.0023074429999999646,
        "acs_dispatch_time": 0.0036665340000001656,
        "finish_acs_dispatch_time": 0.020179761000000074
    },
    "t_user_7": {
        "redirect_time": 0.0029847900000000704,
        "build_auth_time": 0.0008379570000000003,
        "login_time": 0.0021268650000000333,
        "acs_dispatch_time": 0.0031868350000001655,
        "finish_acs_dispatch_time": 0.0161434960000002
    },
    "t_user_8": {
        "redirect_time": 0.0031216250000000167,
        "build_auth_time": 0.0008252320000000646,
        "login_time": 0.0022733699999999413,
        "acs_dispatch_time": 0.0037113589999999697,
        "finish_acs_dispatch_time": 0.01651548100000033
    },
    "t_user_9": {
        "redirect_time": 0.0030775239999999426,
        "build_auth_time": 0.000907757000000009,
        "login_time": 0.002148877999999965,
        "acs_dispatch_time": 0.0033103400000000782,
        "finish_acs_dispatch_time": 0.016162457000000074
    },
    "t_user_10": {
        "redirect_time": 0.002979089999999962,
        "build_auth_time": 0.0008085810000000304,
        "login_time": 0.0021519140000000325,
        "acs_dispatch_time": 0.003216200999999863,
        "finish_acs_dispatch_time": 0.016132455000000157
    },
    "t_user_11": {
        "redirect_time": 0.0029921740000000696,
        "build_auth_time": 0.0008350500000000594,
        "login_time": 0.0021380380000000088,
        "acs_dispatch_time": 0.0035512719999997167,
        "finish_acs_dispatch_time": 0.0163089369999998
    },
    "t_user_12": {
        "redirect_time": 0.0030162900000000326,
        "build_auth_time": 0.0008302030000000293,
        "login_time": 0.002165757999999962,
        "acs_dispatch_time": 0.003485905999999872,
        "finish_acs_dispatch_time": 0.016968643000000228
    },
    "t_user_14": {
        "redirect_time": 0.0031374149999999768,
        "build_auth_time": 0.0008376060000000463,
        "login_time": 0.00228081400000002,
        "acs_dispatch_time": 0.0037162460000002007,
        "finish_acs_dispatch_time": 0.016934282999999883
    },
    "t_user_13": {
        "redirect_time": 0.002843666000000078,
        "build_auth_time": 0.0007865400000000022,
        "login_time": 0.0020419480000000156,
        "acs_dispatch_time": 0.004535387000000224,
        "finish_acs_dispatch_time": 0.017262725000000145
    },
    "t_user_15": {
        "redirect_time": 0.0035198090000001514,
        "build_auth_time": 0.001122508000000133,
        "login_time": 0.0023772029999999944,
        "acs_dispatch_time": 0.004354320000000023,
        "finish_acs_dispatch_time": 0.01794493099999972
    },
    "t_user_16": {
        "redirect_time": 0.003083887000000063,
        "build_auth_time": 0.0008727520000000322,
        "login_time": 0.0021861979999999726,
        "acs_dispatch_time": 0.003470859000000104,
        "finish_acs_dispatch_time": 0.01600985899999996
    },
    "t_user_17": {
        "redirect_time": 0.00392715999999993,
        "build_auth_time": 0.0015205719999999978,
        "login_time": 0.0023728039999999506,
        "acs_dispatch_time": 0.003432951000000184,
        "finish_acs_dispatch_time": 0.0162599189999999
    },
    "t_user_18": {
        "redirect_time": 0.0031328450000001062,
        "build_auth_time": 0.0008526030000000073,
        "login_time": 0.0022565370000000584,
        "acs_dispatch_time": 0.0035670160000003115,
        "finish_acs_dispatch_time": 0.01631090699999982
    },
    "t_user_19": {
        "redirect_time": 0.002995708999999902,
        "build_auth_time": 0.0008161650000000353,
        "login_time": 0.002159075999999871,
        "acs_dispatch_time": 0.003288955000000371,
        "finish_acs_dispatch_time": 0.016251908000000093
    },
    "t_user_20": {
        "redirect_time": 0.00298495100000018,
        "build_auth_time": 0.000799785999999969,
        "login_time": 0.0021670310000001525,
        "acs_dispatch_time": 0.0033513419999993133,
        "finish_acs_dispatch_time": 0.01720821899999958
    },
    "t_user_21": {
        "redirect_time": 0.003652787999999907,
        "build_auth_time": 0.0014203950000000187,
        "login_time": 0.0022116939999998753,
        "acs_dispatch_time": 0.003219136999999428,
        "finish_acs_dispatch_time": 0.01573539000000057
    },
    "t_user_22": {
        "redirect_time": 0.0030934129999999893,
        "build_auth_time": 0.0008471740000000061,
        "login_time": 0.0022239870000000383,
        "acs_dispatch_time": 0.003379948000000077,
        "finish_acs_dispatch_time": 0.01826456000000043
    },
    "t_user_23": {
        "redirect_time": 0.0030537280000000333,
        "build_auth_time": 0.0008375460000000778,
        "login_time": 0.0021956539999998803,
        "acs_dispatch_time": 0.0035783809999996308,
        "finish_acs_dispatch_time": 0.015670314000000296
    },
    "t_user_24": {
        "redirect_time": 0.003073533999999878,
        "build_auth_time": 0.0008580039999999123,
        "login_time": 0.0021942210000001072,
        "acs_dispatch_time": 0.0030697520000000367,
        "finish_acs_dispatch_time": 0.01607087599999968
    },
    "t_user_25": {
        "redirect_time": 0.0030700599999999856,
        "build_auth_time": 0.0008357230000000104,
        "login_time": 0.0022152810000000134,
        "acs_dispatch_time": 0.0035752430000002278,
        "finish_acs_dispatch_time": 0.01656526799999991
    },
    "t_user_26": {
        "redirect_time": 0.0030344520000000763,
        "build_auth_time": 0.0008360530000000033,
        "login_time": 0.0021785720000000453,
        "acs_dispatch_time": 0.003346865000000143,
        "finish_acs_dispatch_time": 0.016157984000000347
    },
    "t_user_28": {
        "redirect_time": 0.003144049000000093,
        "build_auth_time": 0.0008954150000000105,
        "login_time": 0.002228346000000103,
        "acs_dispatch_time": 0.003845160000000014,
        "finish_acs_dispatch_time": 0.016120492000000652
    },
    "t_user_27": {
        "redirect_time": 0.0031378140000000165,
        "build_auth_time": 0.0009083880000000377,
        "login_time": 0.0022062640000000133,
        "acs_dispatch_time": 0.003524558999999705,
        "finish_acs_dispatch_time": 0.017112106999999988
    },
    "t_user_29": {
        "redirect_time": 0.0031294909999999287,
        "build_auth_time": 0.0009224839999999457,
        "login_time": 0.002187109000000076,
        "acs_dispatch_time": 0.0035757059999994567,
        "finish_acs_dispatch_time": 0.01652988699999991
    },