{
    "t_user_1": {
        "redirect_time": 0.0030383569999999915,
        "build_auth_time": 0.0008359009999999722,
        "login_time": 0.002181076000000004,
        "acs_dispatch_time": 0.004050794000000302,
        "finish_acs_dispatch_time": 0.020465151000000237
    },
    "t_user_2": {
        "redirect_time": 0.0031445579999999085,
        "build_auth_time": 0.0008695859999999778,
        "login_time": 0.0022529809999999317,
        "acs_dispatch_time": 0.002933543999999788,
        "finish_acs_dispatch_time": 0.017851430999999973
    },
    "t_user_3": {
        "redirect_time": 0.003074978000000006,
        "build_auth_time": 0.0008682629999999802,
        "login_time": 0.0021817789999999393,
        "acs_dispatch_time": 0.0033080260000000195,
        "finish_acs_dispatch_time": 0.01691971300000006
    },
    "t_user_4": {
        "redirect_time": 0.003065019000000002,
        "build_auth_time": 0.0008111060000000059,
        "login_time": 0.0022299780000000213,
        "acs_dispatch_time": 0.0033566739999999484,
        "finish_acs_dispatch_time": 0.016112373000000346
    },
    "t_user_5": {
        "redirect_time": 0.0035842280000000226,
        "build_auth_time": 0.0014045650000000798,
        "login_time": 0.002159224999999987,
        "acs_dispatch_time": 0.003900171999999813,
        "finish_acs_dispatch_time": 0.016292030999999874
    },
    "t_user_6": {
        "redirect_time": 0.0031127690000000152,
        "build_auth_time": 0.0008682030000000118,
        "login_time": 0.0022262809999999966,
        "acs_dispatch_time": 0.0035684200000005717,
        "finish_acs_dispatch_time": 0.017606680000000097
    },
    "t_user_7": {
        "redirect_time": 0.00309280199999995,
        "build_auth_time": 0.0008703769999999222,
        "login_time": 0.002200313999999981,
        "acs_dispatch_time": 0.0032793980000001,
        "finish_acs_dispatch_time": 0.016223104999999904
    },
    "t_user_8": {
        "redirect_time": 0.0030852270000000237,
        "build_auth_time": 0.0008449689999999732,
        "login_time": 0.002220660999999957,
        "acs_dispatch_time": 0.003421934999999543,
        "finish_acs_dispatch_time": 0.01765016099999972
    },
    "t_user_9": {
        "redirect_time": 0.003159115999999962,
        "build_auth_time": 0.0008876890000000248,
        "login_time": 0.0022510190000000208,
        "acs_dispatch_time": 0.00361078899999967,
        "finish_acs_dispatch_time": 0.01646299500000037
    },
    "t_user_10": {
        "redirect_time": 0.0031295789999999934,
        "build_auth_time": 0.000837023999999964,
        "login_time": 0.002263860999999978,
        "acs_dispatch_time": 0.0034945460000006534,
        "finish_acs_dispatch_time": 0.016596677999999976
    },
    "t_user_11": {
        "redirect_time": 0.00306605900000001,
        "build_auth_time": 0.000853415000000024,
        "login_time": 0.0021908130000000137,
        "acs_dispatch_time": 0.003333478999999695,
        "finish_acs_dispatch_time": 0.016385794000000065
    },
    "t_user_12": {
        "redirect_time": 0.003021559000000007,
        "build_auth_time": 0.0008323060000000604,
        "login_time": 0.002170558999999961,
        "acs_dispatch_time": 0.0033481279999998392,
        "finish_acs_dispatch_time": 0.016067865000000126
    },
    "t_user_14": {
        "redirect_time": 0.0032109139999999536,
        "build_auth_time": 0.0009221950000000145,
        "login_time": 0.002265214999999987,
        "acs_dispatch_time": 0.003543521000000105,
        "finish_acs_dispatch_time": 0.01575691499999987
    },
    "t_user_13": {
        "redirect_time": 0.0030673460000000263,
        "build_auth_time": 0.0008496390000000131,
        "login_time": 0.002196427000000001,
        "acs_dispatch_time": 0.0036620130000000195,
        "finish_acs_dispatch_time": 0.01932275299999997
    },
    "t_user_15": {
        "redirect_time": 0.003352647000000042,
        "build_auth_time": 0.00088636700000011,
        "login_time": 0.0024431469999999234,
        "acs_dispatch_time": 0.002774594999999991,
        "finish_acs_dispatch_time": 0.015400620999999948
    },
    "t_user_16": {
        "redirect_time": 0.0030300420000000106,
        "build_auth_time": 0.000854956999999823,
        "login_time": 0.002154968000000146,
        "acs_dispatch_time": 0.0032881050000002077,
        "finish_acs_dispatch_time": 0.01573565900000018
    },
    "t_user_17": {
        "redirect_time": 0.00307989799999997,
        "build_auth_time": 0.0008659380000000105,
        "login_time": 0.0021936120000001225,
        "acs_dispatch_time": 0.0033898869999999803,
        "finish_acs_dispatch_time": 0.01692862900000014
    },
    "t_user_18": {
        "redirect_time": 0.003021920999999983,
        "build_auth_time": 0.0008407530000000829,
        "login_time": 0.0021613110000000546,
        "acs_dispatch_time": 0.002809093000000207,
        "finish_acs_dispatch_time": 0.016027092999999937
    },
    "t_user_19": {
        "redirect_time": 0.00309559699999995,
        "build_auth_time": 0.0008470129999997855,
        "login_time": 0.002228897000000174,
        "acs_dispatch_time": 0.003309407000000153,
        "finish_acs_dispatch_time": 0.017016197000000233
    },
    "t_user_20": {
        "redirect_time": 0.0029707340000000304,
        "build_auth_time": 0.0008067789999999242,
        "login_time": 0.0021412530000000096,
        "acs_dispatch_time": 0.0033552649999997186,
        "finish_acs_dispatch_time": 0.017837522000000217
    },
    "t_user_21": {
        "redirect_time": 0.002991530999999936,
        "build_auth_time": 0.0008399189999999113,
        "login_time": 0.0021349510000001626,
        "acs_dispatch_time": 0.0038374220000001458,
        "finish_acs_dispatch_time": 0.016632305000000347
    },
    "t_user_22": {
        "redirect_time": 0.0029924129999998605,
        "build_auth_time": 0.0008266249999999697,
        "login_time": 0.0021455100000000726,
        "acs_dispatch_time": 0.0033704180000002637,
        "finish_acs_dispatch_time": 0.017385956000000036
    },
    "t_user_23": {
        "redirect_time": 0.0030718840000001357,
        "build_auth_time": 0.0008756370000000402,
        "login_time": 0.002174917000000054,
        "acs_dispatch_time": 0.003504400999999824,
        "finish_acs_dispatch_time": 0.017258144000000364
    },
    "t_user_24": {
        "redirect_time": 0.0031757759999999635,
        "build_auth_time": 0.0008528529999998202,
        "login_time": 0.002302074000000154,
        "acs_dispatch_time": 0.0029428309999994795,
        "finish_acs_dispatch_time": 0.015841216000000102
    },
    "t_user_25": {
        "redirect_time": 0.0029850000000000154,
        "build_auth_time": 0.0008285990000000965,
        "login_time": 0.002136734000000029,
        "acs_dispatch_time": 0.004113108999999948,
        "finish_acs_dispatch_time": 0.017528303999999828
    },
    "t_user_26": {
        "redirect_time": 0.003001110000000029,
        "build_auth_time": 0.0008253220000000727,
        "login_time": 0.0021549690000000066,
        "acs_dispatch_time": 0.003328824000000008,
        "finish_acs_dispatch_time": 0.016940954999999924
    },
    "t_user_28": {
        "redirect_time": 0.002975390999999883,
        "build_auth_time": 0.0008477449999999553,
        "login_time": 0.0021089210000000413,
        "acs_dispatch_time": 0.003322594000000123,
        "finish_acs_dispatch_time": 0.016460502000000155
    },
    "t_user_27": {
        "redirect_time": 0.0028631709999999977,
        "build_auth_time": 0.0007706699999998623,
        "login_time": 0.002076702000000097,
        "acs_dispatch_time": 0.0032779749999996,
        "finish_acs_dispatch_time": 0.01594316100000004
    },
    "t_user_29": {
        "redirect_time": 0.0030311459999998736,
        "build_auth_time": 0.0008531839999998958,
        "login_time": 0.0021571629999999065,
        "acs_dispatch_time": 0.003324777000000445,
        "finish_acs_dispatch_time": 0.016461184999999823
    },