{
    "t_user_1": {
        "redirect_time": 0.0031320570000000214,
        "build_auth_time": 0.0008551990000000287,
        "login_time": 0.0022470009999999707,
        "acs_dispatch_time": 0.003587396999999992,
        "finish_acs_dispatch_time": 0.015240437999999967
    },
    "t_user_2": {
        "redirect_time": 0.0029825259999999854,
        "build_auth_time": 0.000840290999999993,
        "login_time": 0.00212431099999999,
        "acs_dispatch_time": 0.0029716859999999734,
        "finish_acs_dispatch_time": 0.01625462600000005
    },
    "t_user_3": {
        "redirect_time": 0.003565396000000054,
        "build_auth_time": 0.0013665860000000585,
        "login_time": 0.002178441999999947,
        "acs_dispatch_time": 0.0028062130000000574,
        "finish_acs_dispatch_time": 0.01622799500000005
    },
    "t_user_4": {
        "redirect_time": 0.003062414000000069,
        "build_auth_time": 0.0008452199999999799,
        "login_time": 0.0021989300000000433,
        "acs_dispatch_time": 0.0037759500000000834,
        "finish_acs_dispatch_time": 0.020726045000000082
    },
    "t_user_5": {
        "redirect_time": 0.003089805000000001,
        "build_auth_time": 0.0008725009999999145,
        "login_time": 0.002196585000000084,
        "acs_dispatch_time": 0.003168904000000028,
        "finish_acs_dispatch_time": 0.01869124599999994
    },
    "t_user_6": {
        "redirect_time": 0.0031247819999999926,
        "build_auth_time": 0.0008401710000000007,
        "login_time": 0.0022569890000000425,
        "acs_dispatch_time": 0.0033185710000001034,
        "finish_acs_dispatch_time": 0.016548485999999807
    },
    "t_user_7": {
        "redirect_time": 0.003065762000000083,
        "build_auth_time": 0.0008640750000001862,
        "login_time": 0.0021830119999999287,
        "acs_dispatch_time": 0.003751292000000017,
        "finish_acs_dispatch_time": 0.01714156
    },
    "t_user_8": {
        "redirect_time": 0.0030935930000000056,
        "build_auth_time": 0.0008398600000001366,
        "login_time": 0.0022301590000000093,
        "acs_dispatch_time": 0.003393200000000096,
        "finish_acs_dispatch_time": 0.016314163999999964
    },
    "t_user_9": {
        "redirect_time": 0.003210240000000031,
        "build_auth_time": 0.0008845129999999202,
        "login_time": 0.002303225000000131,
        "acs_dispatch_time": 0.0041115950000001344,
        "finish_acs_dispatch_time": 0.02072627600000021
    },
    "t_user_10": {
        "redirect_time": 0.003472020999999881,
        "build_auth_time": 0.0010926520000000828,
        "login_time": 0.0023551539999999704,
        "acs_dispatch_time": 0.0034137709999999544,
        "finish_acs_dispatch_time": 0.015969173000000003
    },
    "t_user_11": {
        "redirect_time": 0.0030566240000000633,
        "build_auth_time": 0.000849917999999894,
        "login_time": 0.00218470500000012,
        "acs_dispatch_time": 0.0029751020000001738,
        "finish_acs_dispatch_time": 0.0168267740000001
    },
    "t_user_12": {
        "redirect_time": 0.0031041119999999367,
        "build_auth_time": 0.00085358499999999,
        "login_time": 0.0022303500000000476,
        "acs_dispatch_time": 0.0032804849999998886,
        "finish_acs_dispatch_time": 0.015472316999999958
    },
    "t_user_14": {
        "redirect_time": 0.0031270239999998672,
        "build_auth_time": 0.0008878379999999186,
        "login_time": 0.002220179999999905,
        "acs_dispatch_time": 0.0036499839999999395,
        "finish_acs_dispatch_time": 0.016505629999999938
    },
    "t_user_13": {
        "redirect_time": 0.003392571000000011,
        "build_auth_time": 0.0012739310000000614,
        "login_time": 0.002103822000000033,
        "acs_dispatch_time": 0.002811856999999973,
        "finish_acs_dispatch_time": 0.01497299799999996
    },
    "t_user_15": {
        "redirect_time": 0.003025966999999685,
        "build_auth_time": 0.0008401209999999715,
        "login_time": 0.002167100999999949,
        "acs_dispatch_time": 0.0034619839999998625,
        "finish_acs_dispatch_time": 0.016098201999999784
    },
    "t_user_16": {
        "redirect_time": 0.003355752000000045,
        "build_auth_time": 0.0010328199999998233,
        "login_time": 0.0023018830000003376,
        "acs_dispatch_time": 0.0035322970000000176,
        "finish_acs_dispatch_time": 0.01684675999999996
    },
    "t_user_17": {
        "redirect_time": 0.0030537999999999954,
        "build_auth_time": 0.0008660089999996679,
        "login_time": 0.002169344999999989,
        "acs_dispatch_time": 0.0034031539999999083,
        "finish_acs_dispatch_time": 0.016272378000000032
    },
    "t_user_18": {
        "redirect_time": 0.003202986000000241,
        "build_auth_time": 0.0009073349999999536,
        "login_time": 0.0022716760000003333,
        "acs_dispatch_time": 0.003199699000000056,
        "finish_acs_dispatch_time": 0.016875961000000217
    },
    "t_user_19": {
        "redirect_time": 0.003111664999999597,
        "build_auth_time": 0.0008713779999998117,
        "login_time": 0.0022186359999998295,
        "acs_dispatch_time": 0.003650082999999693,
        "finish_acs_dispatch_time": 0.016182198000000092
    },
    "t_user_20": {
        "redirect_time": 0.0031574519999999495,
        "build_auth_time": 0.0009170649999998837,
        "login_time": 0.002217765000000149,
        "acs_dispatch_time": 0.003963768999999839,
        "finish_acs_dispatch_time": 0.01849243100000031
    },
    "t_user_21": {
        "redirect_time": 0.0033071709999998866,
        "build_auth_time": 0.0008444079999998522,
        "login_time": 0.0024403520000002565,
        "acs_dispatch_time": 0.0030162280000003427,
        "finish_acs_dispatch_time": 0.017430009999999996
    },
    "t_user_22": {
        "redirect_time": 0.0029918730000000338,
        "build_auth_time": 0.0008171180000000611,
        "login_time": 0.0021577430000001563,
        "acs_dispatch_time": 0.003378967000000177,
        "finish_acs_dispatch_time": 0.01647606799999979
    },
    "t_user_23": {
        "redirect_time": 0.00313990800000008,
        "build_auth_time": 0.0009114440000002055,
        "login_time": 0.0022072449999996913,
        "acs_dispatch_time": 0.003311822000000131,
        "finish_acs_dispatch_time": 0.016882328999999974
    },
    "t_user_24": {
        "redirect_time": 0.0030716919999997927,
        "build_auth_time": 0.0008687749999998218,
        "login_time": 0.0021835710000002173,
        "acs_dispatch_time": 0.0033292419999999545,
        "finish_acs_dispatch_time": 0.016280715000000168
    },
    "t_user_25": {
        "redirect_time": 0.003068205000000379,
        "build_auth_time": 0.0008342000000003402,
        "login_time": 0.002213175999999706,
        "acs_dispatch_time": 0.003497876999999594,
        "finish_acs_dispatch_time": 0.01580391900000011
    },
    "t_user_26": {
        "redirect_time": 0.003116995000000067,
        "build_auth_time": 0.0008525440000002327,
        "login_time": 0.0022447649999999264,
        "acs_dispatch_time": 0.0031223890000000587,
        "finish_acs_dispatch_time": 0.014991677999999897
    },
    "t_user_27": {
        "redirect_time": 0.003113981999999904,
        "build_auth_time": 0.0008348510000000253,
        "login_time": 0.0022608979999998446,
        "acs_dispatch_time": 0.002744441000000375,
        "finish_acs_dispatch_time": 0.015791346999999956
    },
    "t_user_28": {
        "redirect_time": 0.0030160079999999034,
        "build_auth_time": 0.0008364130000000358,
        "login_time": 0.0021632339999997363,
        "acs_dispatch_time": 0.0034574439999999207,
        "finish_acs_dispatch_time": 0.016227517999999996
    },
    "t_user_29": {
        "redirect_time": 0.002948002000000116,
        "build_auth_time": 0.0008007170000001729,
        "login_time": 0.002130833999999915,
        "acs_dispatch_time": 0.00329485099999971,
        "finish_acs_dispatch_time": 0.018321977999999906
    },