{
    "t_user_1": {
        "redirect_time": 0.0030086120000000216,
        "build_auth_time": 0.0008174170000000425,
        "login_time": 0.0021697450000000007,
        "acs_dispatch_time": 0.002890801000000054,
        "finish_acs_dispatch_time": 0.015872600000000014
    },
    "t_user_2": {
        "redirect_time": 0.003048567000000002,
        "build_auth_time": 0.0008458909999999875,
        "login_time": 0.0021850030000000187,
        "acs_dispatch_time": 0.0026603219999999927,
        "finish_acs_dispatch_time": 0.015613390999999921
    },
    "t_user_3": {
        "redirect_time": 0.003486228999999952,
        "build_auth_time": 0.0013422199999999496,
        "login_time": 0.0021223690000000683,
        "acs_dispatch_time": 0.0034951749999999615,
        "finish_acs_dispatch_time": 0.019677556999999957
    },
    "t_user_4": {
        "redirect_time": 0.003020766000000008,
        "build_auth_time": 0.000859586999999995,
        "login_time": 0.002140962000000024,
        "acs_dispatch_time": 0.002659371999999993,
        "finish_acs_dispatch_time": 0.015297156000000034
    },
    "t_user_5": {
        "redirect_time": 0.003100517000000025,
        "build_auth_time": 0.0008839429999999426,
        "login_time": 0.0021960260000000176,
        "acs_dispatch_time": 0.0032389549999999323,
        "finish_acs_dispatch_time": 0.01618303099999996
    },
    "t_user_6": {
        "redirect_time": 0.003115623000000012,
        "build_auth_time": 0.0008515119999999987,
        "login_time": 0.002243412999999972,
        "acs_dispatch_time": 0.0033631070000000873,
        "finish_acs_dispatch_time": 0.016253846999999988
    },
    "t_user_7": {
        "redirect_time": 0.003363738000000005,
        "build_auth_time": 0.0009132760000000184,
        "login_time": 0.0024277400000000116,
        "acs_dispatch_time": 0.00327839799999996,
        "finish_acs_dispatch_time": 0.01633233600000006
    },
    "t_user_8": {
        "redirect_time": 0.0031119170000000196,
        "build_auth_time": 0.000852825000000168,
        "login_time": 0.0022390349999998893,
        "acs_dispatch_time": 0.00325241899999984,
        "finish_acs_dispatch_time": 0.015787111000000076
    },
    "t_user_9": {
        "redirect_time": 0.003023711999999845,
        "build_auth_time": 0.0008285299999999385,
        "login_time": 0.0021745129999999335,
        "acs_dispatch_time": 0.0034450969999999526,
        "finish_acs_dispatch_time": 0.020753259999999996
    },
    "t_user_10": {
        "redirect_time": 0.0030681960000000785,
        "build_auth_time": 0.0008678429999999793,
        "login_time": 0.002181238000000141,
        "acs_dispatch_time": 0.003895823999999992,
        "finish_acs_dispatch_time": 0.017841397999999842
    },
    "t_user_11": {
        "redirect_time": 0.003324001999999826,
        "build_auth_time": 0.0009515479999999688,
        "login_time": 0.002346474999999959,
        "acs_dispatch_time": 0.0035659660000000315,
        "finish_acs_dispatch_time": 0.016682921000000128
    },
    "t_user_12": {
        "redirect_time": 0.0032279649999999993,
        "build_auth_time": 0.0009578220000001636,
        "login_time": 0.002246749999999853,
        "acs_dispatch_time": 0.003375630000000074,
        "finish_acs_dispatch_time": 0.01827668199999999
    },
    "t_user_14": {
        "redirect_time": 0.003176907000000062,
        "build_auth_time": 0.0008917870000000327,
        "login_time": 0.0022634000000001375,
        "acs_dispatch_time": 0.0034855790000001274,
        "finish_acs_dispatch_time": 0.01694035000000005
    },
    "t_user_13": {
        "redirect_time": 0.0033608229999999573,
        "build_auth_time": 0.0012765359999999948,
        "login_time": 0.00206524099999994,
        "acs_dispatch_time": 0.003137377999999913,
        "finish_acs_dispatch_time": 0.017376290999999933
    },
    "t_user_15": {
        "redirect_time": 0.003094565000000271,
        "build_auth_time": 0.0008825199999999978,
        "login_time": 0.002190595000000073,
        "acs_dispatch_time": 0.003465266000000078,
        "finish_acs_dispatch_time": 0.016579489999999808
    },
    "t_user_16": {
        "redirect_time": 0.003044471999999576,
        "build_auth_time": 0.0008654579999998191,
        "login_time": 0.002157051999999826,
        "acs_dispatch_time": 0.0034362930000000347,
        "finish_acs_dispatch_time": 0.016355214000000284
    },
    "t_user_17": {
        "redirect_time": 0.003034930999999741,
        "build_auth_time": 0.0008391979999999855,
        "login_time": 0.0021749039999998665,
        "acs_dispatch_time": 0.0034223380000000247,
        "finish_acs_dispatch_time": 0.01651425799999995
    },
    "t_user_18": {
        "redirect_time": 0.0030555200000002003,
        "build_auth_time": 0.0008336670000002044,
        "login_time": 0.0021999219999999653,
        "acs_dispatch_time": 0.0035651249999997248,
        "finish_acs_dispatch_time": 0.016879644000000305
    },
    "t_user_19": {
        "redirect_time": 0.003023452000000315,
        "build_auth_time": 0.000865046000000369,
        "login_time": 0.0021403219999998058,
        "acs_dispatch_time": 0.0032628570000001744,
        "finish_acs_dispatch_time": 0.018000117999999787
    },
    "t_user_20": {
        "redirect_time": 0.0030897060000003584,
        "build_auth_time": 0.0008747250000000761,
        "login_time": 0.002193751000000077,
        "acs_dispatch_time": 0.00331869600000001,
        "finish_acs_dispatch_time": 0.016591858999999598
    },
    "t_user_21": {
        "redirect_time": 0.0030375889999998407,
        "build_auth_time": 0.000850348999999806,
        "login_time": 0.0021661509999999495,
        "acs_dispatch_time": 0.0034033130000001854,
        "finish_acs_dispatch_time": 0.016141886999999855
    },
    "t_user_22": {
        "redirect_time": 0.003083231000000186,
        "build_auth_time": 0.0008797230000001655,
        "login_time": 0.002177349000000106,
        "acs_dispatch_time": 0.0031506179999998274,
        "finish_acs_dispatch_time": 0.015624362000000058
    },
    "t_user_23": {
        "redirect_time": 0.003019462999999778,
        "build_auth_time": 0.0008293699999999404,
        "login_time": 0.002170366999999729,
        "acs_dispatch_time": 0.003286652000000334,
        "finish_acs_dispatch_time": 0.017046788999999674
    },
    "t_user_24": {
        "redirect_time": 0.003020096000000194,
        "build_auth_time": 0.0008325160000000054,
        "login_time": 0.002165128000000127,
        "acs_dispatch_time": 0.0033184070000000787,
        "finish_acs_dispatch_time": 0.01587477299999973
    },
    "t_user_25": {
        "redirect_time": 0.0030699880000000235,
        "build_auth_time": 0.0008730009999999844,
        "login_time": 0.002171017999999858,
        "acs_dispatch_time": 0.0033047490000002178,
        "finish_acs_dispatch_time": 0.015532713999999892
    },
    "t_user_26": {
        "redirect_time": 0.0035288569999996078,
        "build_auth_time": 0.0011781629999996213,
        "login_time": 0.0023296740000002814,
        "acs_dispatch_time": 0.0032810709999999688,
        "finish_acs_dispatch_time": 0.017838331999999735
    },
    "t_user_27": {
        "redirect_time": 0.0030851259999997716,
        "build_auth_time": 0.0008477839999998515,
        "login_time": 0.002217504999999953,
        "acs_dispatch_time": 0.0033933620000001774,
        "finish_acs_dispatch_time": 0.016208912000000186
    },
    "t_user_28": {
        "redirect_time": 0.0028822369999996766,
        "build_auth_time": 0.0007775129999996189,
        "login_time": 0.002087471000000285,
        "acs_dispatch_time": 0.002963629999999995,
        "finish_acs_dispatch_time": 0.01682698699999996
    },
    "t_user_29": {
        "redirect_time": 0.003226300999999765,
        "build_auth_time": 0.0009614970000000334,
        "login_time": 0.0022419309999999193,
        "acs_dispatch_time": 0.003114501000000214,
        "finish_acs_dispatch_time": 0.015724956999999762
    },