{
    "t_user_1": {
        "redirect_time": 0.003020124000000013,
        "build_auth_time": 0.0008173069999999893,
        "login_time": 0.002182189000000001,
        "acs_dispatch_time": 0.002962420000000021,
        "finish_acs_dispatch_time": 0.014880420000000005
    },
    "t_user_2": {
        "redirect_time": 0.0031503580000000198,
        "build_auth_time": 0.0008946719999999853,
        "login_time": 0.0022363699999999875,
        "acs_dispatch_time": 0.0026296369999999625,
        "finish_acs_dispatch_time": 0.014584882999999937
    },
    "t_user_3": {
        "redirect_time": 0.0037043549999999925,
        "build_auth_time": 0.0013714649999999606,
        "login_time": 0.0023139950000000686,
        "acs_dispatch_time": 0.002650876999999996,
        "finish_acs_dispatch_time": 0.016041316000000028
    },
    "t_user_4": {
        "redirect_time": 0.003050220999999964,
        "build_auth_time": 0.0008545570000000335,
        "login_time": 0.0021766279999999583,
        "acs_dispatch_time": 0.0026600119999999894,
        "finish_acs_dispatch_time": 0.01603715800000005
    },
    "t_user_5": {
        "redirect_time": 0.0031067399999999967,
        "build_auth_time": 0.0009014559999999117,
        "login_time": 0.0021863790000000716,
        "acs_dispatch_time": 0.003650252999999992,
        "finish_acs_dispatch_time": 0.019910581999999954
    },
    "t_user_6": {
        "redirect_time": 0.0030526960000000214,
        "build_auth_time": 0.0008656180000000679,
        "login_time": 0.0021690439999999533,
        "acs_dispatch_time": 0.0027647779999999678,
        "finish_acs_dispatch_time": 0.017614998999999965
    },
    "t_user_7": {
        "redirect_time": 0.003073594999999929,
        "build_auth_time": 0.0008724909999999753,
        "login_time": 0.0021822989999999987,
        "acs_dispatch_time": 0.0029910589999999626,
        "finish_acs_dispatch_time": 0.015993119
    },
    "t_user_8": {
        "redirect_time": 0.003052222999999965,
        "build_auth_time": 0.0008321139999999394,
        "login_time": 0.002200923000000077,
        "acs_dispatch_time": 0.003371922999999999,
        "finish_acs_dispatch_time": 0.015948082000000197
    },
    "t_user_9": {
        "redirect_time": 0.003015757000000008,
        "build_auth_time": 0.0008000859999999221,
        "login_time": 0.0021982490000000965,
        "acs_dispatch_time": 0.003442803999999855,
        "finish_acs_dispatch_time": 0.017105099000000124
    },
    "t_user_10": {
        "redirect_time": 0.0031112259999999115,
        "build_auth_time": 0.0008746459999999789,
        "login_time": 0.0022192480000000625,
        "acs_dispatch_time": 0.003535097000000098,
        "finish_acs_dispatch_time": 0.016459344999999903
    },
    "t_user_11": {
        "redirect_time": 0.0031199419999998756,
        "build_auth_time": 0.0008988509999998673,
        "login_time": 0.0022012240000000016,
        "acs_dispatch_time": 0.003013453999999971,
        "finish_acs_dispatch_time": 0.015859403000000105
    },
    "t_user_12": {
        "redirect_time": 0.0030629360000000716,
        "build_auth_time": 0.0009065240000001307,
        "login_time": 0.0021378079999998523,
        "acs_dispatch_time": 0.0033241859999999512,
        "finish_acs_dispatch_time": 0.016864670999999998
    },
    "t_user_13": {
        "redirect_time": 0.003167868999999879,
        "build_auth_time": 0.0008933589999999825,
        "login_time": 0.002252538999999887,
        "acs_dispatch_time": 0.0031603269999997963,
        "finish_acs_dispatch_time": 0.01652021799999992
    },
    "t_user_14": {
        "redirect_time": 0.003533594999999945,
        "build_auth_time": 0.00135951099999998,
        "login_time": 0.002154897999999905,
        "acs_dispatch_time": 0.0033952180000000887,
        "finish_acs_dispatch_time": 0.015714029999999823
    },
    "t_user_15": {
        "redirect_time": 0.0030950659999999797,
        "build_auth_time": 0.0008311729999999073,
        "login_time": 0.0022380749999999505,
        "acs_dispatch_time": 0.0033156390000002034,
        "finish_acs_dispatch_time": 0.0160397790000002
    },
    "t_user_16": {
        "redirect_time": 0.0030797080000000143,
        "build_auth_time": 0.0008645769999997555,
        "login_time": 0.002195254000000091,
        "acs_dispatch_time": 0.0032302770000001146,
        "finish_acs_dispatch_time": 0.016101016000000357
    },
    "t_user_17": {
        "redirect_time": 0.0030422670000000984,
        "build_auth_time": 0.0008060570000001377,
        "login_time": 0.0022167240000001698,
        "acs_dispatch_time": 0.0036475359999998958,
        "finish_acs_dispatch_time": 0.016479841000000217
    },
    "t_user_18": {
        "redirect_time": 0.003119601000000305,
        "build_auth_time": 0.000896796000000144,
        "login_time": 0.002201555000000077,
        "acs_dispatch_time": 0.003550206999999972,
        "finish_acs_dispatch_time": 0.016404960000000024
    },
    "t_user_19": {
        "redirect_time": 0.0031545879999996806,
        "build_auth_time": 0.000931301000000051,
        "login_time": 0.002200783999999789,
        "acs_dispatch_time": 0.0033096189999999304,
        "finish_acs_dispatch_time": 0.015925488000000154
    },
    "t_user_20": {
        "redirect_time": 0.00302638799999988,
        "build_auth_time": 0.0008385170000000386,
        "login_time": 0.0021688850000001203,
        "acs_dispatch_time": 0.004056984999999624,
        "finish_acs_dispatch_time": 0.018222556
    },
    "t_user_21": {
        "redirect_time": 0.0032795409999999414,
        "build_auth_time": 0.0008650470000000077,
        "login_time": 0.0023950680000002222,
        "acs_dispatch_time": 0.0033582149999999977,
        "finish_acs_dispatch_time": 0.016606220999999977
    },
    "t_user_22": {
        "redirect_time": 0.003205851999999787,
        "build_auth_time": 0.0008626029999998508,
        "login_time": 0.002324564000000251,
        "acs_dispatch_time": 0.003377819999999865,
        "finish_acs_dispatch_time": 0.01661054900000014
    },
    "t_user_23": {
        "redirect_time": 0.0030571440000000116,
        "build_auth_time": 0.0008677310000000382,
        "login_time": 0.002169957,
        "acs_dispatch_time": 0.0035668860000002134,
        "finish_acs_dispatch_time": 0.01723434800000012
    },
    "t_user_24": {
        "redirect_time": 0.0030709410000002713,
        "build_auth_time": 0.0008806760000004132,
        "login_time": 0.002171339999999855,
        "acs_dispatch_time": 0.0033090760000002994,
        "finish_acs_dispatch_time": 0.01684538499999988
    },
    "t_user_25": {
        "redirect_time": 0.0029901390000000028,
        "build_auth_time": 0.0008356019999999909,
        "login_time": 0.002137245000000121,
        "acs_dispatch_time": 0.0031734120000002086,
        "finish_acs_dispatch_time": 0.01610440699999982
    },
    "t_user_26": {
        "redirect_time": 0.003004897000000284,
        "build_auth_time": 0.0008530939999999987,
        "login_time": 0.002133168000000296,
        "acs_dispatch_time": 0.003015167000000041,
        "finish_acs_dispatch_time": 0.01788544099999978
    },
    "t_user_27": {
        "redirect_time": 0.0030812699999995807,
        "build_auth_time": 0.0008419449999998996,
        "login_time": 0.0022202399999997624,
        "acs_dispatch_time": 0.0033267910000001066,
        "finish_acs_dispatch_time": 0.01700947399999997
    },
    "t_user_28": {
        "redirect_time": 0.002859586000000025,
        "build_auth_time": 0.0008091919999997366,
        "login_time": 0.0020344950000001916,
        "acs_dispatch_time": 0.002738590999999957,
        "finish_acs_dispatch_time": 0.01556520199999989
    },
    "t_user_29": {
        "redirect_time": 0.002998985000000065,
        "build_auth_time": 0.0008433770000002561,
        "login_time": 0.002135902000000023,
        "acs_dispatch_time": 0.0033603690000001407,
        "finish_acs_dispatch_time": 0.016665340999999945
    },