{
    "t_user_1": {
        "redirect_time": 0.003070970999999978,
        "build_auth_time": 0.0008409109999999997,
        "login_time": 0.0022103419999999763,
        "acs_dispatch_time": 0.003820378000000013,
        "finish_acs_dispatch_time": 0.02069576400000006
    },
    "t_user_2": {
        "redirect_time": 0.0031040219999999286,
        "build_auth_time": 0.0008733129999999312,
        "login_time": 0.0022112730000000136,
        "acs_dispatch_time": 0.0030911279999999985,
        "finish_acs_dispatch_time": 0.016812320999999963
    },
    "t_user_3": {
        "redirect_time": 0.0036221690000000084,
        "build_auth_time": 0.0013945960000000257,
        "login_time": 0.002208306999999965,
        "acs_dispatch_time": 0.0027733939999999846,
        "finish_acs_dispatch_time": 0.017048578000000036
    },
    "t_user_4": {
        "redirect_time": 0.0030277700000000962,
        "build_auth_time": 0.0008449690000000842,
        "login_time": 0.0021631239999999607,
        "acs_dispatch_time": 0.003117146000000015,
        "finish_acs_dispatch_time": 0.01752602999999997
    },
    "t_user_5": {
        "redirect_time": 0.0029999889999999807,
        "build_auth_time": 0.0008436670000000479,
        "login_time": 0.002138207999999975,
        "acs_dispatch_time": 0.0028742709999999283,
        "finish_acs_dispatch_time": 0.016333916999999976
    },
    "t_user_6": {
        "redirect_time": 0.00301702699999995,
        "build_auth_time": 0.0008328759999999269,
        "login_time": 0.0021652859999999885,
        "acs_dispatch_time": 0.002819009999999955,
        "finish_acs_dispatch_time": 0.017490222999999916
    },
    "t_user_7": {
        "redirect_time": 0.0029780360000000172,
        "build_auth_time": 0.0008338179999999307,
        "login_time": 0.002124060000000094,
        "acs_dispatch_time": 0.0035514249999999414,
        "finish_acs_dispatch_time": 0.016053430000000146
    },
    "t_user_8": {
        "redirect_time": 0.003018211000000104,
        "build_auth_time": 0.0008506700000001644,
        "login_time": 0.002148515999999878,
        "acs_dispatch_time": 0.003641095000000094,
        "finish_acs_dispatch_time": 0.015796042999999926
    },
    "t_user_9": {
        "redirect_time": 0.0033043759999999978,
        "build_auth_time": 0.0009043699999999877,
        "login_time": 0.002376982999999999,
        "acs_dispatch_time": 0.003607233999999959,
        "finish_acs_dispatch_time": 0.016393188999999975
    },
    "t_user_10": {
        "redirect_time": 0.0030234430000000145,
        "build_auth_time": 0.0008322160000000522,
        "login_time": 0.0021705889999998895,
        "acs_dispatch_time": 0.003778223999999941,
        "finish_acs_dispatch_time": 0.017348887999999896
    },
    "t_user_11": {
        "redirect_time": 0.0030876210000001514,
        "build_auth_time": 0.0008542559999999977,
        "login_time": 0.00221057300000016,
        "acs_dispatch_time": 0.003226401999999906,
        "finish_acs_dispatch_time": 0.01667648999999982
    },
    "t_user_12": {
        "redirect_time": 0.003099243000000085,
        "build_auth_time": 0.0008427040000000829,
        "login_time": 0.0022362510000000224,
        "acs_dispatch_time": 0.003617755000000056,
        "finish_acs_dispatch_time": 0.016922824999999975
    },
    "t_user_14": {
        "redirect_time": 0.0031192629999998722,
        "build_auth_time": 0.0008603190000000538,
        "login_time": 0.002237653999999978,
        "acs_dispatch_time": 0.0032263489999999617,
        "finish_acs_dispatch_time": 0.01566085500000014
    },
    "t_user_13": {
        "redirect_time": 0.002922864999999941,
        "build_auth_time": 0.0008205850000000403,
        "login_time": 0.0020857489999999146,
        "acs_dispatch_time": 0.003563994999999931,
        "finish_acs_dispatch_time": 0.01696261000000021
    },
    "t_user_15": {
        "redirect_time": 0.0033977819999999603,
        "build_auth_time": 0.0009837580000000568,
        "login_time": 0.0023890869999998454,
        "acs_dispatch_time": 0.004043299000000111,
        "finish_acs_dispatch_time": 0.01737661700000004
    },
    "t_user_16": {
        "redirect_time": 0.0030758299999997796,
        "build_auth_time": 0.00084858600000004,
        "login_time": 0.0022048919999999583,
        "acs_dispatch_time": 0.0037254950000003006,
        "finish_acs_dispatch_time": 0.01679651300000007
    },
    "t_user_17": {
        "redirect_time": 0.0032146800000001363,
        "build_auth_time": 0.0009239070000002236,
        "login_time": 0.0022658870000000775,
        "acs_dispatch_time": 0.0032233060000002034,
        "finish_acs_dispatch_time": 0.0171745259999998
    },
    "t_user_18": {
        "redirect_time": 0.0034172789999997732,
        "build_auth_time": 0.0011337989999997689,
        "login_time": 0.0022601859999999974,
        "acs_dispatch_time": 0.003452864000000222,
        "finish_acs_dispatch_time": 0.016017115999999998
    },
    "t_user_19": {
        "redirect_time": 0.0030616409999999483,
        "build_auth_time": 0.0008515410000002888,
        "login_time": 0.0021926279999999743,
        "acs_dispatch_time": 0.003647371999999649,
        "finish_acs_dispatch_time": 0.0158236279999997
    },
    "t_user_20": {
        "redirect_time": 0.003142275000000083,
        "build_auth_time": 0.0008752869999999469,
        "login_time": 0.002245588000000076,
        "acs_dispatch_time": 0.003486294000000001,
        "finish_acs_dispatch_time": 0.01680998200000028
    },
    "t_user_21": {
        "redirect_time": 0.0030134130000001313,
        "build_auth_time": 0.0008278879999998878,
        "login_time": 0.0021649460000001675,
        "acs_dispatch_time": 0.0029794210000000376,
        "finish_acs_dispatch_time": 0.016135670000000157
    },
    "t_user_22": {
        "redirect_time": 0.0031431640000003647,
        "build_auth_time": 0.0008730520000002073,
        "login_time": 0.0022466789999997516,
        "acs_dispatch_time": 0.0035352470000002967,
        "finish_acs_dispatch_time": 0.017472834999999964
    },
    "t_user_23": {
        "redirect_time": 0.0030783940000000953,
        "build_auth_time": 0.0008574429999996802,
        "login_time": 0.002199040000000263,
        "acs_dispatch_time": 0.0033585780000002785,
        "finish_acs_dispatch_time": 0.017325919000000134
    },
    "t_user_24": {
        "redirect_time": 0.0030422959999998334,
        "build_auth_time": 0.0008487069999998376,
        "login_time": 0.0021733219999999775,
        "acs_dispatch_time": 0.003438158999999885,
        "finish_acs_dispatch_time": 0.017965241999999826
    },
    "t_user_25": {
        "redirect_time": 0.003208137000000111,
        "build_auth_time": 0.000896024999999856,
        "login_time": 0.0022927250000002175,
        "acs_dispatch_time": 0.0032986570000002047,
        "finish_acs_dispatch_time": 0.017215451000000215
    },
    "t_user_26": {
        "redirect_time": 0.0030919710000003597,
        "build_auth_time": 0.0009023370000003084,
        "login_time": 0.0021683439999997667,
        "acs_dispatch_time": 0.003452336000000056,
        "finish_acs_dispatch_time": 0.016339957000000016
    },
    "t_user_27": {
        "redirect_time": 0.0030514940000001545,
        "build_auth_time": 0.0008473440000003052,
        "login_time": 0.0021832009999998014,
        "acs_dispatch_time": 0.003617811999999887,
        "finish_acs_dispatch_time": 0.016510239000000038
    },
    "t_user_28": {
        "redirect_time": 0.003201143000000073,
        "build_auth_time": 0.00089510199999987,
        "login_time": 0.0022846420000002254,
        "acs_dispatch_time": 0.0029578790000002186,
        "finish_acs_dispatch_time": 0.015586980999999778
    },
    "t_user_29": {
        "redirect_time": 0.003027630000000059,
        "build_auth_time": 0.0008398800000000151,
        "login_time": 0.0021684240000001687,
        "acs_dispatch_time": 0.003249895999999808,
        "finish_acs_dispatch_time": 0.016849426999999917
    },