{
    "t_user_1": {
        "redirect_time": 0.0031001439999999714,
        "build_auth_time": 0.0008389589999999725,
        "login_time": 0.0022396350000000176,
        "acs_dispatch_time": 0.0027396600000000326,
        "finish_acs_dispatch_time": 0.014984781999999974
    },
    "t_user_2": {
        "redirect_time": 0.0031163639999999826,
        "build_auth_time": 0.000872460999999991,
        "login_time": 0.0022217720000000107,
        "acs_dispatch_time": 0.003088961000000001,
        "finish_acs_dispatch_time": 0.014798802999999916
    },
    "t_user_3": {
        "redirect_time": 0.003655020999999925,
        "build_auth_time": 0.001442424999999914,
        "login_time": 0.002190395000000067,
        "acs_dispatch_time": 0.0027877259999999904,
        "finish_acs_dispatch_time": 0.015601434000000025
    },
    "t_user_4": {
        "redirect_time": 0.0030338720000000485,
        "build_auth_time": 0.0008295710000000289,
        "login_time": 0.0021828999999999876,
        "acs_dispatch_time": 0.003502286000000021,
        "finish_acs_dispatch_time": 0.015468920999999969
    },
    "t_user_5": {
        "redirect_time": 0.0031588240000000045,
        "build_auth_time": 0.0009175139999999526,
        "login_time": 0.002218016000000045,
        "acs_dispatch_time": 0.0037301499999999876,
        "finish_acs_dispatch_time": 0.019605969999999973
    },
    "t_user_6": {
        "redirect_time": 0.0030209669999999855,
        "build_auth_time": 0.0008438370000000139,
        "login_time": 0.0021595769999999126,
        "acs_dispatch_time": 0.0028252389999999794,
        "finish_acs_dispatch_time": 0.015402864000000016
    },
    "t_user_7": {
        "redirect_time": 0.0029724159999999777,
        "build_auth_time": 0.000810073999999994,
        "login_time": 0.002143546999999968,
        "acs_dispatch_time": 0.003537090999999881,
        "finish_acs_dispatch_time": 0.015477012000000068
    },
    "t_user_8": {
        "redirect_time": 0.003424249000000046,
        "build_auth_time": 0.0008858750000000359,
        "login_time": 0.00251984999999999,
        "acs_dispatch_time": 0.003469049000000002,
        "finish_acs_dispatch_time": 0.014742081000000073
    },
    "t_user_9": {
        "redirect_time": 0.0030885759999998985,
        "build_auth_time": 0.000848036000000052,
        "login_time": 0.002219900999999913,
        "acs_dispatch_time": 0.003324773999999975,
        "finish_acs_dispatch_time": 0.016578248000000073
    },
    "t_user_10": {
        "redirect_time": 0.003043759999999951,
        "build_auth_time": 0.0008186199999999921,
        "login_time": 0.002207196000000078,
        "acs_dispatch_time": 0.0033615959999999667,
        "finish_acs_dispatch_time": 0.016515730999999922
    },
    "t_user_11": {
        "redirect_time": 0.003062595000000057,
        "build_auth_time": 0.0008305229999998609,
        "login_time": 0.002211514000000081,
        "acs_dispatch_time": 0.0037205950000001042,
        "finish_acs_dispatch_time": 0.015127488000000078
    },
    "t_user_12": {
        "redirect_time": 0.003027658000000155,
        "build_auth_time": 0.000835681000000088,
        "login_time": 0.0021735430000000555,
        "acs_dispatch_time": 0.0040088220000000785,
        "finish_acs_dispatch_time": 0.018398276999999963
    },
    "t_user_14": {
        "redirect_time": 0.0030329879999999587,
        "build_auth_time": 0.0008336279999998641,
        "login_time": 0.0021809960000001016,
        "acs_dispatch_time": 0.003067495000000031,
        "finish_acs_dispatch_time": 0.01585320000000001
    },
    "t_user_13": {
        "redirect_time": 0.002878710000000062,
        "build_auth_time": 0.0007985930000000696,
        "login_time": 0.0020644679999999305,
        "acs_dispatch_time": 0.002984878999999996,
        "finish_acs_dispatch_time": 0.014656096999999813
    },
    "t_user_15": {
        "redirect_time": 0.0030716320000001573,
        "build_auth_time": 0.0008568310000001134,
        "login_time": 0.002193981999999872,
        "acs_dispatch_time": 0.002966298000000034,
        "finish_acs_dispatch_time": 0.015838382999999734
    },
    "t_user_16": {
        "redirect_time": 0.00301776099999973,
        "build_auth_time": 0.000829740999999995,
        "login_time": 0.0021656580000000147,
        "acs_dispatch_time": 0.0032464980000002086,
        "finish_acs_dispatch_time": 0.01770034400000009
    },
    "t_user_17": {
        "redirect_time": 0.002903937000000134,
        "build_auth_time": 0.0007967400000001845,
        "login_time": 0.0020901659999998934,
        "acs_dispatch_time": 0.003384754999999906,
        "finish_acs_dispatch_time": 0.017205531999999746
    },
    "t_user_18": {
        "redirect_time": 0.003201385000000112,
        "build_auth_time": 0.0008564110000000014,
        "login_time": 0.002321400000000029,
        "acs_dispatch_time": 0.003435141000000197,
        "finish_acs_dispatch_time": 0.016445405000000246
    },
    "t_user_19": {
        "redirect_time": 0.0031030000000003,
        "build_auth_time": 0.0008415319999999227,
        "login_time": 0.0022401680000001534,
        "acs_dispatch_time": 0.0035412789999997862,
        "finish_acs_dispatch_time": 0.018790582999999916
    },
    "t_user_20": {
        "redirect_time": 0.0030456839999999374,
        "build_auth_time": 0.0008398600000001366,
        "login_time": 0.002186206999999829,
        "acs_dispatch_time": 0.003509421000000401,
        "finish_acs_dispatch_time": 0.017808652000000258
    },
    "t_user_21": {
        "redirect_time": 0.0031676929999999714,
        "build_auth_time": 0.00090272899999988,
        "login_time": 0.0022440839999999795,
        "acs_dispatch_time": 0.004224586000000308,
        "finish_acs_dispatch_time": 0.01662024800000017
    },
    "t_user_22": {
        "redirect_time": 0.0030951749999998945,
        "build_auth_time": 0.0008933990000001835,
        "login_time": 0.002181537999999872,
        "acs_dispatch_time": 0.003395307000000347,
        "finish_acs_dispatch_time": 0.01685745999999977
    },
    "t_user_23": {
        "redirect_time": 0.002922953000000117,
        "build_auth_time": 0.0007234130000002281,
        "login_time": 0.0021811060000000992,
        "acs_dispatch_time": 0.003261016000000172,
        "finish_acs_dispatch_time": 0.01593884000000001
    },
    "t_user_24": {
        "redirect_time": 0.0031292699999996287,
        "build_auth_time": 0.0008773490000000272,
        "login_time": 0.002232042999999795,
        "acs_dispatch_time": 0.0032145299999997157,
        "finish_acs_dispatch_time": 0.017179719000000038
    },
    "t_user_25": {
        "redirect_time": 0.003319354999999913,
        "build_auth_time": 0.000977005999999836,
        "login_time": 0.002315268000000259,
        "acs_dispatch_time": 0.004519681000000109,
        "finish_acs_dispatch_time": 0.017251839999999685
    },
    "t_user_26": {
        "redirect_time": 0.0033070339999996534,
        "build_auth_time": 0.0009463699999998632,
        "login_time": 0.002337911000000137,
        "acs_dispatch_time": 0.003625337999999978,
        "finish_acs_dispatch_time": 0.016670095999999912
    },
    "t_user_27": {
        "redirect_time": 0.0031774310000001194,
        "build_auth_time": 0.000898530000000175,
        "login_time": 0.0022521210000001624,
        "acs_dispatch_time": 0.0036690779999997147,
        "finish_acs_dispatch_time": 0.016665594000000006
    },
    "t_user_29": {
        "redirect_time": 0.0030983999999998346,
        "build_auth_time": 0.0009044990000002251,
        "login_time": 0.002161460999999587,
        "acs_dispatch_time": 0.003210783000000106,
        "finish_acs_dispatch_time": 0.016197903000000125
    },
    "t_user_28": {
        "redirect_time": 0.002715666000000283,
        "build_auth_time": 0.000753658000000268,
        "login_time": 0.0019482420000001,
        "acs_dispatch_time": 0.0027820890000000986,
        "finish_acs_dispatch_time": 0.015624599000000128
    },