{
    "t_user_1": {
        "redirect_time": 0.0030495600000000067,
        "build_auth_time": 0.0008338179999999862,
        "login_time": 0.0021955140000000095,
        "acs_dispatch_time": 0.00267050000000002,
        "finish_acs_dispatch_time": 0.014858842999999955
    },
    "t_user_2": {
        "redirect_time": 0.0029888070000000377,
        "build_auth_time": 0.0008222679999999594,
        "login_time": 0.0021471820000000807,
        "acs_dispatch_time": 0.0028068489999999446,
        "finish_acs_dispatch_time": 0.014916893000000098
    },
    "t_user_3": {
        "redirect_time": 0.0038301579999999724,
        "build_auth_time": 0.0014839439999999593,
        "login_time": 0.002326577000000052,
        "acs_dispatch_time": 0.0026586000000000665,
        "finish_acs_dispatch_time": 0.016200209000000076
    },
    "t_user_4": {
        "redirect_time": 0.0032008109999999146,
        "build_auth_time": 0.0008666099999999899,
        "login_time": 0.0023142739999999495,
        "acs_dispatch_time": 0.002859239000000069,
        "finish_acs_dispatch_time": 0.014928892999999999
    },
    "t_user_5": {
        "redirect_time": 0.0030344629999999873,
        "build_auth_time": 0.0008508510000000413,
        "login_time": 0.002161569999999946,
        "acs_dispatch_time": 0.0036449450000000105,
        "finish_acs_dispatch_time": 0.019278938999999995
    },
    "t_user_6": {
        "redirect_time": 0.003112429999999944,
        "build_auth_time": 0.0008571629999999386,
        "login_time": 0.0022364719999999894,
        "acs_dispatch_time": 0.003093240999999969,
        "finish_acs_dispatch_time": 0.015358268000000064
    },
    "t_user_7": {
        "redirect_time": 0.0036469980000000124,
        "build_auth_time": 0.0009446060000000145,
        "login_time": 0.00267980000000001,
        "acs_dispatch_time": 0.0030322280000001367,
        "finish_acs_dispatch_time": 0.015982265000000107
    },
    "t_user_8": {
        "redirect_time": 0.0029913120000000237,
        "build_auth_time": 0.0008148129999999698,
        "login_time": 0.0021579339999999725,
        "acs_dispatch_time": 0.003186392000000149,
        "finish_acs_dispatch_time": 0.015626022000000184
    },
    "t_user_9": {
        "redirect_time": 0.003003745000000002,
        "build_auth_time": 0.0008562910000000645,
        "login_time": 0.0021282280000000098,
        "acs_dispatch_time": 0.0031219490000000683,
        "finish_acs_dispatch_time": 0.017865194999999945
    },
    "t_user_10": {
        "redirect_time": 0.003026927999999929,
        "build_auth_time": 0.0007904370000000327,
        "login_time": 0.002217555999999954,
        "acs_dispatch_time": 0.0025436830000000743,
        "finish_acs_dispatch_time": 0.015044521000000088
    },
    "t_user_11": {
        "redirect_time": 0.003209999999999935,
        "build_auth_time": 0.0008886200000000066,
        "login_time": 0.0022988170000000085,
        "acs_dispatch_time": 0.0027943959999998658,
        "finish_acs_dispatch_time": 0.016139924000000194
    },
    "t_user_12": {
        "redirect_time": 0.002988055999999961,
        "build_auth_time": 0.0008201729999999241,
        "login_time": 0.0021496690000000207,
        "acs_dispatch_time": 0.003557779999999955,
        "finish_acs_dispatch_time": 0.01758079300000004
    },
    "t_user_13": {
        "redirect_time": 0.00307052200000002,
        "build_auth_time": 0.0008286299999999969,
        "login_time": 0.002224068000000079,
        "acs_dispatch_time": 0.00305845700000007,
        "finish_acs_dispatch_time": 0.01619888700000005
    },
    "t_user_14": {
        "redirect_time": 0.0029029859999998298,
        "build_auth_time": 0.0007960279999998932,
        "login_time": 0.002091709999999969,
        "acs_dispatch_time": 0.0035535310000001097,
        "finish_acs_dispatch_time": 0.017573789000000062
    },
    "t_user_15": {
        "redirect_time": 0.0032368590000000363,
        "build_auth_time": 0.0008676709999999588,
        "login_time": 0.0023354749999999758,
        "acs_dispatch_time": 0.003260884999999991,
        "finish_acs_dispatch_time": 0.016190095999999876
    },
    "t_user_16": {
        "redirect_time": 0.0030304440000001875,
        "build_auth_time": 0.000819901999999928,
        "login_time": 0.0021909150000003486,
        "acs_dispatch_time": 0.0034563300000001185,
        "finish_acs_dispatch_time": 0.018273633000000178
    },
    "t_user_17": {
        "redirect_time": 0.0030223899999999304,
        "build_auth_time": 0.0008641759999998833,
        "login_time": 0.0021388780000002328,
        "acs_dispatch_time": 0.0031694259999999197,
        "finish_acs_dispatch_time": 0.01632262700000009
    },
    "t_user_18": {
        "redirect_time": 0.0030702489999998583,
        "build_auth_time": 0.0008630639999998024,
        "login_time": 0.002187268000000131,
        "acs_dispatch_time": 0.003424370999999926,
        "finish_acs_dispatch_time": 0.01685151900000026
    },
    "t_user_19": {
        "redirect_time": 0.0030051669999999753,
        "build_auth_time": 0.000836393999999796,
        "login_time": 0.0021492169999999255,
        "acs_dispatch_time": 0.0034988419999999465,
        "finish_acs_dispatch_time": 0.016342326999999823
    },
    "t_user_20": {
        "redirect_time": 0.0030094850000002005,
        "build_auth_time": 0.000839959999999973,
        "login_time": 0.002149288000000027,
        "acs_dispatch_time": 0.003247487999999965,
        "finish_acs_dispatch_time": 0.018316958999999855
    },
    "t_user_21": {
        "redirect_time": 0.003057674999999982,
        "build_auth_time": 0.0008447689999999675,
        "login_time": 0.0021922480000000633,
        "acs_dispatch_time": 0.003445721999999929,
        "finish_acs_dispatch_time": 0.016001552999999724
    },
    "t_user_22": {
        "redirect_time": 0.0031141290000000765,
        "build_auth_time": 0.0008766980000003421,
        "login_time": 0.0022150699999996526,
        "acs_dispatch_time": 0.0033504720000001598,
        "finish_acs_dispatch_time": 0.01595500999999988
    },
    "t_user_23": {
        "redirect_time": 0.0030625659999996557,
        "build_auth_time": 0.0008411529999996503,
        "login_time": 0.002202027000000051,
        "acs_dispatch_time": 0.0037216290000001706,
        "finish_acs_dispatch_time": 0.017851487000000166
    },
    "t_user_24": {
        "redirect_time": 0.0030535790000003615,
        "build_auth_time": 0.0008744549999999407,
        "login_time": 0.002158034000000253,
        "acs_dispatch_time": 0.0034135100000001195,
        "finish_acs_dispatch_time": 0.01575379900000007
    },
    "t_user_25": {
        "redirect_time": 0.003054807999999909,
        "build_auth_time": 0.0008404099999999026,
        "login_time": 0.002195482000000304,
        "acs_dispatch_time": 0.0032955110000001397,
        "finish_acs_dispatch_time": 0.016892234000000173
    },
    "t_user_26": {
        "redirect_time": 0.002976884999999818,
        "build_auth_time": 0.0008222970000000274,
        "login_time": 0.002137004999999803,
        "acs_dispatch_time": 0.0034862480000001916,
        "finish_acs_dispatch_time": 0.01578637599999988
    },
    "t_user_28": {
        "redirect_time": 0.0031471029999998734,
        "build_auth_time": 0.0008371849999999625,
        "login_time": 0.002286674000000044,
        "acs_dispatch_time": 0.00361905699999987,
        "finish_acs_dispatch_time": 0.017627496000000242
    },
    "t_user_27": {
        "redirect_time": 0.00292327499999967,
        "build_auth_time": 0.0008140619999998933,
        "login_time": 0.00209166999999999,
        "acs_dispatch_time": 0.004528545999999967,
        "finish_acs_dispatch_time": 0.016783364999999772
    },
    "t_user_29": {
        "redirect_time": 0.00299444900000001,
        "build_auth_time": 0.0008190219999999471,
        "login_time": 0.0021566019999998964,
        "acs_dispatch_time": 0.0037430949999999186,
        "finish_acs_dispatch_time": 0.016348751999999855
    },