{
    "t_user_1": {
        "redirect_time": 0.0031041730000000434,
        "build_auth_time": 0.0008581350000000376,
        "login_time": 0.0022238370000000063,
        "acs_dispatch_time": 0.0027622849999999755,
        "finish_acs_dispatch_time": 0.015114441000000034
    },
    "t_user_2": {
        "redirect_time": 0.003058198000000012,
        "build_auth_time": 0.0008551390000000048,
        "login_time": 0.0021804759999999868,
        "acs_dispatch_time": 0.003113699999999997,
        "finish_acs_dispatch_time": 0.01585405800000006
    },
    "t_user_3": {
        "redirect_time": 0.003149848999999927,
        "build_auth_time": 0.0008826609999998958,
        "login_time": 0.0022433630000000537,
        "acs_dispatch_time": 0.003536711999999942,
        "finish_acs_dispatch_time": 0.02003490200000002
    },
    "t_user_4": {
        "redirect_time": 0.003040723000000023,
        "build_auth_time": 0.0008469730000000286,
        "login_time": 0.0021739229999999665,
        "acs_dispatch_time": 0.0027712179999999087,
        "finish_acs_dispatch_time": 0.015371593999999988
    },
    "t_user_5": {
        "redirect_time": 0.0038098209999999355,
        "build_auth_time": 0.0015559869999999254,
        "login_time": 0.0022303210000000906,
        "acs_dispatch_time": 0.0031961780000000495,
        "finish_acs_dispatch_time": 0.015130833000000066
    },
    "t_user_6": {
        "redirect_time": 0.003094583999999956,
        "build_auth_time": 0.0008668399999999243,
        "login_time": 0.00220707600000003,
        "acs_dispatch_time": 0.003972767000000044,
        "finish_acs_dispatch_time": 0.01603314499999997
    },
    "t_user_7": {
        "redirect_time": 0.0030959180000000863,
        "build_auth_time": 0.0008870680000001574,
        "login_time": 0.0021884819999999916,
        "acs_dispatch_time": 0.003350323000000044,
        "finish_acs_dispatch_time": 0.015685630000000117
    },
    "t_user_8": {
        "redirect_time": 0.0033779649999998718,
        "build_auth_time": 0.0010451739999999266,
        "login_time": 0.0023065719999999512,
        "acs_dispatch_time": 0.0032830959999998743,
        "finish_acs_dispatch_time": 0.018416938999999966
    },
    "t_user_9": {
        "redirect_time": 0.003031086999999877,
        "build_auth_time": 0.0008556699999999751,
        "login_time": 0.0021550390000000252,
        "acs_dispatch_time": 0.004263196999999996,
        "finish_acs_dispatch_time": 0.017965679999999873
    },
    "t_user_10": {
        "redirect_time": 0.0030514249999999965,
        "build_auth_time": 0.0008257839999998851,
        "login_time": 0.0022078380000001285,
        "acs_dispatch_time": 0.0036197250000000736,
        "finish_acs_dispatch_time": 0.017127201000000092
    },
    "t_user_11": {
        "redirect_time": 0.0033680069999999507,
        "build_auth_time": 0.0009085489999998142,
        "login_time": 0.002437577000000024,
        "acs_dispatch_time": 0.0032597039999999744,
        "finish_acs_dispatch_time": 0.017659002999999895
    },
    "t_user_12": {
        "redirect_time": 0.0031124090000000937,
        "build_auth_time": 0.0008902850000001017,
        "login_time": 0.00220147599999998,
        "acs_dispatch_time": 0.0036125140000000666,
        "finish_acs_dispatch_time": 0.017782697999999986
    },
    "t_user_13": {
        "redirect_time": 0.0030527959999999688,
        "build_auth_time": 0.000845309999999877,
        "login_time": 0.0021880000000000788,
        "acs_dispatch_time": 0.0034469550000000293,
        "finish_acs_dispatch_time": 0.01713205299999987
    },
    "t_user_14": {
        "redirect_time": 0.003190535999999966,
        "build_auth_time": 0.0008188819999999097,
        "login_time": 0.0023520670000001243,
        "acs_dispatch_time": 0.0030009300000000128,
        "finish_acs_dispatch_time": 0.015463238999999795
    },
    "t_user_15": {
        "redirect_time": 0.0030833740000000276,
        "build_auth_time": 0.0008497689999997782,
        "login_time": 0.0022121240000001485,
        "acs_dispatch_time": 0.003331731000000282,
        "finish_acs_dispatch_time": 0.015885255000000154
    },
    "t_user_16": {
        "redirect_time": 0.0030264660000001165,
        "build_auth_time": 0.000820854000000093,
        "login_time": 0.0021844529999999196,
        "acs_dispatch_time": 0.003093440000000225,
        "finish_acs_dispatch_time": 0.01607327500000011
    },
    "t_user_17": {
        "redirect_time": 0.0030177419999999344,
        "build_auth_time": 0.000840731000000261,
        "login_time": 0.0021571229999999275,
        "acs_dispatch_time": 0.003282191999999906,
        "finish_acs_dispatch_time": 0.01859952099999962
    },
    "t_user_18": {
        "redirect_time": 0.0030538070000001305,
        "build_auth_time": 0.000871908999999782,
        "login_time": 0.002162130999999956,
        "acs_dispatch_time": 0.003306759999999631,
        "finish_acs_dispatch_time": 0.01677903199999964
    },
    "t_user_19": {
        "redirect_time": 0.0031909840000001743,
        "build_auth_time": 0.0008962760000001957,
        "login_time": 0.0022727169999998686,
        "acs_dispatch_time": 0.003310777999999903,
        "finish_acs_dispatch_time": 0.01711966399999998
    },
    "t_user_20": {
        "redirect_time": 0.0030743379999997877,
        "build_auth_time": 0.000876749000000121,
        "login_time": 0.0021770399999998524,
        "acs_dispatch_time": 0.003226514999999708,
        "finish_acs_dispatch_time": 0.016798795000000144
    },
    "t_user_21": {
        "redirect_time": 0.0030938940000000414,
        "build_auth_time": 0.0008716900000003136,
        "login_time": 0.002202145999999683,
        "acs_dispatch_time": 0.003459518000000106,
        "finish_acs_dispatch_time": 0.016190800000000394
    },
    "t_user_22": {
        "redirect_time": 0.0031173469999998815,
        "build_auth_time": 0.0008507499999996782,
        "login_time": 0.0022465200000003627,
        "acs_dispatch_time": 0.0033096950000000014,
        "finish_acs_dispatch_time": 0.01605856300000008
    },
    "t_user_23": {
        "redirect_time": 0.0032450870000002574,
        "build_auth_time": 0.0009711949999999803,
        "login_time": 0.002254326000000084,
        "acs_dispatch_time": 0.0032543210000000045,
        "finish_acs_dispatch_time": 0.016944770000000275
    },
    "t_user_24": {
        "redirect_time": 0.0030903379999998037,
        "build_auth_time": 0.0008721009999996809,
        "login_time": 0.002198320000000198,
        "acs_dispatch_time": 0.003322279000000261,
        "finish_acs_dispatch_time": 0.0162052509999997
    },
    "t_user_25": {
        "redirect_time": 0.003146482000000006,
        "build_auth_time": 0.0008982789999998353,
        "login_time": 0.0022260709999999406,
        "acs_dispatch_time": 0.0031656839999998354,
        "finish_acs_dispatch_time": 0.015183267999999916
    },
    "t_user_26": {
        "redirect_time": 0.0030508940000002482,
        "build_auth_time": 0.0008395189999998998,
        "login_time": 0.0021921090000001087,
        "acs_dispatch_time": 0.0034713880000003527,
        "finish_acs_dispatch_time": 0.01675999399999961
    },
    "t_user_27": {
        "redirect_time": 0.0031878010000001566,
        "build_auth_time": 0.0009349580000002078,
        "login_time": 0.002232143999999714,
        "acs_dispatch_time": 0.0034532099999999843,
        "finish_acs_dispatch_time": 0.016711943999999868
    },
    "t_user_28": {
        "redirect_time": 0.0031651269999999343,
        "build_auth_time": 0.0009174960000000176,
        "login_time": 0.002226521999999953,
        "acs_dispatch_time": 0.003313710999999664,
        "finish_acs_dispatch_time": 0.017001964999999952
    },
    "t_user_29": {
        "redirect_time": 0.003104546000000319,
        "build_auth_time": 0.0008987410000003138,
        "login_time": 0.0021859479999997156,
        "acs_dispatch_time": 0.00297254899999988,
        "finish_acs_dispatch_time": 0.015479354
    },