{
    "t_user_1": {
        "redirect_time": 0.0031687240000000116,
        "build_auth_time": 0.0009007140000000247,
        "login_time": 0.002245877999999979,
        "acs_dispatch_time": 0.0030125390000000918,
        "finish_acs_dispatch_time": 0.016685923000000047
    },
    "t_user_2": {
        "redirect_time": 0.0030970280000000017,
        "build_auth_time": 0.0008792129999999898,
        "login_time": 0.0021986190000000128,
        "acs_dispatch_time": 0.0031341799999999864,
        "finish_acs_dispatch_time": 0.015912656000000025
    },
    "t_user_3": {
        "redirect_time": 0.00298710499999999,
        "build_auth_time": 0.0008112270000000255,
        "login_time": 0.002155669999999943,
        "acs_dispatch_time": 0.0035658650000000014,
        "finish_acs_dispatch_time": 0.02200301800000004
    },
    "t_user_4": {
        "redirect_time": 0.002994648000000044,
        "build_auth_time": 0.0008071880000000142,
        "login_time": 0.002168104000000004,
        "acs_dispatch_time": 0.0027103760000000143,
        "finish_acs_dispatch_time": 0.01645828199999999
    },
    "t_user_5": {
        "redirect_time": 0.003680149999999993,
        "build_auth_time": 0.0014421070000000258,
        "login_time": 0.002215730999999943,
        "acs_dispatch_time": 0.003111846000000029,
        "finish_acs_dispatch_time": 0.015161629000000065
    },
    "t_user_6": {
        "redirect_time": 0.004039610000000082,
        "build_auth_time": 0.0011195230000000667,
        "login_time": 0.0028950009999999526,
        "acs_dispatch_time": 0.004052026999999958,
        "finish_acs_dispatch_time": 0.018640498999999977
    },
    "t_user_7": {
        "redirect_time": 0.0030501009999999162,
        "build_auth_time": 0.0008628419999998638,
        "login_time": 0.002168965000000078,
        "acs_dispatch_time": 0.003692824000000039,
        "finish_acs_dispatch_time": 0.016088007000000015
    },
    "t_user_8": {
        "redirect_time": 0.003393814999999911,
        "build_auth_time": 0.0009314620000000495,
        "login_time": 0.002440282000000016,
        "acs_dispatch_time": 0.0035847030000000224,
        "finish_acs_dispatch_time": 0.016228872999999977
    },
    "t_user_9": {
        "redirect_time": 0.0030921699999999497,
        "build_auth_time": 0.0008511399999999725,
        "login_time": 0.002217827000000172,
        "acs_dispatch_time": 0.0032401100000001293,
        "finish_acs_dispatch_time": 0.01640552499999992
    },
    "t_user_10": {
        "redirect_time": 0.0032229980000000324,
        "build_auth_time": 0.0008981780000001383,
        "login_time": 0.0023027079999999867,
        "acs_dispatch_time": 0.0031992109999998686,
        "finish_acs_dispatch_time": 0.015392153999999936
    },
    "t_user_11": {
        "redirect_time": 0.0031520730000000885,
        "build_auth_time": 0.0008390579999999481,
        "login_time": 0.002286916000000083,
        "acs_dispatch_time": 0.003318882999999939,
        "finish_acs_dispatch_time": 0.016354516999999902
    },
    "t_user_12": {
        "redirect_time": 0.003116075000000107,
        "build_auth_time": 0.0008785430000000094,
        "login_time": 0.002213748000000182,
        "acs_dispatch_time": 0.0033001699999999357,
        "finish_acs_dispatch_time": 0.016434624000000175
    },
    "t_user_14": {
        "redirect_time": 0.002999677000000034,
        "build_auth_time": 0.000808311000000117,
        "login_time": 0.0021709979999999796,
        "acs_dispatch_time": 0.003357165000000162,
        "finish_acs_dispatch_time": 0.016193899999999983
    },
    "t_user_13": {
        "redirect_time": 0.003326779000000002,
        "build_auth_time": 0.0012248200000000153,
        "login_time": 0.0020849780000000706,
        "acs_dispatch_time": 0.00292311199999995,
        "finish_acs_dispatch_time": 0.01521505099999998
    },
    "t_user_15": {
        "redirect_time": 0.003015858000000149,
        "build_auth_time": 0.000819311999999961,
        "login_time": 0.0021764890000002257,
        "acs_dispatch_time": 0.003738875999999891,
        "finish_acs_dispatch_time": 0.016345338999999903
    },
    "t_user_16": {
        "redirect_time": 0.0030843850000001893,
        "build_auth_time": 0.0008566500000002364,
        "login_time": 0.0022066359999999285,
        "acs_dispatch_time": 0.0032833590000000967,
        "finish_acs_dispatch_time": 0.01685075100000022
    },
    "t_user_17": {
        "redirect_time": 0.0036120620000001935,
        "build_auth_time": 0.0008664689999999808,
        "login_time": 0.0027150960000001945,
        "acs_dispatch_time": 0.0032853899999998326,
        "finish_acs_dispatch_time": 0.017966695999999782
    },
    "t_user_18": {
        "redirect_time": 0.003125239999999696,
        "build_auth_time": 0.0008457799999996851,
        "login_time": 0.002257830000000016,
        "acs_dispatch_time": 0.003239473999999909,
        "finish_acs_dispatch_time": 0.016258903999999852
    },
    "t_user_19": {
        "redirect_time": 0.003115683999999952,
        "build_auth_time": 0.0009038990000003189,
        "login_time": 0.002188410999999668,
        "acs_dispatch_time": 0.0033330209999999916,
        "finish_acs_dispatch_time": 0.018688035999999908
    },
    "t_user_20": {
        "redirect_time": 0.0031558309999999423,
        "build_auth_time": 0.0008768799999998578,
        "login_time": 0.002248514000000146,
        "acs_dispatch_time": 0.0033572170000000234,
        "finish_acs_dispatch_time": 0.01823535800000009
    },
    "t_user_21": {
        "redirect_time": 0.003127608000000226,
        "build_auth_time": 0.0008895430000004367,
        "login_time": 0.0022127069999999804,
        "acs_dispatch_time": 0.003603206000000192,
        "finish_acs_dispatch_time": 0.0175525409999997
    },
    "t_user_22": {
        "redirect_time": 0.0030714289999997924,
        "build_auth_time": 0.0008583230000001052,
        "login_time": 0.0021904939999997097,
        "acs_dispatch_time": 0.0030104569999998,
        "finish_acs_dispatch_time": 0.015195521999999961
    },
    "t_user_23": {
        "redirect_time": 0.00300699999999976,
        "build_auth_time": 0.0008277560000000683,
        "login_time": 0.0021601679999996293,
        "acs_dispatch_time": 0.0030177419999999344,
        "finish_acs_dispatch_time": 0.017621970999999625
    },
    "t_user_24": {
        "redirect_time": 0.003110282999999825,
        "build_auth_time": 0.0008736219999998518,
        "login_time": 0.00221604200000014,
        "acs_dispatch_time": 0.0031675300000002515,
        "finish_acs_dispatch_time": 0.016180999000000362
    },
    "t_user_25": {
        "redirect_time": 0.0031980090000001127,
        "build_auth_time": 0.000888952000000387,
        "login_time": 0.0022871570000000396,
        "acs_dispatch_time": 0.0032623789999997044,
        "finish_acs_dispatch_time": 0.016102755999999996
    },
    "t_user_26": {
        "redirect_time": 0.0029969809999998986,
        "build_auth_time": 0.0008262740000000157,
        "login_time": 0.002151822000000081,
        "acs_dispatch_time": 0.0030745570000001443,
        "finish_acs_dispatch_time": 0.015358407000000351
    },
    "t_user_27": {
        "redirect_time": 0.0031005959999999,
        "build_auth_time": 0.0008591459999998108,
        "login_time": 0.0022188380000001118,
        "acs_dispatch_time": 0.003279911999999996,
        "finish_acs_dispatch_time": 0.016303590000000145
    },
    "t_user_28": {
        "redirect_time": 0.002919847000000253,
        "build_auth_time": 0.0008215950000001193,
        "login_time": 0.0020779439999998317,
        "acs_dispatch_time": 0.0035810539999996394,
        "finish_acs_dispatch_time": 0.016154248000000315
    },
    "t_user_29": {
        "redirect_time": 0.003036805999999892,
        "build_auth_time": 0.0008272559999999984,
        "login_time": 0.0021882099999999127,
        "acs_dispatch_time": 0.0027786070000002105,
        "finish_acs_dispatch_time": 0.01592014499999994
    },