{
    "t_user_1": {
        "redirect_time": 0.003009596999999975,
        "build_auth_time": 0.0008379069999999711,
        "login_time": 0.002152263000000043,
        "acs_dispatch_time": 0.003184363999999995,
        "finish_acs_dispatch_time": 0.014782034
    },
    "t_user_2": {
        "redirect_time": 0.00303557399999993,
        "build_auth_time": 0.0008559789999999512,
        "login_time": 0.002159698000000043,
        "acs_dispatch_time": 0.002934619000000027,
        "finish_acs_dispatch_time": 0.017173531000000075
    },
    "t_user_3": {
        "redirect_time": 0.0035185589999999767,
        "build_auth_time": 0.0013632289999999658,
        "login_time": 0.0021335789999999966,
        "acs_dispatch_time": 0.003820131999999976,
        "finish_acs_dispatch_time": 0.022173874000000038
    },
    "t_user_4": {
        "redirect_time": 0.003100606999999922,
        "build_auth_time": 0.0008632640000000302,
        "login_time": 0.002217004999999994,
        "acs_dispatch_time": 0.0027911680000000105,
        "finish_acs_dispatch_time": 0.015854224000000028
    },
    "t_user_5": {
        "redirect_time": 0.003013801000000038,
        "build_auth_time": 0.0008357610000000459,
        "login_time": 0.0021577019999999836,
        "acs_dispatch_time": 0.0028091120000000025,
        "finish_acs_dispatch_time": 0.016267643000000054
    },
    "t_user_6": {
        "redirect_time": 0.0035317209999999877,
        "build_auth_time": 0.0013206179999999401,
        "login_time": 0.0021851840000000067,
        "acs_dispatch_time": 0.002525552000000042,
        "finish_acs_dispatch_time": 0.01547637199999996
    },
    "t_user_7": {
        "redirect_time": 0.0031554280000000157,
        "build_auth_time": 0.000892188000000016,
        "login_time": 0.0022415999999999547,
        "acs_dispatch_time": 0.002883789000000081,
        "finish_acs_dispatch_time": 0.01534524699999995
    },
    "t_user_8": {
        "redirect_time": 0.003214948999999967,
        "build_auth_time": 0.0008443889999999454,
        "login_time": 0.0023518460000000463,
        "acs_dispatch_time": 0.0031565790000001037,
        "finish_acs_dispatch_time": 0.016628955000000056
    },
    "t_user_9": {
        "redirect_time": 0.002982935000000131,
        "build_auth_time": 0.0008184589999999936,
        "login_time": 0.002144970000000024,
        "acs_dispatch_time": 0.003690819000000012,
        "finish_acs_dispatch_time": 0.02141640899999997
    },
    "t_user_10": {
        "redirect_time": 0.0030193030000000842,
        "build_auth_time": 0.0008382970000000434,
        "login_time": 0.0021615900000000465,
        "acs_dispatch_time": 0.003410836000000028,
        "finish_acs_dispatch_time": 0.01595126800000002
    },
    "t_user_11": {
        "redirect_time": 0.0031467229999999624,
        "build_auth_time": 0.0008982589999999568,
        "login_time": 0.002227575000000037,
        "acs_dispatch_time": 0.0031335279999999965,
        "finish_acs_dispatch_time": 0.017324708999999938
    },
    "t_user_12": {
        "redirect_time": 0.0030109689999999745,
        "build_auth_time": 0.0008217959999998747,
        "login_time": 0.0021700970000000375,
        "acs_dispatch_time": 0.003457125000000172,
        "finish_acs_dispatch_time": 0.01584436499999997
    },
    "t_user_14": {
        "redirect_time": 0.0031188419999998995,
        "build_auth_time": 0.0008665909999998611,
        "login_time": 0.002230109000000091,
        "acs_dispatch_time": 0.003065620999999963,
        "finish_acs_dispatch_time": 0.01685516400000009
    },
    "t_user_13": {
        "redirect_time": 0.0029279650000000323,
        "build_auth_time": 0.0008030409999999488,
        "login_time": 0.0021046450000001826,
        "acs_dispatch_time": 0.0034311420000001647,
        "finish_acs_dispatch_time": 0.01729960399999997
    },
    "t_user_15": {
        "redirect_time": 0.0030579259999998776,
        "build_auth_time": 0.0008466030000000568,
        "login_time": 0.0021897929999998844,
        "acs_dispatch_time": 0.0033570440000003643,
        "finish_acs_dispatch_time": 0.01556765899999979
    },
    "t_user_16": {
        "redirect_time": 0.003078254000000058,
        "build_auth_time": 0.0008783519999999712,
        "login_time": 0.002180465999999992,
        "acs_dispatch_time": 0.004286372000000149,
        "finish_acs_dispatch_time": 0.0160088570000001
    },
    "t_user_17": {
        "redirect_time": 0.003135741999999997,
        "build_auth_time": 0.0009189580000001918,
        "login_time": 0.0021953230000000268,
        "acs_dispatch_time": 0.0035034290000002244,
        "finish_acs_dispatch_time": 0.016753239000000253
    },
    "t_user_18": {
        "redirect_time": 0.0031806659999999987,
        "build_auth_time": 0.0008798850000002467,
        "login_time": 0.0022777679999999023,
        "acs_dispatch_time": 0.0033766240000003833,
        "finish_acs_dispatch_time": 0.016582130000000195
    },
    "t_user_19": {
        "redirect_time": 0.00316508800000026,
        "build_auth_time": 0.0008807769999998882,
        "login_time": 0.00226073700000029,
        "acs_dispatch_time": 0.0035868630000002177,
        "finish_acs_dispatch_time": 0.016311491000000178
    },
    "t_user_20": {
        "redirect_time": 0.003122736000000348,
        "build_auth_time": 0.0008666010000002444,
        "login_time": 0.002235036000000079,
        "acs_dispatch_time": 0.004146801000000089,
        "finish_acs_dispatch_time": 0.018298832000000154
    },
    "t_user_21": {
        "redirect_time": 0.0034179189999998805,
        "build_auth_time": 0.0010436309999999338,
        "login_time": 0.002348679999999881,
        "acs_dispatch_time": 0.0031936980000000226,
        "finish_acs_dispatch_time": 0.01672312999999992
    },
    "t_user_22": {
        "redirect_time": 0.003133054999999718,
        "build_auth_time": 0.0008943009999997642,
        "login_time": 0.0022192480000002845,
        "acs_dispatch_time": 0.0036036269999999426,
        "finish_acs_dispatch_time": 0.016039635000000274
    },
    "t_user_23": {
        "redirect_time": 0.0031148239999998495,
        "build_auth_time": 0.0008823599999998599,
        "login_time": 0.002211475000000185,
        "acs_dispatch_time": 0.0033227010000000945,
        "finish_acs_dispatch_time": 0.01668740400000024
    },
    "t_user_24": {
        "redirect_time": 0.00301245200000011,
        "build_auth_time": 0.000827768000000173,
        "login_time": 0.002164687000000054,
        "acs_dispatch_time": 0.003512837999999796,
        "finish_acs_dispatch_time": 0.016562474000000105
    },
    "t_user_25": {
        "redirect_time": 0.0030484090000002517,
        "build_auth_time": 0.0008382980000001261,
        "login_time": 0.002190254999999919,
        "acs_dispatch_time": 0.0033358850000002604,
        "finish_acs_dispatch_time": 0.016263756999999934
    },
    "t_user_26": {
        "redirect_time": 0.0031157940000001716,
        "build_auth_time": 0.0008549379999998052,
        "login_time": 0.002240698000000041,
        "acs_dispatch_time": 0.003113235999999908,
        "finish_acs_dispatch_time": 0.015981092999999724
    },
    "t_user_27": {
        "redirect_time": 0.0031605980000000145,
        "build_auth_time": 0.0009071050000000191,
        "login_time": 0.002232223000000033,
        "acs_dispatch_time": 0.003307922999999935,
        "finish_acs_dispatch_time": 0.01699032700000025
    },
    "t_user_28": {
        "redirect_time": 0.003095013999999896,
        "build_auth_time": 0.0008776489999999804,
        "login_time": 0.0021967759999999004,
        "acs_dispatch_time": 0.002775114999999939,
        "finish_acs_dispatch_time": 0.015297134000000323
    },
    "t_user_29": {
        "redirect_time": 0.00300105900000025,
        "build_auth_time": 0.0008303520000003672,
        "login_time": 0.0021517319999997397,
        "acs_dispatch_time": 0.0034170279999998776,
        "finish_acs_dispatch_time": 0.018424545999999875
    },