{
    "t_user_1": {
        "redirect_time": 0.0030501119999999937,
        "build_auth_time": 0.0008035829999999966,
        "login_time": 0.002223835999999979,
        "acs_dispatch_time": 0.004232550000000002,
        "finish_acs_dispatch_time": 0.022394936000000087
    },
    "t_user_2": {
        "redirect_time": 0.0030748379999999687,
        "build_auth_time": 0.0008911249999999926,
        "login_time": 0.0021615609999999785,
        "acs_dispatch_time": 0.004440990000000089,
        "finish_acs_dispatch_time": 0.017478570000000082
    },
    "t_user_3": {
        "redirect_time": 0.003568303000000106,
        "build_auth_time": 0.0013341550000000035,
        "login_time": 0.0022136800000001067,
        "acs_dispatch_time": 0.0033783849999999838,
        "finish_acs_dispatch_time": 0.016393655000000007
    },
    "t_user_4": {
        "redirect_time": 0.0030995449999999813,
        "build_auth_time": 0.0008441890000000507,
        "login_time": 0.002235448999999945,
        "acs_dispatch_time": 0.0033511749999999285,
        "finish_acs_dispatch_time": 0.016501783000000048
    },
    "t_user_5": {
        "redirect_time": 0.0030780710000000155,
        "build_auth_time": 0.0008860659999999632,
        "login_time": 0.002169693000000028,
        "acs_dispatch_time": 0.0036524989999999757,
        "finish_acs_dispatch_time": 0.017159107000000007
    },
    "t_user_6": {
        "redirect_time": 0.0032337049999999756,
        "build_auth_time": 0.0009176050000000435,
        "login_time": 0.002295400999999919,
        "acs_dispatch_time": 0.003232031000000024,
        "finish_acs_dispatch_time": 0.019930530999999974
    },
    "t_user_7": {
        "redirect_time": 0.0031587559999999293,
        "build_auth_time": 0.0009135879999999652,
        "login_time": 0.002222254999999951,
        "acs_dispatch_time": 0.003789704000000116,
        "finish_acs_dispatch_time": 0.017007369000000105
    },
    "t_user_8": {
        "redirect_time": 0.0032781390000000687,
        "build_auth_time": 0.0009324930000000897,
        "login_time": 0.00231907599999992,
        "acs_dispatch_time": 0.0035341369999999372,
        "finish_acs_dispatch_time": 0.01621184100000006
    },
    "t_user_9": {
        "redirect_time": 0.003129932000000002,
        "build_auth_time": 0.0008856769999998626,
        "login_time": 0.002223797000000083,
        "acs_dispatch_time": 0.003421534000000115,
        "finish_acs_dispatch_time": 0.017406133000000157
    },
    "t_user_10": {
        "redirect_time": 0.0030343419999998567,
        "build_auth_time": 0.0008192209999999811,
        "login_time": 0.0021951129999999708,
        "acs_dispatch_time": 0.0031137379999999215,
        "finish_acs_dispatch_time": 0.016128841000000005
    },
    "t_user_11": {
        "redirect_time": 0.003096726999999966,
        "build_auth_time": 0.0008606780000000036,
        "login_time": 0.0022132469999998072,
        "acs_dispatch_time": 0.0033060380000000666,
        "finish_acs_dispatch_time": 0.01765588100000004
    },
    "t_user_12": {
        "redirect_time": 0.0030616219999999306,
        "build_auth_time": 0.000870798000000006,
        "login_time": 0.002166689000000055,
        "acs_dispatch_time": 0.0033297530000000464,
        "finish_acs_dispatch_time": 0.01695305200000008
    },
    "t_user_14": {
        "redirect_time": 0.0030824520000001243,
        "build_auth_time": 0.0008359930000001459,
        "login_time": 0.0022227739999998164,
        "acs_dispatch_time": 0.0028454669999999904,
        "finish_acs_dispatch_time": 0.015848800000000107
    },
    "t_user_13": {
        "redirect_time": 0.002996231000000016,
        "build_auth_time": 0.0008473749999999836,
        "login_time": 0.0021288489999999882,
        "acs_dispatch_time": 0.0033295930000001306,
        "finish_acs_dispatch_time": 0.01636139400000003
    },
    "t_user_15": {
        "redirect_time": 0.0029479210000000755,
        "build_auth_time": 0.0008037530000000181,
        "login_time": 0.002123539999999924,
        "acs_dispatch_time": 0.003304475999999834,
        "finish_acs_dispatch_time": 0.01650930500000003
    },
    "t_user_16": {
        "redirect_time": 0.0031230670000002014,
        "build_auth_time": 0.0009852320000001136,
        "login_time": 0.002119369999999954,
        "acs_dispatch_time": 0.0036763949999998324,
        "finish_acs_dispatch_time": 0.01648322999999996
    },
    "t_user_17": {
        "redirect_time": 0.003158203999999998,
        "build_auth_time": 0.0009447769999999522,
        "login_time": 0.0021941910000000675,
        "acs_dispatch_time": 0.003268657999999647,
        "finish_acs_dispatch_time": 0.01659103499999981
    },
    "t_user_18": {
        "redirect_time": 0.0030687170000001096,
        "build_auth_time": 0.0008903340000001592,
        "login_time": 0.0021588359999999973,
        "acs_dispatch_time": 0.0031608510000000756,
        "finish_acs_dispatch_time": 0.017342168999999963
    },
    "t_user_19": {
        "redirect_time": 0.0030604929999999975,
        "build_auth_time": 0.0008486070000000012,
        "login_time": 0.0021835019999998373,
        "acs_dispatch_time": 0.003241881000000113,
        "finish_acs_dispatch_time": 0.016144362999999995
    },
    "t_user_20": {
        "redirect_time": 0.003147101000000152,
        "build_auth_time": 0.0009049910000000772,
        "login_time": 0.002221721999999815,
        "acs_dispatch_time": 0.003630875999999894,
        "finish_acs_dispatch_time": 0.016294306999999897
    },
    "t_user_21": {
        "redirect_time": 0.002994876999999896,
        "build_auth_time": 0.0008348199999996808,
        "login_time": 0.002140771000000097,
        "acs_dispatch_time": 0.0033418309999997398,
        "finish_acs_dispatch_time": 0.01676582499999979
    },
    "t_user_22": {
        "redirect_time": 0.003074756999999817,
        "build_auth_time": 0.0008463320000000607,
        "login_time": 0.002206633999999763,
        "acs_dispatch_time": 0.003345834000000103,
        "finish_acs_dispatch_time": 0.016178373000000246
    },
    "t_user_23": {
        "redirect_time": 0.003168343000000018,
        "build_auth_time": 0.0009010250000001108,
        "login_time": 0.0022450759999999015,
        "acs_dispatch_time": 0.0033357440000001404,
        "finish_acs_dispatch_time": 0.017654990000000037
    },
    "t_user_24": {
        "redirect_time": 0.003129358999999887,
        "build_auth_time": 0.00090313799999997,
        "login_time": 0.0022058029999998396,
        "acs_dispatch_time": 0.003506264999999953,
        "finish_acs_dispatch_time": 0.019400936999999896
    },
    "t_user_25": {
        "redirect_time": 0.0032941900000000857,
        "build_auth_time": 0.000964814000000036,
        "login_time": 0.002305590999999829,
        "acs_dispatch_time": 0.0035061750000000558,
        "finish_acs_dispatch_time": 0.017953235000000234
    },
    "t_user_26": {
        "redirect_time": 0.003165838000000143,
        "build_auth_time": 0.0009602850000001162,
        "login_time": 0.0021847240000001378,
        "acs_dispatch_time": 0.0036831629999998228,
        "finish_acs_dispatch_time": 0.017243462999999792
    },
    "t_user_27": {
        "redirect_time": 0.0030693659999996292,
        "build_auth_time": 0.0008544759999997709,
        "login_time": 0.002193840999999974,
        "acs_dispatch_time": 0.0027702999999998923,
        "finish_acs_dispatch_time": 0.01547304599999988
    },
    "t_user_28": {
        "redirect_time": 0.0028750440000000488,
        "build_auth_time": 0.0008118270000001537,
        "login_time": 0.002045052999999797,
        "acs_dispatch_time": 0.0034790549999996756,
        "finish_acs_dispatch_time": 0.016671937999999997
    },
    "t_user_29": {
        "redirect_time": 0.00308480599999994,
        "build_auth_time": 0.000866449999999741,
        "login_time": 0.002197788000000145,
        "acs_dispatch_time": 0.003738176999999787,
        "finish_acs_dispatch_time": 0.015981192000000366
    },