{
    "t_user_1": {
        "redirect_time": 0.017273521000000014,
        "pkce_time": 5.499199999998e-05,
        "get_access_token_time": 0.012787727999999943,
        "decode_id_token_time": 0.0002444169999999968,
        "complete_login_time": 0.014703783999999942,
        "dispatch_time": 0.054908393999999916
    },
    "t_user_2": {
        "redirect_time": 0.01568663799999992,
        "pkce_time": 4.904100000003e-05,
        "get_access_token_time": 0.01693488799999998,
        "decode_id_token_time": 0.00019165800000009448,
        "complete_login_time": 0.013165125,
        "dispatch_time": 0.054189819999999944
    },
    "t_user_3": {
        "redirect_time": 0.014833081000000026,
        "pkce_time": 4.316999999998e-05,
        "get_access_token_time": 0.012586211999999986,
        "decode_id_token_time": 0.0008486389999999844,
        "complete_login_time": 0.017276929999999968,
        "dispatch_time": 0.05875729900000004
    },
    "t_user_4": {
        "redirect_time": 0.014266761000000017,
        "pkce_time": 4.189900000007e-05,
        "get_access_token_time": 0.011593140999999973,
        "decode_id_token_time": 0.00019356199999998047,
        "complete_login_time": 0.012769541000000051,
        "dispatch_time": 0.05286543899999996
    },
    "t_user_5": {
        "redirect_time": 0.01680443399999998,
        "pkce_time": 6.472099999999e-05,
        "get_access_token_time": 0.011332807000000056,
        "decode_id_token_time": 0.00026128799999991514,
        "complete_login_time": 0.013605923999999936,
        "dispatch_time": 0.052880317999999926
    },
    "t_user_6": {
        "redirect_time": 0.014504571000000022,
        "pkce_time": 4.26899999999e-05,
        "get_access_token_time": 0.011660258000000034,
        "decode_id_token_time": 0.00025649000000016464,
        "complete_login_time": 0.014629452000000098,
        "dispatch_time": 0.05025576900000006
    },
    "t_user_7": {
        "redirect_time": 0.01583603,
        "pkce_time": 6.975100000006e-05,
        "get_access_token_time": 0.011740925999999874,
        "decode_id_token_time": 0.00024021999999979116,
        "complete_login_time": 0.013560448000000003,
        "dispatch_time": 0.05032550000000002
    },
    "t_user_8": {
        "redirect_time": 0.014352440000000133,
        "pkce_time": 4.768999999993e-05,
        "get_access_token_time": 0.011626233000000097,
        "decode_id_token_time": 0.00018350299999991826,
        "complete_login_time": 0.012975554999999916,
        "dispatch_time": 0.04841509999999993
    },
    "t_user_9": {
        "redirect_time": 0.01409957499999992,
        "pkce_time": 4.555500000003e-05,
        "get_access_token_time": 0.01140150899999992,
        "decode_id_token_time": 0.00023465899999997042,
        "complete_login_time": 0.01267043000000001,
        "dispatch_time": 0.051222255000000105
    },
    "t_user_10": {
        "redirect_time": 0.014412281000000027,
        "pkce_time": 3.635800000001e-05,
        "get_access_token_time": 0.011422610999999971,
        "decode_id_token_time": 0.0002012970000000447,
        "complete_login_time": 0.01312855699999993,
        "dispatch_time": 0.048720384000000116
    },
    "t_user_11": {
        "redirect_time": 0.014825409000000178,
        "pkce_time": 4.895199999999e-05,
        "get_access_token_time": 0.0129288230000002,
        "decode_id_token_time": 0.0001935520000002633,
        "complete_login_time": 0.018101487000000027,
        "dispatch_time": 0.05746822000000007
    },
    "t_user_12": {
        "redirect_time": 0.015435550999999936,
        "pkce_time": 4.910100000011e-05,
        "get_access_token_time": 0.011686106999999613,
        "decode_id_token_time": 0.00021256800000024612,
        "complete_login_time": 0.013891778000000077,
        "dispatch_time": 0.051894853999999935
    },
    "t_user_13": {
        "redirect_time": 0.015195296999999997,
        "pkce_time": 6.795700000017e-05,
        "get_access_token_time": 0.011952314000000186,
        "decode_id_token_time": 0.00023025999999992663,
        "complete_login_time": 0.013296916999999908,
        "dispatch_time": 0.052928713999999655
    },
    "t_user_14": {
        "redirect_time": 0.017237013999999995,
        "pkce_time": 6.135500000015e-05,
        "get_access_token_time": 0.011572899999999997,
        "decode_id_token_time": 0.00018872299999994624,
        "complete_login_time": 0.013113719999999773,
        "dispatch_time": 0.048906453000000294
    },
    "t_user_15": {
        "redirect_time": 0.014935189000000015,
        "pkce_time": 4.194899999987e-05,
        "get_access_token_time": 0.012958833999999975,
        "decode_id_token_time": 0.00023178300000026297,
        "complete_login_time": 0.019018260000000176,
        "dispatch_time": 0.05779069999999997
    },
    "t_user_16": {
        "redirect_time": 0.014104284000000078,
        "pkce_time": 3.741000000002e-05,
        "get_access_token_time": 0.011737827000000145,
        "decode_id_token_time": 0.0002073980000001363,
        "complete_login_time": 0.01391266900000021,
        "dispatch_time": 0.04941015800000015
    },
    "t_user_17": {
        "redirect_time": 0.014866846000000322,
        "pkce_time": 4.728799999976e-05,
        "get_access_token_time": 0.011566415999999968,
        "decode_id_token_time": 0.0002285369999999176,
        "complete_login_time": 0.01802666900000016,
        "dispatch_time": 0.05367286800000004
    },
    "t_user_18": {
        "redirect_time": 0.015086066999999925,
        "pkce_time": 4.459300000015e-05,
        "get_access_token_time": 0.012162544999999803,
        "decode_id_token_time": 0.0002546660000000145,
        "complete_login_time": 0.014645193000000223,
        "dispatch_time": 0.05154629299999991
    },
    "t_user_19": {
        "redirect_time": 0.014199966000000064,
        "pkce_time": 4.944299999998e-05,
        "get_access_token_time": 0.011574811000000018,
        "decode_id_token_time": 0.00024070000000042668,
        "complete_login_time": 0.02140349999999991,
        "dispatch_time": 0.057191101999999994
    },
    "t_user_20": {
        "redirect_time": 0.014174981000000031,
        "pkce_time": 4.101700000003e-05,
        "get_access_token_time": 0.015339020999999953,
        "decode_id_token_time": 0.00019802000000002096,
        "complete_login_time": 0.013821629000000168,
        "dispatch_time": 0.053454922999999877
    },
    "t_user_21": {
        "redirect_time": 0.014607854999999947,
        "pkce_time": 5.722699999966e-05,
        "get_access_token_time": 0.015368877999999864,
        "decode_id_token_time": 0.0002207029999996557,
        "complete_login_time": 0.014292050000000334,
        "dispatch_time": 0.0553032619999998
    },
    "t_user_22": {
        "redirect_time": 0.015008880999999974,
        "pkce_time": 4.744999999984e-05,
        "get_access_token_time": 0.01583279099999979,
        "decode_id_token_time": 0.00023916600000006838,
        "complete_login_time": 0.014145115000000263,
        "dispatch_time": 0.054439150000000325
    },
    "t_user_23": {
        "redirect_time": 0.014361435000000089,
        "pkce_time": 5.189799999972e-05,
        "get_access_token_time": 0.01430861700000019,
        "decode_id_token_time": 0.000264053999999625,
        "complete_login_time": 0.022709146000000402,
        "dispatch_time": 0.0626676220000002
    },
    "t_user_24": {
        "redirect_time": 0.016644026999999895,
        "pkce_time": 5.106600000016e-05,
        "get_access_token_time": 0.017267850999999723,
        "decode_id_token_time": 0.00023601100000014696,
        "complete_login_time": 0.013821562000000398,
        "dispatch_time": 0.05660013999999958
    },
    "t_user_25": {
        "redirect_time": 0.01878059000000043,
        "pkce_time": 5.85390000003e-05,
        "get_access_token_time": 0.011862427999999703,
        "decode_id_token_time": 0.00023067100000062624,
        "complete_login_time": 0.014201535000000653,