{
    "t_user_1": {
        "redirect_time": 0.01434626499999997,
        "pkce_time": 3.821100000001e-05,
        "get_access_token_time": 0.012292046000000001,
        "decode_id_token_time": 0.00023140200000004718,
        "complete_login_time": 0.014415483000000062,
        "dispatch_time": 0.055211912000000085
    },
    "t_user_2": {
        "redirect_time": 0.013681931999999897,
        "pkce_time": 3.222999999997e-05,
        "get_access_token_time": 0.01511085099999998,
        "decode_id_token_time": 0.0009235959999999155,
        "complete_login_time": 0.016438673999999986,
        "dispatch_time": 0.06819814800000001
    },
    "t_user_3": {
        "redirect_time": 0.015172646000000012,
        "pkce_time": 8.288499999998e-05,
        "get_access_token_time": 0.01273735499999995,
        "decode_id_token_time": 0.0002335370000000614,
        "complete_login_time": 0.014971452999999912,
        "dispatch_time": 0.05603166999999998
    },
    "t_user_4": {
        "redirect_time": 0.01507919499999999,
        "pkce_time": 5.747700000003e-05,
        "get_access_token_time": 0.017298354999999987,
        "decode_id_token_time": 0.00021660499999998084,
        "complete_login_time": 0.014114226000000007,
        "dispatch_time": 0.055000834
    },
    "t_user_5": {
        "redirect_time": 0.017135235999999998,
        "pkce_time": 6.332799999997e-05,
        "get_access_token_time": 0.011771661999999905,
        "decode_id_token_time": 0.0002320630000001156,
        "complete_login_time": 0.013461065999999855,
        "dispatch_time": 0.04839363299999988
    },
    "t_user_6": {
        "redirect_time": 0.01453008,
        "pkce_time": 4.583499999999e-05,
        "get_access_token_time": 0.011663631000000008,
        "decode_id_token_time": 0.00020718699999999757,
        "complete_login_time": 0.01259619600000006,
        "dispatch_time": 0.046900677
    },
    "t_user_7": {
        "redirect_time": 0.014138658999999887,
        "pkce_time": 4.176900000008e-05,
        "get_access_token_time": 0.011936186000000015,
        "decode_id_token_time": 0.0002285369999999176,
        "complete_login_time": 0.013966991999999845,
        "dispatch_time": 0.053792127999999995
    },
    "t_user_8": {
        "redirect_time": 0.013865802000000205,
        "pkce_time": 4.682700000003e-05,
        "get_access_token_time": 0.01574197300000013,
        "decode_id_token_time": 0.00026387299999997005,
        "complete_login_time": 0.0243277340000001,
        "dispatch_time": 0.070507243
    },
    "t_user_9": {
        "redirect_time": 0.013911513000000042,
        "pkce_time": 4.553499999993e-05,
        "get_access_token_time": 0.012342445000000035,
        "decode_id_token_time": 0.00021958100000007974,
        "complete_login_time": 0.01495106199999996,
        "dispatch_time": 0.05489858999999986
    },
    "t_user_10": {
        "redirect_time": 0.01435294900000006,
        "pkce_time": 3.665799999997e-05,
        "get_access_token_time": 0.016369369999999606,
        "decode_id_token_time": 0.00020004400000006584,
        "complete_login_time": 0.013835338999999891,
        "dispatch_time": 0.05814461300000007
    },
    "t_user_11": {
        "redirect_time": 0.017603590000000002,
        "pkce_time": 5.86199999999e-05,
        "get_access_token_time": 0.012025975999999883,
        "decode_id_token_time": 0.0001958759999998172,
        "complete_login_time": 0.013316985999999975,
        "dispatch_time": 0.05395737799999978
    },
    "t_user_12": {
        "redirect_time": 0.013939995999999955,
        "pkce_time": 4.057599999996e-05,
        "get_access_token_time": 0.011732923000000284,
        "decode_id_token_time": 0.00020684699999984346,
        "complete_login_time": 0.013180352000000006,
        "dispatch_time": 0.05313032400000006
    },
    "t_user_13": {
        "redirect_time": 0.015801789000000177,
        "pkce_time": 5.258900000005e-05,
        "get_access_token_time": 0.01471834999999988,
        "decode_id_token_time": 0.00020855999999991326,
        "complete_login_time": 0.013628025999999682,
        "dispatch_time": 0.052216538000000146
    },
    "t_user_14": {
        "redirect_time": 0.013960457000000037,
        "pkce_time": 5.939100000019e-05,
        "get_access_token_time": 0.011940885000000012,
        "decode_id_token_time": 0.00023987799999991566,
        "complete_login_time": 0.014122640000000075,
        "dispatch_time": 0.0579154449999999
    },
    "t_user_15": {
        "redirect_time": 0.015418635999999708,
        "pkce_time": 7.279599999999e-05,
        "get_access_token_time": 0.01198730800000014,
        "decode_id_token_time": 0.0002415120000001103,
        "complete_login_time": 0.018619177999999792,
        "dispatch_time": 0.05500296300000018
    },
    "t_user_16": {
        "redirect_time": 0.01414982500000006,
        "pkce_time": 5.684600000011e-05,
        "get_access_token_time": 0.01206366999999986,
        "decode_id_token_time": 0.00033218299999981937,
        "complete_login_time": 0.025245187999999974,
        "dispatch_time": 0.061037094000000014
    },
    "t_user_17": {
        "redirect_time": 0.014082083999999995,
        "pkce_time": 5.005299999983e-05,
        "get_access_token_time": 0.014148683000000162,
        "decode_id_token_time": 0.0003194559999997182,
        "complete_login_time": 0.014749264999999845,
        "dispatch_time": 0.05275224899999964
    },
    "t_user_18": {
        "redirect_time": 0.015773228000000028,
        "pkce_time": 4.980399999965e-05,
        "get_access_token_time": 0.015924312000000107,
        "decode_id_token_time": 0.0002987889999999105,
        "complete_login_time": 0.02444550099999976,
        "dispatch_time": 0.0677056020000002
    },
    "t_user_19": {
        "redirect_time": 0.014216315999999729,
        "pkce_time": 5.059500000026e-05,
        "get_access_token_time": 0.01519807800000006,
        "decode_id_token_time": 0.00028143699999994,
        "complete_login_time": 0.013530112999999844,
        "dispatch_time": 0.05477104400000021
    },
    "t_user_20": {
        "redirect_time": 0.015156441000000243,
        "pkce_time": 6.622400000023e-05,
        "get_access_token_time": 0.022718445000000198,
        "decode_id_token_time": 0.0002568700000002977,
        "complete_login_time": 0.014263764999999928,
        "dispatch_time": 0.0607845629999999
    },
    "t_user_21": {
        "redirect_time": 0.013974736999999848,
        "pkce_time": 4.086700000006e-05,
        "get_access_token_time": 0.015466148000000235,
        "decode_id_token_time": 0.00022369800000010542,
        "complete_login_time": 0.013969547999999943,
        "dispatch_time": 0.05458045999999994
    },
    "t_user_22": {
        "redirect_time": 0.01600833700000015,
        "pkce_time": 5.905999999989e-05,
        "get_access_token_time": 0.01575729600000031,
        "decode_id_token_time": 0.00027404299999922443,
        "complete_login_time": 0.014574734000000866,
        "dispatch_time": 0.055304554999999755
    },
    "t_user_23": {
        "redirect_time": 0.014368091000000138,
        "pkce_time": 4.59359999998e-05,
        "get_access_token_time": 0.01154079799999952,
        "decode_id_token_time": 0.00018754099999984675,
        "complete_login_time": 0.012280726000000186,
        "dispatch_time": 0.04633033100000006
    },
    "t_user_24": {
        "redirect_time": 0.014436329999999664,
        "pkce_time": 4.337200000037e-05,
        "get_access_token_time": 0.011798277000000468,
        "decode_id_token_time": 0.00026125899999929203,
        "complete_login_time": 0.020599532999999504,
        "dispatch_time": 0.05583307000000026
    },
    "t_user_25": {
        "redirect_time": 0.014175264999999548,
        "pkce_time": 4.038600000023e-05,
        "get_access_token_time": 0.014552794999999286,
        "decode_id_token_time": 0.0001979499999995582,
        "complete_login_time": 0.014013819999999733,