{
    "t_user_1": {
        "redirect_time": 0.015412985999999962,
        "pkce_time": 4.357099999996e-05,
        "get_access_token_time": 0.01194084899999992,
        "decode_id_token_time": 0.0003255279999998528,
        "complete_login_time": 0.017678820999999845,
        "dispatch_time": 0.05447690900000013
    },
    "t_user_2": {
        "redirect_time": 0.016586978000000085,
        "pkce_time": 5.373000000009e-05,
        "get_access_token_time": 0.013505411999999994,
        "decode_id_token_time": 0.0007156990000000141,
        "complete_login_time": 0.01707782400000002,
        "dispatch_time": 0.06299502899999998
    },
    "t_user_3": {
        "redirect_time": 0.015105850999999948,
        "pkce_time": 5.872000000007e-05,
        "get_access_token_time": 0.013758502999999811,
        "decode_id_token_time": 0.00021863900000007597,
        "complete_login_time": 0.01569795399999996,
        "dispatch_time": 0.057126836000000125
    },
    "t_user_4": {
        "redirect_time": 0.014444740999999928,
        "pkce_time": 4.377199999994e-05,
        "get_access_token_time": 0.01395112799999998,
        "decode_id_token_time": 0.00033722000000002694,
        "complete_login_time": 0.016724189999999917,
        "dispatch_time": 0.0652429000000001
    },
    "t_user_5": {
        "redirect_time": 0.014989107000000002,
        "pkce_time": 7.082299999994e-05,
        "get_access_token_time": 0.012565990000000027,
        "decode_id_token_time": 0.00018780100000004296,
        "complete_login_time": 0.013251879000000022,
        "dispatch_time": 0.050300283
    },
    "t_user_6": {
        "redirect_time": 0.017225926000000058,
        "pkce_time": 5.879999999991e-05,
        "get_access_token_time": 0.012723223999999922,
        "decode_id_token_time": 0.00031776400000005367,
        "complete_login_time": 0.015593341999999843,
        "dispatch_time": 0.05959144500000013
    },
    "t_user_7": {
        "redirect_time": 0.016117735000000022,
        "pkce_time": 4.287000000003e-05,
        "get_access_token_time": 0.012587762000000113,
        "decode_id_token_time": 0.00023502900000016425,
        "complete_login_time": 0.014026321000000008,
        "dispatch_time": 0.050776582999999986
    },
    "t_user_8": {
        "redirect_time": 0.014883335000000164,
        "pkce_time": 3.925299999996e-05,
        "get_access_token_time": 0.012985269000000077,
        "decode_id_token_time": 0.00024752300000008276,
        "complete_login_time": 0.01456264500000004,
        "dispatch_time": 0.05385501799999992
    },
    "t_user_9": {
        "redirect_time": 0.01512268799999994,
        "pkce_time": 4.8029e-05,
        "get_access_token_time": 0.012939030999999934,
        "decode_id_token_time": 0.0002707769999998888,
        "complete_login_time": 0.015339992999999996,
        "dispatch_time": 0.05413355700000011
    },
    "t_user_10": {
        "redirect_time": 0.014284041000000025,
        "pkce_time": 4.000500000001e-05,
        "get_access_token_time": 0.012174080999999948,
        "decode_id_token_time": 0.0002557890000001173,
        "complete_login_time": 0.02166612499999987,
        "dispatch_time": 0.05799191699999984
    },
    "t_user_11": {
        "redirect_time": 0.014624380999999964,
        "pkce_time": 4.744799999989e-05,
        "get_access_token_time": 0.012362688000000066,
        "decode_id_token_time": 0.000275394999999623,
        "complete_login_time": 0.014342281000000234,
        "dispatch_time": 0.05338790900000001
    },
    "t_user_12": {
        "redirect_time": 0.014628657999999906,
        "pkce_time": 4.695700000013e-05,
        "get_access_token_time": 0.014203015000000097,
        "decode_id_token_time": 0.0002231969999999528,
        "complete_login_time": 0.015143464999999967,
        "dispatch_time": 0.06416316299999991
    },
    "t_user_13": {
        "redirect_time": 0.016632920000000162,
        "pkce_time": 4.798000000017e-05,
        "get_access_token_time": 0.01846734800000016,
        "decode_id_token_time": 0.00021590299999996176,
        "complete_login_time": 0.01402100500000003,
        "dispatch_time": 0.05606687399999988
    },
    "t_user_14": {
        "redirect_time": 0.014549799000000085,
        "pkce_time": 4.28509999999e-05,
        "get_access_token_time": 0.012452927000000003,
        "decode_id_token_time": 0.00023263500000014758,
        "complete_login_time": 0.01418947199999998,
        "dispatch_time": 0.05179200099999992
    },
    "t_user_15": {
        "redirect_time": 0.014469123000000028,
        "pkce_time": 4.766900000019e-05,
        "get_access_token_time": 0.012481211999999964,
        "decode_id_token_time": 0.00025934399999982816,
        "complete_login_time": 0.014733021000000068,
        "dispatch_time": 0.05278296799999982
    },
    "t_user_16": {
        "redirect_time": 0.01556625899999986,
        "pkce_time": 5.522399999958e-05,
        "get_access_token_time": 0.01620278800000019,
        "decode_id_token_time": 0.0002630620000001471,
        "complete_login_time": 0.014583599999999919,
        "dispatch_time": 0.05734523799999991
    },
    "t_user_17": {
        "redirect_time": 0.015499863000000058,
        "pkce_time": 7.429699999983e-05,
        "get_access_token_time": 0.015475436000000009,
        "decode_id_token_time": 0.0002798940000001693,
        "complete_login_time": 0.016176401000000062,
        "dispatch_time": 0.0611315720000003
    },
    "t_user_18": {
        "redirect_time": 0.016688641000000004,
        "pkce_time": 9.179200000009e-05,
        "get_access_token_time": 0.01267187000000014,
        "decode_id_token_time": 0.00027890199999980325,
        "complete_login_time": 0.01969062499999996,
        "dispatch_time": 0.05849307000000037
    },
    "t_user_19": {
        "redirect_time": 0.01491774899999987,
        "pkce_time": 5.481200000013e-05,
        "get_access_token_time": 0.012039876000000227,
        "decode_id_token_time": 0.00022384899999972063,
        "complete_login_time": 0.018614922999999894,
        "dispatch_time": 0.05437932400000012
    },
    "t_user_20": {
        "redirect_time": 0.014910180000000217,
        "pkce_time": 4.492299999992e-05,
        "get_access_token_time": 0.015147057000000075,
        "decode_id_token_time": 0.0002043229999997287,
        "complete_login_time": 0.013372699000000043,
        "dispatch_time": 0.052725410000000306
    },
    "t_user_21": {
        "redirect_time": 0.014848481000000024,
        "pkce_time": 5.565500000015e-05,
        "get_access_token_time": 0.012772926999999878,
        "decode_id_token_time": 0.00026232099999967673,
        "complete_login_time": 0.014580114000000144,
        "dispatch_time": 0.05236112799999981
    },
    "t_user_22": {
        "redirect_time": 0.015874435999999825,
        "pkce_time": 4.553499999993e-05,
        "get_access_token_time": 0.011584433999999533,
        "decode_id_token_time": 0.0002203520000003678,
        "complete_login_time": 0.014396592999999847,
        "dispatch_time": 0.05129222200000072
    },
    "t_user_23": {
        "redirect_time": 0.0191027100000003,
        "pkce_time": 4.530500000044e-05,
        "get_access_token_time": 0.016531097999999744,
        "decode_id_token_time": 0.0002625310000006209,
        "complete_login_time": 0.014022776000000015,
        "dispatch_time": 0.05748638000000028
    },
    "t_user_24": {
        "redirect_time": 0.015689058000000422,
        "pkce_time": 4.588599999966e-05,
        "get_access_token_time": 0.025591819000000626,
        "decode_id_token_time": 0.00026395300000015,
        "complete_login_time": 0.014796150999999647,
        "dispatch_time": 0.06665901800000018
    },
    "t_user_25": {
        "redirect_time": 0.015429403000000619,
        "pkce_time": 5.200699999985e-05,
        "get_access_token_time": 0.01214618400000056,
        "decode_id_token_time": 0.00023530999999987756,
        "complete_login_time": 0.01461043200000045,