{
    "t_user_1": {
        "redirect_time": 0.01440544199999999,
        "pkce_time": 4.241900000002e-05,
        "get_access_token_time": 0.012386555000000077,
        "decode_id_token_time": 0.0007551410000000702,
        "complete_login_time": 0.015781127000000006,
        "dispatch_time": 0.06155555700000004
    },
    "t_user_2": {
        "redirect_time": 0.013863713999999971,
        "pkce_time": 4.184799999996e-05,
        "get_access_token_time": 0.011808382999999978,
        "decode_id_token_time": 0.00025035799999995056,
        "complete_login_time": 0.014379922000000045,
        "dispatch_time": 0.0501821870000001
    },
    "t_user_3": {
        "redirect_time": 0.013773448999999993,
        "pkce_time": 3.9173e-05,
        "get_access_token_time": 0.013451176000000009,
        "decode_id_token_time": 0.0002560990000000096,
        "complete_login_time": 0.015396667999999947,
        "dispatch_time": 0.060307392000000015
    },
    "t_user_4": {
        "redirect_time": 0.014234267999999939,
        "pkce_time": 4.775899999998e-05,
        "get_access_token_time": 0.013738363000000087,
        "decode_id_token_time": 0.00024036800000004632,
        "complete_login_time": 0.014244783000000094,
        "dispatch_time": 0.05296484800000001
    },
    "t_user_5": {
        "redirect_time": 0.014748422000000039,
        "pkce_time": 4.327100000001e-05,
        "get_access_token_time": 0.012185351000000066,
        "decode_id_token_time": 0.0002070570000001215,
        "complete_login_time": 0.013554577999999928,
        "dispatch_time": 0.0515210370000001
    },
    "t_user_6": {
        "redirect_time": 0.014495378000000003,
        "pkce_time": 5.199700000003e-05,
        "get_access_token_time": 0.012485005000000049,
        "decode_id_token_time": 0.00022065299999995958,
        "complete_login_time": 0.014615746999999901,
        "dispatch_time": 0.05575590499999983
    },
    "t_user_7": {
        "redirect_time": 0.014380371000000003,
        "pkce_time": 4.207899999997e-05,
        "get_access_token_time": 0.0123694889999999,
        "decode_id_token_time": 0.000202779999999958,
        "complete_login_time": 0.013850103000000002,
        "dispatch_time": 0.050516337999999994
    },
    "t_user_8": {
        "redirect_time": 0.014342282999999956,
        "pkce_time": 4.103600000005e-05,
        "get_access_token_time": 0.012138742999999952,
        "decode_id_token_time": 0.00024020899999999124,
        "complete_login_time": 0.014191822999999992,
        "dispatch_time": 0.05077763600000007
    },
    "t_user_10": {
        "redirect_time": 0.014131196999999984,
        "pkce_time": 4.986200000001e-05,
        "get_access_token_time": 0.011442303000000154,
        "decode_id_token_time": 0.00017191199999988527,
        "complete_login_time": 0.012823682000000058,
        "dispatch_time": 0.047566781
    },
    "t_user_9": {
        "redirect_time": 0.014011374000000076,
        "pkce_time": 4.870000000001e-05,
        "get_access_token_time": 0.011750474999999927,
        "decode_id_token_time": 0.00022019200000000794,
        "complete_login_time": 0.013115116999999898,
        "dispatch_time": 0.04896019500000004
    },
    "t_user_11": {
        "redirect_time": 0.014009007999999934,
        "pkce_time": 3.816200000006e-05,
        "get_access_token_time": 0.011354759999999686,
        "decode_id_token_time": 0.0002183580000001406,
        "complete_login_time": 0.015375242000000178,
        "dispatch_time": 0.05004415400000006
    },
    "t_user_12": {
        "redirect_time": 0.01519694699999996,
        "pkce_time": 4.204800000007e-05,
        "get_access_token_time": 0.011508543000000149,
        "decode_id_token_time": 0.00018967400000002854,
        "complete_login_time": 0.012676579999999937,
        "dispatch_time": 0.05125592999999995
    },
    "t_user_13": {
        "redirect_time": 0.013868027000000005,
        "pkce_time": 3.890299999965e-05,
        "get_access_token_time": 0.018081192999999995,
        "decode_id_token_time": 0.0002740209999996246,
        "complete_login_time": 0.016696687000000043,
        "dispatch_time": 0.06492293500000024
    },
    "t_user_14": {
        "redirect_time": 0.01377647900000012,
        "pkce_time": 5.505300000008e-05,
        "get_access_token_time": 0.013357108999999756,
        "decode_id_token_time": 0.00024817399999976786,
        "complete_login_time": 0.015667076999999807,
        "dispatch_time": 0.057657706000000086
    },
    "t_user_15": {
        "redirect_time": 0.014162949000000147,
        "pkce_time": 4.455400000003e-05,
        "get_access_token_time": 0.012728932999999998,
        "decode_id_token_time": 0.00018600699999993253,
        "complete_login_time": 0.014372997999999804,
        "dispatch_time": 0.057600354999999936
    },
    "t_user_16": {
        "redirect_time": 0.015397510000000114,
        "pkce_time": 4.362199999974e-05,
        "get_access_token_time": 0.013767378000000274,
        "decode_id_token_time": 0.000290704000000197,
        "complete_login_time": 0.01612810400000031,
        "dispatch_time": 0.058248152
    },
    "t_user_17": {
        "redirect_time": 0.016076117999999973,
        "pkce_time": 4.250000000017e-05,
        "get_access_token_time": 0.015095719999999702,
        "decode_id_token_time": 0.0002533329999998557,
        "complete_login_time": 0.016597465999999894,
        "dispatch_time": 0.06093979999999988
    },
    "t_user_18": {
        "redirect_time": 0.015658583000000004,
        "pkce_time": 4.800999999999e-05,
        "get_access_token_time": 0.014865411000000162,
        "decode_id_token_time": 0.0004225799999999502,
        "complete_login_time": 0.018306393000000032,
        "dispatch_time": 0.06613072399999975
    },
    "t_user_19": {
        "redirect_time": 0.015797726999999817,
        "pkce_time": 7.708500000003e-05,
        "get_access_token_time": 0.013425529000000047,
        "decode_id_token_time": 0.00020758800000031385,
        "complete_login_time": 0.01777169299999981,
        "dispatch_time": 0.05796701300000029
    },
    "t_user_20": {
        "redirect_time": 0.01603256499999972,
        "pkce_time": 4.23589999996e-05,
        "get_access_token_time": 0.012160001999999892,
        "decode_id_token_time": 0.00020587499999979997,
        "complete_login_time": 0.019283385000000042,
        "dispatch_time": 0.056919677000000224
    },
    "t_user_21": {
        "redirect_time": 0.015275288999999859,
        "pkce_time": 4.252000000005e-05,
        "get_access_token_time": 0.015296273999999777,
        "decode_id_token_time": 0.00020093599999970735,
        "complete_login_time": 0.01414825300000011,
        "dispatch_time": 0.05503517399999991
    },
    "t_user_22": {
        "redirect_time": 0.018297439999999998,
        "pkce_time": 4.538499999995e-05,
        "get_access_token_time": 0.013631698000000192,
        "decode_id_token_time": 0.0002616599999996083,
        "complete_login_time": 0.015002710000000086,
        "dispatch_time": 0.05222485399999943
    },
    "t_user_23": {
        "redirect_time": 0.015781688000000127,
        "pkce_time": 0.00011808999999996,
        "get_access_token_time": 0.011323767999999568,
        "decode_id_token_time": 0.00023029900000004488,
        "complete_login_time": 0.017570518000000312,
        "dispatch_time": 0.0529985850000001
    },
    "t_user_24": {
        "redirect_time": 0.014287419999999607,
        "pkce_time": 5.398100000065e-05,
        "get_access_token_time": 0.012328353000000014,
        "decode_id_token_time": 0.0002649249999997494,
        "complete_login_time": 0.018937136999999993,
        "dispatch_time": 0.055861245000000004
    },
    "t_user_25": {
        "redirect_time": 0.014279381999999785,
        "pkce_time": 3.991400000025e-05,
        "get_access_token_time": 0.022543674999999652,
        "decode_id_token_time": 0.00019630699999950707,
        "complete_login_time": 0.012960311000000502,