{
    "t_user_1": {
        "redirect_time": 0.01547259899999992,
        "pkce_time": 4.488399999997e-05,
        "get_access_token_time": 0.013996472999999954,
        "decode_id_token_time": 0.000733882000000019,
        "complete_login_time": 0.01561286499999992,
        "dispatch_time": 0.05827632499999991
    },
    "t_user_2": {
        "redirect_time": 0.014695103999999959,
        "pkce_time": 5.037400000008e-05,
        "get_access_token_time": 0.013052971999999996,
        "decode_id_token_time": 0.00021809800000005541,
        "complete_login_time": 0.013447847000000013,
        "dispatch_time": 0.05587644000000003
    },
    "t_user_3": {
        "redirect_time": 0.01482265100000002,
        "pkce_time": 5.052400000005e-05,
        "get_access_token_time": 0.011659538999999941,
        "decode_id_token_time": 0.00022458000000002976,
        "complete_login_time": 0.0143131660000001,
        "dispatch_time": 0.050861748000000095
    },
    "t_user_4": {
        "redirect_time": 0.016475206999999936,
        "pkce_time": 6.965999999997e-05,
        "get_access_token_time": 0.01798737500000014,
        "decode_id_token_time": 0.00022747399999989426,
        "complete_login_time": 0.013977809000000008,
        "dispatch_time": 0.05755718700000001
    },
    "t_user_5": {
        "redirect_time": 0.016240566000000012,
        "pkce_time": 4.7189e-05,
        "get_access_token_time": 0.011300588999999972,
        "decode_id_token_time": 0.00024362499999996956,
        "complete_login_time": 0.013849665000000178,
        "dispatch_time": 0.05028436699999994
    },
    "t_user_6": {
        "redirect_time": 0.015403794000000026,
        "pkce_time": 4.783900000005e-05,
        "get_access_token_time": 0.012454925000000117,
        "decode_id_token_time": 0.00021013299999994572,
        "complete_login_time": 0.013688754999999997,
        "dispatch_time": 0.05213794699999985
    },
    "t_user_7": {
        "redirect_time": 0.014243150999999843,
        "pkce_time": 4.260899999986e-05,
        "get_access_token_time": 0.013699189,
        "decode_id_token_time": 0.00023208400000007678,
        "complete_login_time": 0.01357786399999994,
        "dispatch_time": 0.05125590699999982
    },
    "t_user_8": {
        "redirect_time": 0.013541063999999992,
        "pkce_time": 4.708799999986e-05,
        "get_access_token_time": 0.011323997999999946,
        "decode_id_token_time": 0.000202207999999926,
        "complete_login_time": 0.012716167,
        "dispatch_time": 0.04925033900000009
    },
    "t_user_9": {
        "redirect_time": 0.014201410000000081,
        "pkce_time": 4.533500000004e-05,
        "get_access_token_time": 0.01396650899999985,
        "decode_id_token_time": 0.00019663800000002674,
        "complete_login_time": 0.013175337999999925,
        "dispatch_time": 0.04954768399999998
    },
    "t_user_10": {
        "redirect_time": 0.013765257999999836,
        "pkce_time": 3.714899999996e-05,
        "get_access_token_time": 0.012684618000000203,
        "decode_id_token_time": 0.0002135699999996632,
        "complete_login_time": 0.01407351900000009,
        "dispatch_time": 0.05156749500000002
    },
    "t_user_11": {
        "redirect_time": 0.014126344000000124,
        "pkce_time": 4.149800000008e-05,
        "get_access_token_time": 0.011620211000000324,
        "decode_id_token_time": 0.00020188699999978965,
        "complete_login_time": 0.015694706000000114,
        "dispatch_time": 0.05002196999999997
    },
    "t_user_12": {
        "redirect_time": 0.013950417999999853,
        "pkce_time": 4.837999999996e-05,
        "get_access_token_time": 0.011514456000000006,
        "decode_id_token_time": 0.0002108640000000328,
        "complete_login_time": 0.015921986999999582,
        "dispatch_time": 0.050892013999999985
    },
    "t_user_13": {
        "redirect_time": 0.014257545999999621,
        "pkce_time": 4.61770000002e-05,
        "get_access_token_time": 0.01129912700000002,
        "decode_id_token_time": 0.00021282799999999824,
        "complete_login_time": 0.012825829000000066,
        "dispatch_time": 0.049598658000000295
    },
    "t_user_14": {
        "redirect_time": 0.01369950700000011,
        "pkce_time": 4.312100000003e-05,
        "get_access_token_time": 0.012249145000000183,
        "decode_id_token_time": 0.00020453200000014604,
        "complete_login_time": 0.020165023000000115,
        "dispatch_time": 0.056491245000000134
    },
    "t_user_15": {
        "redirect_time": 0.014182175999999824,
        "pkce_time": 3.960399999992e-05,
        "get_access_token_time": 0.011956462000000112,
        "decode_id_token_time": 0.0002764469999996244,
        "complete_login_time": 0.02104359300000036,
        "dispatch_time": 0.05741626299999991
    },
    "t_user_16": {
        "redirect_time": 0.014843953999999826,
        "pkce_time": 4.376199999978e-05,
        "get_access_token_time": 0.01244566200000019,
        "decode_id_token_time": 0.00023670200000003305,
        "complete_login_time": 0.014337741999999931,
        "dispatch_time": 0.05235590300000004
    },
    "t_user_17": {
        "redirect_time": 0.01524851699999985,
        "pkce_time": 4.859000000002e-05,
        "get_access_token_time": 0.012236397000000121,
        "decode_id_token_time": 0.00018699999999993722,
        "complete_login_time": 0.013503688999999763,
        "dispatch_time": 0.051246850999999705
    },
    "t_user_18": {
        "redirect_time": 0.014537742999999992,
        "pkce_time": 3.94039999998e-05,
        "get_access_token_time": 0.01193495099999975,
        "decode_id_token_time": 0.0002369319999999675,
        "complete_login_time": 0.015089786999999966,
        "dispatch_time": 0.0521278839999999
    },
    "t_user_19": {
        "redirect_time": 0.014669640999999789,
        "pkce_time": 4.248800000006e-05,
        "get_access_token_time": 0.011859365999999927,
        "decode_id_token_time": 0.0002823880000000223,
        "complete_login_time": 0.019247844000000125,
        "dispatch_time": 0.05528663999999983
    },
    "t_user_20": {
        "redirect_time": 0.014748859000000003,
        "pkce_time": 4.973199999991e-05,
        "get_access_token_time": 0.015019961000000137,
        "decode_id_token_time": 0.0003067429999998872,
        "complete_login_time": 0.01469332000000012,
        "dispatch_time": 0.054472362000000274
    },
    "t_user_21": {
        "redirect_time": 0.015676025999999954,
        "pkce_time": 9.753299999993e-05,
        "get_access_token_time": 0.01474232200000003,
        "decode_id_token_time": 0.0001917780000000313,
        "complete_login_time": 0.012637381000000225,
        "dispatch_time": 0.05130188399999991
    },
    "t_user_22": {
        "redirect_time": 0.015279093000000188,
        "pkce_time": 4.947300000024e-05,
        "get_access_token_time": 0.011577098000000063,
        "decode_id_token_time": 0.00024264299999998684,
        "complete_login_time": 0.0181561910000001,
        "dispatch_time": 0.053377873000000076
    },
    "t_user_23": {
        "redirect_time": 0.013644851999999652,
        "pkce_time": 5.868899999983e-05,
        "get_access_token_time": 0.014989856999999773,
        "decode_id_token_time": 0.00022818700000026837,
        "complete_login_time": 0.013240499000000128,
        "dispatch_time": 0.051462531999999506
    },
    "t_user_24": {
        "redirect_time": 0.014217658999999827,
        "pkce_time": 4.096700000034e-05,
        "get_access_token_time": 0.012194136000000633,
        "decode_id_token_time": 0.0002040609999998111,
        "complete_login_time": 0.013427078000000314,
        "dispatch_time": 0.04997725099999961
    },
    "t_user_25": {
        "redirect_time": 0.016295605999999907,
        "pkce_time": 4.974299999994e-05,
        "get_access_token_time": 0.011881901999999833,
        "decode_id_token_time": 0.00020798900000063014,
        "complete_login_time": 0.01330389700000012,