{
    "t_user_1": {
        "redirect_time": 0.014916504999999969,
        "pkce_time": 5.144600000007e-05,
        "get_access_token_time": 0.012671766999999945,
        "decode_id_token_time": 0.0006899300000000608,
        "complete_login_time": 0.015257991999999998,
        "dispatch_time": 0.05800652399999995
    },
    "t_user_2": {
        "redirect_time": 0.013915688000000093,
        "pkce_time": 4.198799999999e-05,
        "get_access_token_time": 0.013756362999999938,
        "decode_id_token_time": 0.00020636500000004165,
        "complete_login_time": 0.014809041999999994,
        "dispatch_time": 0.0574202439999999
    },
    "t_user_3": {
        "redirect_time": 0.014205828000000031,
        "pkce_time": 5.204699999994e-05,
        "get_access_token_time": 0.012016407999999923,
        "decode_id_token_time": 0.0002335259999999284,
        "complete_login_time": 0.013958066999999907,
        "dispatch_time": 0.049313355
    },
    "t_user_4": {
        "redirect_time": 0.014371728999999944,
        "pkce_time": 4.974200000007e-05,
        "get_access_token_time": 0.01762941600000001,
        "decode_id_token_time": 0.0002090700000000334,
        "complete_login_time": 0.013862284000000002,
        "dispatch_time": 0.05524071899999994
    },
    "t_user_5": {
        "redirect_time": 0.014864034999999998,
        "pkce_time": 5.465199999999e-05,
        "get_access_token_time": 0.011920662999999942,
        "decode_id_token_time": 0.000261939999999905,
        "complete_login_time": 0.014776167000000173,
        "dispatch_time": 0.05317512099999999
    },
    "t_user_6": {
        "redirect_time": 0.014233286000000067,
        "pkce_time": 4.539499999989e-05,
        "get_access_token_time": 0.011553436999999889,
        "decode_id_token_time": 0.00023471799999996712,
        "complete_login_time": 0.013619787000000105,
        "dispatch_time": 0.04887744500000002
    },
    "t_user_7": {
        "redirect_time": 0.014462382999999912,
        "pkce_time": 3.979400000009e-05,
        "get_access_token_time": 0.011620495000000064,
        "decode_id_token_time": 0.0003260890000000849,
        "complete_login_time": 0.017562098000000192,
        "dispatch_time": 0.0601228869999999
    },
    "t_user_8": {
        "redirect_time": 0.014388209999999901,
        "pkce_time": 5.224800000003e-05,
        "get_access_token_time": 0.021422379999999963,
        "decode_id_token_time": 0.0003237950000001266,
        "complete_login_time": 0.016845608000000123,
        "dispatch_time": 0.06496772800000006
    },
    "t_user_9": {
        "redirect_time": 0.014242515999999927,
        "pkce_time": 5.348000000005e-05,
        "get_access_token_time": 0.012319967000000043,
        "decode_id_token_time": 0.0002306209999998199,
        "complete_login_time": 0.013378847999999888,
        "dispatch_time": 0.05061988100000003
    },
    "t_user_10": {
        "redirect_time": 0.017100152000000035,
        "pkce_time": 7.340700000014e-05,
        "get_access_token_time": 0.01501831599999992,
        "decode_id_token_time": 0.0002148920000002441,
        "complete_login_time": 0.013051036000000238,
        "dispatch_time": 0.051165302999999884
    },
    "t_user_11": {
        "redirect_time": 0.014298536999999945,
        "pkce_time": 4.898200000003e-05,
        "get_access_token_time": 0.011806686999999982,
        "decode_id_token_time": 0.00023090999999997308,
        "complete_login_time": 0.012887532999999785,
        "dispatch_time": 0.05196980900000003
    },
    "t_user_12": {
        "redirect_time": 0.013336878000000052,
        "pkce_time": 3.959399999998e-05,
        "get_access_token_time": 0.015625882999999785,
        "decode_id_token_time": 0.00021079400000001414,
        "complete_login_time": 0.013567050999999886,
        "dispatch_time": 0.052750556999999976
    },
    "t_user_13": {
        "redirect_time": 0.014668894000000154,
        "pkce_time": 4.398200000022e-05,
        "get_access_token_time": 0.011874650999999847,
        "decode_id_token_time": 0.00020745800000021575,
        "complete_login_time": 0.014048242000000322,
        "dispatch_time": 0.051105564000000214
    },
    "t_user_14": {
        "redirect_time": 0.01410417300000022,
        "pkce_time": 4.927200000004e-05,
        "get_access_token_time": 0.011823983000000204,
        "decode_id_token_time": 0.00018306199999962303,
        "complete_login_time": 0.01751172400000023,
        "dispatch_time": 0.053099427000000254
    },
    "t_user_15": {
        "redirect_time": 0.014431467999999725,
        "pkce_time": 4.154699999992e-05,
        "get_access_token_time": 0.011651869000000037,
        "decode_id_token_time": 0.00020054500000021847,
        "complete_login_time": 0.018168925999999974,
        "dispatch_time": 0.05485900399999988
    },
    "t_user_16": {
        "redirect_time": 0.014663065000000142,
        "pkce_time": 3.991400000025e-05,
        "get_access_token_time": 0.011211117000000215,
        "decode_id_token_time": 0.00022963000000020273,
        "complete_login_time": 0.017205596999999795,
        "dispatch_time": 0.051348269
    },
    "t_user_17": {
        "redirect_time": 0.014140759000000003,
        "pkce_time": 4.585599999984e-05,
        "get_access_token_time": 0.014177580999999773,
        "decode_id_token_time": 0.00020644599999997126,
        "complete_login_time": 0.013476078000000058,
        "dispatch_time": 0.050923178000000124
    },
    "t_user_18": {
        "redirect_time": 0.014717387000000137,
        "pkce_time": 5.957099999998e-05,
        "get_access_token_time": 0.011389578000000178,
        "decode_id_token_time": 0.0001912660000003008,
        "complete_login_time": 0.012200141000000109,
        "dispatch_time": 0.04625795900000007
    },
    "t_user_19": {
        "redirect_time": 0.015358208999999956,
        "pkce_time": 4.035599999996e-05,
        "get_access_token_time": 0.011155513000000283,
        "decode_id_token_time": 0.00020901099999992567,
        "complete_login_time": 0.018347187999999903,
        "dispatch_time": 0.05288095500000001
    },
    "t_user_20": {
        "redirect_time": 0.013979271000000182,
        "pkce_time": 3.894299999985e-05,
        "get_access_token_time": 0.011069602000000067,
        "decode_id_token_time": 0.0001984409999997716,
        "complete_login_time": 0.012539518000000083,
        "dispatch_time": 0.045847972999999875
    },
    "t_user_21": {
        "redirect_time": 0.014332562999999965,
        "pkce_time": 4.186899999992e-05,
        "get_access_token_time": 0.014552494999999777,
        "decode_id_token_time": 0.00024119300000036148,
        "complete_login_time": 0.013197946000000016,
        "dispatch_time": 0.050522490000000086
    },
    "t_user_22": {
        "redirect_time": 0.014332356000000157,
        "pkce_time": 4.146800000004e-05,
        "get_access_token_time": 0.013105137999999794,
        "decode_id_token_time": 0.00021574300000004598,
        "complete_login_time": 0.014553917000000194,
        "dispatch_time": 0.05427154300000003
    },
    "t_user_23": {
        "redirect_time": 0.015011270000000021,
        "pkce_time": 5.352000000025e-05,
        "get_access_token_time": 0.015000307000000213,
        "decode_id_token_time": 0.00021145499999963846,
        "complete_login_time": 0.013532442999999894,
        "dispatch_time": 0.05213430799999985
    },
    "t_user_24": {
        "redirect_time": 0.014049639000000003,
        "pkce_time": 3.992400000019e-05,
        "get_access_token_time": 0.014046494999999659,
        "decode_id_token_time": 0.00017726099999926248,
        "complete_login_time": 0.012646307999999884,
        "dispatch_time": 0.05248753500000003
    },
    "t_user_25": {
        "redirect_time": 0.013982851999999824,
        "pkce_time": 4.228899999958e-05,
        "get_access_token_time": 0.011668323000000314,
        "decode_id_token_time": 0.0002207619999996524,
        "complete_login_time": 0.018512789999999946,