{
    "t_user_1": {
        "redirect_time": 0.015329500999999968,
        "pkce_time": 4.6977e-05,
        "get_access_token_time": 0.012730368999999908,
        "decode_id_token_time": 0.0006604150000000253,
        "complete_login_time": 0.015867071000000066,
        "dispatch_time": 0.05954721400000007
    },
    "t_user_2": {
        "redirect_time": 0.014626970999999989,
        "pkce_time": 4.039499999997e-05,
        "get_access_token_time": 0.011757510999999887,
        "decode_id_token_time": 0.0002099920000000477,
        "complete_login_time": 0.014523317000000091,
        "dispatch_time": 0.057478747
    },
    "t_user_3": {
        "redirect_time": 0.014364031000000055,
        "pkce_time": 5.559300000002e-05,
        "get_access_token_time": 0.012159344999999933,
        "decode_id_token_time": 0.00022439000000007425,
        "complete_login_time": 0.01446615200000001,
        "dispatch_time": 0.051747256999999935
    },
    "t_user_4": {
        "redirect_time": 0.014258527999999937,
        "pkce_time": 4.435300000005e-05,
        "get_access_token_time": 0.012721878999999991,
        "decode_id_token_time": 0.0002328769999999647,
        "complete_login_time": 0.015662834999999986,
        "dispatch_time": 0.058733985000000044
    },
    "t_user_5": {
        "redirect_time": 0.014900835000000057,
        "pkce_time": 4.186899999992e-05,
        "get_access_token_time": 0.012309410000000076,
        "decode_id_token_time": 0.00023119299999985188,
        "complete_login_time": 0.015317182999999845,
        "dispatch_time": 0.05313478299999996
    },
    "t_user_6": {
        "redirect_time": 0.016438556999999965,
        "pkce_time": 4.269999999995e-05,
        "get_access_token_time": 0.01398290499999999,
        "decode_id_token_time": 0.00043415199999996545,
        "complete_login_time": 0.013717150999999816,
        "dispatch_time": 0.052449640999999936
    },
    "t_user_7": {
        "redirect_time": 0.015498451000000024,
        "pkce_time": 4.524499999992e-05,
        "get_access_token_time": 0.012321212000000026,
        "decode_id_token_time": 0.0002350289999999422,
        "complete_login_time": 0.017896126000000123,
        "dispatch_time": 0.0547001359999999
    },
    "t_user_8": {
        "redirect_time": 0.01436110700000004,
        "pkce_time": 4.646699999999e-05,
        "get_access_token_time": 0.012966733000000064,
        "decode_id_token_time": 0.00020943100000003767,
        "complete_login_time": 0.014052820000000077,
        "dispatch_time": 0.05158193699999991
    },
    "t_user_9": {
        "redirect_time": 0.01403712800000001,
        "pkce_time": 6.838800000009e-05,
        "get_access_token_time": 0.011973654000000167,
        "decode_id_token_time": 0.00021872899999997308,
        "complete_login_time": 0.014613347999999915,
        "dispatch_time": 0.05398561000000002
    },
    "t_user_10": {
        "redirect_time": 0.014115902999999985,
        "pkce_time": 4.122799999995e-05,
        "get_access_token_time": 0.012073983000000066,
        "decode_id_token_time": 0.00020241799999975996,
        "complete_login_time": 0.01603552999999991,
        "dispatch_time": 0.05252985600000004
    },
    "t_user_11": {
        "redirect_time": 0.018414734000000044,
        "pkce_time": 4.8512e-05,
        "get_access_token_time": 0.011620379999999653,
        "decode_id_token_time": 0.00019815000000011906,
        "complete_login_time": 0.012820239999999927,
        "dispatch_time": 0.05222522499999993
    },
    "t_user_12": {
        "redirect_time": 0.01410751500000007,
        "pkce_time": 4.028599999994e-05,
        "get_access_token_time": 0.01157147000000025,
        "decode_id_token_time": 0.00022309700000011645,
        "complete_login_time": 0.013585664999999914,
        "dispatch_time": 0.048769410999999874
    },
    "t_user_14": {
        "redirect_time": 0.013598641000000189,
        "pkce_time": 4.036499999982e-05,
        "get_access_token_time": 0.011825320999999889,
        "decode_id_token_time": 0.00018075799999994757,
        "complete_login_time": 0.011793121000000184,
        "dispatch_time": 0.04710012599999969
    },
    "t_user_13": {
        "redirect_time": 0.016059619000000414,
        "pkce_time": 4.201899999989e-05,
        "get_access_token_time": 0.012963250999999953,
        "decode_id_token_time": 0.0002524130000001179,
        "complete_login_time": 0.014942082999999773,
        "dispatch_time": 0.054580633000000045
    },
    "t_user_15": {
        "redirect_time": 0.012978009999999873,
        "pkce_time": 4.785000000007e-05,
        "get_access_token_time": 0.012465493999999744,
        "decode_id_token_time": 0.0002110639999997055,
        "complete_login_time": 0.018281121000000233,
        "dispatch_time": 0.05482279999999973
    },
    "t_user_16": {
        "redirect_time": 0.01424088999999995,
        "pkce_time": 4.433199999987e-05,
        "get_access_token_time": 0.011299195999999956,
        "decode_id_token_time": 0.00017309299999990202,
        "complete_login_time": 0.012900042999999695,
        "dispatch_time": 0.04807954300000006
    },
    "t_user_17": {
        "redirect_time": 0.01680744100000009,
        "pkce_time": 5.215799999991e-05,
        "get_access_token_time": 0.012743115000000138,
        "decode_id_token_time": 0.0003052800000000744,
        "complete_login_time": 0.01758604599999991,
        "dispatch_time": 0.055849014000000086
    },
    "t_user_18": {
        "redirect_time": 0.01438411999999989,
        "pkce_time": 3.986400000011e-05,
        "get_access_token_time": 0.013579480999999838,
        "decode_id_token_time": 0.00028353799999969453,
        "complete_login_time": 0.01567042900000004,
        "dispatch_time": 0.06514640599999977
    },
    "t_user_19": {
        "redirect_time": 0.015933525999999976,
        "pkce_time": 8.636100000015e-05,
        "get_access_token_time": 0.015535764000000007,
        "decode_id_token_time": 0.0002117059999999782,
        "complete_login_time": 0.014083214999999871,
        "dispatch_time": 0.05487831300000012
    },
    "t_user_20": {
        "redirect_time": 0.01469709599999991,
        "pkce_time": 4.16780000001e-05,
        "get_access_token_time": 0.012570967999999905,
        "decode_id_token_time": 0.00019032699999987912,
        "complete_login_time": 0.01480376399999983,
        "dispatch_time": 0.05246994699999963
    },
    "t_user_21": {
        "redirect_time": 0.014872550999999845,
        "pkce_time": 4.344099999987e-05,
        "get_access_token_time": 0.011883382999999803,
        "decode_id_token_time": 0.00022004100000039273,
        "complete_login_time": 0.017240945999999813,
        "dispatch_time": 0.05276089600000011
    },
    "t_user_22": {
        "redirect_time": 0.01437609999999978,
        "pkce_time": 4.257000000019e-05,
        "get_access_token_time": 0.016841524000000163,
        "decode_id_token_time": 0.00028803799999987945,
        "complete_login_time": 0.014460542000000132,
        "dispatch_time": 0.05703585900000041
    },
    "t_user_23": {
        "redirect_time": 0.015733070000000016,
        "pkce_time": 6.131499999995e-05,
        "get_access_token_time": 0.016075620999999707,
        "decode_id_token_time": 0.00021031300000018405,
        "complete_login_time": 0.014677557000000618,
        "dispatch_time": 0.05524369399999962
    },
    "t_user_24": {
        "redirect_time": 0.014112760999999807,
        "pkce_time": 4.146700000085e-05,
        "get_access_token_time": 0.014799445999999605,
        "decode_id_token_time": 0.00019837099999975294,
        "complete_login_time": 0.013890071000000503,
        "dispatch_time": 0.05693687400000069
    },
    "t_user_25": {
        "redirect_time": 0.014889983000000662,
        "pkce_time": 4.511400000062e-05,
        "get_access_token_time": 0.011630045000000422,
        "decode_id_token_time": 0.0002560789999996871,
        "complete_login_time": 0.022972556999999227,