{
    "t_user_1": {
        "redirect_time": 0.0034921480000000282,
        "build_auth_time": 0.0009687510000000454,
        "login_time": 0.002500604999999989,
        "acs_dispatch_time": 0.0032210829999996804,
        "finish_acs_dispatch_time": 0.016097044000000338
    },
    "t_user_2": {
        "redirect_time": 0.0032711649999999093,
        "build_auth_time": 0.0009701529999999181,
        "login_time": 0.0022790410000000927,
        "acs_dispatch_time": 0.004517975000000174,
        "finish_acs_dispatch_time": 0.02155386100000012
    },
    "t_user_3": {
        "redirect_time": 0.0036003700000000194,
        "build_auth_time": 0.0014044149999999922,
        "login_time": 0.0021734020000000465,
        "acs_dispatch_time": 0.0035086479999999476,
        "finish_acs_dispatch_time": 0.02040538000000014
    },
    "t_user_4": {
        "redirect_time": 0.0030651699999999504,
        "build_auth_time": 0.0008441779999999177,
        "login_time": 0.0021990710000000524,
        "acs_dispatch_time": 0.00277643999999988,
        "finish_acs_dispatch_time": 0.017292783000000256
    },
    "t_user_5": {
        "redirect_time": 0.0032816359999999767,
        "build_auth_time": 0.0010559639999999648,
        "login_time": 0.0021920800000000407,
        "acs_dispatch_time": 0.0032150190000002077,
        "finish_acs_dispatch_time": 0.01795637300000008
    },
    "t_user_6": {
        "redirect_time": 0.003151112000000067,
        "build_auth_time": 0.0008844930000000417,
        "login_time": 0.002245077999999956,
        "acs_dispatch_time": 0.0038053819999999128,
        "finish_acs_dispatch_time": 0.01976741500000001
    },
    "t_user_7": {
        "redirect_time": 0.003062253999999931,
        "build_auth_time": 0.0008829310000000312,
        "login_time": 0.0021571919999999745,
        "acs_dispatch_time": 0.0039197359999998405,
        "finish_acs_dispatch_time": 0.01743848399999992
    },
    "t_user_8": {
        "redirect_time": 0.0030724429999999803,
        "build_auth_time": 0.0008582240000000185,
        "login_time": 0.002193950999999972,
        "acs_dispatch_time": 0.003056524000000227,
        "finish_acs_dispatch_time": 0.017919104000000186
    },
    "t_user_9": {
        "redirect_time": 0.0031175489999999417,
        "build_auth_time": 0.0008527640000000059,
        "login_time": 0.002240809999999982,
        "acs_dispatch_time": 0.003132476999999856,
        "finish_acs_dispatch_time": 0.01594806999999987
    },
    "t_user_10": {
        "redirect_time": 0.003740001999999909,
        "build_auth_time": 0.001135843999999997,
        "login_time": 0.0025726379999999605,
        "acs_dispatch_time": 0.003537671000000131,
        "finish_acs_dispatch_time": 0.01758361499999994
    },
    "t_user_11": {
        "redirect_time": 0.0031964669999999806,
        "build_auth_time": 0.0009624599999999983,
        "login_time": 0.0022137679999999493,
        "acs_dispatch_time": 0.00353647300000004,
        "finish_acs_dispatch_time": 0.018087748000000126
    },
    "t_user_12": {
        "redirect_time": 0.0030498219999999243,
        "build_auth_time": 0.0008981900000000209,
        "login_time": 0.0021308929999999116,
        "acs_dispatch_time": 0.0032965620000000584,
        "finish_acs_dispatch_time": 0.017747083999999802
    },
    "t_user_14": {
        "redirect_time": 0.003606318999999969,
        "build_auth_time": 0.001153947000000044,
        "login_time": 0.0024271750000000036,
        "acs_dispatch_time": 0.0032686619999999778,
        "finish_acs_dispatch_time": 0.017759266999999745
    },
    "t_user_13": {
        "redirect_time": 0.003244651000000043,
        "build_auth_time": 0.0009890879999999713,
        "login_time": 0.002228973000000023,
        "acs_dispatch_time": 0.003641447000000131,
        "finish_acs_dispatch_time": 0.04878853399999983
    },
    "t_user_15": {
        "redirect_time": 0.00334917899999998,
        "build_auth_time": 0.0009162129999999991,
        "login_time": 0.0024038820000000793,
        "acs_dispatch_time": 0.003401381999999842,
        "finish_acs_dispatch_time": 0.016578607000000023
    },
    "t_user_16": {
        "redirect_time": 0.003260114000000147,
        "build_auth_time": 0.0008491680000000112,
        "login_time": 0.0023838549999999348,
        "acs_dispatch_time": 0.003952137999999827,
        "finish_acs_dispatch_time": 0.01626791900000013
    },
    "t_user_17": {
        "redirect_time": 0.0033264549999998394,
        "build_auth_time": 0.0009283559999999635,
        "login_time": 0.0023588559999998537,
        "acs_dispatch_time": 0.0032683980000003388,
        "finish_acs_dispatch_time": 0.019744572000000016
    },
    "t_user_18": {
        "redirect_time": 0.0032490829999998194,
        "build_auth_time": 0.0009369109999999292,
        "login_time": 0.002290080999999944,
        "acs_dispatch_time": 0.0034111169999997415,
        "finish_acs_dispatch_time": 0.02040642299999984
    },
    "t_user_19": {
        "redirect_time": 0.0032819160000001624,
        "build_auth_time": 0.0010289940000001163,
        "login_time": 0.0022286059999998553,
        "acs_dispatch_time": 0.00275410900000006,
        "finish_acs_dispatch_time": 0.016525990999999962
    },
    "t_user_20": {
        "redirect_time": 0.002976003000000116,
        "build_auth_time": 0.0008259340000000837,
        "login_time": 0.0021300419999998876,
        "acs_dispatch_time": 0.0031873159999999956,
        "finish_acs_dispatch_time": 0.01766288699999974
    },
    "t_user_21": {
        "redirect_time": 0.0031270559999998504,
        "build_auth_time": 0.0009115429999999591,
        "login_time": 0.002197197999999956,
        "acs_dispatch_time": 0.003314354999999658,
        "finish_acs_dispatch_time": 0.015772301000000155
    },
    "t_user_22": {
        "redirect_time": 0.0032283340000001104,
        "build_auth_time": 0.0009704240000001363,
        "login_time": 0.0022344759999999297,
        "acs_dispatch_time": 0.003537761999999667,
        "finish_acs_dispatch_time": 0.016846039999999896
    },
    "t_user_23": {
        "redirect_time": 0.0030055680000000695,
        "build_auth_time": 0.0008528240000000853,
        "login_time": 0.002133106999999912,
        "acs_dispatch_time": 0.003517377999999738,
        "finish_acs_dispatch_time": 0.01750601300000021
    },
    "t_user_24": {
        "redirect_time": 0.003090707000000137,
        "build_auth_time": 0.0008560400000001689,
        "login_time": 0.0022132969999999474,
        "acs_dispatch_time": 0.0036720039999993404,
        "finish_acs_dispatch_time": 0.01867273600000008
    },
    "t_user_25": {
        "redirect_time": 0.0031697159999999336,
        "build_auth_time": 0.0008445799999998727,
        "login_time": 0.002301902999999994,
        "acs_dispatch_time": 0.0036651980000002027,
        "finish_acs_dispatch_time": 0.017419766000000614
    },
    "t_user_26": {
        "redirect_time": 0.003045153000000189,
        "build_auth_time": 0.0008506400000001246,
        "login_time": 0.0021753669999999836,
        "acs_dispatch_time": 0.0033632189999996953,
        "finish_acs_dispatch_time": 0.019049743000000063
    },
    "t_user_27": {
        "redirect_time": 0.003132096999999945,
        "build_auth_time": 0.0009198310000000376,
        "login_time": 0.0021926599999999574,
        "acs_dispatch_time": 0.003706788999999766,
        "finish_acs_dispatch_time": 0.01755090199999998
    },
    "t_user_28": {
        "redirect_time": 0.00322399799999995,
        "build_auth_time": 0.0009694630000001148,
        "login_time": 0.0022283559999998204,
        "acs_dispatch_time": 0.0034408410000006384,
        "finish_acs_dispatch_time": 0.016474189000000194
    },
    "t_user_29": {
        "redirect_time": 0.0030894529999998532,
        "build_auth_time": 0.0008790229999999788,
        "login_time": 0.0021899619999998787,
        "acs_dispatch_time": 0.003384526999999693,
        "finish_acs_dispatch_time": 0.01654792800000049
    },