{
    "t_user_1": {
        "redirect_time": 0.0030518449999999975,
        "build_auth_time": 0.0008477559999999773,
        "login_time": 0.002184663000000031,
        "acs_dispatch_time": 0.003623003000000402,
        "finish_acs_dispatch_time": 0.019313051000000137
    },
    "t_user_2": {
        "redirect_time": 0.00305407000000002,
        "build_auth_time": 0.0008804849999999309,
        "login_time": 0.0021518240000000244,
        "acs_dispatch_time": 0.003391248999999874,
        "finish_acs_dispatch_time": 0.018423251999999835
    },
    "t_user_3": {
        "redirect_time": 0.0036313590000000007,
        "build_auth_time": 0.0014074809999999882,
        "login_time": 0.0022021180000000307,
        "acs_dispatch_time": 0.0038613970000005438,
        "finish_acs_dispatch_time": 0.02023316300000033
    },
    "t_user_4": {
        "redirect_time": 0.003452986999999963,
        "build_auth_time": 0.001054771999999926,
        "login_time": 0.0023765140000000518,
        "acs_dispatch_time": 0.003716027000000288,
        "finish_acs_dispatch_time": 0.019121020000000044
    },
    "t_user_5": {
        "redirect_time": 0.0031814079999999967,
        "build_auth_time": 0.0008985400000000032,
        "login_time": 0.0022582020000000425,
        "acs_dispatch_time": 0.003728621000000487,
        "finish_acs_dispatch_time": 0.020189591000000284
    },
    "t_user_6": {
        "redirect_time": 0.003183369000000047,
        "build_auth_time": 0.000931721000000052,
        "login_time": 0.002229736999999954,
        "acs_dispatch_time": 0.003620558999999801,
        "finish_acs_dispatch_time": 0.017899589999999854
    },
    "t_user_7": {
        "redirect_time": 0.003170546999999968,
        "build_auth_time": 0.0008989110000000577,
        "login_time": 0.0022378329999999114,
        "acs_dispatch_time": 0.0033772030000003284,
        "finish_acs_dispatch_time": 0.017289214999999913
    },
    "t_user_8": {
        "redirect_time": 0.003171219999999919,
        "build_auth_time": 0.0009274049999999923,
        "login_time": 0.0022196999999999356,
        "acs_dispatch_time": 0.003255937000000486,
        "finish_acs_dispatch_time": 0.01723487800000001
    },
    "t_user_9": {
        "redirect_time": 0.003056484000000026,
        "build_auth_time": 0.0008449810000000779,
        "login_time": 0.0021880289999999247,
        "acs_dispatch_time": 0.003303643999999828,
        "finish_acs_dispatch_time": 0.0177371449999999
    },
    "t_user_10": {
        "redirect_time": 0.0030257639999999864,
        "build_auth_time": 0.0008717779999999342,
        "login_time": 0.002131865000000066,
        "acs_dispatch_time": 0.003347125999999534,
        "finish_acs_dispatch_time": 0.018340648999999765
    },
    "t_user_11": {
        "redirect_time": 0.0032757140000000406,
        "build_auth_time": 0.0009812250000000855,
        "login_time": 0.002272657999999983,
        "acs_dispatch_time": 0.003357304999999755,
        "finish_acs_dispatch_time": 0.019715813999999554
    },
    "t_user_12": {
        "redirect_time": 0.0031792939999999437,
        "build_auth_time": 0.0008493370000000056,
        "login_time": 0.002309538,
        "acs_dispatch_time": 0.0034399239999993725,
        "finish_acs_dispatch_time": 0.021256081999999843
    },
    "t_user_13": {
        "redirect_time": 0.003186115999999961,
        "build_auth_time": 0.0008980679999999186,
        "login_time": 0.00226232000000004,
        "acs_dispatch_time": 0.0035386019999998908,
        "finish_acs_dispatch_time": 0.019083586999999902
    },
    "t_user_14": {
        "redirect_time": 0.003108732999999919,
        "build_auth_time": 0.0008823399999999815,
        "login_time": 0.002205663999999885,
        "acs_dispatch_time": 0.004836032000000046,
        "finish_acs_dispatch_time": 0.018523828000000186
    },
    "t_user_15": {
        "redirect_time": 0.003292642999999984,
        "build_auth_time": 0.0009998669999999876,
        "login_time": 0.0022699740000000634,
        "acs_dispatch_time": 0.003420533999999975,
        "finish_acs_dispatch_time": 0.016676370999999968
    },
    "t_user_16": {
        "redirect_time": 0.0031006959999999584,
        "build_auth_time": 0.0008430660000000589,
        "login_time": 0.0022214919999998806,
        "acs_dispatch_time": 0.003550589999999687,
        "finish_acs_dispatch_time": 0.01763398899999924
    },
    "t_user_18": {
        "redirect_time": 0.003805365999999921,
        "build_auth_time": 0.0015014059999998164,
        "login_time": 0.0022781110000000826,
        "acs_dispatch_time": 0.0031750269999992753,
        "finish_acs_dispatch_time": 0.016795340999999908
    },
    "t_user_19": {
        "redirect_time": 0.0030971690000001217,
        "build_auth_time": 0.0008778000000000397,
        "login_time": 0.0021969170000000204,
        "acs_dispatch_time": 0.003707082000000028,
        "finish_acs_dispatch_time": 0.020089329000000156
    },
    "t_user_20": {
        "redirect_time": 0.003123109000000124,
        "build_auth_time": 0.0009199399999999525,
        "login_time": 0.0021797359999999877,
        "acs_dispatch_time": 0.004082121999999799,
        "finish_acs_dispatch_time": 0.016693123000000032
    },
    "t_user_21": {
        "redirect_time": 0.002963981000000171,
        "build_auth_time": 0.0008064170000001702,
        "login_time": 0.0021390489999999485,
        "acs_dispatch_time": 0.004577462999999948,
        "finish_acs_dispatch_time": 0.023243889999999823
    },
    "t_user_22": {
        "redirect_time": 0.0036835469999998427,
        "build_auth_time": 0.0014651799999998438,
        "login_time": 0.002198540000000193,
        "acs_dispatch_time": 0.003152243999999804,
        "finish_acs_dispatch_time": 0.01726059099999988
    },
    "t_user_17": {
        "redirect_time": 0.0028949719999999957,
        "build_auth_time": 0.0007863910000001084,
        "login_time": 0.002088573999999843,
        "acs_dispatch_time": 0.0033191129999998736,
        "finish_acs_dispatch_time": 0.01704044700000029
    },
    "t_user_23": {
        "redirect_time": 0.002944805999999911,
        "build_auth_time": 0.0008209959999998517,
        "login_time": 0.002105295000000007,
        "acs_dispatch_time": 0.0030531579999997227,
        "finish_acs_dispatch_time": 0.01732060699999982
    },
    "t_user_24": {
        "redirect_time": 0.003039719999999857,
        "build_auth_time": 0.0008550889999998645,
        "login_time": 0.002162761000000124,
        "acs_dispatch_time": 0.003155075999999646,
        "finish_acs_dispatch_time": 0.01762174899999991
    },
    "t_user_25": {
        "redirect_time": 0.003044849999999988,
        "build_auth_time": 0.0008564110000000014,
        "login_time": 0.0021680410000000094,
        "acs_dispatch_time": 0.003454655999999723,
        "finish_acs_dispatch_time": 0.017337071000000037
    },
    "t_user_26": {
        "redirect_time": 0.0031142839999998007,
        "build_auth_time": 0.0008425359999999493,
        "login_time": 0.0022500069999999983,
        "acs_dispatch_time": 0.004436312000000164,
        "finish_acs_dispatch_time": 0.019418316999999963
    },
    "t_user_27": {
        "redirect_time": 0.0033109909999999854,
        "build_auth_time": 0.0009293889999999472,
        "login_time": 0.002360893000000086,
        "acs_dispatch_time": 0.003449331000000111,
        "finish_acs_dispatch_time": 0.019964534999999728
    },
    "t_user_28": {
        "redirect_time": 0.0030189649999998736,
        "build_auth_time": 0.0008696259999998457,
        "login_time": 0.002131545999999984,
        "acs_dispatch_time": 0.0032639529999998196,
        "finish_acs_dispatch_time": 0.020339847000000244
    },
    "t_user_29": {
        "redirect_time": 0.0030339020000000883,
        "build_auth_time": 0.0008714390000001959,
        "login_time": 0.0021417239999999005,
        "acs_dispatch_time": 0.0037779220000002667,
        "finish_acs_dispatch_time": 0.019074978999999992
    },