{
    "t_user_1": {
        "redirect_time": 0.0030023619999999807,
        "build_auth_time": 0.0008317849999999738,
        "login_time": 0.0021513009999999944,
        "acs_dispatch_time": 0.00338356399999995,
        "finish_acs_dispatch_time": 0.01915070799999974
    },
    "t_user_2": {
        "redirect_time": 0.003220549000000017,
        "build_auth_time": 0.0009173840000000766,
        "login_time": 0.00228179499999992,
        "acs_dispatch_time": 0.004081205999999948,
        "finish_acs_dispatch_time": 0.0166095799999999
    },
    "t_user_3": {
        "redirect_time": 0.0037710989999999445,
        "build_auth_time": 0.0013493519999999704,
        "login_time": 0.0024003369999999746,
        "acs_dispatch_time": 0.0036012250000001522,
        "finish_acs_dispatch_time": 0.01617457199999972
    },
    "t_user_4": {
        "redirect_time": 0.002959463000000051,
        "build_auth_time": 0.0008188009999999801,
        "login_time": 0.002122257999999988,
        "acs_dispatch_time": 0.0033817119999999257,
        "finish_acs_dispatch_time": 0.018360486999999814
    },
    "t_user_5": {
        "redirect_time": 0.0036794690000000463,
        "build_auth_time": 0.0011210649999999767,
        "login_time": 0.0025367540000000854,
        "acs_dispatch_time": 0.0036592689999999095,
        "finish_acs_dispatch_time": 0.01680913499999992
    },
    "t_user_6": {
        "redirect_time": 0.0030494810000000205,
        "build_auth_time": 0.0008567010000000153,
        "login_time": 0.00217386399999997,
        "acs_dispatch_time": 0.0037411650000001018,
        "finish_acs_dispatch_time": 0.023519692999999897
    },
    "t_user_7": {
        "redirect_time": 0.003123527999999931,
        "build_auth_time": 0.0009074159999999942,
        "login_time": 0.00219058399999994,
        "acs_dispatch_time": 0.003322482000000182,
        "finish_acs_dispatch_time": 0.01854362399999987
    },
    "t_user_8": {
        "redirect_time": 0.003081070000000019,
        "build_auth_time": 0.000859586999999995,
        "login_time": 0.00220216800000006,
        "acs_dispatch_time": 0.0034923560000001963,
        "finish_acs_dispatch_time": 0.04654963700000003
    },
    "t_user_9": {
        "redirect_time": 0.0031374239999999443,
        "build_auth_time": 0.0008911149999999424,
        "login_time": 0.0022217230000000088,
        "acs_dispatch_time": 0.0036680479999997573,
        "finish_acs_dispatch_time": 0.017059338999999785
    },
    "t_user_10": {
        "redirect_time": 0.003113131999999963,
        "build_auth_time": 0.0008711399999999925,
        "login_time": 0.002219941000000003,
        "acs_dispatch_time": 0.0028487830000001324,
        "finish_acs_dispatch_time": 0.01825198799999983
    },
    "t_user_11": {
        "redirect_time": 0.003208277000000037,
        "build_auth_time": 0.0009083080000000798,
        "login_time": 0.002275974000000014,
        "acs_dispatch_time": 0.003373689000000013,
        "finish_acs_dispatch_time": 0.015929622999999893
    },
    "t_user_12": {
        "redirect_time": 0.0035487240000000586,
        "build_auth_time": 0.001247781999999975,
        "login_time": 0.002281164000000002,
        "acs_dispatch_time": 0.0031840940000003037,
        "finish_acs_dispatch_time": 0.015565480999999881
    },
    "t_user_14": {
        "redirect_time": 0.0031002139999999345,
        "build_auth_time": 0.0008502400000000021,
        "login_time": 0.0022304869999999477,
        "acs_dispatch_time": 0.003145287999999802,
        "finish_acs_dispatch_time": 0.017384733000000097
    },
    "t_user_13": {
        "redirect_time": 0.0029276430000000353,
        "build_auth_time": 0.0008035529999999014,
        "login_time": 0.0021045840000000204,
        "acs_dispatch_time": 0.0036822739999999854,
        "finish_acs_dispatch_time": 0.01821479700000017
    },
    "t_user_15": {
        "redirect_time": 0.0030408840000000215,
        "build_auth_time": 0.0008478249999999132,
        "login_time": 0.0021600580000000758,
        "acs_dispatch_time": 0.003273248000000173,
        "finish_acs_dispatch_time": 0.016029811000000116
    },
    "t_user_16": {
        "redirect_time": 0.0030070499999999,
        "build_auth_time": 0.000822587999999902,
        "login_time": 0.002164755000000129,
        "acs_dispatch_time": 0.0037476629999999567,
        "finish_acs_dispatch_time": 0.01899593200000016
    },
    "t_user_17": {
        "redirect_time": 0.0030479060000001557,
        "build_auth_time": 0.0008480630000000655,
        "login_time": 0.0021723620000000388,
        "acs_dispatch_time": 0.0029277620000005555,
        "finish_acs_dispatch_time": 0.017937588999999754
    },
    "t_user_18": {
        "redirect_time": 0.003016508999999834,
        "build_auth_time": 0.0008255239999999109,
        "login_time": 0.002172320999999977,
        "acs_dispatch_time": 0.0032066440000004803,
        "finish_acs_dispatch_time": 0.016153625999999477
    },
    "t_user_19": {
        "redirect_time": 0.0035613279999999747,
        "build_auth_time": 0.001358830000000033,
        "login_time": 0.002183190999999862,
        "acs_dispatch_time": 0.003335090000000207,
        "finish_acs_dispatch_time": 0.01635514500000035
    },
    "t_user_20": {
        "redirect_time": 0.0030912190000000894,
        "build_auth_time": 0.0008479649999999506,
        "login_time": 0.002220651000000018,
        "acs_dispatch_time": 0.0032561919999993805,
        "finish_acs_dispatch_time": 0.01796126800000053
    },
    "t_user_21": {
        "redirect_time": 0.0030523150000001387,
        "build_auth_time": 0.000824912000000122,
        "login_time": 0.0022063429999998885,
        "acs_dispatch_time": 0.0033321889999999854,
        "finish_acs_dispatch_time": 0.017295825999999792
    },
    "t_user_22": {
        "redirect_time": 0.003201153000000012,
        "build_auth_time": 0.000862892000000004,
        "login_time": 0.0023182239999999243,
        "acs_dispatch_time": 0.004003044000000067,
        "finish_acs_dispatch_time": 0.01709397399999979
    },
    "t_user_23": {
        "redirect_time": 0.003139832000000009,
        "build_auth_time": 0.0008952349999999942,
        "login_time": 0.0022182479999999227,
        "acs_dispatch_time": 0.0038085179999995944,
        "finish_acs_dispatch_time": 0.017244647999999252
    },
    "t_user_24": {
        "redirect_time": 0.0030551220000001322,
        "build_auth_time": 0.0008686239999999845,
        "login_time": 0.0021499700000000566,
        "acs_dispatch_time": 0.0032852130000007307,
        "finish_acs_dispatch_time": 0.01695766799999987
    },
    "t_user_25": {
        "redirect_time": 0.0031095240000000857,
        "build_auth_time": 0.0008645560000000163,
        "login_time": 0.002226062000000084,
        "acs_dispatch_time": 0.0034254190000000406,
        "finish_acs_dispatch_time": 0.01902748399999954
    },
    "t_user_26": {
        "redirect_time": 0.00304322800000012,
        "build_auth_time": 0.0008434660000000704,
        "login_time": 0.002176157999999928,
        "acs_dispatch_time": 0.0041078990000000815,
        "finish_acs_dispatch_time": 0.01557707299999933
    },
    "t_user_27": {
        "redirect_time": 0.0030726020000000354,
        "build_auth_time": 0.0008898520000000243,
        "login_time": 0.0021640759999999037,
        "acs_dispatch_time": 0.0033154680000002656,
        "finish_acs_dispatch_time": 0.0173879019999994
    },
    "t_user_28": {
        "redirect_time": 0.003127619000000026,
        "build_auth_time": 0.0008394199999999241,
        "login_time": 0.0022650360000000536,
        "acs_dispatch_time": 0.0034851670000000112,
        "finish_acs_dispatch_time": 0.0173203329999998
    },
    "t_user_29": {
        "redirect_time": 0.0029686989999999636,
        "build_auth_time": 0.0008277979999999907,
        "login_time": 0.0021201529999999025,
        "acs_dispatch_time": 0.0033274419999997917,
        "finish_acs_dispatch_time": 0.017154336000000825
    },