{
    "t_user_1": {
        "redirect_time": 0.003133647999999989,
        "build_auth_time": 0.000872331000000004,
        "login_time": 0.0022369609999999818,
        "acs_dispatch_time": 0.00341521300000025,
        "finish_acs_dispatch_time": 0.016604948999999536
    },
    "t_user_2": {
        "redirect_time": 0.0030670950000000197,
        "build_auth_time": 0.0008403420000000494,
        "login_time": 0.002203458999999963,
        "acs_dispatch_time": 0.002857590999999715,
        "finish_acs_dispatch_time": 0.017263391000000183
    },
    "t_user_3": {
        "redirect_time": 0.003950043999999986,
        "build_auth_time": 0.0015413510000000796,
        "login_time": 0.002387633,
        "acs_dispatch_time": 0.004321631999999909,
        "finish_acs_dispatch_time": 0.018371098000000252
    },
    "t_user_4": {
        "redirect_time": 0.003030004000000086,
        "build_auth_time": 0.0008517319999999939,
        "login_time": 0.0021564710000000487,
        "acs_dispatch_time": 0.003818264999999599,
        "finish_acs_dispatch_time": 0.016256634000000325
    },
    "t_user_5": {
        "redirect_time": 0.0030017500000000252,
        "build_auth_time": 0.0008317740000000073,
        "login_time": 0.0021499590000000346,
        "acs_dispatch_time": 0.0035938599999996157,
        "finish_acs_dispatch_time": 0.016981325000000158
    },
    "t_user_6": {
        "redirect_time": 0.003124389000000005,
        "build_auth_time": 0.0008676420000000018,
        "login_time": 0.002234696000000036,
        "acs_dispatch_time": 0.0035080580000004247,
        "finish_acs_dispatch_time": 0.015439971000000163
    },
    "t_user_7": {
        "redirect_time": 0.003178911999999978,
        "build_auth_time": 0.0009123959999999265,
        "login_time": 0.002240427000000045,
        "acs_dispatch_time": 0.003475408999999985,
        "finish_acs_dispatch_time": 0.016305836000000795
    },
    "t_user_8": {
        "redirect_time": 0.003062314999999982,
        "build_auth_time": 0.0008523539999999441,
        "login_time": 0.002189834000000057,
        "acs_dispatch_time": 0.003420355999999458,
        "finish_acs_dispatch_time": 0.017690447999999748
    },
    "t_user_9": {
        "redirect_time": 0.003235549999999976,
        "build_auth_time": 0.0009289779999999137,
        "login_time": 0.002279492000000105,
        "acs_dispatch_time": 0.0031330070000006316,
        "finish_acs_dispatch_time": 0.016624932000000037
    },
    "t_user_10": {
        "redirect_time": 0.0030568919999999222,
        "build_auth_time": 0.0008176970000000061,
        "login_time": 0.0022167829999999444,
        "acs_dispatch_time": 0.0031464740000002323,
        "finish_acs_dispatch_time": 0.01688685900000042
    },
    "t_user_11": {
        "redirect_time": 0.003362397999999933,
        "build_auth_time": 0.0008565520000000104,
        "login_time": 0.0024793059999999034,
        "acs_dispatch_time": 0.004120562999999855,
        "finish_acs_dispatch_time": 0.016334891999999712
    },
    "t_user_12": {
        "redirect_time": 0.0037360040000000705,
        "build_auth_time": 0.001510793999999982,
        "login_time": 0.002203149000000071,
        "acs_dispatch_time": 0.0033499620000005947,
        "finish_acs_dispatch_time": 0.01677388099999977
    },
    "t_user_14": {
        "redirect_time": 0.0031121270000000756,
        "build_auth_time": 0.0008745250000000704,
        "login_time": 0.0022222929999999863,
        "acs_dispatch_time": 0.0033792649999995206,
        "finish_acs_dispatch_time": 0.01599851699999988
    },
    "t_user_13": {
        "redirect_time": 0.002991401999999921,
        "build_auth_time": 0.0008441980000000182,
        "login_time": 0.002127115999999929,
        "acs_dispatch_time": 0.0036239860000000235,
        "finish_acs_dispatch_time": 0.01649578800000029
    },
    "t_user_15": {
        "redirect_time": 0.003224770000000099,
        "build_auth_time": 0.0009477529999999401,
        "login_time": 0.0022486740000000616,
        "acs_dispatch_time": 0.0032269189999998282,
        "finish_acs_dispatch_time": 0.01606955699999979
    },
    "t_user_16": {
        "redirect_time": 0.0031828489999998766,
        "build_auth_time": 0.0009082380000000612,
        "login_time": 0.002254663999999851,
        "acs_dispatch_time": 0.003932450000000198,
        "finish_acs_dispatch_time": 0.017783431999999877
    },
    "t_user_17": {
        "redirect_time": 0.0030683759999998728,
        "build_auth_time": 0.0008593059999999486,
        "login_time": 0.002188340000000011,
        "acs_dispatch_time": 0.0028313340000001297,
        "finish_acs_dispatch_time": 0.016065094000000002
    },
    "t_user_18": {
        "redirect_time": 0.0034665599999998964,
        "build_auth_time": 0.0012701539999999678,
        "login_time": 0.002174915999999971,
        "acs_dispatch_time": 0.0029477400000001985,
        "finish_acs_dispatch_time": 0.017250073000000032
    },
    "t_user_19": {
        "redirect_time": 0.0030100279999998314,
        "build_auth_time": 0.0008495879999999012,
        "login_time": 0.002140621999999981,
        "acs_dispatch_time": 0.002972953999999639,
        "finish_acs_dispatch_time": 0.016230722999999614
    },
    "t_user_20": {
        "redirect_time": 0.003726276000000084,
        "build_auth_time": 0.0012313219999999792,
        "login_time": 0.00247500700000014,
        "acs_dispatch_time": 0.00402538500000027,
        "finish_acs_dispatch_time": 0.016849335999999937
    },
    "t_user_21": {
        "redirect_time": 0.0031564889999999846,
        "build_auth_time": 0.0009075159999998306,
        "login_time": 0.002228144000000043,
        "acs_dispatch_time": 0.003971602999999657,
        "finish_acs_dispatch_time": 0.021485851
    },
    "t_user_22": {
        "redirect_time": 0.003217923999999872,
        "build_auth_time": 0.0009062539999999952,
        "login_time": 0.0022863829999999474,
        "acs_dispatch_time": 0.003329211000000054,
        "finish_acs_dispatch_time": 0.017864190000000058
    },
    "t_user_23": {
        "redirect_time": 0.0034769119999999987,
        "build_auth_time": 0.001053089000000007,
        "login_time": 0.002390319999999946,
        "acs_dispatch_time": 0.003656705000000038,
        "finish_acs_dispatch_time": 0.018575740999999812
    },
    "t_user_24": {
        "redirect_time": 0.0031572019999999146,
        "build_auth_time": 0.0009458089999998531,
        "login_time": 0.002187659000000064,
        "acs_dispatch_time": 0.002868289000000246,
        "finish_acs_dispatch_time": 0.017153065000000023
    },
    "t_user_25": {
        "redirect_time": 0.003046945000000134,
        "build_auth_time": 0.0008604580000000084,
        "login_time": 0.002165838000000031,
        "acs_dispatch_time": 0.003149395999999971,
        "finish_acs_dispatch_time": 0.016084713999999778
    },
    "t_user_26": {
        "redirect_time": 0.003927540000000063,
        "build_auth_time": 0.0016521670000000377,
        "login_time": 0.002249182999999988,
        "acs_dispatch_time": 0.0030978609999996465,
        "finish_acs_dispatch_time": 0.018924050000000303
    },
    "t_user_27": {
        "redirect_time": 0.0030267660000000696,
        "build_auth_time": 0.0008459409999999057,
        "login_time": 0.002161570000000168,
        "acs_dispatch_time": 0.003995901999999774,
        "finish_acs_dispatch_time": 0.017115129000000007
    },
    "t_user_28": {
        "redirect_time": 0.0030769600000000175,
        "build_auth_time": 0.0008438969999999824,
        "login_time": 0.002214337999999927,
        "acs_dispatch_time": 0.003375700999999953,
        "finish_acs_dispatch_time": 0.016534759000000232
    },
    "t_user_29": {
        "redirect_time": 0.0029846700000000226,
        "build_auth_time": 0.000835441999999853,
        "login_time": 0.002129321000000184,
        "acs_dispatch_time": 0.0033246060000000632,
        "finish_acs_dispatch_time": 0.016707321999999802
    },