{
    "t_user_1": {
        "redirect_time": 0.003200292000000049,
        "build_auth_time": 0.0008408420000000083,
        "login_time": 0.0023318479999999697,
        "acs_dispatch_time": 0.0033887020000000767,
        "finish_acs_dispatch_time": 0.017740317999999977
    },
    "t_user_2": {
        "redirect_time": 0.0033360760000000766,
        "build_auth_time": 0.001022722000000087,
        "login_time": 0.002288697999999978,
        "acs_dispatch_time": 0.004051902000000052,
        "finish_acs_dispatch_time": 0.01903684899999991
    },
    "t_user_3": {
        "redirect_time": 0.0036560429999999977,
        "build_auth_time": 0.001439601000000068,
        "login_time": 0.002194330999999994,
        "acs_dispatch_time": 0.003679165999999956,
        "finish_acs_dispatch_time": 0.017798067000000195
    },
    "t_user_4": {
        "redirect_time": 0.0030879320000000154,
        "build_auth_time": 0.0008859350000000044,
        "login_time": 0.0021757879999999563,
        "acs_dispatch_time": 0.00402007900000001,
        "finish_acs_dispatch_time": 0.021149133999999847
    },
    "t_user_5": {
        "redirect_time": 0.0030185339999999616,
        "build_auth_time": 0.000858385000000017,
        "login_time": 0.0021398299999999537,
        "acs_dispatch_time": 0.0031816289999997416,
        "finish_acs_dispatch_time": 0.02121587300000005
    },
    "t_user_6": {
        "redirect_time": 0.0031205940000000876,
        "build_auth_time": 0.0008573540000000879,
        "login_time": 0.0022436829999999963,
        "acs_dispatch_time": 0.0032438120000000126,
        "finish_acs_dispatch_time": 0.01588255900000002
    },
    "t_user_7": {
        "redirect_time": 0.0031695649999999853,
        "build_auth_time": 0.0008883900000000722,
        "login_time": 0.00225781199999997,
        "acs_dispatch_time": 0.003421836999999872,
        "finish_acs_dispatch_time": 0.018090892999999664
    },
    "t_user_8": {
        "redirect_time": 0.003047167000000073,
        "build_auth_time": 0.000861951000000083,
        "login_time": 0.0021649389999999213,
        "acs_dispatch_time": 0.0030858000000000274,
        "finish_acs_dispatch_time": 0.01777441599999996
    },
    "t_user_9": {
        "redirect_time": 0.0030595509999999937,
        "build_auth_time": 0.0008811180000000141,
        "login_time": 0.002157823999999975,
        "acs_dispatch_time": 0.004825278999999849,
        "finish_acs_dispatch_time": 0.01931534300000015
    },
    "t_user_10": {
        "redirect_time": 0.0032498039999999673,
        "build_auth_time": 0.0008868479999999401,
        "login_time": 0.0023372490000000967,
        "acs_dispatch_time": 0.0034972389999996523,
        "finish_acs_dispatch_time": 0.017445157000000044
    },
    "t_user_11": {
        "redirect_time": 0.00304166699999997,
        "build_auth_time": 0.0008750870000000521,
        "login_time": 0.002144107999999978,
        "acs_dispatch_time": 0.003464817000000231,
        "finish_acs_dispatch_time": 0.01726333000000002
    },
    "t_user_12": {
        "redirect_time": 0.003272296000000008,
        "build_auth_time": 0.0008643950000000178,
        "login_time": 0.002385989999999949,
        "acs_dispatch_time": 0.003970202000000089,
        "finish_acs_dispatch_time": 0.020851374000000256
    },
    "t_user_13": {
        "redirect_time": 0.003119509999999881,
        "build_auth_time": 0.0008602879999999313,
        "login_time": 0.00223834200000006,
        "acs_dispatch_time": 0.0034083879999999844,
        "finish_acs_dispatch_time": 0.018122465999999893
    },
    "t_user_14": {
        "redirect_time": 0.0030747759999998348,
        "build_auth_time": 0.0009214319999999443,
        "login_time": 0.002132444999999983,
        "acs_dispatch_time": 0.0032487349999996695,
        "finish_acs_dispatch_time": 0.01678912900000018
    },
    "t_user_15": {
        "redirect_time": 0.0031058860000001687,
        "build_auth_time": 0.0008713989999999949,
        "login_time": 0.0022091300000000036,
        "acs_dispatch_time": 0.003320845999999822,
        "finish_acs_dispatch_time": 0.021774906999999732
    },
    "t_user_16": {
        "redirect_time": 0.003035083000000105,
        "build_auth_time": 0.0008635750000001163,
        "login_time": 0.0021500779999998887,
        "acs_dispatch_time": 0.0041411439999996524,
        "finish_acs_dispatch_time": 0.017365312999999993
    },
    "t_user_17": {
        "redirect_time": 0.0030260060000000255,
        "build_auth_time": 0.0008617109999999872,
        "login_time": 0.002143586999999947,
        "acs_dispatch_time": 0.0034278909999994056,
        "finish_acs_dispatch_time": 0.01731752199999992
    },
    "t_user_18": {
        "redirect_time": 0.0030924709999999855,
        "build_auth_time": 0.0009043309999998694,
        "login_time": 0.0021674510000000424,
        "acs_dispatch_time": 0.003440733999999779,
        "finish_acs_dispatch_time": 0.018296139000000267
    },
    "t_user_19": {
        "redirect_time": 0.003034022999999886,
        "build_auth_time": 0.0008647070000000756,
        "login_time": 0.0021486269999999585,
        "acs_dispatch_time": 0.003550367000000776,
        "finish_acs_dispatch_time": 0.01610286900000002
    },
    "t_user_20": {
        "redirect_time": 0.004333350000000014,
        "build_auth_time": 0.0012724790000000485,
        "login_time": 0.003029572999999841,
        "acs_dispatch_time": 0.003630275999999988,
        "finish_acs_dispatch_time": 0.018416003999999653
    },
    "t_user_21": {
        "redirect_time": 0.0033747509999999536,
        "build_auth_time": 0.0009604059999999137,
        "login_time": 0.0023919130000000788,
        "acs_dispatch_time": 0.003455688000000734,
        "finish_acs_dispatch_time": 0.016605058999999756
    },
    "t_user_22": {
        "redirect_time": 0.0032455849999999398,
        "build_auth_time": 0.0009023459999999428,
        "login_time": 0.0023174409999999757,
        "acs_dispatch_time": 0.0033962689999995632,
        "finish_acs_dispatch_time": 0.016729650999999457
    },
    "t_user_23": {
        "redirect_time": 0.003037509000000105,
        "build_auth_time": 0.0008567619999999554,
        "login_time": 0.0021601490000000556,
        "acs_dispatch_time": 0.003493030000000452,
        "finish_acs_dispatch_time": 0.018106484999999672
    },
    "t_user_24": {
        "redirect_time": 0.002968759000000043,
        "build_auth_time": 0.000823290000000032,
        "login_time": 0.0021267240000000243,
        "acs_dispatch_time": 0.0034478269999995703,
        "finish_acs_dispatch_time": 0.018432053000000614
    },
    "t_user_25": {
        "redirect_time": 0.003118938000000071,
        "build_auth_time": 0.0008461109999999827,
        "login_time": 0.002251608000000127,
        "acs_dispatch_time": 0.003447657999999798,
        "finish_acs_dispatch_time": 0.017048231000000413
    },
    "t_user_26": {
        "redirect_time": 0.003201866000000164,
        "build_auth_time": 0.0009002740000001452,
        "login_time": 0.0022787890000000033,
        "acs_dispatch_time": 0.003255958999999642,
        "finish_acs_dispatch_time": 0.016208059999999413
    },
    "t_user_28": {
        "redirect_time": 0.0030242320000000156,
        "build_auth_time": 0.0008441279999999995,
        "login_time": 0.0021590839999998668,
        "acs_dispatch_time": 0.0036022010000005267,
        "finish_acs_dispatch_time": 0.01918062900000006
    },
    "t_user_27": {
        "redirect_time": 0.0029575180000001033,
        "build_auth_time": 0.0008043130000001675,
        "login_time": 0.002135842999999804,
        "acs_dispatch_time": 0.0033526090000002284,
        "finish_acs_dispatch_time": 0.01689467000000011
    },
    "t_user_29": {
        "redirect_time": 0.003144408000000043,
        "build_auth_time": 0.0009363310000001235,
        "login_time": 0.002187568999999945,
        "acs_dispatch_time": 0.0031615890000002977,
        "finish_acs_dispatch_time": 0.021862753999999818
    },