{
    "t_user_1": {
        "redirect_time": 0.0030242530000000323,
        "build_auth_time": 0.0008173470000000238,
        "login_time": 0.002186287000000009,
        "acs_dispatch_time": 0.0033278820000002263,
        "finish_acs_dispatch_time": 0.015830314000000012
    },
    "t_user_2": {
        "redirect_time": 0.0030898360000000125,
        "build_auth_time": 0.0008632739999999695,
        "login_time": 0.00220483199999999,
        "acs_dispatch_time": 0.00395470100000006,
        "finish_acs_dispatch_time": 0.01772222300000026
    },
    "t_user_3": {
        "redirect_time": 0.003485254000000104,
        "build_auth_time": 0.0013574070000000882,
        "login_time": 0.002107488999999907,
        "acs_dispatch_time": 0.0028611700000000795,
        "finish_acs_dispatch_time": 0.015707831000000283
    },
    "t_user_4": {
        "redirect_time": 0.0030875200000000103,
        "build_auth_time": 0.0008703869999999725,
        "login_time": 0.0021927569999999896,
        "acs_dispatch_time": 0.003279299999999985,
        "finish_acs_dispatch_time": 0.016700727999999998
    },
    "t_user_5": {
        "redirect_time": 0.003094645000000007,
        "build_auth_time": 0.0008654679999999804,
        "login_time": 0.0022083780000000663,
        "acs_dispatch_time": 0.0033028139999999873,
        "finish_acs_dispatch_time": 0.01801976999999999
    },
    "t_user_6": {
        "redirect_time": 0.0032170620000000483,
        "build_auth_time": 0.0009337150000000571,
        "login_time": 0.0022607150000000242,
        "acs_dispatch_time": 0.0038201010000000757,
        "finish_acs_dispatch_time": 0.020894835
    },
    "t_user_7": {
        "redirect_time": 0.0032786610000000715,
        "build_auth_time": 0.000941491000000072,
        "login_time": 0.002309678999999898,
        "acs_dispatch_time": 0.0036130719999998284,
        "finish_acs_dispatch_time": 0.01804025499999984
    },
    "t_user_8": {
        "redirect_time": 0.0030013299999999132,
        "build_auth_time": 0.0008362029999999798,
        "login_time": 0.002146000999999953,
        "acs_dispatch_time": 0.0033512039999998855,
        "finish_acs_dispatch_time": 0.02090466000000024
    },
    "t_user_9": {
        "redirect_time": 0.00303544499999997,
        "build_auth_time": 0.0008428560000000029,
        "login_time": 0.0021668200000000137,
        "acs_dispatch_time": 0.003540547999999699,
        "finish_acs_dispatch_time": 0.01810430200000024
    },
    "t_user_10": {
        "redirect_time": 0.003043087,
        "build_auth_time": 0.0008499889999999954,
        "login_time": 0.00217078599999998,
        "acs_dispatch_time": 0.0032052430000000243,
        "finish_acs_dispatch_time": 0.01674944300000014
    },
    "t_user_11": {
        "redirect_time": 0.003196537999999971,
        "build_auth_time": 0.0008824189999999676,
        "login_time": 0.002289473000000042,
        "acs_dispatch_time": 0.003226420999999924,
        "finish_acs_dispatch_time": 0.016586026000000142
    },
    "t_user_12": {
        "redirect_time": 0.003028662000000071,
        "build_auth_time": 0.0008415630000000451,
        "login_time": 0.002165618000000036,
        "acs_dispatch_time": 0.003310434999999945,
        "finish_acs_dispatch_time": 0.01695381699999965
    },
    "t_user_14": {
        "redirect_time": 0.0032191569999999725,
        "build_auth_time": 0.0008899530000000544,
        "login_time": 0.0023084349999999976,
        "acs_dispatch_time": 0.0038047429999998883,
        "finish_acs_dispatch_time": 0.01701370400000002
    },
    "t_user_13": {
        "redirect_time": 0.0031003550000000546,
        "build_auth_time": 0.0008734530000000795,
        "login_time": 0.002204258999999986,
        "acs_dispatch_time": 0.003454558000000052,
        "finish_acs_dispatch_time": 0.017040367999999972
    },
    "t_user_15": {
        "redirect_time": 0.0033103070000000123,
        "build_auth_time": 0.0009451259999999628,
        "login_time": 0.002340393999999968,
        "acs_dispatch_time": 0.003603036000000337,
        "finish_acs_dispatch_time": 0.01699650400000019
    },
    "t_user_16": {
        "redirect_time": 0.0033026240000000318,
        "build_auth_time": 0.0008839419999999709,
        "login_time": 0.0023957980000000045,
        "acs_dispatch_time": 0.0035465380000001545,
        "finish_acs_dispatch_time": 0.017682096999999786
    },
    "t_user_17": {
        "redirect_time": 0.0032003949999999115,
        "build_auth_time": 0.0008858779999998401,
        "login_time": 0.002296633000000048,
        "acs_dispatch_time": 0.0033081459999997342,
        "finish_acs_dispatch_time": 0.018501034999999888
    },
    "t_user_18": {
        "redirect_time": 0.003249363000000116,
        "build_auth_time": 0.0009627990000000697,
        "login_time": 0.002260836000000044,
        "acs_dispatch_time": 0.0037104639999991917,
        "finish_acs_dispatch_time": 0.018153582000000057
    },
    "t_user_19": {
        "redirect_time": 0.0031451689999999477,
        "build_auth_time": 0.0008899140000000472,
        "login_time": 0.0022344559999998292,
        "acs_dispatch_time": 0.003512826999999774,
        "finish_acs_dispatch_time": 0.019595507000000012
    },
    "t_user_20": {
        "redirect_time": 0.0031053869999999595,
        "build_auth_time": 0.0008643070000000641,
        "login_time": 0.0022187379999998313,
        "acs_dispatch_time": 0.004087912000000138,
        "finish_acs_dispatch_time": 0.021466878000000023
    },
    "t_user_21": {
        "redirect_time": 0.003652736999999906,
        "build_auth_time": 0.0011703370000000213,
        "login_time": 0.002451632999999953,
        "acs_dispatch_time": 0.003642828999999459,
        "finish_acs_dispatch_time": 0.021936372999999953
    },
    "t_user_22": {
        "redirect_time": 0.0041525140000000516,
        "build_auth_time": 0.0011992119999999495,
        "login_time": 0.0029259409999999875,
        "acs_dispatch_time": 0.0034159020000004148,
        "finish_acs_dispatch_time": 0.017616469000000023
    },
    "t_user_23": {
        "redirect_time": 0.003189171000000046,
        "build_auth_time": 0.0009227240000000414,
        "login_time": 0.002242493000000012,
        "acs_dispatch_time": 0.0030944950000000304,
        "finish_acs_dispatch_time": 0.016841524000000163
    },
    "t_user_24": {
        "redirect_time": 0.0036749000000000365,
        "build_auth_time": 0.0015213140000001069,
        "login_time": 0.00213273699999994,
        "acs_dispatch_time": 0.0034632969999996988,
        "finish_acs_dispatch_time": 0.01862869999999983
    },
    "t_user_25": {
        "redirect_time": 0.003041205000000158,
        "build_auth_time": 0.0008367250000000936,
        "login_time": 0.0021835709999999953,
        "acs_dispatch_time": 0.0034394290000001604,
        "finish_acs_dispatch_time": 0.018666345999999834
    },
    "t_user_27": {
        "redirect_time": 0.003687682999999886,
        "build_auth_time": 0.001105515999999973,
        "login_time": 0.0025588029999998874,
        "acs_dispatch_time": 0.0032619770000001935,
        "finish_acs_dispatch_time": 0.015971075999999584
    },
    "t_user_28": {
        "redirect_time": 0.003265435999999955,
        "build_auth_time": 0.0008599789999998997,
        "login_time": 0.0023827840000001377,
        "acs_dispatch_time": 0.0032097410000000437,
        "finish_acs_dispatch_time": 0.015655560999999985
    },
    "t_user_26": {
        "redirect_time": 0.0030881419999999604,
        "build_auth_time": 0.0008618809999998422,
        "login_time": 0.0022027669999999944,
        "acs_dispatch_time": 0.0033569749999999843,
        "finish_acs_dispatch_time": 0.01602088399999957
    },
    "t_user_29": {
        "redirect_time": 0.0029936660000000614,
        "build_auth_time": 0.000847645000000119,
        "login_time": 0.00212194599999993,
        "acs_dispatch_time": 0.0032968439999994104,
        "finish_acs_dispatch_time": 0.01698605899999972
    },