{
    "t_user_1": {
        "redirect_time": 0.003063307000000015,
        "build_auth_time": 0.0008542879999999808,
        "login_time": 0.002187179000000039,
        "acs_dispatch_time": 0.004564473000000069,
        "finish_acs_dispatch_time": 0.01574600799999981
    },
    "t_user_2": {
        "redirect_time": 0.0030986729999999962,
        "build_auth_time": 0.0008722509999999906,
        "login_time": 0.002204571000000044,
        "acs_dispatch_time": 0.003219728000000366,
        "finish_acs_dispatch_time": 0.01680953200000035
    },
    "t_user_3": {
        "redirect_time": 0.0035012749999999704,
        "build_auth_time": 0.001321048999999963,
        "login_time": 0.0021595079999999767,
        "acs_dispatch_time": 0.0033050500000000316,
        "finish_acs_dispatch_time": 0.01700462800000002
    },
    "t_user_4": {
        "redirect_time": 0.003115145000000097,
        "build_auth_time": 0.0009222750000000834,
        "login_time": 0.0021721809999999397,
        "acs_dispatch_time": 0.003119380000000005,
        "finish_acs_dispatch_time": 0.01701370000000013
    },
    "t_user_5": {
        "redirect_time": 0.003354261000000025,
        "build_auth_time": 0.0011217970000000355,
        "login_time": 0.0022064950000000305,
        "acs_dispatch_time": 0.0038439640000000885,
        "finish_acs_dispatch_time": 0.022130310999999958
    },
    "t_user_6": {
        "redirect_time": 0.003940157000000055,
        "build_auth_time": 0.0009782990000000158,
        "login_time": 0.0029365000000000085,
        "acs_dispatch_time": 0.003104494000000013,
        "finish_acs_dispatch_time": 0.016233422999999636
    },
    "t_user_7": {
        "redirect_time": 0.0031866360000000205,
        "build_auth_time": 0.0008822590000000519,
        "login_time": 0.0022838779999999614,
        "acs_dispatch_time": 0.0035623970000000504,
        "finish_acs_dispatch_time": 0.017540069999999908
    },
    "t_user_8": {
        "redirect_time": 0.003006760999999969,
        "build_auth_time": 0.0008510499999999643,
        "login_time": 0.0021355629999999515,
        "acs_dispatch_time": 0.003550308000000335,
        "finish_acs_dispatch_time": 0.018527251000000078
    },
    "t_user_9": {
        "redirect_time": 0.0034857639999998913,
        "build_auth_time": 0.000930558999999942,
        "login_time": 0.002528335000000048,
        "acs_dispatch_time": 0.003344632000000125,
        "finish_acs_dispatch_time": 0.016138843999999875
    },
    "t_user_10": {
        "redirect_time": 0.0035103829999999503,
        "build_auth_time": 0.0010813809999999924,
        "login_time": 0.0024041049999999897,
        "acs_dispatch_time": 0.0034318440000000727,
        "finish_acs_dispatch_time": 0.01597483600000027
    },
    "t_user_11": {
        "redirect_time": 0.0030666730000000753,
        "build_auth_time": 0.0008751169999999808,
        "login_time": 0.0021693950000000184,
        "acs_dispatch_time": 0.0034125980000001555,
        "finish_acs_dispatch_time": 0.018696375999999848
    },
    "t_user_12": {
        "redirect_time": 0.003096317000000015,
        "build_auth_time": 0.0008932289999999954,
        "login_time": 0.002182369999999989,
        "acs_dispatch_time": 0.003666152000000089,
        "finish_acs_dispatch_time": 0.018621363999999918
    },
    "t_user_13": {
        "redirect_time": 0.0032401090000000465,
        "build_auth_time": 0.0008987300000000698,
        "login_time": 0.002318937999999937,
        "acs_dispatch_time": 0.003478975000000162,
        "finish_acs_dispatch_time": 0.01786459099999993
    },
    "t_user_14": {
        "redirect_time": 0.003112389999999854,
        "build_auth_time": 0.0008937709999998766,
        "login_time": 0.0021984910000001356,
        "acs_dispatch_time": 0.0035848689999999905,
        "finish_acs_dispatch_time": 0.01707574600000017
    },
    "t_user_15": {
        "redirect_time": 0.0037083509999999986,
        "build_auth_time": 0.0010387909999998168,
        "login_time": 0.0026434210000001457,
        "acs_dispatch_time": 0.0032846409999995885,
        "finish_acs_dispatch_time": 0.0171352520000001
    },
    "t_user_16": {
        "redirect_time": 0.0030697779999999675,
        "build_auth_time": 0.0008661689999998057,
        "login_time": 0.002182780000000051,
        "acs_dispatch_time": 0.0033116240000001795,
        "finish_acs_dispatch_time": 0.016997596999999587
    },
    "t_user_17": {
        "redirect_time": 0.003017913000000094,
        "build_auth_time": 0.0008436279999999297,
        "login_time": 0.0021537460000000674,
        "acs_dispatch_time": 0.0034954029999996195,
        "finish_acs_dispatch_time": 0.01664287399999953
    },
    "t_user_18": {
        "redirect_time": 0.0031502089999999594,
        "build_auth_time": 0.000864755999999911,
        "login_time": 0.0022642440000000263,
        "acs_dispatch_time": 0.003257349000000076,
        "finish_acs_dispatch_time": 0.01771869199999987
    },
    "t_user_19": {
        "redirect_time": 0.0030814909999998807,
        "build_auth_time": 0.0008644669999999799,
        "login_time": 0.002195774000000039,
        "acs_dispatch_time": 0.003456563000000301,
        "finish_acs_dispatch_time": 0.016650728000000115
    },
    "t_user_20": {
        "redirect_time": 0.003102180999999815,
        "build_auth_time": 0.0008777019999999247,
        "login_time": 0.002198630999999951,
        "acs_dispatch_time": 0.003004216000000781,
        "finish_acs_dispatch_time": 0.01812448699999969
    },
    "t_user_21": {
        "redirect_time": 0.003143007000000031,
        "build_auth_time": 0.0009051829999999761,
        "login_time": 0.00221773599999997,
        "acs_dispatch_time": 0.004064508999999994,
        "finish_acs_dispatch_time": 0.015840800999999516
    },
    "t_user_22": {
        "redirect_time": 0.003113240000000017,
        "build_auth_time": 0.0008703570000001548,
        "login_time": 0.0022208619999999346,
        "acs_dispatch_time": 0.0034578749999996106,
        "finish_acs_dispatch_time": 0.015690108000000258
    },
    "t_user_23": {
        "redirect_time": 0.0032363109999999917,
        "build_auth_time": 0.0009649940000000523,
        "login_time": 0.002247271999999967,
        "acs_dispatch_time": 0.0032463280000003536,
        "finish_acs_dispatch_time": 0.01753132600000029
    },
    "t_user_24": {
        "redirect_time": 0.003027249999999926,
        "build_auth_time": 0.0008689149999998591,
        "login_time": 0.0021389080000000504,
        "acs_dispatch_time": 0.0033845399999998804,
        "finish_acs_dispatch_time": 0.017833196999999856
    },
    "t_user_25": {
        "redirect_time": 0.0035557070000000746,
        "build_auth_time": 0.0010251860000001223,
        "login_time": 0.0025110550000000398,
        "acs_dispatch_time": 0.003558012000000055,
        "finish_acs_dispatch_time": 0.018232413999999864
    },
    "t_user_26": {
        "redirect_time": 0.003262597999999839,
        "build_auth_time": 0.0009967239999999489,
        "login_time": 0.0022445140000000308,
        "acs_dispatch_time": 0.00370090800000078,
        "finish_acs_dispatch_time": 0.017926741000000135
    },
    "t_user_27": {
        "redirect_time": 0.0034986689999998433,
        "build_auth_time": 0.00106010099999998,
        "login_time": 0.002409432999999961,
        "acs_dispatch_time": 0.0034694579999996478,
        "finish_acs_dispatch_time": 0.016286287000000677
    },
    "t_user_28": {
        "redirect_time": 0.0031288879999999963,
        "build_auth_time": 0.0009275420000001144,
        "login_time": 0.0021831509999998833,
        "acs_dispatch_time": 0.003215661999999675,
        "finish_acs_dispatch_time": 0.018654033999999875
    },
    "t_user_29": {
        "redirect_time": 0.0031103749999998875,
        "build_auth_time": 0.0009120549999999117,
        "login_time": 0.0021769499999999553,
        "acs_dispatch_time": 0.002881794000000326,
        "finish_acs_dispatch_time": 0.016382813999999968
    },