{
    "t_user_1": {
        "redirect_time": 0.0030242949999999547,
        "build_auth_time": 0.0008214259999999585,
        "login_time": 0.0021812780000000087,
        "acs_dispatch_time": 0.003387083000000235,
        "finish_acs_dispatch_time": 0.01657531599999995
    },
    "t_user_2": {
        "redirect_time": 0.0030110379999999104,
        "build_auth_time": 0.0008570119999999903,
        "login_time": 0.002134529999999968,
        "acs_dispatch_time": 0.005466009000000049,
        "finish_acs_dispatch_time": 0.020393238000000036
    },
    "t_user_3": {
        "redirect_time": 0.003548562999999949,
        "build_auth_time": 0.0013613959999999592,
        "login_time": 0.0021660470000000043,
        "acs_dispatch_time": 0.003374609000000195,
        "finish_acs_dispatch_time": 0.019010805999999825
    },
    "t_user_4": {
        "redirect_time": 0.0030932420000000516,
        "build_auth_time": 0.0008739840000000498,
        "login_time": 0.0021956529999999086,
        "acs_dispatch_time": 0.003380849000000019,
        "finish_acs_dispatch_time": 0.01725865399999993
    },
    "t_user_5": {
        "redirect_time": 0.0030348139999999413,
        "build_auth_time": 0.0008509300000000275,
        "login_time": 0.002157584999999962,
        "acs_dispatch_time": 0.0033797680000002828,
        "finish_acs_dispatch_time": 0.01592662899999997
    },
    "t_user_6": {
        "redirect_time": 0.003051513999999922,
        "build_auth_time": 0.0008519209999999777,
        "login_time": 0.0021789249999999427,
        "acs_dispatch_time": 0.0039822229999999514,
        "finish_acs_dispatch_time": 0.015913215999999952
    },
    "t_user_7": {
        "redirect_time": 0.0030196460000000425,
        "build_auth_time": 0.000832166000000023,
        "login_time": 0.002167703000000021,
        "acs_dispatch_time": 0.0032820670000002217,
        "finish_acs_dispatch_time": 0.017783060999999822
    },
    "t_user_8": {
        "redirect_time": 0.0029809120000000577,
        "build_auth_time": 0.0008239500000000177,
        "login_time": 0.0021360329999999816,
        "acs_dispatch_time": 0.0038777930000000183,
        "finish_acs_dispatch_time": 0.017637935000000216
    },
    "t_user_9": {
        "redirect_time": 0.0030864400000000236,
        "build_auth_time": 0.0008651480000000378,
        "login_time": 0.002201204999999984,
        "acs_dispatch_time": 0.0029165400000001895,
        "finish_acs_dispatch_time": 0.016065424999999856
    },
    "t_user_10": {
        "redirect_time": 0.003209479000000015,
        "build_auth_time": 0.0008914759999999466,
        "login_time": 0.0022954110000000805,
        "acs_dispatch_time": 0.0036548419999999915,
        "finish_acs_dispatch_time": 0.015895850000000156
    },
    "t_user_11": {
        "redirect_time": 0.003110724999999981,
        "build_auth_time": 0.0008761269999999488,
        "login_time": 0.0022017970000000053,
        "acs_dispatch_time": 0.003790185000000168,
        "finish_acs_dispatch_time": 0.022801224000000175
    },
    "t_user_12": {
        "redirect_time": 0.0030411630000000134,
        "build_auth_time": 0.0008617600000000447,
        "login_time": 0.002156912000000011,
        "acs_dispatch_time": 0.003365113999999725,
        "finish_acs_dispatch_time": 0.01735480799999989
    },
    "t_user_13": {
        "redirect_time": 0.0032907009999999515,
        "build_auth_time": 0.0010088560000000024,
        "login_time": 0.002253200999999927,
        "acs_dispatch_time": 0.0031415759999999793,
        "finish_acs_dispatch_time": 0.017350378999999805
    },
    "t_user_14": {
        "redirect_time": 0.002996009999999938,
        "build_auth_time": 0.0008322849999999882,
        "login_time": 0.0021444489999999927,
        "acs_dispatch_time": 0.003344043000000241,
        "finish_acs_dispatch_time": 0.016151595000000185
    },
    "t_user_15": {
        "redirect_time": 0.0030606710000000703,
        "build_auth_time": 0.0008789440000001036,
        "login_time": 0.0021616399999999647,
        "acs_dispatch_time": 0.0032993559999998645,
        "finish_acs_dispatch_time": 0.01886228499999998
    },
    "t_user_16": {
        "redirect_time": 0.0034326260000001607,
        "build_auth_time": 0.0010565150000001466,
        "login_time": 0.0023550709999999864,
        "acs_dispatch_time": 0.0032877580000003626,
        "finish_acs_dispatch_time": 0.01923621799999964
    },
    "t_user_17": {
        "redirect_time": 0.0032115630000000284,
        "build_auth_time": 0.0008662390000000464,
        "login_time": 0.0023155879999998685,
        "acs_dispatch_time": 0.003500041999999759,
        "finish_acs_dispatch_time": 0.016372652999999904
    },
    "t_user_18": {
        "redirect_time": 0.003298254000000167,
        "build_auth_time": 0.001065911000000197,
        "login_time": 0.0022105929999998164,
        "acs_dispatch_time": 0.0034646799999999978,
        "finish_acs_dispatch_time": 0.016304267000000205
    },
    "t_user_19": {
        "redirect_time": 0.003590181999999942,
        "build_auth_time": 0.0009970649999999637,
        "login_time": 0.0025587730000000697,
        "acs_dispatch_time": 0.0036256900000002368,
        "finish_acs_dispatch_time": 0.01730333499999981
    },
    "t_user_20": {
        "redirect_time": 0.0030607609999999674,
        "build_auth_time": 0.0008726009999999729,
        "login_time": 0.0021664800000000817,
        "acs_dispatch_time": 0.0033472949999997503,
        "finish_acs_dispatch_time": 0.019601006999999893
    },
    "t_user_21": {
        "redirect_time": 0.003189631000000137,
        "build_auth_time": 0.0009200300000000716,
        "login_time": 0.0022501950000000104,
        "acs_dispatch_time": 0.004767804000000098,
        "finish_acs_dispatch_time": 0.01751105399999986
    },
    "t_user_22": {
        "redirect_time": 0.0030429880000000242,
        "build_auth_time": 0.0008826900000000748,
        "login_time": 0.002140269999999944,
        "acs_dispatch_time": 0.003883380000000436,
        "finish_acs_dispatch_time": 0.01799727399999984
    },
    "t_user_23": {
        "redirect_time": 0.0031264160000001873,
        "build_auth_time": 0.0008987500000001702,
        "login_time": 0.002204491999999947,
        "acs_dispatch_time": 0.003980237000000386,
        "finish_acs_dispatch_time": 0.018281277000000706
    },
    "t_user_24": {
        "redirect_time": 0.003145049000000011,
        "build_auth_time": 0.0008516320000000466,
        "login_time": 0.002271676999999972,
        "acs_dispatch_time": 0.0035911409999993538,
        "finish_acs_dispatch_time": 0.019667981000000445
    },
    "t_user_25": {
        "redirect_time": 0.003031087000000099,
        "build_auth_time": 0.0008305840000000231,
        "login_time": 0.0021803449999999724,
        "acs_dispatch_time": 0.0032996809999996657,
        "finish_acs_dispatch_time": 0.01691379599999987
    },
    "t_user_26": {
        "redirect_time": 0.003200953999999978,
        "build_auth_time": 0.0009266230000000153,
        "login_time": 0.0022505170000000074,
        "acs_dispatch_time": 0.0039017740000000245,
        "finish_acs_dispatch_time": 0.01805990399999935
    },
    "t_user_27": {
        "redirect_time": 0.00331831199999999,
        "build_auth_time": 0.0008891719999999381,
        "login_time": 0.0023746080000000003,
        "acs_dispatch_time": 0.00337624399999914,
        "finish_acs_dispatch_time": 0.01601032800000013
    },
    "t_user_28": {
        "redirect_time": 0.003065160000000011,
        "build_auth_time": 0.00084358700000009,
        "login_time": 0.002201294999999881,
        "acs_dispatch_time": 0.0036126510000000778,
        "finish_acs_dispatch_time": 0.019136516000000547
    },
    "t_user_29": {
        "redirect_time": 0.0029583099999999085,
        "build_auth_time": 0.0008296709999999763,
        "login_time": 0.0021104849999999953,
        "acs_dispatch_time": 0.003417317000000253,
        "finish_acs_dispatch_time": 0.017320012000000773
    },