{
    "t_user_1": {
        "redirect_time": 0.0030818629999999625,
        "build_auth_time": 0.0008567419999999659,
        "login_time": 0.0022015570000000206,
        "acs_dispatch_time": 0.0030589389999997607,
        "finish_acs_dispatch_time": 0.018431115999999914
    },
    "t_user_2": {
        "redirect_time": 0.0031404919999999947,
        "build_auth_time": 0.0008650780000000191,
        "login_time": 0.0022539040000000288,
        "acs_dispatch_time": 0.00280456299999976,
        "finish_acs_dispatch_time": 0.01723570100000016
    },
    "t_user_3": {
        "redirect_time": 0.0030106799999999323,
        "build_auth_time": 0.0008474949999999204,
        "login_time": 0.002141924999999989,
        "acs_dispatch_time": 0.0031986900000000595,
        "finish_acs_dispatch_time": 0.016047143999999847
    },
    "t_user_4": {
        "redirect_time": 0.0030929020000000085,
        "build_auth_time": 0.0008546879999999923,
        "login_time": 0.0022250900000000406,
        "acs_dispatch_time": 0.003325975000000092,
        "finish_acs_dispatch_time": 0.016562948999999882
    },
    "t_user_5": {
        "redirect_time": 0.0035744010000000603,
        "build_auth_time": 0.001430594999999979,
        "login_time": 0.002122396000000082,
        "acs_dispatch_time": 0.003935229000000096,
        "finish_acs_dispatch_time": 0.016879090000000208
    },
    "t_user_6": {
        "redirect_time": 0.003163534999999995,
        "build_auth_time": 0.000874203999999934,
        "login_time": 0.0022643340000000345,
        "acs_dispatch_time": 0.004222074000000298,
        "finish_acs_dispatch_time": 0.016072904999999693
    },
    "t_user_7": {
        "redirect_time": 0.0030562729999999982,
        "build_auth_time": 0.0008530549999999915,
        "login_time": 0.002182178999999951,
        "acs_dispatch_time": 0.003346065999999759,
        "finish_acs_dispatch_time": 0.015383683999999676
    },
    "t_user_8": {
        "redirect_time": 0.003120494000000029,
        "build_auth_time": 0.000877491000000008,
        "login_time": 0.002220351000000065,
        "acs_dispatch_time": 0.003289139000000052,
        "finish_acs_dispatch_time": 0.015495676000000014
    },
    "t_user_9": {
        "redirect_time": 0.00309952400000002,
        "build_auth_time": 0.0008689339999999879,
        "login_time": 0.0022108830000000523,
        "acs_dispatch_time": 0.004929882999999968,
        "finish_acs_dispatch_time": 0.022164141000000193
    },
    "t_user_10": {
        "redirect_time": 0.0030268090000000747,
        "build_auth_time": 0.0008545270000001048,
        "login_time": 0.0021515629999999675,
        "acs_dispatch_time": 0.0033064989999997962,
        "finish_acs_dispatch_time": 0.01683203099999986
    },
    "t_user_11": {
        "redirect_time": 0.003910012000000074,
        "build_auth_time": 0.001619619000000072,
        "login_time": 0.002263923000000001,
        "acs_dispatch_time": 0.0028993810000002007,
        "finish_acs_dispatch_time": 0.017056516000000244
    },
    "t_user_12": {
        "redirect_time": 0.0032364209999999893,
        "build_auth_time": 0.0008925990000000494,
        "login_time": 0.0023188650000000033,
        "acs_dispatch_time": 0.003065389000000085,
        "finish_acs_dispatch_time": 0.01651650800000004
    },
    "t_user_14": {
        "redirect_time": 0.0031255929999999266,
        "build_auth_time": 0.0008942419999999895,
        "login_time": 0.002209670999999913,
        "acs_dispatch_time": 0.004035223999999893,
        "finish_acs_dispatch_time": 0.01723404800000017
    },
    "t_user_13": {
        "redirect_time": 0.0030128719999999998,
        "build_auth_time": 0.0008419130000000274,
        "login_time": 0.002148125999999917,
        "acs_dispatch_time": 0.004404462000000109,
        "finish_acs_dispatch_time": 0.016769772000000405
    },
    "t_user_16": {
        "redirect_time": 0.0030586290000000904,
        "build_auth_time": 0.0008820900000001686,
        "login_time": 0.0021554899999998156,
        "acs_dispatch_time": 0.002910992999999973,
        "finish_acs_dispatch_time": 0.01782729500000002
    },
    "t_user_15": {
        "redirect_time": 0.0034177879999999217,
        "build_auth_time": 0.0009386749999999999,
        "login_time": 0.0024439679999999075,
        "acs_dispatch_time": 0.003520979999999785,
        "finish_acs_dispatch_time": 0.016156402000000014
    },
    "t_user_17": {
        "redirect_time": 0.003001993000000036,
        "build_auth_time": 0.000838587999999918,
        "login_time": 0.0021441890000000186,
        "acs_dispatch_time": 0.0038236889999998525,
        "finish_acs_dispatch_time": 0.018265592999999747
    },
    "t_user_18": {
        "redirect_time": 0.003155821000000003,
        "build_auth_time": 0.0009241180000001403,
        "login_time": 0.002207416999999934,
        "acs_dispatch_time": 0.0037879499999999844,
        "finish_acs_dispatch_time": 0.016550060000000144
    },
    "t_user_19": {
        "redirect_time": 0.0030935929999997835,
        "build_auth_time": 0.0008810479999998844,
        "login_time": 0.002191966000000045,
        "acs_dispatch_time": 0.0033795980000004278,
        "finish_acs_dispatch_time": 0.01673087899999981
    },
    "t_user_20": {
        "redirect_time": 0.0031387380000000853,
        "build_auth_time": 0.0008900540000000845,
        "login_time": 0.002226902999999947,
        "acs_dispatch_time": 0.0037340280000002224,
        "finish_acs_dispatch_time": 0.02078961700000015
    },
    "t_user_21": {
        "redirect_time": 0.00368438900000001,
        "build_auth_time": 0.001030746999999943,
        "login_time": 0.002629527000000076,
        "acs_dispatch_time": 0.0037003159999997592,
        "finish_acs_dispatch_time": 0.01732381400000005
    },
    "t_user_22": {
        "redirect_time": 0.0030828320000000353,
        "build_auth_time": 0.0008689239999999376,
        "login_time": 0.0021920870000000647,
        "acs_dispatch_time": 0.003383536000000298,
        "finish_acs_dispatch_time": 0.017085031000000583
    },
    "t_user_23": {
        "redirect_time": 0.003615788999999925,
        "build_auth_time": 0.001443359000000033,
        "login_time": 0.002151652000000004,
        "acs_dispatch_time": 0.003315675999999712,
        "finish_acs_dispatch_time": 0.016775570000000073
    },
    "t_user_24": {
        "redirect_time": 0.0035180959999998596,
        "build_auth_time": 0.001057877999999901,
        "login_time": 0.002438847999999938,
        "acs_dispatch_time": 0.003568791000000182,
        "finish_acs_dispatch_time": 0.017868083000000645
    },
    "t_user_25": {
        "redirect_time": 0.0031315630000001704,
        "build_auth_time": 0.0008998220000000501,
        "login_time": 0.0022107920000000725,
        "acs_dispatch_time": 0.0035280440000002855,
        "finish_acs_dispatch_time": 0.016799175000000055
    },
    "t_user_26": {
        "redirect_time": 0.0030234220000000533,
        "build_auth_time": 0.0008242400000000316,
        "login_time": 0.002179364999999933,
        "acs_dispatch_time": 0.003680942999999992,
        "finish_acs_dispatch_time": 0.017930890999999782
    },
    "t_user_27": {
        "redirect_time": 0.003920421999999979,
        "build_auth_time": 0.0016631109999998284,
        "login_time": 0.00223369700000009,
        "acs_dispatch_time": 0.003433689000000406,
        "finish_acs_dispatch_time": 0.015782307000000273
    },
    "t_user_28": {
        "redirect_time": 0.0035549579999998304,
        "build_auth_time": 0.0013314589999999793,
        "login_time": 0.0022036319999998444,
        "acs_dispatch_time": 0.0037031499999997664,
        "finish_acs_dispatch_time": 0.01872146699999977
    },
    "t_user_30": {
        "redirect_time": 0.0033856080000000954,
        "build_auth_time": 0.0008711470000000165,
        "login_time": 0.00249308199999998,
        "acs_dispatch_time": 0.004474333000000108,
        "finish_acs_dispatch_time": 0.016587973999999228
    },