{
    "t_user_1": {
        "redirect_time": 0.014817534999999937,
        "pkce_time": 4.495399999993e-05,
        "get_access_token_time": 0.013174800000000264,
        "decode_id_token_time": 0.0007610129999999771,
        "complete_login_time": 0.01797084399999971,
        "dispatch_time": 0.0621381099999998
    },
    "t_user_2": {
        "redirect_time": 0.01683459900000006,
        "pkce_time": 7.674300000005e-05,
        "get_access_token_time": 0.012651775000000143,
        "decode_id_token_time": 0.00024947600000002623,
        "complete_login_time": 0.015004676000000217,
        "dispatch_time": 0.06316287499999973
    },
    "t_user_3": {
        "redirect_time": 0.01663197500000002,
        "pkce_time": 5.168700000002e-05,
        "get_access_token_time": 0.013428536999999796,
        "decode_id_token_time": 0.00036229700000012244,
        "complete_login_time": 0.018214012999999696,
        "dispatch_time": 0.05693462800000004
    },
    "t_user_4": {
        "redirect_time": 0.015213460000000012,
        "pkce_time": 5.097499999995e-05,
        "get_access_token_time": 0.014357265000000119,
        "decode_id_token_time": 0.0002482029999999469,
        "complete_login_time": 0.017634478999999814,
        "dispatch_time": 0.05697535899999995
    },
    "t_user_5": {
        "redirect_time": 0.016989668000000013,
        "pkce_time": 5.645600000004e-05,
        "get_access_token_time": 0.014861425999999955,
        "decode_id_token_time": 0.00023275499999986238,
        "complete_login_time": 0.01467434600000006,
        "dispatch_time": 0.054612617000000085
    },
    "t_user_6": {
        "redirect_time": 0.018069315999999946,
        "pkce_time": 5.830900000003e-05,
        "get_access_token_time": 0.014828972999999745,
        "decode_id_token_time": 0.00024549799999995514,
        "complete_login_time": 0.014740369000000086,
        "dispatch_time": 0.054551651000000145
    },
    "t_user_7": {
        "redirect_time": 0.01675135900000002,
        "pkce_time": 5.904099999998e-05,
        "get_access_token_time": 0.01393845799999971,
        "decode_id_token_time": 0.00022825699999984295,
        "complete_login_time": 0.014376353999999925,
        "dispatch_time": 0.05638110800000007
    },
    "t_user_8": {
        "redirect_time": 0.016745852999999977,
        "pkce_time": 7.753500000007e-05,
        "get_access_token_time": 0.013299947000000145,
        "decode_id_token_time": 0.00031024100000021093,
        "complete_login_time": 0.019154897999999587,
        "dispatch_time": 0.059953177000000135
    },
    "t_user_9": {
        "redirect_time": 0.01848926399999995,
        "pkce_time": 6.015200000009e-05,
        "get_access_token_time": 0.01504916399999967,
        "decode_id_token_time": 0.00025448600000022026,
        "complete_login_time": 0.014683631999999669,
        "dispatch_time": 0.054912090999999386
    },
    "t_user_10": {
        "redirect_time": 0.016398724000000087,
        "pkce_time": 6.862799999996e-05,
        "get_access_token_time": 0.012783439000000563,
        "decode_id_token_time": 0.0002666479999993143,
        "complete_login_time": 0.017901918000000627,
        "dispatch_time": 0.055518803000000005
    },
    "t_user_11": {
        "redirect_time": 0.017813690999999965,
        "pkce_time": 5.323899999987e-05,
        "get_access_token_time": 0.01591976400000039,
        "decode_id_token_time": 0.00023168300000087072,
        "complete_login_time": 0.014122925999999758,
        "dispatch_time": 0.055140296000000255
    },
    "t_user_12": {
        "redirect_time": 0.022472711999999895,
        "pkce_time": 5.794800000003e-05,
        "get_access_token_time": 0.012970232000000692,
        "decode_id_token_time": 0.00021911000000063297,
        "complete_login_time": 0.01434332400000038,
        "dispatch_time": 0.05782194900000004
    },
    "t_user_14": {
        "redirect_time": 0.015499806000000005,
        "pkce_time": 4.855000000004e-05,
        "get_access_token_time": 0.014695386999999727,
        "decode_id_token_time": 0.00022012199999998927,
        "complete_login_time": 0.01836502600000056,
        "dispatch_time": 0.0590605429999993
    },
    "t_user_13": {
        "redirect_time": 0.017744942999999846,
        "pkce_time": 5.569400000005e-05,
        "get_access_token_time": 0.015367949000000714,
        "decode_id_token_time": 0.000257711999999799,
        "complete_login_time": 0.016650965000000184,
        "dispatch_time": 0.05768389400000018
    },
    "t_user_15": {
        "redirect_time": 0.014559251999999967,
        "pkce_time": 5.170700000012e-05,
        "get_access_token_time": 0.012518281000000187,
        "decode_id_token_time": 0.00025023799999956964,
        "complete_login_time": 0.015682334000000075,
        "dispatch_time": 0.057895498999999795
    },
    "t_user_16": {
        "redirect_time": 0.014805970000000057,
        "pkce_time": 5.113599999995e-05,
        "get_access_token_time": 0.012404755000000378,
        "decode_id_token_time": 0.0002456390000000752,
        "complete_login_time": 0.014302696999999753,
        "dispatch_time": 0.05125852799999997
    },
    "t_user_17": {
        "redirect_time": 0.01614536599999994,
        "pkce_time": 6.790699999981e-05,
        "get_access_token_time": 0.01257253499999944,
        "decode_id_token_time": 0.00025578800000047863,
        "complete_login_time": 0.02317693499999951,
        "dispatch_time": 0.06033871400000024
    },
    "t_user_18": {
        "redirect_time": 0.01617896799999996,
        "pkce_time": 6.048199999986e-05,
        "get_access_token_time": 0.012630499000000128,
        "decode_id_token_time": 0.000233045999999959,
        "complete_login_time": 0.014393690999999542,
        "dispatch_time": 0.053267436999999696
    },
    "t_user_19": {
        "redirect_time": 0.016124428000000135,
        "pkce_time": 6.74570000001e-05,
        "get_access_token_time": 0.013127320999999803,
        "decode_id_token_time": 0.0002497870000004454,
        "complete_login_time": 0.01857472499999968,
        "dispatch_time": 0.05667927599999967
    },
    "t_user_20": {
        "redirect_time": 0.015463773999999875,
        "pkce_time": 5.72270000001e-05,
        "get_access_token_time": 0.012318318999999356,
        "decode_id_token_time": 0.00030343700000035057,
        "complete_login_time": 0.015570143999999786,
        "dispatch_time": 0.059813422000000394
    },
    "t_user_21": {
        "redirect_time": 0.016447457000000165,
        "pkce_time": 5.656700000012e-05,
        "get_access_token_time": 0.01260730100000007,
        "decode_id_token_time": 0.00027631599999988765,
        "complete_login_time": 0.01525106700000034,
        "dispatch_time": 0.058460418000000125
    },
    "t_user_22": {
        "redirect_time": 0.015776360999999905,
        "pkce_time": 5.987200000002e-05,
        "get_access_token_time": 0.014588520000000216,
        "decode_id_token_time": 0.0005146829999995717,
        "complete_login_time": 0.016561509999999835,
        "dispatch_time": 0.06036006099999991
    },
    "t_user_23": {
        "redirect_time": 0.019022607000000136,
        "pkce_time": 6.011100000003e-05,
        "get_access_token_time": 0.013619863999999815,
        "decode_id_token_time": 0.0002124279999993206,
        "complete_login_time": 0.014417024999999306,
        "dispatch_time": 0.05645764199999981
    },
    "t_user_24": {
        "redirect_time": 0.014742611000000183,
        "pkce_time": 5.785800000013e-05,
        "get_access_token_time": 0.01199891600000047,
        "decode_id_token_time": 0.00024721100000046903,
        "complete_login_time": 0.018352869000000105,
        "dispatch_time": 0.05570155900000007
    },
    "t_user_25": {
        "redirect_time": 0.014904687999999888,
        "pkce_time": 4.879299999994e-05,
        "get_access_token_time": 0.013217422999999506,
        "decode_id_token_time": 0.00027359300000018294,
        "complete_login_time": 0.01579109600000006,