{
    "t_user_1": {
        "redirect_time": 0.014898655999999955,
        "pkce_time": 5.090500000005e-05,
        "get_access_token_time": 0.01254647199999992,
        "decode_id_token_time": 0.00032833399999976365,
        "complete_login_time": 0.015708323999999774,
        "dispatch_time": 0.059964646999999704
    },
    "t_user_2": {
        "redirect_time": 0.0141509620000001,
        "pkce_time": 4.724899999997e-05,
        "get_access_token_time": 0.01301646100000009,
        "decode_id_token_time": 0.0007642890000001401,
        "complete_login_time": 0.02040278299999998,
        "dispatch_time": 0.06155496500000002
    },
    "t_user_3": {
        "redirect_time": 0.015786748000000017,
        "pkce_time": 6.397999999996e-05,
        "get_access_token_time": 0.012524443999999857,
        "decode_id_token_time": 0.00026731899999976605,
        "complete_login_time": 0.014439340000000023,
        "dispatch_time": 0.05479746699999977
    },
    "t_user_4": {
        "redirect_time": 0.015660648,
        "pkce_time": 6.001300000003e-05,
        "get_access_token_time": 0.012865155000000073,
        "decode_id_token_time": 0.0002311719999998907,
        "complete_login_time": 0.01980292600000011,
        "dispatch_time": 0.06590371999999967
    },
    "t_user_5": {
        "redirect_time": 0.014985454999999925,
        "pkce_time": 7.358700000004e-05,
        "get_access_token_time": 0.013179420999999802,
        "decode_id_token_time": 0.00031796399999972635,
        "complete_login_time": 0.016046015000000136,
        "dispatch_time": 0.060420705999999935
    },
    "t_user_6": {
        "redirect_time": 0.015386020999999972,
        "pkce_time": 6.378899999993e-05,
        "get_access_token_time": 0.01358859999999984,
        "decode_id_token_time": 0.00023038100000016826,
        "complete_login_time": 0.014712064999999885,
        "dispatch_time": 0.05461687699999995
    },
    "t_user_7": {
        "redirect_time": 0.014319415000000002,
        "pkce_time": 4.450300000003e-05,
        "get_access_token_time": 0.017015108999999917,
        "decode_id_token_time": 0.0002886479999997249,
        "complete_login_time": 0.015429351999999952,
        "dispatch_time": 0.05777584499999966
    },
    "t_user_8": {
        "redirect_time": 0.02040302999999999,
        "pkce_time": 7.146399999991e-05,
        "get_access_token_time": 0.012554986000000046,
        "decode_id_token_time": 0.00026859200000006744,
        "complete_login_time": 0.014432739999999944,
        "dispatch_time": 0.05157858900000001
    },
    "t_user_9": {
        "redirect_time": 0.015473612000000081,
        "pkce_time": 4.2129e-05,
        "get_access_token_time": 0.012473605000000054,
        "decode_id_token_time": 0.00024058999999976294,
        "complete_login_time": 0.014840744000000017,
        "dispatch_time": 0.052211210999999924
    },
    "t_user_10": {
        "redirect_time": 0.01528556999999986,
        "pkce_time": 4.366100000008e-05,
        "get_access_token_time": 0.013771290999999852,
        "decode_id_token_time": 0.0002359809999998852,
        "complete_login_time": 0.014602483,
        "dispatch_time": 0.05881180900000027
    },
    "t_user_11": {
        "redirect_time": 0.016055260999999987,
        "pkce_time": 5.267799999986e-05,
        "get_access_token_time": 0.01376263600000005,
        "decode_id_token_time": 0.0003122339999999113,
        "complete_login_time": 0.018062267000000354,
        "dispatch_time": 0.05697979999999969
    },
    "t_user_12": {
        "redirect_time": 0.02015055099999996,
        "pkce_time": 6.161599999999e-05,
        "get_access_token_time": 0.014666857000000366,
        "decode_id_token_time": 0.00031415800000011984,
        "complete_login_time": 0.015687293999999685,
        "dispatch_time": 0.05473723099999983
    },
    "t_user_13": {
        "redirect_time": 0.01651461200000015,
        "pkce_time": 7.407799999992e-05,
        "get_access_token_time": 0.012196918999999973,
        "decode_id_token_time": 0.0002892799999996143,
        "complete_login_time": 0.01489065200000006,
        "dispatch_time": 0.058874866999999664
    },
    "t_user_14": {
        "redirect_time": 0.015436243000000127,
        "pkce_time": 4.293999999994e-05,
        "get_access_token_time": 0.015137619000000324,
        "decode_id_token_time": 0.0002320340000001586,
        "complete_login_time": 0.015361308999999768,
        "dispatch_time": 0.060098571999999795
    },
    "t_user_15": {
        "redirect_time": 0.01734235500000003,
        "pkce_time": 4.566599999989e-05,
        "get_access_token_time": 0.014306024999999778,
        "decode_id_token_time": 0.000232666000000048,
        "complete_login_time": 0.015047800999999694,
        "dispatch_time": 0.05445917099999997
    },
    "t_user_16": {
        "redirect_time": 0.01657046399999995,
        "pkce_time": 5.058400000002e-05,
        "get_access_token_time": 0.012923752999999927,
        "decode_id_token_time": 0.0002682209999997909,
        "complete_login_time": 0.014378855999999995,
        "dispatch_time": 0.05856121199999986
    },
    "t_user_17": {
        "redirect_time": 0.015190237999999967,
        "pkce_time": 7.198500000016e-05,
        "get_access_token_time": 0.013608446999999746,
        "decode_id_token_time": 0.00023545999999985412,
        "complete_login_time": 0.014910550000000189,
        "dispatch_time": 0.05447120099999969
    },
    "t_user_18": {
        "redirect_time": 0.01544241699999982,
        "pkce_time": 6.735600000018e-05,
        "get_access_token_time": 0.01355050499999999,
        "decode_id_token_time": 0.00022916800000016835,
        "complete_login_time": 0.013808866999999836,
        "dispatch_time": 0.05354966899999969
    },
    "t_user_19": {
        "redirect_time": 0.018241375999999976,
        "pkce_time": 5.880999999985e-05,
        "get_access_token_time": 0.014265904000000162,
        "decode_id_token_time": 0.000235580000000013,
        "complete_login_time": 0.013994006000000336,
        "dispatch_time": 0.05249597500000025
    },
    "t_user_20": {
        "redirect_time": 0.01632798499999999,
        "pkce_time": 4.664700000001e-05,
        "get_access_token_time": 0.013994712000000131,
        "decode_id_token_time": 0.0002520420000000634,
        "complete_login_time": 0.01638094400000023,
        "dispatch_time": 0.05970558799999992
    },
    "t_user_21": {
        "redirect_time": 0.015632649999999915,
        "pkce_time": 5.471200000007e-05,
        "get_access_token_time": 0.014478319000000184,
        "decode_id_token_time": 0.00023766399999969323,
        "complete_login_time": 0.01523602199999985,
        "dispatch_time": 0.05616331299999988
    },
    "t_user_22": {
        "redirect_time": 0.016480563000000004,
        "pkce_time": 6.578200000007e-05,
        "get_access_token_time": 0.02039125800000008,
        "decode_id_token_time": 0.0002827179999997931,
        "complete_login_time": 0.016696121000000286,
        "dispatch_time": 0.0625919399999999
    },
    "t_user_23": {
        "redirect_time": 0.024893333000000073,
        "pkce_time": 9.755199999995e-05,
        "get_access_token_time": 0.012671914999999867,
        "decode_id_token_time": 0.00027999400000000563,
        "complete_login_time": 0.016517633999999948,
        "dispatch_time": 0.05597225400000028
    },
    "t_user_24": {
        "redirect_time": 0.014829811999999887,
        "pkce_time": 4.608700000031e-05,
        "get_access_token_time": 0.013319399000000232,
        "decode_id_token_time": 0.00020248900000030545,
        "complete_login_time": 0.014353814000000575,
        "dispatch_time": 0.05901750800000016
    },
    "t_user_25": {
        "redirect_time": 0.01495142199999977,
        "pkce_time": 6.873900000004e-05,
        "get_access_token_time": 0.012867661999999669,
        "decode_id_token_time": 0.0004454929999999635,
        "complete_login_time": 0.014295133000000071,