{
    "t_user_1": {
        "redirect_time": 0.01559296099999996,
        "pkce_time": 4.730799999997e-05,
        "get_access_token_time": 0.01268940900000004,
        "decode_id_token_time": 0.0008960239999999953,
        "complete_login_time": 0.01650924099999984,
        "dispatch_time": 0.05952482400000014
    },
    "t_user_2": {
        "redirect_time": 0.014956587000000021,
        "pkce_time": 5.051499999997e-05,
        "get_access_token_time": 0.013293825999999953,
        "decode_id_token_time": 0.00022126399999988777,
        "complete_login_time": 0.021805851000000098,
        "dispatch_time": 0.061717239000000035
    },
    "t_user_3": {
        "redirect_time": 0.01519795700000004,
        "pkce_time": 5.268800000002e-05,
        "get_access_token_time": 0.01313431800000009,
        "decode_id_token_time": 0.0002727590000000113,
        "complete_login_time": 0.01603343399999968,
        "dispatch_time": 0.056548385000000145
    },
    "t_user_4": {
        "redirect_time": 0.014490636999999973,
        "pkce_time": 4.9462e-05,
        "get_access_token_time": 0.0124459929999996,
        "decode_id_token_time": 0.00023618100000000197,
        "complete_login_time": 0.014737551000000071,
        "dispatch_time": 0.05247597100000023
    },
    "t_user_5": {
        "redirect_time": 0.01519173000000007,
        "pkce_time": 5.444199999993e-05,
        "get_access_token_time": 0.013594475000000106,
        "decode_id_token_time": 0.0002744029999997011,
        "complete_login_time": 0.016083210000000125,
        "dispatch_time": 0.05622358999999966
    },
    "t_user_6": {
        "redirect_time": 0.015486228999999962,
        "pkce_time": 5.399100000003e-05,
        "get_access_token_time": 0.014159452999999989,
        "decode_id_token_time": 0.0002521010000000601,
        "complete_login_time": 0.019640976000000254,
        "dispatch_time": 0.060272855000000014
    },
    "t_user_7": {
        "redirect_time": 0.016327902999999977,
        "pkce_time": 6.750600000005e-05,
        "get_access_token_time": 0.012164632999999814,
        "decode_id_token_time": 0.0002371629999999847,
        "complete_login_time": 0.015042223000000021,
        "dispatch_time": 0.05204405699999981
    },
    "t_user_8": {
        "redirect_time": 0.01612213699999998,
        "pkce_time": 5.933000000002e-05,
        "get_access_token_time": 0.013596646999999962,
        "decode_id_token_time": 0.0002547560000003557,
        "complete_login_time": 0.015688574999999982,
        "dispatch_time": 0.061758669000000044
    },
    "t_user_9": {
        "redirect_time": 0.01659157500000008,
        "pkce_time": 6.684499999987e-05,
        "get_access_token_time": 0.01647705300000002,
        "decode_id_token_time": 0.0002701249999996769,
        "complete_login_time": 0.01504561599999965,
        "dispatch_time": 0.059581788000000024
    },
    "t_user_10": {
        "redirect_time": 0.015960632999999946,
        "pkce_time": 5.14359999999e-05,
        "get_access_token_time": 0.012898809000000178,
        "decode_id_token_time": 0.00025814299999993295,
        "complete_login_time": 0.016762925000000095,
        "dispatch_time": 0.060243550000000035
    },
    "t_user_11": {
        "redirect_time": 0.01540950299999988,
        "pkce_time": 6.511200000014e-05,
        "get_access_token_time": 0.01426287400000037,
        "decode_id_token_time": 0.0002741630000002715,
        "complete_login_time": 0.019342329000000102,
        "dispatch_time": 0.05865563000000007
    },
    "t_user_12": {
        "redirect_time": 0.014891399000000138,
        "pkce_time": 5.952100000006e-05,
        "get_access_token_time": 0.01329786300000002,
        "decode_id_token_time": 0.00023038100000016826,
        "complete_login_time": 0.014699756999999813,
        "dispatch_time": 0.05998857699999993
    },
    "t_user_14": {
        "redirect_time": 0.01881408699999998,
        "pkce_time": 5.5052e-05,
        "get_access_token_time": 0.013665534999999895,
        "decode_id_token_time": 0.0002381260000001717,
        "complete_login_time": 0.016460729999999923,
        "dispatch_time": 0.061144596999999745
    },
    "t_user_13": {
        "redirect_time": 0.01597385699999987,
        "pkce_time": 5.034300000006e-05,
        "get_access_token_time": 0.012611083999999995,
        "decode_id_token_time": 0.0002923069999996031,
        "complete_login_time": 0.014612317000000097,
        "dispatch_time": 0.05253929200000007
    },
    "t_user_15": {
        "redirect_time": 0.01839112900000006,
        "pkce_time": 4.961399999992e-05,
        "get_access_token_time": 0.04696754200000042,
        "decode_id_token_time": 0.00029743600000031734,
        "complete_login_time": 0.01544349200000017,
        "dispatch_time": 0.08909793900000018
    },
    "t_user_16": {
        "redirect_time": 0.016788602999999958,
        "pkce_time": 5.250900000009e-05,
        "get_access_token_time": 0.016092580000000023,
        "decode_id_token_time": 0.00025399500000000685,
        "complete_login_time": 0.015983998000000277,
        "dispatch_time": 0.0584098510000004
    },
    "t_user_17": {
        "redirect_time": 0.01654451800000012,
        "pkce_time": 5.503299999998e-05,
        "get_access_token_time": 0.013334290000000415,
        "decode_id_token_time": 0.0002219350000007836,
        "complete_login_time": 0.016074831000000067,
        "dispatch_time": 0.05914268200000006
    },
    "t_user_18": {
        "redirect_time": 0.015928531000000135,
        "pkce_time": 5.770799999993e-05,
        "get_access_token_time": 0.013163785999999789,
        "decode_id_token_time": 0.00029985000000021245,
        "complete_login_time": 0.015231170000000738,
        "dispatch_time": 0.05445063900000058
    },
    "t_user_20": {
        "redirect_time": 0.017279167999999956,
        "pkce_time": 5.571399999993e-05,
        "get_access_token_time": 0.013105394000000103,
        "decode_id_token_time": 0.00023580099999964688,
        "complete_login_time": 0.020444237999999615,
        "dispatch_time": 0.059251359000000114
    },
    "t_user_19": {
        "redirect_time": 0.016559118999999844,
        "pkce_time": 5.462200000017e-05,
        "get_access_token_time": 0.013952571000000802,
        "decode_id_token_time": 0.0002560579999997259,
        "complete_login_time": 0.022004519000000222,
        "dispatch_time": 0.061712532000000486
    },
    "t_user_21": {
        "redirect_time": 0.015328318000000118,
        "pkce_time": 4.3091e-05,
        "get_access_token_time": 0.014626610999999734,
        "decode_id_token_time": 0.00023686200000039292,
        "complete_login_time": 0.014506272000000209,
        "dispatch_time": 0.05648499700000009
    },
    "t_user_22": {
        "redirect_time": 0.01508913299999981,
        "pkce_time": 4.754900000004e-05,
        "get_access_token_time": 0.01757097999999946,
        "decode_id_token_time": 0.00023702300000039145,
        "complete_login_time": 0.014858777999999795,
        "dispatch_time": 0.05663451300000055
    },
    "t_user_23": {
        "redirect_time": 0.01540765700000013,
        "pkce_time": 5.889000000003e-05,
        "get_access_token_time": 0.013725222999999787,
        "decode_id_token_time": 0.0002563090000000656,
        "complete_login_time": 0.014878305999999952,
        "dispatch_time": 0.059687510999999915
    },
    "t_user_24": {
        "redirect_time": 0.01542229500000003,
        "pkce_time": 5.035399999986e-05,
        "get_access_token_time": 0.01234241299999983,
        "decode_id_token_time": 0.00025542699999991925,
        "complete_login_time": 0.015858736000000206,
        "dispatch_time": 0.07042151399999952
    },
    "t_user_25": {
        "redirect_time": 0.014891839999999767,
        "pkce_time": 5.903000000007e-05,
        "get_access_token_time": 0.016067104999999415,
        "decode_id_token_time": 0.00022826700000067035,
        "complete_login_time": 0.014550974000000494,