{
    "t_user_1": {
        "redirect_time": 0.014885131999999968,
        "pkce_time": 4.195900000004e-05,
        "get_access_token_time": 0.012063887000000051,
        "decode_id_token_time": 0.0002281760000002464,
        "complete_login_time": 0.01561859799999965,
        "dispatch_time": 0.0603504629999998
    },
    "t_user_2": {
        "redirect_time": 0.01724247499999998,
        "pkce_time": 5.120600000008e-05,
        "get_access_token_time": 0.014431998000000057,
        "decode_id_token_time": 0.000257530999999922,
        "complete_login_time": 0.015546405999999902,
        "dispatch_time": 0.05993777599999994
    },
    "t_user_3": {
        "redirect_time": 0.015211551000000045,
        "pkce_time": 6.595399999998e-05,
        "get_access_token_time": 0.019346425000000167,
        "decode_id_token_time": 0.00026051700000007116,
        "complete_login_time": 0.015007365999999855,
        "dispatch_time": 0.05874081699999989
    },
    "t_user_4": {
        "redirect_time": 0.01570683000000006,
        "pkce_time": 6.130599999998e-05,
        "get_access_token_time": 0.012055004000000036,
        "decode_id_token_time": 0.00021820800000016405,
        "complete_login_time": 0.014789925000000093,
        "dispatch_time": 0.050653145000000066
    },
    "t_user_5": {
        "redirect_time": 0.015636605999999942,
        "pkce_time": 6.386899999999e-05,
        "get_access_token_time": 0.013854035000000042,
        "decode_id_token_time": 0.000776860999999851,
        "complete_login_time": 0.016755687999999935,
        "dispatch_time": 0.0672004180000001
    },
    "t_user_6": {
        "redirect_time": 0.018167202000000104,
        "pkce_time": 5.181799999998e-05,
        "get_access_token_time": 0.01624430599999993,
        "decode_id_token_time": 0.00022664400000005358,
        "complete_login_time": 0.015238257000000033,
        "dispatch_time": 0.05579973599999999
    },
    "t_user_7": {
        "redirect_time": 0.018283539000000015,
        "pkce_time": 6.050299999993e-05,
        "get_access_token_time": 0.01975253400000021,
        "decode_id_token_time": 0.0002614990000000539,
        "complete_login_time": 0.015477412999999718,
        "dispatch_time": 0.06178443900000019
    },
    "t_user_8": {
        "redirect_time": 0.015986637999999997,
        "pkce_time": 5.500299999994e-05,
        "get_access_token_time": 0.012596086999999923,
        "decode_id_token_time": 0.00025412500000010496,
        "complete_login_time": 0.014577114000000169,
        "dispatch_time": 0.09544104899999972
    },
    "t_user_9": {
        "redirect_time": 0.017068005000000053,
        "pkce_time": 4.912199999996e-05,
        "get_access_token_time": 0.013029325000000647,
        "decode_id_token_time": 0.00026377300000035575,
        "complete_login_time": 0.017404099000000173,
        "dispatch_time": 0.062222917999999794
    },
    "t_user_10": {
        "redirect_time": 0.01595417099999996,
        "pkce_time": 5.353999999991e-05,
        "get_access_token_time": 0.013019206000000061,
        "decode_id_token_time": 0.0002422829999995102,
        "complete_login_time": 0.01492646600000036,
        "dispatch_time": 0.053322936999999904
    },
    "t_user_11": {
        "redirect_time": 0.01656714800000003,
        "pkce_time": 4.17989999999e-05,
        "get_access_token_time": 0.01618194300000031,
        "decode_id_token_time": 0.0002711270000004262,
        "complete_login_time": 0.015007741000000685,
        "dispatch_time": 0.05775021999999996
    },
    "t_user_12": {
        "redirect_time": 0.02451646800000007,
        "pkce_time": 5.807799999991e-05,
        "get_access_token_time": 0.013187052999999338,
        "decode_id_token_time": 0.0002421129999996552,
        "complete_login_time": 0.014562817999999922,
        "dispatch_time": 0.05412552599999998
    },
    "t_user_14": {
        "redirect_time": 0.014028289000000083,
        "pkce_time": 4.113800000005e-05,
        "get_access_token_time": 0.012556932999999937,
        "decode_id_token_time": 0.00018734000000009132,
        "complete_login_time": 0.014564437999999846,
        "dispatch_time": 0.05123740600000026
    },
    "t_user_13": {
        "redirect_time": 0.018476443000000176,
        "pkce_time": 5.522400000002e-05,
        "get_access_token_time": 0.016824831000000096,
        "decode_id_token_time": 0.00025548799999963734,
        "complete_login_time": 0.015931661000000652,
        "dispatch_time": 0.05840476799999994
    },
    "t_user_15": {
        "redirect_time": 0.015941790000000067,
        "pkce_time": 5.064499999996e-05,
        "get_access_token_time": 0.015390498000000363,
        "decode_id_token_time": 0.0002401390000006387,
        "complete_login_time": 0.016744198999999682,
        "dispatch_time": 0.06112636099999946
    },
    "t_user_16": {
        "redirect_time": 0.015033590000000041,
        "pkce_time": 6.21460000001e-05,
        "get_access_token_time": 0.014262539999999824,
        "decode_id_token_time": 0.00031188299999929114,
        "complete_login_time": 0.014990995999999868,
        "dispatch_time": 0.055886704999999814
    },
    "t_user_17": {
        "redirect_time": 0.01737431799999989,
        "pkce_time": 6.375900000011e-05,
        "get_access_token_time": 0.013629247999999983,
        "decode_id_token_time": 0.00024160200000000742,
        "complete_login_time": 0.017051911999999447,
        "dispatch_time": 0.05987074300000028
    },
    "t_user_18": {
        "redirect_time": 0.014990776000000094,
        "pkce_time": 6.287800000004e-05,
        "get_access_token_time": 0.020961383999999583,
        "decode_id_token_time": 0.00022964900000044253,
        "complete_login_time": 0.014956681999999333,
        "dispatch_time": 0.06067014000000004
    },
    "t_user_19": {
        "redirect_time": 0.018233257999999974,
        "pkce_time": 5.454199999999e-05,
        "get_access_token_time": 0.012177889000000164,
        "decode_id_token_time": 0.0002660979999999924,
        "complete_login_time": 0.014772140999999905,
        "dispatch_time": 0.054981626000000006
    },
    "t_user_20": {
        "redirect_time": 0.015831684000000124,
        "pkce_time": 6.694499999993e-05,
        "get_access_token_time": 0.012252189999999885,
        "decode_id_token_time": 0.00027257900000066115,
        "complete_login_time": 0.01518122299999991,
        "dispatch_time": 0.05199281699999947
    },
    "t_user_21": {
        "redirect_time": 0.015376749000000078,
        "pkce_time": 3.788100000013e-05,
        "get_access_token_time": 0.015499480999999982,
        "decode_id_token_time": 0.0002938289999994126,
        "complete_login_time": 0.015288561999999395,
        "dispatch_time": 0.05592903299999996
    },
    "t_user_22": {
        "redirect_time": 0.015509351000000171,
        "pkce_time": 7.491000000015e-05,
        "get_access_token_time": 0.01307953800000039,
        "decode_id_token_time": 0.00033211200000060614,
        "complete_login_time": 0.021198220999999684,
        "dispatch_time": 0.06094177599999995
    },
    "t_user_23": {
        "redirect_time": 0.015015017000000075,
        "pkce_time": 4.766900000019e-05,
        "get_access_token_time": 0.014536522999999413,
        "decode_id_token_time": 0.00023755399999991766,
        "complete_login_time": 0.01492459299999993,
        "dispatch_time": 0.05444992700000029
    },
    "t_user_24": {
        "redirect_time": 0.019391802999999985,
        "pkce_time": 6.131400000009e-05,
        "get_access_token_time": 0.0124714620000006,
        "decode_id_token_time": 0.0002577620000003833,
        "complete_login_time": 0.019346468000000172,
        "dispatch_time": 0.0564782570000002
    },
    "t_user_25": {
        "redirect_time": 0.014733349999999978,
        "pkce_time": 5.539300000001e-05,
        "get_access_token_time": 0.013309200000000132,
        "decode_id_token_time": 0.00023008999999962754,
        "complete_login_time": 0.014224293999999915,