{
    "t_user_1": {
        "redirect_time": 0.014772313000000037,
        "pkce_time": 4.813000000004e-05,
        "get_access_token_time": 0.014460601999999767,
        "decode_id_token_time": 0.0002795229999996707,
        "complete_login_time": 0.015594182000000067,
        "dispatch_time": 0.06345062499999976
    },
    "t_user_2": {
        "redirect_time": 0.015130713000000018,
        "pkce_time": 5.334999999995e-05,
        "get_access_token_time": 0.014351521000000034,
        "decode_id_token_time": 0.00023556899999999104,
        "complete_login_time": 0.01623926099999995,
        "dispatch_time": 0.05737696300000028
    },
    "t_user_3": {
        "redirect_time": 0.01625679999999996,
        "pkce_time": 5.678600000003e-05,
        "get_access_token_time": 0.013256156999999824,
        "decode_id_token_time": 0.00024589000000041494,
        "complete_login_time": 0.016579630999999928,
        "dispatch_time": 0.054975080000000176
    },
    "t_user_4": {
        "redirect_time": 0.017382852000000004,
        "pkce_time": 6.609300000004e-05,
        "get_access_token_time": 0.015383446999999606,
        "decode_id_token_time": 0.00024221299999993562,
        "complete_login_time": 0.016351672999999955,
        "dispatch_time": 0.05853037599999933
    },
    "t_user_5": {
        "redirect_time": 0.01636327999999998,
        "pkce_time": 6.302800000002e-05,
        "get_access_token_time": 0.012981599999999816,
        "decode_id_token_time": 0.0002543660000000614,
        "complete_login_time": 0.01757958199999976,
        "dispatch_time": 0.05861084000000005
    },
    "t_user_6": {
        "redirect_time": 0.016234935999999922,
        "pkce_time": 4.996300000004e-05,
        "get_access_token_time": 0.014259624999999776,
        "decode_id_token_time": 0.00025175099999996675,
        "complete_login_time": 0.014749788000000041,
        "dispatch_time": 0.053810688999999634
    },
    "t_user_7": {
        "redirect_time": 0.016818421999999944,
        "pkce_time": 5.425100000001e-05,
        "get_access_token_time": 0.01599462199999957,
        "decode_id_token_time": 0.000239667000000221,
        "complete_login_time": 0.014728794000000267,
        "dispatch_time": 0.060813308999999816
    },
    "t_user_8": {
        "redirect_time": 0.017839092,
        "pkce_time": 4.742800000002e-05,
        "get_access_token_time": 0.015333239999999915,
        "decode_id_token_time": 0.0002800330000001239,
        "complete_login_time": 0.015593817999999704,
        "dispatch_time": 0.06227726199999983
    },
    "t_user_9": {
        "redirect_time": 0.01619762400000002,
        "pkce_time": 4.990200000021e-05,
        "get_access_token_time": 0.015748208000000208,
        "decode_id_token_time": 0.0002255120000000943,
        "complete_login_time": 0.015528744000000039,
        "dispatch_time": 0.05839738799999994
    },
    "t_user_10": {
        "redirect_time": 0.0188912160000001,
        "pkce_time": 7.897800000012e-05,
        "get_access_token_time": 0.012215722000000095,
        "decode_id_token_time": 0.00024975699999973955,
        "complete_login_time": 0.015522886000000291,
        "dispatch_time": 0.059091480000000196
    },
    "t_user_11": {
        "redirect_time": 0.015943787000000098,
        "pkce_time": 5.471200000007e-05,
        "get_access_token_time": 0.012856752000000249,
        "decode_id_token_time": 0.00023859599999997982,
        "complete_login_time": 0.014906671000000316,
        "dispatch_time": 0.053714633000000234
    },
    "t_user_12": {
        "redirect_time": 0.020905111000000032,
        "pkce_time": 8.253399999991e-05,
        "get_access_token_time": 0.013064967000000038,
        "decode_id_token_time": 0.000261238000000219,
        "complete_login_time": 0.014563310999999857,
        "dispatch_time": 0.05289202400000015
    },
    "t_user_14": {
        "redirect_time": 0.015788166999999964,
        "pkce_time": 5.819899999993e-05,
        "get_access_token_time": 0.012688692000000223,
        "decode_id_token_time": 0.0002462899999997603,
        "complete_login_time": 0.01934767000000015,
        "dispatch_time": 0.061448727999999786
    },
    "t_user_13": {
        "redirect_time": 0.018009849000000022,
        "pkce_time": 4.886200000009e-05,
        "get_access_token_time": 0.0139074589999999,
        "decode_id_token_time": 0.0007472769999998796,
        "complete_login_time": 0.0154432550000001,
        "dispatch_time": 0.05933111399999991
    },
    "t_user_16": {
        "redirect_time": 0.016590514,
        "pkce_time": 6.971e-05,
        "get_access_token_time": 0.01276669400000019,
        "decode_id_token_time": 0.0002316229999999031,
        "complete_login_time": 0.015412007000000116,
        "dispatch_time": 0.05904878300000016
    },
    "t_user_15": {
        "redirect_time": 0.01620106600000004,
        "pkce_time": 4.83400000002e-05,
        "get_access_token_time": 0.019162380000000034,
        "decode_id_token_time": 0.00024769299999993777,
        "complete_login_time": 0.014637609000000218,
        "dispatch_time": 0.05936004599999967
    },
    "t_user_17": {
        "redirect_time": 0.015242866000000133,
        "pkce_time": 4.712800000006e-05,
        "get_access_token_time": 0.013057920000000056,
        "decode_id_token_time": 0.0002890710000000851,
        "complete_login_time": 0.017037339000000262,
        "dispatch_time": 0.055444138000000365
    },
    "t_user_18": {
        "redirect_time": 0.015692476000000122,
        "pkce_time": 5.197800000012e-05,
        "get_access_token_time": 0.01276546199999995,
        "decode_id_token_time": 0.00024126100000021466,
        "complete_login_time": 0.01721204200000015,
        "dispatch_time": 0.06361512799999991
    },
    "t_user_19": {
        "redirect_time": 0.014423995000000023,
        "pkce_time": 4.300900000009e-05,
        "get_access_token_time": 0.01920233299999996,
        "decode_id_token_time": 0.00024479700000012983,
        "complete_login_time": 0.015464016999999775,
        "dispatch_time": 0.061641433000000134
    },
    "t_user_20": {
        "redirect_time": 0.017448746999999987,
        "pkce_time": 6.08740000001e-05,
        "get_access_token_time": 0.01409224699999978,
        "decode_id_token_time": 0.00024587799999986615,
        "complete_login_time": 0.014170097000000048,
        "dispatch_time": 0.06093656699999972
    },
    "t_user_21": {
        "redirect_time": 0.01576933200000008,
        "pkce_time": 5.906099999997e-05,
        "get_access_token_time": 0.012455376000000129,
        "decode_id_token_time": 0.00023127200000017112,
        "complete_login_time": 0.015256834999999747,
        "dispatch_time": 0.05645353799999997
    },
    "t_user_22": {
        "redirect_time": 0.015267059999999999,
        "pkce_time": 5.287900000006e-05,
        "get_access_token_time": 0.015881278999999804,
        "decode_id_token_time": 0.0002650250000000298,
        "complete_login_time": 0.01510016500000022,
        "dispatch_time": 0.05657868200000005
    },
    "t_user_23": {
        "redirect_time": 0.017072213000000058,
        "pkce_time": 4.905099999997e-05,
        "get_access_token_time": 0.017733838999999918,
        "decode_id_token_time": 0.000273962000000072,
        "complete_login_time": 0.01687960600000027,
        "dispatch_time": 0.07575578400000005
    },
    "t_user_24": {
        "redirect_time": 0.016938640999999865,
        "pkce_time": 6.345800000007e-05,
        "get_access_token_time": 0.02004404500000012,
        "decode_id_token_time": 0.0002427929999999634,
        "complete_login_time": 0.014696987000000217,
        "dispatch_time": 0.060659711000000005
    },
    "t_user_25": {
        "redirect_time": 0.015008043000000137,
        "pkce_time": 5.981200000016e-05,
        "get_access_token_time": 0.013562062000000097,
        "decode_id_token_time": 0.00025930399999962717,
        "complete_login_time": 0.015952546999999928,