{
    "t_user_1": {
        "redirect_time": 0.015233042999999946,
        "pkce_time": 6.247699999995e-05,
        "get_access_token_time": 0.01725928099999985,
        "decode_id_token_time": 0.00022461000000006948,
        "complete_login_time": 0.020133696999999895,
        "dispatch_time": 0.06412357000000002
    },
    "t_user_2": {
        "redirect_time": 0.014989128999999934,
        "pkce_time": 6.227700000005e-05,
        "get_access_token_time": 0.0123655450000002,
        "decode_id_token_time": 0.00026386300000025287,
        "complete_login_time": 0.01595339799999973,
        "dispatch_time": 0.056700399999999984
    },
    "t_user_3": {
        "redirect_time": 0.015692836000000043,
        "pkce_time": 4.523499999998e-05,
        "get_access_token_time": 0.013381665000000265,
        "decode_id_token_time": 0.0008620220000001844,
        "complete_login_time": 0.020994487999999922,
        "dispatch_time": 0.0653106990000003
    },
    "t_user_4": {
        "redirect_time": 0.015642071000000035,
        "pkce_time": 5.586499999999e-05,
        "get_access_token_time": 0.013951211000000185,
        "decode_id_token_time": 0.00024313500000028299,
        "complete_login_time": 0.015467010999999697,
        "dispatch_time": 0.05360178499999968
    },
    "t_user_5": {
        "redirect_time": 0.01488823100000003,
        "pkce_time": 4.824999999997e-05,
        "get_access_token_time": 0.012951599999999619,
        "decode_id_token_time": 0.0002535639999998729,
        "complete_login_time": 0.015021254000000095,
        "dispatch_time": 0.05577672399999978
    },
    "t_user_6": {
        "redirect_time": 0.01642553000000002,
        "pkce_time": 5.896999999999e-05,
        "get_access_token_time": 0.01348602000000021,
        "decode_id_token_time": 0.00027468300000021983,
        "complete_login_time": 0.018447579000000047,
        "dispatch_time": 0.05741200399999968
    },
    "t_user_7": {
        "redirect_time": 0.01502452700000001,
        "pkce_time": 4.328099999995e-05,
        "get_access_token_time": 0.013990634999999862,
        "decode_id_token_time": 0.0002504480000000697,
        "complete_login_time": 0.01491371500000005,
        "dispatch_time": 0.05737419700000013
    },
    "t_user_8": {
        "redirect_time": 0.01725522299999993,
        "pkce_time": 4.348200000004e-05,
        "get_access_token_time": 0.014457312000000222,
        "decode_id_token_time": 0.0002206629999998988,
        "complete_login_time": 0.016058286000000255,
        "dispatch_time": 0.05851458300000001
    },
    "t_user_9": {
        "redirect_time": 0.015269328999999998,
        "pkce_time": 5.024300000001e-05,
        "get_access_token_time": 0.012562736999999657,
        "decode_id_token_time": 0.00023620199999996316,
        "complete_login_time": 0.020811049000000637,
        "dispatch_time": 0.057022958000000123
    },
    "t_user_10": {
        "redirect_time": 0.01473124299999995,
        "pkce_time": 4.222899999995e-05,
        "get_access_token_time": 0.013578611000000684,
        "decode_id_token_time": 0.0002331050000003998,
        "complete_login_time": 0.014944508000000134,
        "dispatch_time": 0.05480372900000052
    },
    "t_user_11": {
        "redirect_time": 0.01838070299999983,
        "pkce_time": 6.095400000006e-05,
        "get_access_token_time": 0.013315823000000115,
        "decode_id_token_time": 0.00028882099999982813,
        "complete_login_time": 0.015214549999999605,
        "dispatch_time": 0.059855879000000556
    },
    "t_user_12": {
        "redirect_time": 0.021705673999999897,
        "pkce_time": 5.1617e-05,
        "get_access_token_time": 0.013481392000000092,
        "decode_id_token_time": 0.0002390669999998707,
        "complete_login_time": 0.01955920500000019,
        "dispatch_time": 0.05945782800000021
    },
    "t_user_14": {
        "redirect_time": 0.016144391999999952,
        "pkce_time": 5.333000000007e-05,
        "get_access_token_time": 0.012843194999999419,
        "decode_id_token_time": 0.00023429800000052126,
        "complete_login_time": 0.015275176000000279,
        "dispatch_time": 0.05818511199999943
    },
    "t_user_13": {
        "redirect_time": 0.017729469999999914,
        "pkce_time": 5.128499999985e-05,
        "get_access_token_time": 0.012828668000000043,
        "decode_id_token_time": 0.00024345499999967046,
        "complete_login_time": 0.014124668000000007,
        "dispatch_time": 0.05208382700000058
    },
    "t_user_15": {
        "redirect_time": 0.014778563999999994,
        "pkce_time": 5.012399999993e-05,
        "get_access_token_time": 0.018246935999999714,
        "decode_id_token_time": 0.00023026100000045346,
        "complete_login_time": 0.016540396999999984,
        "dispatch_time": 0.06166287299999951
    },
    "t_user_16": {
        "redirect_time": 0.013969198999999932,
        "pkce_time": 3.898300000005e-05,
        "get_access_token_time": 0.019236406000000095,
        "decode_id_token_time": 0.00029553199999998725,
        "complete_login_time": 0.017482436999999962,
        "dispatch_time": 0.06340981800000023
    },
    "t_user_17": {
        "redirect_time": 0.016478977000000006,
        "pkce_time": 5.273900000002e-05,
        "get_access_token_time": 0.012294315999999306,
        "decode_id_token_time": 0.00025859299999986263,
        "complete_login_time": 0.015386122999999863,
        "dispatch_time": 0.056017354999999824
    },
    "t_user_18": {
        "redirect_time": 0.015885479999999896,
        "pkce_time": 7.812600000001e-05,
        "get_access_token_time": 0.013437033999999848,
        "decode_id_token_time": 0.00027029499999997597,
        "complete_login_time": 0.019921665000000033,
        "dispatch_time": 0.06397709500000026
    },
    "t_user_19": {
        "redirect_time": 0.016511541000000074,
        "pkce_time": 4.753899999987e-05,
        "get_access_token_time": 0.016472528999999625,
        "decode_id_token_time": 0.00032988599999939083,
        "complete_login_time": 0.016034600999999427,
        "dispatch_time": 0.058043552
    },
    "t_user_20": {
        "redirect_time": 0.015802836999999847,
        "pkce_time": 5.996200000014e-05,
        "get_access_token_time": 0.016193741999999567,
        "decode_id_token_time": 0.00024234300000003373,
        "complete_login_time": 0.014458869000000263,
        "dispatch_time": 0.05677740800000031
    },
    "t_user_21": {
        "redirect_time": 0.017654907999999914,
        "pkce_time": 4.359199999993e-05,
        "get_access_token_time": 0.01666764700000023,
        "decode_id_token_time": 0.00022881900000015776,
        "complete_login_time": 0.015802638000000258,
        "dispatch_time": 0.059056670000000366
    },
    "t_user_22": {
        "redirect_time": 0.01795717600000013,
        "pkce_time": 5.737699999986e-05,
        "get_access_token_time": 0.013044880999999897,
        "decode_id_token_time": 0.0002610980000001817,
        "complete_login_time": 0.015179588999999716,
        "dispatch_time": 0.0633008119999996
    },
    "t_user_23": {
        "redirect_time": 0.01753505600000005,
        "pkce_time": 4.368200000004e-05,
        "get_access_token_time": 0.015454261999999552,
        "decode_id_token_time": 0.0002975560000004762,
        "complete_login_time": 0.01540443399999969,
        "dispatch_time": 0.056295627999999986
    },
    "t_user_24": {
        "redirect_time": 0.015680225999999964,
        "pkce_time": 5.339000000015e-05,
        "get_access_token_time": 0.014078376000000503,
        "decode_id_token_time": 0.00026555700000052695,
        "complete_login_time": 0.01709694300000031,
        "dispatch_time": 0.05965939699999989
    },
    "t_user_25": {
        "redirect_time": 0.01671281399999991,
        "pkce_time": 4.134700000002e-05,
        "get_access_token_time": 0.013397998999999494,
        "decode_id_token_time": 0.00032650999999983554,
        "complete_login_time": 0.020366315000000412,