{
    "t_user_1": {
        "redirect_time": 0.015134340000000024,
        "pkce_time": 4.703800000005e-05,
        "get_access_token_time": 0.013003481999998456,
        "decode_id_token_time": 0.0002132190000008194,
        "complete_login_time": 0.014866764000000643,
        "dispatch_time": 0.05323258399999986
    },
    "t_user_2": {
        "redirect_time": 0.015488732999999977,
        "pkce_time": 5.458200000008e-05,
        "get_access_token_time": 0.01340584300000014,
        "decode_id_token_time": 0.00023129200000049366,
        "complete_login_time": 0.016858423999999594,
        "dispatch_time": 0.06176624899999883
    },
    "t_user_3": {
        "redirect_time": 0.017364904999999986,
        "pkce_time": 6.246600000004e-05,
        "get_access_token_time": 0.012297224000000107,
        "decode_id_token_time": 0.0007107189999997487,
        "complete_login_time": 0.015053900999999925,
        "dispatch_time": 0.09808556200000007
    },
    "t_user_4": {
        "redirect_time": 0.016737275999999968,
        "pkce_time": 5.21280000001e-05,
        "get_access_token_time": 0.014094123000000458,
        "decode_id_token_time": 0.0002010560000007544,
        "complete_login_time": 0.013491634000000197,
        "dispatch_time": 0.05641748499999988
    },
    "t_user_5": {
        "redirect_time": 0.01556941700000003,
        "pkce_time": 4.945300000003e-05,
        "get_access_token_time": 0.01792121800000057,
        "decode_id_token_time": 0.00023575999999980723,
        "complete_login_time": 0.015998905999999202,
        "dispatch_time": 0.058266711000000804
    },
    "t_user_6": {
        "redirect_time": 0.016434236000000046,
        "pkce_time": 5.340999999992e-05,
        "get_access_token_time": 0.012454312000000023,
        "decode_id_token_time": 0.0002521910000004013,
        "complete_login_time": 0.015199194000000027,
        "dispatch_time": 0.05377503900000047
    },
    "t_user_7": {
        "redirect_time": 0.015240693999999944,
        "pkce_time": 6.197600000002e-05,
        "get_access_token_time": 0.012476504000000332,
        "decode_id_token_time": 0.00023075100000014004,
        "complete_login_time": 0.018834989000000135,
        "dispatch_time": 0.05519024799999972
    },
    "t_user_8": {
        "redirect_time": 0.01840202499999999,
        "pkce_time": 6.062299999998e-05,
        "get_access_token_time": 0.013147007999999794,
        "decode_id_token_time": 0.0002315429999999452,
        "complete_login_time": 0.018131011000000363,
        "dispatch_time": 0.05953117799999941
    },
    "t_user_9": {
        "redirect_time": 0.016245737999999954,
        "pkce_time": 4.895099999991e-05,
        "get_access_token_time": 0.01283084199999962,
        "decode_id_token_time": 0.00025038899999962894,
        "complete_login_time": 0.014495329999999917,
        "dispatch_time": 0.05648653599999953
    },
    "t_user_10": {
        "redirect_time": 0.017806454000000027,
        "pkce_time": 8.732300000003e-05,
        "get_access_token_time": 0.01305759300000009,
        "decode_id_token_time": 0.00024760300000004065,
        "complete_login_time": 0.030823593999999233,
        "dispatch_time": 0.06853174500000048
    },
    "t_user_11": {
        "redirect_time": 0.017539046000000003,
        "pkce_time": 4.745899999992e-05,
        "get_access_token_time": 0.01503041799999938,
        "decode_id_token_time": 0.00027986300000026887,
        "complete_login_time": 0.015142971000000394,
        "dispatch_time": 0.06053030399999937
    },
    "t_user_12": {
        "redirect_time": 0.021779961000000014,
        "pkce_time": 5.091499999987e-05,
        "get_access_token_time": 0.013075725000000205,
        "decode_id_token_time": 0.0002444969999997326,
        "complete_login_time": 0.014350512000000037,
        "dispatch_time": 0.05387617200000072
    },
    "t_user_13": {
        "redirect_time": 0.017358946999999958,
        "pkce_time": 5.981100000008e-05,
        "get_access_token_time": 0.01269537399999976,
        "decode_id_token_time": 0.00023134200000018978,
        "complete_login_time": 0.014689849999999893,
        "dispatch_time": 0.05858924600000037
    },
    "t_user_14": {
        "redirect_time": 0.02054349099999997,
        "pkce_time": 4.601599999998e-05,
        "get_access_token_time": 0.013905313000000419,
        "decode_id_token_time": 0.0001981600000000583,
        "complete_login_time": 0.013643645000000149,
        "dispatch_time": 0.05201601699999969
    },
    "t_user_15": {
        "redirect_time": 0.01619419699999991,
        "pkce_time": 6.018199999991e-05,
        "get_access_token_time": 0.01462448599999977,
        "decode_id_token_time": 0.00023913700000033344,
        "complete_login_time": 0.016156376999999722,
        "dispatch_time": 0.05541858399999988
    },
    "t_user_16": {
        "redirect_time": 0.01628005099999985,
        "pkce_time": 7.254599999995e-05,
        "get_access_token_time": 0.014245895000000175,
        "decode_id_token_time": 0.0002345979999995862,
        "complete_login_time": 0.02071594799999943,
        "dispatch_time": 0.06148099400000007
    },
    "t_user_17": {
        "redirect_time": 0.015926746999999963,
        "pkce_time": 5.488300000001e-05,
        "get_access_token_time": 0.012647021999999453,
        "decode_id_token_time": 0.00021151599999935655,
        "complete_login_time": 0.018431875000000097,
        "dispatch_time": 0.05546630500000038
    },
    "t_user_18": {
        "redirect_time": 0.014634328000000085,
        "pkce_time": 4.569600000015e-05,
        "get_access_token_time": 0.023709704999999914,
        "decode_id_token_time": 0.00024176200000081138,
        "complete_login_time": 0.01607491800000016,
        "dispatch_time": 0.0661668630000003
    },
    "t_user_19": {
        "redirect_time": 0.015705770000000063,
        "pkce_time": 6.819799999991e-05,
        "get_access_token_time": 0.012715024999999436,
        "decode_id_token_time": 0.0002442660000001595,
        "complete_login_time": 0.015194475000000374,
        "dispatch_time": 0.05942699400000073
    },
    "t_user_20": {
        "redirect_time": 0.015316836999999861,
        "pkce_time": 6.130500000001e-05,
        "get_access_token_time": 0.014264269999999968,
        "decode_id_token_time": 0.00023209300000015531,
        "complete_login_time": 0.015085288999999946,
        "dispatch_time": 0.056547514999999215
    },
    "t_user_21": {
        "redirect_time": 0.0165035790000001,
        "pkce_time": 4.614700000016e-05,
        "get_access_token_time": 0.013018114000000303,
        "decode_id_token_time": 0.0002926670000000797,
        "complete_login_time": 0.016024164000000063,
        "dispatch_time": 0.05530853100000055
    },
    "t_user_22": {
        "redirect_time": 0.017286788000000053,
        "pkce_time": 5.387099999998e-05,
        "get_access_token_time": 0.013142908999999925,
        "decode_id_token_time": 0.0002254720000003374,
        "complete_login_time": 0.015598660000000208,
        "dispatch_time": 0.054880280999999975
    },
    "t_user_23": {
        "redirect_time": 0.018015697999999913,
        "pkce_time": 5.159600000004e-05,
        "get_access_token_time": 0.014057515999999826,
        "decode_id_token_time": 0.0002575520000003273,
        "complete_login_time": 0.0157289770000002,
        "dispatch_time": 0.054437564999999744
    },
    "t_user_24": {
        "redirect_time": 0.01665361799999987,
        "pkce_time": 4.069699999998e-05,
        "get_access_token_time": 0.012644316000000266,
        "decode_id_token_time": 0.00022024200000014815,
        "complete_login_time": 0.014742978999999767,
        "dispatch_time": 0.05259721500000003
    },
    "t_user_27": {
        "redirect_time": 0.018726041999999943,
        "pkce_time": 7.365700000017e-05,
        "get_access_token_time": 0.013399470999999608,
        "decode_id_token_time": 0.00024341499999991356,
        "complete_login_time": 0.016051823999999826,