{
    "t_user_1": {
        "redirect_time": 0.003111695999999997,
        "build_auth_time": 0.0008389490000000333,
        "login_time": 0.0022525489999999926,
        "acs_dispatch_time": 0.0038128070000000847,
        "finish_acs_dispatch_time": 0.016090523999999995
    },
    "t_user_2": {
        "redirect_time": 0.0030925299999999822,
        "build_auth_time": 0.000861660999999958,
        "login_time": 0.002210140000000027,
        "acs_dispatch_time": 0.003187147999999862,
        "finish_acs_dispatch_time": 0.015810062999999985
    },
    "t_user_3": {
        "redirect_time": 0.0030146940000000955,
        "build_auth_time": 0.0008228180000000584,
        "login_time": 0.0021721999999999575,
        "acs_dispatch_time": 0.0026443730000000887,
        "finish_acs_dispatch_time": 0.016509544000000043
    },
    "t_user_4": {
        "redirect_time": 0.0030332490000000156,
        "build_auth_time": 0.0008355509999999899,
        "login_time": 0.0021787130000000543,
        "acs_dispatch_time": 0.0025341080000003124,
        "finish_acs_dispatch_time": 0.01647533099999965
    },
    "t_user_5": {
        "redirect_time": 0.0029955699999999474,
        "build_auth_time": 0.000827966999999985,
        "login_time": 0.0021502210000000632,
        "acs_dispatch_time": 0.0029946869999999404,
        "finish_acs_dispatch_time": 0.016470969999999863
    },
    "t_user_6": {
        "redirect_time": 0.003011658000000028,
        "build_auth_time": 0.0008384869999999989,
        "login_time": 0.0021556280000000205,
        "acs_dispatch_time": 0.002684265999999935,
        "finish_acs_dispatch_time": 0.01678704200000003
    },
    "t_user_7": {
        "redirect_time": 0.0030319460000000076,
        "build_auth_time": 0.000817537999999951,
        "login_time": 0.002192517000000005,
        "acs_dispatch_time": 0.0030242529999999768,
        "finish_acs_dispatch_time": 0.016662728000000016
    },
    "t_user_8": {
        "redirect_time": 0.003541983000000082,
        "build_auth_time": 0.00141466400000001,
        "login_time": 0.002108903999999967,
        "acs_dispatch_time": 0.0030856990000001083,
        "finish_acs_dispatch_time": 0.015824159999999976
    },
    "t_user_9": {
        "redirect_time": 0.002971704999999991,
        "build_auth_time": 0.0008342500000000364,
        "login_time": 0.0021186499999999997,
        "acs_dispatch_time": 0.00275432699999989,
        "finish_acs_dispatch_time": 0.01563874200000015
    },
    "t_user_10": {
        "redirect_time": 0.003035594000000086,
        "build_auth_time": 0.0008888420000000563,
        "login_time": 0.002127715999999946,
        "acs_dispatch_time": 0.003098178000000118,
        "finish_acs_dispatch_time": 0.018476659000000062
    },
    "t_user_11": {
        "redirect_time": 0.0030824839999999964,
        "build_auth_time": 0.0008905959999999657,
        "login_time": 0.0021711690000000283,
        "acs_dispatch_time": 0.0033393590000001527,
        "finish_acs_dispatch_time": 0.01741222199999992
    },
    "t_user_12": {
        "redirect_time": 0.003034211000000009,
        "build_auth_time": 0.000882319999999992,
        "login_time": 0.0021328760000000058,
        "acs_dispatch_time": 0.00318896099999999,
        "finish_acs_dispatch_time": 0.01633818500000017
    },
    "t_user_13": {
        "redirect_time": 0.003132244999999978,
        "build_auth_time": 0.0008624919999999925,
        "login_time": 0.002249806000000021,
        "acs_dispatch_time": 0.003965632999999968,
        "finish_acs_dispatch_time": 0.021228479000000133
    },
    "t_user_14": {
        "redirect_time": 0.0029959609999999914,
        "build_auth_time": 0.0008286600000000366,
        "login_time": 0.0021483260000000337,
        "acs_dispatch_time": 0.0026839579999999863,
        "finish_acs_dispatch_time": 0.019642927000000032
    },
    "t_user_15": {
        "redirect_time": 0.0030325500000000227,
        "build_auth_time": 0.0008368440000000588,
        "login_time": 0.002176078999999942,
        "acs_dispatch_time": 0.0030275490000000183,
        "finish_acs_dispatch_time": 0.018298554000000022
    },
    "t_user_16": {
        "redirect_time": 0.0037370469999999933,
        "build_auth_time": 0.001536411999999876,
        "login_time": 0.0021763190000001487,
        "acs_dispatch_time": 0.004130846999999882,
        "finish_acs_dispatch_time": 0.017420870000000033
    },
    "t_user_17": {
        "redirect_time": 0.003096776999999884,
        "build_auth_time": 0.0008735129999999369,
        "login_time": 0.00220239599999994,
        "acs_dispatch_time": 0.0026479209999998865,
        "finish_acs_dispatch_time": 0.016213956000000085
    },
    "t_user_18": {
        "redirect_time": 0.003237541000000066,
        "build_auth_time": 0.0010412660000000962,
        "login_time": 0.002176940000000016,
        "acs_dispatch_time": 0.0027977780000001395,
        "finish_acs_dispatch_time": 0.01638948600000001
    },
    "t_user_19": {
        "redirect_time": 0.0032131950000000575,
        "build_auth_time": 0.0008784820000000693,
        "login_time": 0.0023035549999999017,
        "acs_dispatch_time": 0.0027412749999999875,
        "finish_acs_dispatch_time": 0.01723354999999982
    },
    "t_user_20": {
        "redirect_time": 0.003047068000000097,
        "build_auth_time": 0.0008581549999999716,
        "login_time": 0.002167492000000104,
        "acs_dispatch_time": 0.003555223999999857,
        "finish_acs_dispatch_time": 0.015801136999999965
    },
    "t_user_21": {
        "redirect_time": 0.003649663999999886,
        "build_auth_time": 0.0014570449999999902,
        "login_time": 0.0021680939999999538,
        "acs_dispatch_time": 0.002656254999999774,
        "finish_acs_dispatch_time": 0.0161206009999999
    },
    "t_user_22": {
        "redirect_time": 0.003071680000000132,
        "build_auth_time": 0.0008974280000000334,
        "login_time": 0.0021534640000000493,
        "acs_dispatch_time": 0.0029577089999999195,
        "finish_acs_dispatch_time": 0.014987258999999753
    },
    "t_user_23": {
        "redirect_time": 0.002999447999999738,
        "build_auth_time": 0.0008452609999998195,
        "login_time": 0.0021368440000002487,
        "acs_dispatch_time": 0.0033464180000000177,
        "finish_acs_dispatch_time": 0.015908082000000157
    },
    "t_user_24": {
        "redirect_time": 0.003085979000000183,
        "build_auth_time": 0.0008498690000000586,
        "login_time": 0.0022169050000000468,
        "acs_dispatch_time": 0.003293214999999794,
        "finish_acs_dispatch_time": 0.015291723999999896
    },
    "t_user_25": {
        "redirect_time": 0.003084435999999968,
        "build_auth_time": 0.0008511709999998729,
        "login_time": 0.0022146000000002886,
        "acs_dispatch_time": 0.0037315879999999524,
        "finish_acs_dispatch_time": 0.02436723999999968
    },
    "t_user_26": {
        "redirect_time": 0.003167611999999931,
        "build_auth_time": 0.0009125349999998811,
        "login_time": 0.002231883999999962,
        "acs_dispatch_time": 0.003404243999999945,
        "finish_acs_dispatch_time": 0.01717213899999992
    },
    "t_user_27": {
        "redirect_time": 0.002951908000000003,
        "build_auth_time": 0.0007959679999998137,
        "login_time": 0.0021340790000001775,
        "acs_dispatch_time": 0.0028953130000002325,
        "finish_acs_dispatch_time": 0.01632215799999992
    },
    "t_user_28": {
        "redirect_time": 0.003044668999999889,
        "build_auth_time": 0.0008807959999996839,
        "login_time": 0.0021448080000001646,
        "acs_dispatch_time": 0.0033392510000003206,
        "finish_acs_dispatch_time": 0.015538960000000213
    },
    "t_user_29": {
        "redirect_time": 0.0029768049999998603,
        "build_auth_time": 0.0008253239999995721,
        "login_time": 0.0021259640000002022,
        "acs_dispatch_time": 0.003216762000000095,
        "finish_acs_dispatch_time": 0.015585881999999884
    },