{
    "t_user_1": {
        "redirect_time": 0.003115534000000031,
        "build_auth_time": 0.0008679530000000324,
        "login_time": 0.0022247579999999934,
        "acs_dispatch_time": 0.0036071319999999574,
        "finish_acs_dispatch_time": 0.018729473000000052
    },
    "t_user_2": {
        "redirect_time": 0.003047506000000033,
        "build_auth_time": 0.0008829599999999882,
        "login_time": 0.0021444790000000324,
        "acs_dispatch_time": 0.003707930000000026,
        "finish_acs_dispatch_time": 0.015649054000000273
    },
    "t_user_3": {
        "redirect_time": 0.003678104999999987,
        "build_auth_time": 0.0014480580000000298,
        "login_time": 0.0022101399999999716,
        "acs_dispatch_time": 0.002905823999999946,
        "finish_acs_dispatch_time": 0.01575557500000002
    },
    "t_user_4": {
        "redirect_time": 0.0030397730000000234,
        "build_auth_time": 0.0008354630000000363,
        "login_time": 0.002183692000000015,
        "acs_dispatch_time": 0.0027642439999999713,
        "finish_acs_dispatch_time": 0.016054065000000062
    },
    "t_user_5": {
        "redirect_time": 0.0032086780000000203,
        "build_auth_time": 0.0009102010000000549,
        "login_time": 0.0022644939999999503,
        "acs_dispatch_time": 0.0035161599999997684,
        "finish_acs_dispatch_time": 0.017615828999999916
    },
    "t_user_6": {
        "redirect_time": 0.003198158999999978,
        "build_auth_time": 0.0009468009999999971,
        "login_time": 0.0022284649999999573,
        "acs_dispatch_time": 0.003496334999999906,
        "finish_acs_dispatch_time": 0.01639272199999997
    },
    "t_user_7": {
        "redirect_time": 0.0031027579999999277,
        "build_auth_time": 0.0008659989999999507,
        "login_time": 0.0022158700000000087,
        "acs_dispatch_time": 0.0038985190000000447,
        "finish_acs_dispatch_time": 0.017914930999999967
    },
    "t_user_8": {
        "redirect_time": 0.003068908000000037,
        "build_auth_time": 0.0008939909999999829,
        "login_time": 0.0021534560000000535,
        "acs_dispatch_time": 0.0026784449999999183,
        "finish_acs_dispatch_time": 0.015889751999999868
    },
    "t_user_9": {
        "redirect_time": 0.003132144000000059,
        "build_auth_time": 0.0008849340000000039,
        "login_time": 0.0022265209999999813,
        "acs_dispatch_time": 0.0032551539999998713,
        "finish_acs_dispatch_time": 0.015604375999999975
    },
    "t_user_10": {
        "redirect_time": 0.0031195120000000465,
        "build_auth_time": 0.0008951640000000038,
        "login_time": 0.0021942019999999784,
        "acs_dispatch_time": 0.003730017999999946,
        "finish_acs_dispatch_time": 0.016889599999999838
    },
    "t_user_11": {
        "redirect_time": 0.0032480149999999375,
        "build_auth_time": 0.0009384559999999764,
        "login_time": 0.00228611600000006,
        "acs_dispatch_time": 0.0037849770000000227,
        "finish_acs_dispatch_time": 0.020694188000000002
    },
    "t_user_12": {
        "redirect_time": 0.0031570220000000093,
        "build_auth_time": 0.0009197699999999864,
        "login_time": 0.0022174959999999855,
        "acs_dispatch_time": 0.002624423000000098,
        "finish_acs_dispatch_time": 0.01486558399999982
    },
    "t_user_13": {
        "redirect_time": 0.0033072720000000277,
        "build_auth_time": 0.0008827100000000643,
        "login_time": 0.002405355999999914,
        "acs_dispatch_time": 0.003756569999999959,
        "finish_acs_dispatch_time": 0.017335907999999955
    },
    "t_user_14": {
        "redirect_time": 0.002937751000000044,
        "build_auth_time": 0.0007949570000000961,
        "login_time": 0.0021020889999999737,
        "acs_dispatch_time": 0.0030209669999998745,
        "finish_acs_dispatch_time": 0.015352487000000137
    },
    "t_user_15": {
        "redirect_time": 0.003062055000000008,
        "build_auth_time": 0.0008700269999999399,
        "login_time": 0.002170899000000004,
        "acs_dispatch_time": 0.0029815710000000717,
        "finish_acs_dispatch_time": 0.01636046499999999
    },
    "t_user_17": {
        "redirect_time": 0.003376331000000121,
        "build_auth_time": 0.000907055000000101,
        "login_time": 0.0024451909999998467,
        "acs_dispatch_time": 0.0029184049999999573,
        "finish_acs_dispatch_time": 0.01784004699999997
    },
    "t_user_16": {
        "redirect_time": 0.002868784000000124,
        "build_auth_time": 0.0007993649999999963,
        "login_time": 0.002050193000000089,
        "acs_dispatch_time": 0.003430945000000074,
        "finish_acs_dispatch_time": 0.017527179000000004
    },
    "t_user_18": {
        "redirect_time": 0.0030965370000000103,
        "build_auth_time": 0.0009067549999999258,
        "login_time": 0.0021682320000000477,
        "acs_dispatch_time": 0.0032901010000001563,
        "finish_acs_dispatch_time": 0.01680751200000019
    },
    "t_user_19": {
        "redirect_time": 0.002980479999999952,
        "build_auth_time": 0.000806939000000062,
        "login_time": 0.00215396499999998,
        "acs_dispatch_time": 0.003404033999999889,
        "finish_acs_dispatch_time": 0.016182284000000102
    },
    "t_user_20": {
        "redirect_time": 0.0032620500000000163,
        "build_auth_time": 0.0008912460000001232,
        "login_time": 0.0023305679999998663,
        "acs_dispatch_time": 0.002920266999999921,
        "finish_acs_dispatch_time": 0.015640399000000027
    },
    "t_user_21": {
        "redirect_time": 0.0030928139999999438,
        "build_auth_time": 0.000849509000000026,
        "login_time": 0.002222535999999664,
        "acs_dispatch_time": 0.0029107109999997327,
        "finish_acs_dispatch_time": 0.01612182700000009
    },
    "t_user_22": {
        "redirect_time": 0.003226532999999865,
        "build_auth_time": 0.0009263630000000411,
        "login_time": 0.0022689719999999802,
        "acs_dispatch_time": 0.003615094000000152,
        "finish_acs_dispatch_time": 0.0187579539999998
    },
    "t_user_23": {
        "redirect_time": 0.0037889519999998456,
        "build_auth_time": 0.0015610179999998586,
        "login_time": 0.0022059730000001387,
        "acs_dispatch_time": 0.002836433000000138,
        "finish_acs_dispatch_time": 0.016710021000000186
    },
    "t_user_24": {
        "redirect_time": 0.0030568039999998575,
        "build_auth_time": 0.0008943619999999264,
        "login_time": 0.002140280999999966,
        "acs_dispatch_time": 0.0031068890000001126,
        "finish_acs_dispatch_time": 0.017412132000000025
    },
    "t_user_25": {
        "redirect_time": 0.0033203660000000745,
        "build_auth_time": 0.0007808890000000623,
        "login_time": 0.002520711999999925,
        "acs_dispatch_time": 0.003663090000000313,
        "finish_acs_dispatch_time": 0.016555918000000336
    },
    "t_user_26": {
        "redirect_time": 0.0033839030000000214,
        "build_auth_time": 0.0011277179999997777,
        "login_time": 0.00223555700000011,
        "acs_dispatch_time": 0.003554922999999821,
        "finish_acs_dispatch_time": 0.017733150999999836
    },
    "t_user_27": {
        "redirect_time": 0.003163262999999805,
        "build_auth_time": 0.0008874279999999679,
        "login_time": 0.0022498770000001223,
        "acs_dispatch_time": 0.0035109320000001887,
        "finish_acs_dispatch_time": 0.049907505999999824
    },
    "t_user_29": {
        "redirect_time": 0.003039669000000078,
        "build_auth_time": 0.0008422330000001921,
        "login_time": 0.0021795230000001276,
        "acs_dispatch_time": 0.00291382699999998,
        "finish_acs_dispatch_time": 0.016385500999999802
    },
    "t_user_28": {
        "redirect_time": 0.003198170000000111,
        "build_auth_time": 0.0008976590000000506,
        "login_time": 0.0022772970000000115,
        "acs_dispatch_time": 0.0034162070000003375,
        "finish_acs_dispatch_time": 0.01634619000000015
    },