{
    "t_user_1": {
        "redirect_time": 0.003025705000000045,
        "build_auth_time": 0.0008241200000000393,
        "login_time": 0.00217890300000001,
        "acs_dispatch_time": 0.0031812669999999876,
        "finish_acs_dispatch_time": 0.016437572000000067
    },
    "t_user_2": {
        "redirect_time": 0.0033507429999999894,
        "build_auth_time": 0.0008760380000000234,
        "login_time": 0.0024487369999999786,
        "acs_dispatch_time": 0.0030871910000001,
        "finish_acs_dispatch_time": 0.0159131480000001
    },
    "t_user_3": {
        "redirect_time": 0.0037230600000000003,
        "build_auth_time": 0.0014427169999999823,
        "login_time": 0.0022575209999999846,
        "acs_dispatch_time": 0.003448701000000165,
        "finish_acs_dispatch_time": 0.0172712049999999
    },
    "t_user_4": {
        "redirect_time": 0.0030717840000000773,
        "build_auth_time": 0.0008758079999999779,
        "login_time": 0.0021744560000001023,
        "acs_dispatch_time": 0.003132754999999987,
        "finish_acs_dispatch_time": 0.016569949000000195
    },
    "t_user_5": {
        "redirect_time": 0.0030408339999999923,
        "build_auth_time": 0.0008582849999999587,
        "login_time": 0.002162401999999952,
        "acs_dispatch_time": 0.00294137800000005,
        "finish_acs_dispatch_time": 0.01669527000000004
    },
    "t_user_6": {
        "redirect_time": 0.003065281000000031,
        "build_auth_time": 0.0008670809999999918,
        "login_time": 0.002175817999999996,
        "acs_dispatch_time": 0.004854786000000111,
        "finish_acs_dispatch_time": 0.016862060000000012
    },
    "t_user_7": {
        "redirect_time": 0.0029953889999999594,
        "build_auth_time": 0.0008381259999999946,
        "login_time": 0.002136293000000067,
        "acs_dispatch_time": 0.0033318479999999706,
        "finish_acs_dispatch_time": 0.016410898000000174
    },
    "t_user_8": {
        "redirect_time": 0.0030034650000000385,
        "build_auth_time": 0.0008328269999999804,
        "login_time": 0.0021447800000000683,
        "acs_dispatch_time": 0.002938645000000184,
        "finish_acs_dispatch_time": 0.017620219999999964
    },
    "t_user_9": {
        "redirect_time": 0.003081059999999969,
        "build_auth_time": 0.0008754760000000417,
        "login_time": 0.002182039999999996,
        "acs_dispatch_time": 0.002815744999999925,
        "finish_acs_dispatch_time": 0.015707248999999868
    },
    "t_user_10": {
        "redirect_time": 0.003047467000000026,
        "build_auth_time": 0.0008679030000000587,
        "login_time": 0.0021577629999999237,
        "acs_dispatch_time": 0.003880372000000021,
        "finish_acs_dispatch_time": 0.016890983999999998
    },
    "t_user_11": {
        "redirect_time": 0.003044288999999978,
        "build_auth_time": 0.0008446480000000589,
        "login_time": 0.002178550999999973,
        "acs_dispatch_time": 0.0031201210000000312,
        "finish_acs_dispatch_time": 0.01658115800000015
    },
    "t_user_12": {
        "redirect_time": 0.0031638849999999774,
        "build_auth_time": 0.0009643839999999848,
        "login_time": 0.002174675000000015,
        "acs_dispatch_time": 0.005013820999999918,
        "finish_acs_dispatch_time": 0.022818145000000012
    },
    "t_user_14": {
        "redirect_time": 0.003131260999999941,
        "build_auth_time": 0.0008706669999999361,
        "login_time": 0.0022410580000000735,
        "acs_dispatch_time": 0.0033694370000001417,
        "finish_acs_dispatch_time": 0.01628333400000015
    },
    "t_user_13": {
        "redirect_time": 0.002909330999999904,
        "build_auth_time": 0.0008269269999999773,
        "login_time": 0.0020657530000000035,
        "acs_dispatch_time": 0.0025457380000000196,
        "finish_acs_dispatch_time": 0.0172536860000001
    },
    "t_user_15": {
        "redirect_time": 0.003070589999999873,
        "build_auth_time": 0.0008652680000000856,
        "login_time": 0.0021845319999997947,
        "acs_dispatch_time": 0.0031485030000000247,
        "finish_acs_dispatch_time": 0.01650273499999999
    },
    "t_user_16": {
        "redirect_time": 0.0030189140000000947,
        "build_auth_time": 0.0008460710000000038,
        "login_time": 0.002153736000000128,
        "acs_dispatch_time": 0.0031516320000002374,
        "finish_acs_dispatch_time": 0.017118722000000197
    },
    "t_user_17": {
        "redirect_time": 0.0031493369999999743,
        "build_auth_time": 0.0008821689999998217,
        "login_time": 0.0022459080000001297,
        "acs_dispatch_time": 0.003801317000000193,
        "finish_acs_dispatch_time": 0.017635402999999883
    },
    "t_user_18": {
        "redirect_time": 0.003113449999999851,
        "build_auth_time": 0.0008556699999999751,
        "login_time": 0.002238763999999893,
        "acs_dispatch_time": 0.003335023999999631,
        "finish_acs_dispatch_time": 0.016159408000000042
    },
    "t_user_19": {
        "redirect_time": 0.003162923999999734,
        "build_auth_time": 0.0009036499999997005,
        "login_time": 0.0022362910000000014,
        "acs_dispatch_time": 0.0033492999999999995,
        "finish_acs_dispatch_time": 0.01721416699999967
    },
    "t_user_20": {
        "redirect_time": 0.0030839250000003204,
        "build_auth_time": 0.0008519530000001829,
        "login_time": 0.002210642000000096,
        "acs_dispatch_time": 0.003364218999999835,
        "finish_acs_dispatch_time": 0.01669042300000001
    },
    "t_user_21": {
        "redirect_time": 0.0030763689999999677,
        "build_auth_time": 0.0009078779999995845,
        "login_time": 0.0021493050000001013,
        "acs_dispatch_time": 0.0031912339999999872,
        "finish_acs_dispatch_time": 0.01611435799999983
    },
    "t_user_22": {
        "redirect_time": 0.003166449000000071,
        "build_auth_time": 0.0008781319999999759,
        "login_time": 0.002259945000000041,
        "acs_dispatch_time": 0.003377772999999973,
        "finish_acs_dispatch_time": 0.01760666600000027
    },
    "t_user_23": {
        "redirect_time": 0.0030735530000001177,
        "build_auth_time": 0.0008530129999999581,
        "login_time": 0.0021976079999999065,
        "acs_dispatch_time": 0.003207366000000267,
        "finish_acs_dispatch_time": 0.017290792999999915
    },
    "t_user_24": {
        "redirect_time": 0.003103611999999867,
        "build_auth_time": 0.0008765479999999215,
        "login_time": 0.0022037299999997373,
        "acs_dispatch_time": 0.0029628599999997896,
        "finish_acs_dispatch_time": 0.016542402000000234
    },
    "t_user_25": {
        "redirect_time": 0.0033177520000000627,
        "build_auth_time": 0.0010131640000001774,
        "login_time": 0.0022825859999997533,
        "acs_dispatch_time": 0.0035470509999999678,
        "finish_acs_dispatch_time": 0.016380432999999694
    },
    "t_user_26": {
        "redirect_time": 0.0031084919999999627,
        "build_auth_time": 0.000879084000000141,
        "login_time": 0.0022067159999998864,
        "acs_dispatch_time": 0.0034230769999998856,
        "finish_acs_dispatch_time": 0.01650235500000008
    },
    "t_user_27": {
        "redirect_time": 0.0029779550000004207,
        "build_auth_time": 0.000847544000000422,
        "login_time": 0.0021097519999999648,
        "acs_dispatch_time": 0.00346623899999976,
        "finish_acs_dispatch_time": 0.017192177000000086
    },
    "t_user_28": {
        "redirect_time": 0.0028317730000000374,
        "build_auth_time": 0.0008110960000000667,
        "login_time": 0.0020041160000001668,
        "acs_dispatch_time": 0.004508897000000012,
        "finish_acs_dispatch_time": 0.017104271000000004
    },
    "t_user_29": {
        "redirect_time": 0.0031567900000002425,
        "build_auth_time": 0.000894612999999822,
        "login_time": 0.0022372710000002627,
        "acs_dispatch_time": 0.0034288839999998544,
        "finish_acs_dispatch_time": 0.01660373699999962
    },