{
    "t_user_1": {
        "redirect_time": 0.0033013610000000027,
        "build_auth_time": 0.0008779320000000257,
        "login_time": 0.002403301999999996,
        "acs_dispatch_time": 0.002963539000000015,
        "finish_acs_dispatch_time": 0.01690916099999984
    },
    "t_user_2": {
        "redirect_time": 0.0032059329999999386,
        "build_auth_time": 0.0009329019999999577,
        "login_time": 0.0022495460000000467,
        "acs_dispatch_time": 0.0032269099999999717,
        "finish_acs_dispatch_time": 0.014917644000000063
    },
    "t_user_3": {
        "redirect_time": 0.0036496520000000032,
        "build_auth_time": 0.0014427570000000722,
        "login_time": 0.0021856449999999583,
        "acs_dispatch_time": 0.0036932119999999458,
        "finish_acs_dispatch_time": 0.019037877000000147
    },
    "t_user_4": {
        "redirect_time": 0.0030666820000000428,
        "build_auth_time": 0.0008503890000000069,
        "login_time": 0.0021928290000000628,
        "acs_dispatch_time": 0.0027759890000000897,
        "finish_acs_dispatch_time": 0.015855694999999947
    },
    "t_user_5": {
        "redirect_time": 0.00304993099999995,
        "build_auth_time": 0.0008841419999999767,
        "login_time": 0.0021457420000000615,
        "acs_dispatch_time": 0.003003039999999846,
        "finish_acs_dispatch_time": 0.016710087999999956
    },
    "t_user_6": {
        "redirect_time": 0.003172973000000079,
        "build_auth_time": 0.0009059840000000818,
        "login_time": 0.002243343999999925,
        "acs_dispatch_time": 0.0026277319999998827,
        "finish_acs_dispatch_time": 0.01601011799999985
    },
    "t_user_7": {
        "redirect_time": 0.0030651590000000395,
        "build_auth_time": 0.000884632999999968,
        "login_time": 0.00215863500000002,
        "acs_dispatch_time": 0.0027561590000000358,
        "finish_acs_dispatch_time": 0.01634767700000017
    },
    "t_user_8": {
        "redirect_time": 0.0031720290000000206,
        "build_auth_time": 0.001027790000000084,
        "login_time": 0.002124060999999955,
        "acs_dispatch_time": 0.003326637999999882,
        "finish_acs_dispatch_time": 0.01658570600000009
    },
    "t_user_9": {
        "redirect_time": 0.0030491670000000193,
        "build_auth_time": 0.0008485649999999678,
        "login_time": 0.0021810859999999987,
        "acs_dispatch_time": 0.0029462600000000894,
        "finish_acs_dispatch_time": 0.01694914000000014
    },
    "t_user_10": {
        "redirect_time": 0.0036762110000000403,
        "build_auth_time": 0.0014800150000000567,
        "login_time": 0.002174645999999947,
        "acs_dispatch_time": 0.0032959719999998693,
        "finish_acs_dispatch_time": 0.01591275400000014
    },
    "t_user_11": {
        "redirect_time": 0.003197367000000062,
        "build_auth_time": 0.0009825279999999825,
        "login_time": 0.0021943910000000733,
        "acs_dispatch_time": 0.00332738999999993,
        "finish_acs_dispatch_time": 0.016916804000000063
    },
    "t_user_12": {
        "redirect_time": 0.003023512999999922,
        "build_auth_time": 0.0008587059999999314,
        "login_time": 0.0021456119999999634,
        "acs_dispatch_time": 0.0033194029999998875,
        "finish_acs_dispatch_time": 0.01699889199999971
    },
    "t_user_14": {
        "redirect_time": 0.003059846999999949,
        "build_auth_time": 0.0008690630000000032,
        "login_time": 0.0021712080000000356,
        "acs_dispatch_time": 0.003383014000000184,
        "finish_acs_dispatch_time": 0.01738128700000008
    },
    "t_user_13": {
        "redirect_time": 0.002835918999999909,
        "build_auth_time": 0.0007846849999999517,
        "login_time": 0.0020347630000000505,
        "acs_dispatch_time": 0.0032674969999999526,
        "finish_acs_dispatch_time": 0.01676296300000013
    },
    "t_user_15": {
        "redirect_time": 0.003003234999999993,
        "build_auth_time": 0.0008336190000000077,
        "login_time": 0.002148687000000038,
        "acs_dispatch_time": 0.0030251439999999796,
        "finish_acs_dispatch_time": 0.01642915399999989
    },
    "t_user_16": {
        "redirect_time": 0.003060151000000122,
        "build_auth_time": 0.0008468830000001315,
        "login_time": 0.002194392000000045,
        "acs_dispatch_time": 0.003812694000000061,
        "finish_acs_dispatch_time": 0.015505047999999633
    },
    "t_user_17": {
        "redirect_time": 0.0030042650000001725,
        "build_auth_time": 0.0008380260000000472,
        "login_time": 0.0021471440000000452,
        "acs_dispatch_time": 0.003409061999999796,
        "finish_acs_dispatch_time": 0.016528912000000062
    },
    "t_user_18": {
        "redirect_time": 0.0029827270000000183,
        "build_auth_time": 0.0008177389999999285,
        "login_time": 0.0021461430000000448,
        "acs_dispatch_time": 0.003058919999999965,
        "finish_acs_dispatch_time": 0.016018857000000164
    },
    "t_user_19": {
        "redirect_time": 0.003103360999999971,
        "build_auth_time": 0.0008514719999999087,
        "login_time": 0.002232152000000154,
        "acs_dispatch_time": 0.0035063859999997504,
        "finish_acs_dispatch_time": 0.015540146999999838
    },
    "t_user_20": {
        "redirect_time": 0.003421504999999936,
        "build_auth_time": 0.0009419410000000017,
        "login_time": 0.002457181999999891,
        "acs_dispatch_time": 0.003276302999999814,
        "finish_acs_dispatch_time": 0.016183791000000003
    },
    "t_user_21": {
        "redirect_time": 0.00308197099999985,
        "build_auth_time": 0.0008361029999999214,
        "login_time": 0.0022242980000000134,
        "acs_dispatch_time": 0.003306721000000401,
        "finish_acs_dispatch_time": 0.016110235999999833
    },
    "t_user_22": {
        "redirect_time": 0.003046804000000236,
        "build_auth_time": 0.0008151230000001952,
        "login_time": 0.0022113930000000614,
        "acs_dispatch_time": 0.00346548999999996,
        "finish_acs_dispatch_time": 0.01686368000000016
    },
    "t_user_23": {
        "redirect_time": 0.0030021219999998294,
        "build_auth_time": 0.0008166069999999692,
        "login_time": 0.002166268999999943,
        "acs_dispatch_time": 0.0031837279999997747,
        "finish_acs_dispatch_time": 0.015455327999999824
    },
    "t_user_24": {
        "redirect_time": 0.003093761999999778,
        "build_auth_time": 0.0008546069999999517,
        "login_time": 0.0022142480000000297,
        "acs_dispatch_time": 0.0030738349999999137,
        "finish_acs_dispatch_time": 0.015713585999999946
    },
    "t_user_25": {
        "redirect_time": 0.003107407999999978,
        "build_auth_time": 0.0008606489999998246,
        "login_time": 0.0022274030000000167,
        "acs_dispatch_time": 0.0035502890000000953,
        "finish_acs_dispatch_time": 0.017069443000000017
    },
    "t_user_26": {
        "redirect_time": 0.00308366499999968,
        "build_auth_time": 0.0008784529999998902,
        "login_time": 0.0021832009999998014,
        "acs_dispatch_time": 0.0033633879999999117,
        "finish_acs_dispatch_time": 0.017585382999999677
    },
    "t_user_28": {
        "redirect_time": 0.003091248999999685,
        "build_auth_time": 0.0008459620000000889,
        "login_time": 0.0022221939999997886,
        "acs_dispatch_time": 0.0037973330000000693,
        "finish_acs_dispatch_time": 0.016564671000000253
    },
    "t_user_27": {
        "redirect_time": 0.003627803000000096,
        "build_auth_time": 0.0013532000000000544,
        "login_time": 0.0022366919999998736,
        "acs_dispatch_time": 0.0031905629999999796,
        "finish_acs_dispatch_time": 0.01663352100000015
    },
    "t_user_29": {
        "redirect_time": 0.003040726000000049,
        "build_auth_time": 0.0008385980000000792,
        "login_time": 0.0021697669999998226,
        "acs_dispatch_time": 0.0032104109999999686,
        "finish_acs_dispatch_time": 0.015721231000000113
    },