{
    "t_user_1": {
        "redirect_time": 0.003106166999999993,
        "build_auth_time": 0.0008654080000000119,
        "login_time": 0.0022168040000000167,
        "acs_dispatch_time": 0.003131150999999832,
        "finish_acs_dispatch_time": 0.01718649800000005
    },
    "t_user_2": {
        "redirect_time": 0.003025032999999955,
        "build_auth_time": 0.0008598479999999964,
        "login_time": 0.0021463499999999636,
        "acs_dispatch_time": 0.003302544000000074,
        "finish_acs_dispatch_time": 0.015100735999999948
    },
    "t_user_3": {
        "redirect_time": 0.0034835109999999947,
        "build_auth_time": 0.0013001310000000377,
        "login_time": 0.0021634029999999527,
        "acs_dispatch_time": 0.003038500000000166,
        "finish_acs_dispatch_time": 0.016480372000000187
    },
    "t_user_4": {
        "redirect_time": 0.003436266000000021,
        "build_auth_time": 0.0010696599999999723,
        "login_time": 0.0023389139999999697,
        "acs_dispatch_time": 0.0032098400000002414,
        "finish_acs_dispatch_time": 0.016047359999999955
    },
    "t_user_5": {
        "redirect_time": 0.0030898460000000627,
        "build_auth_time": 0.0008769790000000555,
        "login_time": 0.0021897140000000093,
        "acs_dispatch_time": 0.0033214509999999198,
        "finish_acs_dispatch_time": 0.015534409999999887
    },
    "t_user_6": {
        "redirect_time": 0.003033019999999942,
        "build_auth_time": 0.0008297819999999456,
        "login_time": 0.002183170000000012,
        "acs_dispatch_time": 0.0032043800000001177,
        "finish_acs_dispatch_time": 0.0155029579999999
    },
    "t_user_7": {
        "redirect_time": 0.0030284889999999676,
        "build_auth_time": 0.0008442079999999574,
        "login_time": 0.002161128000000012,
        "acs_dispatch_time": 0.0028357719999998476,
        "finish_acs_dispatch_time": 0.01533493599999991
    },
    "t_user_8": {
        "redirect_time": 0.003151139999999941,
        "build_auth_time": 0.0009527109999999395,
        "login_time": 0.00217769000000001,
        "acs_dispatch_time": 0.003063262999999816,
        "finish_acs_dispatch_time": 0.015667437999999922
    },
    "t_user_9": {
        "redirect_time": 0.0037174689999999178,
        "build_auth_time": 0.0014772610000000075,
        "login_time": 0.002215621999999917,
        "acs_dispatch_time": 0.0027830490000000374,
        "finish_acs_dispatch_time": 0.015635698999999947
    },
    "t_user_10": {
        "redirect_time": 0.003005679000000039,
        "build_auth_time": 0.0008225980000000632,
        "login_time": 0.002155669999999943,
        "acs_dispatch_time": 0.0025855749999998956,
        "finish_acs_dispatch_time": 0.015552629000000096
    },
    "t_user_11": {
        "redirect_time": 0.0031134409999999946,
        "build_auth_time": 0.0008763979999999449,
        "login_time": 0.002215253000000028,
        "acs_dispatch_time": 0.0026895749999999996,
        "finish_acs_dispatch_time": 0.015246177999999944
    },
    "t_user_12": {
        "redirect_time": 0.003587035999999988,
        "build_auth_time": 0.0014142659999999418,
        "login_time": 0.0021536840000000446,
        "acs_dispatch_time": 0.002815272000000091,
        "finish_acs_dispatch_time": 0.016336583000000182
    },
    "t_user_14": {
        "redirect_time": 0.0030131310000000022,
        "build_auth_time": 0.0008439680000000838,
        "login_time": 0.0021491160000000065,
        "acs_dispatch_time": 0.0029840080000000935,
        "finish_acs_dispatch_time": 0.01559141499999983
    },
    "t_user_13": {
        "redirect_time": 0.0028919570000000006,
        "build_auth_time": 0.0008192909999999998,
        "login_time": 0.002054722000000009,
        "acs_dispatch_time": 0.003784551999999941,
        "finish_acs_dispatch_time": 0.0196523420000001
    },
    "t_user_15": {
        "redirect_time": 0.0029929849999998925,
        "build_auth_time": 0.0008259229999998396,
        "login_time": 0.0021474249999999806,
        "acs_dispatch_time": 0.0026717439999999204,
        "finish_acs_dispatch_time": 0.01576842700000003
    },
    "t_user_16": {
        "redirect_time": 0.003069538000000094,
        "build_auth_time": 0.0008602590000001964,
        "login_time": 0.0021872579999999697,
        "acs_dispatch_time": 0.0029182350000001023,
        "finish_acs_dispatch_time": 0.016068098999999947
    },
    "t_user_17": {
        "redirect_time": 0.003362634000000142,
        "build_auth_time": 0.0009997699999999554,
        "login_time": 0.0023358530000001654,
        "acs_dispatch_time": 0.0030005410000000232,
        "finish_acs_dispatch_time": 0.016140445000000003
    },
    "t_user_18": {
        "redirect_time": 0.0030616039999999956,
        "build_auth_time": 0.000852042999999858,
        "login_time": 0.0021970980000001195,
        "acs_dispatch_time": 0.002904621999999968,
        "finish_acs_dispatch_time": 0.01541598199999994
    },
    "t_user_19": {
        "redirect_time": 0.002917534000000055,
        "build_auth_time": 0.0007983940000000356,
        "login_time": 0.0020993430000000313,
        "acs_dispatch_time": 0.0033005500000000687,
        "finish_acs_dispatch_time": 0.015690846000000036
    },
    "t_user_20": {
        "redirect_time": 0.0030193349999998453,
        "build_auth_time": 0.0008303919999999021,
        "login_time": 0.0021665710000000615,
        "acs_dispatch_time": 0.0032654549999997506,
        "finish_acs_dispatch_time": 0.016486621000000312
    },
    "t_user_21": {
        "redirect_time": 0.0031025680000000833,
        "build_auth_time": 0.0009057720000003044,
        "login_time": 0.0021750049999997856,
        "acs_dispatch_time": 0.0033478699999998085,
        "finish_acs_dispatch_time": 0.01713392399999991
    },
    "t_user_22": {
        "redirect_time": 0.0030766020000001504,
        "build_auth_time": 0.0008372439999999592,
        "login_time": 0.002216886000000251,
        "acs_dispatch_time": 0.0033625299999999747,
        "finish_acs_dispatch_time": 0.014402978000000122
    },
    "t_user_23": {
        "redirect_time": 0.003726583000000172,
        "build_auth_time": 0.0014805159999999873,
        "login_time": 0.0022243159999999484,
        "acs_dispatch_time": 0.0032747729999997865,
        "finish_acs_dispatch_time": 0.016013014000000325
    },
    "t_user_24": {
        "redirect_time": 0.0031599459999998025,
        "build_auth_time": 0.0008496089999998624,
        "login_time": 0.002288024999999916,
        "acs_dispatch_time": 0.0029385749999999433,
        "finish_acs_dispatch_time": 0.015457727000000254
    },
    "t_user_25": {
        "redirect_time": 0.0031493970000000537,
        "build_auth_time": 0.0008246629999999477,
        "login_time": 0.002300077999999761,
        "acs_dispatch_time": 0.003514071999999757,
        "finish_acs_dispatch_time": 0.016345849999999995
    },
    "t_user_26": {
        "redirect_time": 0.003002893999999756,
        "build_auth_time": 0.0008214349999997594,
        "login_time": 0.0021619020000001044,
        "acs_dispatch_time": 0.0030803879999998784,
        "finish_acs_dispatch_time": 0.014934042000000147
    },
    "t_user_27": {
        "redirect_time": 0.0030771519999999164,
        "build_auth_time": 0.0009078380000002717,
        "login_time": 0.0021491769999997246,
        "acs_dispatch_time": 0.003004747999999946,
        "finish_acs_dispatch_time": 0.01559510399999997
    },
    "t_user_28": {
        "redirect_time": 0.003172370999999785,
        "build_auth_time": 0.0008842929999999249,
        "login_time": 0.002265616999999942,
        "acs_dispatch_time": 0.0033677029999998886,
        "finish_acs_dispatch_time": 0.015827380999999807
    },
    "t_user_29": {
        "redirect_time": 0.0031177169999998533,
        "build_auth_time": 0.0009309090000000353,
        "login_time": 0.002166068999999826,
        "acs_dispatch_time": 0.003481116999999756,