{
    "t_user_1": {
        "redirect_time": 0.0030632859999999984,
        "build_auth_time": 0.0008035819999999694,
        "login_time": 0.002240728999999997,
        "acs_dispatch_time": 0.0025830280000000982,
        "finish_acs_dispatch_time": 0.01778023800000006
    },
    "t_user_2": {
        "redirect_time": 0.003022628999999999,
        "build_auth_time": 0.0008409310000000447,
        "login_time": 0.0021622619999999704,
        "acs_dispatch_time": 0.0031146500000001076,
        "finish_acs_dispatch_time": 0.015297268999999947
    },
    "t_user_3": {
        "redirect_time": 0.002975231999999939,
        "build_auth_time": 0.0008085119999999835,
        "login_time": 0.002147043000000015,
        "acs_dispatch_time": 0.0036214050000000775,
        "finish_acs_dispatch_time": 0.019486429999999944
    },
    "t_user_4": {
        "redirect_time": 0.0037917969999999857,
        "build_auth_time": 0.0016042079999999403,
        "login_time": 0.0021685630000000122,
        "acs_dispatch_time": 0.0031807070000000603,
        "finish_acs_dispatch_time": 0.015423890000000107
    },
    "t_user_5": {
        "redirect_time": 0.0030901880000000492,
        "build_auth_time": 0.0008836130000000608,
        "login_time": 0.0021862379999999515,
        "acs_dispatch_time": 0.0027123010000000836,
        "finish_acs_dispatch_time": 0.015714192999999987
    },
    "t_user_6": {
        "redirect_time": 0.003119380000000005,
        "build_auth_time": 0.0008587460000000213,
        "login_time": 0.0022397049999999252,
        "acs_dispatch_time": 0.0031808049999999533,
        "finish_acs_dispatch_time": 0.015727741000000073
    },
    "t_user_7": {
        "redirect_time": 0.0030233809999999917,
        "build_auth_time": 0.0008484760000000424,
        "login_time": 0.002155347999999946,
        "acs_dispatch_time": 0.0027726949999999917,
        "finish_acs_dispatch_time": 0.016902414000000032
    },
    "t_user_8": {
        "redirect_time": 0.0036505529999999453,
        "build_auth_time": 0.0009537720000000194,
        "login_time": 0.0026702009999999277,
        "acs_dispatch_time": 0.0033447310000001007,
        "finish_acs_dispatch_time": 0.016644466000000024
    },
    "t_user_9": {
        "redirect_time": 0.003075409000000029,
        "build_auth_time": 0.0008768580000000359,
        "login_time": 0.0021779920000000175,
        "acs_dispatch_time": 0.003618926999999994,
        "finish_acs_dispatch_time": 0.015673999999999966
    },
    "t_user_10": {
        "redirect_time": 0.003000810000000076,
        "build_auth_time": 0.0008460220000000573,
        "login_time": 0.0021349010000000224,
        "acs_dispatch_time": 0.003673768999999938,
        "finish_acs_dispatch_time": 0.017038096000000058
    },
    "t_user_11": {
        "redirect_time": 0.0031004860000000134,
        "build_auth_time": 0.0008866969999999919,
        "login_time": 0.0021916779999999747,
        "acs_dispatch_time": 0.0028835410000001005,
        "finish_acs_dispatch_time": 0.01583557400000002
    },
    "t_user_12": {
        "redirect_time": 0.003011517999999991,
        "build_auth_time": 0.000861128999999905,
        "login_time": 0.0021309620000000695,
        "acs_dispatch_time": 0.003606893999999805,
        "finish_acs_dispatch_time": 0.019676141000000147
    },
    "t_user_13": {
        "redirect_time": 0.003134187999999982,
        "build_auth_time": 0.0008713089999999868,
        "login_time": 0.002241438999999956,
        "acs_dispatch_time": 0.0033097460000002243,
        "finish_acs_dispatch_time": 0.016303670999999742
    },
    "t_user_14": {
        "redirect_time": 0.0029900789999999233,
        "build_auth_time": 0.0008421549999999556,
        "login_time": 0.0021295289999999634,
        "acs_dispatch_time": 0.0032290059999997567,
        "finish_acs_dispatch_time": 0.01640583299999987
    },
    "t_user_15": {
        "redirect_time": 0.0034016470000000076,
        "build_auth_time": 0.0009907119999998937,
        "login_time": 0.002379625999999968,
        "acs_dispatch_time": 0.0028592949999999284,
        "finish_acs_dispatch_time": 0.017016153999999784
    },
    "t_user_16": {
        "redirect_time": 0.003038660000000082,
        "build_auth_time": 0.0008282889999999821,
        "login_time": 0.002189211999999996,
        "acs_dispatch_time": 0.0035211739999998493,
        "finish_acs_dispatch_time": 0.018088779000000166
    },
    "t_user_17": {
        "redirect_time": 0.003072072000000148,
        "build_auth_time": 0.000832025000000014,
        "login_time": 0.002220310000000003,
        "acs_dispatch_time": 0.0031903529999999236,
        "finish_acs_dispatch_time": 0.01648873999999978
    },
    "t_user_18": {
        "redirect_time": 0.0030015290000000583,
        "build_auth_time": 0.0008195020000001385,
        "login_time": 0.0021624009999998695,
        "acs_dispatch_time": 0.0037342410000000825,
        "finish_acs_dispatch_time": 0.01708537500000018
    },
    "t_user_19": {
        "redirect_time": 0.0030247869999999732,
        "build_auth_time": 0.0008321460000000336,
        "login_time": 0.0021742060000000674,
        "acs_dispatch_time": 0.002932299000000249,
        "finish_acs_dispatch_time": 0.016673904000000128
    },
    "t_user_20": {
        "redirect_time": 0.003075267999999909,
        "build_auth_time": 0.0008313129999999447,
        "login_time": 0.002223977000000099,
        "acs_dispatch_time": 0.003816816999999695,
        "finish_acs_dispatch_time": 0.015966479999999894
    },
    "t_user_21": {
        "redirect_time": 0.003037938999999934,
        "build_auth_time": 0.0008319350000001169,
        "login_time": 0.002185996999999995,
        "acs_dispatch_time": 0.0031075020000002063,
        "finish_acs_dispatch_time": 0.016235473000000056
    },
    "t_user_22": {
        "redirect_time": 0.0030335889999997256,
        "build_auth_time": 0.0008800939999997759,
        "login_time": 0.0021302119999999647,
        "acs_dispatch_time": 0.0035316019999998005,
        "finish_acs_dispatch_time": 0.01648671100000021
    },
    "t_user_23": {
        "redirect_time": 0.003412118000000408,
        "build_auth_time": 0.001066414000000293,
        "login_time": 0.0023190949999998267,
        "acs_dispatch_time": 0.00344342700000011,
        "finish_acs_dispatch_time": 0.017494214999999702
    },
    "t_user_24": {
        "redirect_time": 0.0031114359999997454,
        "build_auth_time": 0.0008758869999998531,
        "login_time": 0.0022128370000000785,
        "acs_dispatch_time": 0.003424137000000105,
        "finish_acs_dispatch_time": 0.01544827900000012
    },
    "t_user_25": {
        "redirect_time": 0.0030950160000000615,
        "build_auth_time": 0.0008857249999998373,
        "login_time": 0.0021871290000001764,
        "acs_dispatch_time": 0.003315827999999854,
        "finish_acs_dispatch_time": 0.017558198000000136
    },
    "t_user_26": {
        "redirect_time": 0.003152603000000198,
        "build_auth_time": 0.0008843330000001259,
        "login_time": 0.0022439140000001245,
        "acs_dispatch_time": 0.003234728000000242,
        "finish_acs_dispatch_time": 0.016801443999999943
    },
    "t_user_28": {
        "redirect_time": 0.0030387400000000397,
        "build_auth_time": 0.0008399709999999949,
        "login_time": 0.002177287999999944,
        "acs_dispatch_time": 0.0033364390000003574,
        "finish_acs_dispatch_time": 0.017589255000000303
    },
    "t_user_27": {
        "redirect_time": 0.003043198999999941,
        "build_auth_time": 0.0008194609999998548,
        "login_time": 0.002201134999999965,
        "acs_dispatch_time": 0.0037831540000001773,
        "finish_acs_dispatch_time": 0.01761886300000004
    },
    "t_user_29": {
        "redirect_time": 0.0030407829999998803,
        "build_auth_time": 0.0008255029999997276,
        "login_time": 0.002193770000000317,
        "acs_dispatch_time": 0.003615744999999837,