{
    "t_user_1": {
        "redirect_time": 0.003050814000000013,
        "build_auth_time": 0.0008073889999999917,
        "login_time": 0.002223157000000031,
        "acs_dispatch_time": 0.0033440719999999757,
        "finish_acs_dispatch_time": 0.016467997000000123
    },
    "t_user_2": {
        "redirect_time": 0.0030372069999999862,
        "build_auth_time": 0.0008278670000000377,
        "login_time": 0.002189993999999973,
        "acs_dispatch_time": 0.0040586140000000714,
        "finish_acs_dispatch_time": 0.020102525999999843
    },
    "t_user_3": {
        "redirect_time": 0.0034452099999999763,
        "build_auth_time": 0.0012654349999999814,
        "login_time": 0.0021606100000000072,
        "acs_dispatch_time": 0.0029861719999999536,
        "finish_acs_dispatch_time": 0.017911862000000056
    },
    "t_user_4": {
        "redirect_time": 0.00306672100000005,
        "build_auth_time": 0.0008657170000000436,
        "login_time": 0.0021817379999999886,
        "acs_dispatch_time": 0.0033860599999999685,
        "finish_acs_dispatch_time": 0.017397098
    },
    "t_user_5": {
        "redirect_time": 0.003031727999999956,
        "build_auth_time": 0.0008496390000000131,
        "login_time": 0.002158644999999959,
        "acs_dispatch_time": 0.0028647669999999348,
        "finish_acs_dispatch_time": 0.015495180000000053
    },
    "t_user_6": {
        "redirect_time": 0.0030191240000000397,
        "build_auth_time": 0.0008213160000000164,
        "login_time": 0.0021782920000000816,
        "acs_dispatch_time": 0.002964690000000103,
        "finish_acs_dispatch_time": 0.01565518099999985
    },
    "t_user_7": {
        "redirect_time": 0.0030862889999999643,
        "build_auth_time": 0.0008502200000000126,
        "login_time": 0.0022142779999999584,
        "acs_dispatch_time": 0.0030292720000000273,
        "finish_acs_dispatch_time": 0.015253210000000017
    },
    "t_user_8": {
        "redirect_time": 0.003005798000000004,
        "build_auth_time": 0.0008348400000000034,
        "login_time": 0.0021501800000000015,
        "acs_dispatch_time": 0.0029414600000000624,
        "finish_acs_dispatch_time": 0.01566037600000003
    },
    "t_user_9": {
        "redirect_time": 0.003016658000000061,
        "build_auth_time": 0.0008563300000000718,
        "login_time": 0.002140350999999985,
        "acs_dispatch_time": 0.0029914500000001176,
        "finish_acs_dispatch_time": 0.016085676000000104
    },
    "t_user_10": {
        "redirect_time": 0.0030624630000000153,
        "build_auth_time": 0.0008341889999999852,
        "login_time": 0.0022086680000000802,
        "acs_dispatch_time": 0.003092292000000052,
        "finish_acs_dispatch_time": 0.01590646200000001
    },
    "t_user_11": {
        "redirect_time": 0.0031163659999999815,
        "build_auth_time": 0.0008868979999999693,
        "login_time": 0.0022073570000000764,
        "acs_dispatch_time": 0.0033608609999999928,
        "finish_acs_dispatch_time": 0.016506133000000034
    },
    "t_user_12": {
        "redirect_time": 0.003012071000000005,
        "build_auth_time": 0.0008371960000000955,
        "login_time": 0.002154506999999972,
        "acs_dispatch_time": 0.0032657519999998996,
        "finish_acs_dispatch_time": 0.015709112000000136
    },
    "t_user_13": {
        "redirect_time": 0.003071150999999994,
        "build_auth_time": 0.0008155140000000172,
        "login_time": 0.0022359690000000043,
        "acs_dispatch_time": 0.002967955999999994,
        "finish_acs_dispatch_time": 0.016372759999999875
    },
    "t_user_14": {
        "redirect_time": 0.002965624,
        "build_auth_time": 0.0008731730000000049,
        "login_time": 0.0020746579999999515,
        "acs_dispatch_time": 0.0030262770000000216,
        "finish_acs_dispatch_time": 0.015571634000000056
    },
    "t_user_15": {
        "redirect_time": 0.0031987509999999997,
        "build_auth_time": 0.0009396779999999438,
        "login_time": 0.00223458700000001,
        "acs_dispatch_time": 0.003246821999999927,
        "finish_acs_dispatch_time": 0.017480856999999794
    },
    "t_user_17": {
        "redirect_time": 0.0032480990000001153,
        "build_auth_time": 0.000935388000000037,
        "login_time": 0.002289978999999942,
        "acs_dispatch_time": 0.0032295969999998064,
        "finish_acs_dispatch_time": 0.016912382000000115
    },
    "t_user_16": {
        "redirect_time": 0.0030202059999999697,
        "build_auth_time": 0.0008276969999998496,
        "login_time": 0.0021738829999999876,
        "acs_dispatch_time": 0.0035784370000002674,
        "finish_acs_dispatch_time": 0.01754919300000024
    },
    "t_user_18": {
        "redirect_time": 0.00322110199999992,
        "build_auth_time": 0.0009889490000001278,
        "login_time": 0.002210782999999994,
        "acs_dispatch_time": 0.003162981000000009,
        "finish_acs_dispatch_time": 0.016665696000000008
    },
    "t_user_19": {
        "redirect_time": 0.003058406000000069,
        "build_auth_time": 0.0008584040000001458,
        "login_time": 0.002176157999999928,
        "acs_dispatch_time": 0.0031347400000001358,
        "finish_acs_dispatch_time": 0.016821882999999982
    },
    "t_user_20": {
        "redirect_time": 0.003053667000000093,
        "build_auth_time": 0.000853006000000267,
        "login_time": 0.0021783289999999234,
        "acs_dispatch_time": 0.003088382000000056,
        "finish_acs_dispatch_time": 0.017286739999999856
    },
    "t_user_21": {
        "redirect_time": 0.003204111000000065,
        "build_auth_time": 0.0008557289999999718,
        "login_time": 0.002328363999999805,
        "acs_dispatch_time": 0.00336404899999998,
        "finish_acs_dispatch_time": 0.01625646199999986
    },
    "t_user_22": {
        "redirect_time": 0.0030381689999998684,
        "build_auth_time": 0.0008343289999999115,
        "login_time": 0.002182319999999738,
        "acs_dispatch_time": 0.0027246559999998254,
        "finish_acs_dispatch_time": 0.0154683659999999
    },
    "t_user_23": {
        "redirect_time": 0.0030506139999997295,
        "build_auth_time": 0.0008594269999999682,
        "login_time": 0.002169616999999846,
        "acs_dispatch_time": 0.0028178389999999887,
        "finish_acs_dispatch_time": 0.016253855999999622
    },
    "t_user_24": {
        "redirect_time": 0.0032769959999998655,
        "build_auth_time": 0.0008324459999999867,
        "login_time": 0.002420545000000107,
        "acs_dispatch_time": 0.003284499000000274,
        "finish_acs_dispatch_time": 0.016147087999999865
    },
    "t_user_25": {
        "redirect_time": 0.0030491289999998727,
        "build_auth_time": 0.000842974999999857,
        "login_time": 0.002185805999999957,
        "acs_dispatch_time": 0.0034198930000002292,
        "finish_acs_dispatch_time": 0.017509404000000117
    },
    "t_user_26": {
        "redirect_time": 0.0031290969999999696,
        "build_auth_time": 0.00087524700000019,
        "login_time": 0.00223190899999981,
        "acs_dispatch_time": 0.0033637770000001233,
        "finish_acs_dispatch_time": 0.04392628399999987
    },
    "t_user_27": {
        "redirect_time": 0.0029923729999996596,
        "build_auth_time": 0.0008054359999998262,
        "login_time": 0.002168661999999877,
        "acs_dispatch_time": 0.0033231929999999466,
        "finish_acs_dispatch_time": 0.015540930999999869
    },
    "t_user_28": {
        "redirect_time": 0.002894882999999737,
        "build_auth_time": 0.000782192999999598,
        "login_time": 0.0020960380000003553,
        "acs_dispatch_time": 0.002953258999999875,
        "finish_acs_dispatch_time": 0.015679271999999855
    },
    "t_user_29": {
        "redirect_time": 0.003058486000000027,
        "build_auth_time": 0.0008190300000001649,
        "login_time": 0.0022186369999999123,
        "acs_dispatch_time": 0.0033361350000000733,
        "finish_acs_dispatch_time": 0.015036332000000208
    },