{
    "t_user_1": {
        "redirect_time": 0.003065340999999999,
        "build_auth_time": 0.0008331269999999891,
        "login_time": 0.0022078890000000184,
        "acs_dispatch_time": 0.0035835880000001374,
        "finish_acs_dispatch_time": 0.015552190999999826
    },
    "t_user_2": {
        "redirect_time": 0.0030773519999999777,
        "build_auth_time": 0.0008616489999999644,
        "login_time": 0.0021955250000000315,
        "acs_dispatch_time": 0.0026202870000000544,
        "finish_acs_dispatch_time": 0.020042313000000034
    },
    "t_user_3": {
        "redirect_time": 0.0034756169999999864,
        "build_auth_time": 0.0013022239999999075,
        "login_time": 0.0021534460000000033,
        "acs_dispatch_time": 0.003266213999999934,
        "finish_acs_dispatch_time": 0.01716939500000003
    },
    "t_user_4": {
        "redirect_time": 0.0030401530000000454,
        "build_auth_time": 0.0008725299999999825,
        "login_time": 0.002147004000000008,
        "acs_dispatch_time": 0.0034426530000000177,
        "finish_acs_dispatch_time": 0.016032271000000042
    },
    "t_user_5": {
        "redirect_time": 0.0029934060000000873,
        "build_auth_time": 0.000842385000000001,
        "login_time": 0.0021300419999999987,
        "acs_dispatch_time": 0.0029790379999998784,
        "finish_acs_dispatch_time": 0.016194396999999805
    },
    "t_user_6": {
        "redirect_time": 0.0030781029999999987,
        "build_auth_time": 0.0008735519999999442,
        "login_time": 0.0021819990000000455,
        "acs_dispatch_time": 0.0029773949999998273,
        "finish_acs_dispatch_time": 0.015976735000000186
    },
    "t_user_7": {
        "redirect_time": 0.003019325999999989,
        "build_auth_time": 0.0008382980000000151,
        "login_time": 0.002160810000000013,
        "acs_dispatch_time": 0.0028435449999999474,
        "finish_acs_dispatch_time": 0.01620399199999989
    },
    "t_user_8": {
        "redirect_time": 0.00300036799999992,
        "build_auth_time": 0.0008423140000000107,
        "login_time": 0.002137254999999949,
        "acs_dispatch_time": 0.0038854660000000596,
        "finish_acs_dispatch_time": 0.020140293999999948
    },
    "t_user_9": {
        "redirect_time": 0.003294228999999982,
        "build_auth_time": 0.0008809969999999945,
        "login_time": 0.0023911610000000305,
        "acs_dispatch_time": 0.00299444900000001,
        "finish_acs_dispatch_time": 0.01589556400000003
    },
    "t_user_10": {
        "redirect_time": 0.002959612000000056,
        "build_auth_time": 0.0008208840000000217,
        "login_time": 0.0021179890000000423,
        "acs_dispatch_time": 0.003334233000000131,
        "finish_acs_dispatch_time": 0.0166192329999999
    },
    "t_user_11": {
        "redirect_time": 0.0032252680000000034,
        "build_auth_time": 0.000959032999999998,
        "login_time": 0.002238061999999985,
        "acs_dispatch_time": 0.004009345000000053,
        "finish_acs_dispatch_time": 0.016057209000000183
    },
    "t_user_12": {
        "redirect_time": 0.0030462060000000513,
        "build_auth_time": 0.0008494790000000974,
        "login_time": 0.0021742449999999636,
        "acs_dispatch_time": 0.003504861000000137,
        "finish_acs_dispatch_time": 0.01608279800000023
    },
    "t_user_13": {
        "redirect_time": 0.0030370280000000527,
        "build_auth_time": 0.0008671709999999999,
        "login_time": 0.0021297920000000747,
        "acs_dispatch_time": 0.0032949320000001947,
        "finish_acs_dispatch_time": 0.015299818000000354
    },
    "t_user_14": {
        "redirect_time": 0.003115752999999999,
        "build_auth_time": 0.0008737829999999613,
        "login_time": 0.002221812000000045,
        "acs_dispatch_time": 0.003393833999999707,
        "finish_acs_dispatch_time": 0.01621893799999974
    },
    "t_user_15": {
        "redirect_time": 0.0032158219999998128,
        "build_auth_time": 0.0008413939999998288,
        "login_time": 0.0023537090000000926,
        "acs_dispatch_time": 0.003257516000000127,
        "finish_acs_dispatch_time": 0.017280491000000175
    },
    "t_user_16": {
        "redirect_time": 0.0032057519999999506,
        "build_auth_time": 0.0008650769999998253,
        "login_time": 0.00231444599999997,
        "acs_dispatch_time": 0.003106858000000212,
        "finish_acs_dispatch_time": 0.01691881499999992
    },
    "t_user_17": {
        "redirect_time": 0.003597284000000034,
        "build_auth_time": 0.0014245230000000664,
        "login_time": 0.00215307500000006,
        "acs_dispatch_time": 0.004264592000000178,
        "finish_acs_dispatch_time": 0.017179322000000052
    },
    "t_user_18": {
        "redirect_time": 0.0030740270000000347,
        "build_auth_time": 0.0008350409999999808,
        "login_time": 0.002218336999999959,
        "acs_dispatch_time": 0.0034336979999998185,
        "finish_acs_dispatch_time": 0.016535773999999837
    },
    "t_user_19": {
        "redirect_time": 0.003051514000000033,
        "build_auth_time": 0.0008560099999999071,
        "login_time": 0.0021757179999999376,
        "acs_dispatch_time": 0.0029238639999999982,
        "finish_acs_dispatch_time": 0.015778663000000304
    },
    "t_user_20": {
        "redirect_time": 0.0031312729999999345,
        "build_auth_time": 0.0008711889999999389,
        "login_time": 0.002236651000000034,
        "acs_dispatch_time": 0.0036629580000000495,
        "finish_acs_dispatch_time": 0.01568785100000003
    },
    "t_user_21": {
        "redirect_time": 0.0031384039999999835,
        "build_auth_time": 0.000892976999999906,
        "login_time": 0.0022233160000000307,
        "acs_dispatch_time": 0.00427276600000015,
        "finish_acs_dispatch_time": 0.018417662000000057
    },
    "t_user_22": {
        "redirect_time": 0.0033120730000000265,
        "build_auth_time": 0.001065030999999994,
        "login_time": 0.0022253410000001583,
        "acs_dispatch_time": 0.003269581000000077,
        "finish_acs_dispatch_time": 0.015786376999999963
    },
    "t_user_23": {
        "redirect_time": 0.0031464219999999266,
        "build_auth_time": 0.0008873379999996267,
        "login_time": 0.002234427999999955,
        "acs_dispatch_time": 0.0031324559999998947,
        "finish_acs_dispatch_time": 0.04879040500000009
    },
    "t_user_24": {
        "redirect_time": 0.0031073859999999343,
        "build_auth_time": 0.0008596659999997591,
        "login_time": 0.002226932000000126,
        "acs_dispatch_time": 0.003379068000000096,
        "finish_acs_dispatch_time": 0.017309287999999867
    },
    "t_user_25": {
        "redirect_time": 0.0030656119999998843,
        "build_auth_time": 0.0008539169999997043,
        "login_time": 0.002191457000000341,
        "acs_dispatch_time": 0.0033792079999996893,
        "finish_acs_dispatch_time": 0.016564235999999788
    },
    "t_user_26": {
        "redirect_time": 0.0030720909999999435,
        "build_auth_time": 0.0008687029999996376,
        "login_time": 0.002183040000000247,
        "acs_dispatch_time": 0.0036378870000000063,
        "finish_acs_dispatch_time": 0.01583581700000014
    },
    "t_user_28": {
        "redirect_time": 0.0032006229999996805,
        "build_auth_time": 0.0008546479999997914,
        "login_time": 0.002321939999999856,
        "acs_dispatch_time": 0.0036445839999998952,
        "finish_acs_dispatch_time": 0.018703863999999903
    },
    "t_user_27": {
        "redirect_time": 0.003040332000000312,
        "build_auth_time": 0.0008567110000003986,
        "login_time": 0.0021644749999998325,
        "acs_dispatch_time": 0.002914007999999857,
        "finish_acs_dispatch_time": 0.016234025000000152
    },
    "t_user_29": {
        "redirect_time": 0.003210673999999969,
        "build_auth_time": 0.0008974179999996501,
        "login_time": 0.0022921160000000107,
        "acs_dispatch_time": 0.0033077650000001846,
        "finish_acs_dispatch_time": 0.015393729999999994
    },