{
    "t_user_1": {
        "redirect_time": 0.012838561999999998,
        "get_access_token_time": 0.011871626999999663,
        "decode_id_token_time": 0.00021643399999993207,
        "complete_login_time": 0.013805301000000103,
        "dispatch_time": 0.04828767299999992
    },
    "t_user_2": {
        "redirect_time": 0.013856231999999968,
        "get_access_token_time": 0.011642817999999888,
        "decode_id_token_time": 0.00023169300000036586,
        "complete_login_time": 0.013662658999999966,
        "dispatch_time": 0.04811019299999986
    },
    "t_user_3": {
        "redirect_time": 0.013790744999999993,
        "get_access_token_time": 0.012373089000000004,
        "decode_id_token_time": 0.0007093060000000762,
        "complete_login_time": 0.014429964999999711,
        "dispatch_time": 0.052168764999999784
    },
    "t_user_4": {
        "redirect_time": 0.013955006999999964,
        "get_access_token_time": 0.011513519000000194,
        "decode_id_token_time": 0.00022534100000015655,
        "complete_login_time": 0.013375045999999724,
        "dispatch_time": 0.052902779999999705
    },
    "t_user_5": {
        "redirect_time": 0.013187004000000058,
        "get_access_token_time": 0.0118030560000002,
        "decode_id_token_time": 0.0002264630000001766,
        "complete_login_time": 0.013755412000000078,
        "dispatch_time": 0.05309815100000037
    },
    "t_user_6": {
        "redirect_time": 0.01369678799999996,
        "get_access_token_time": 0.011449755000000117,
        "decode_id_token_time": 0.00024427599999965466,
        "complete_login_time": 0.013613166000000287,
        "dispatch_time": 0.04878699500000039
    },
    "t_user_7": {
        "redirect_time": 0.01282860100000005,
        "get_access_token_time": 0.011295760000000321,
        "decode_id_token_time": 0.0002392369999997257,
        "complete_login_time": 0.0157462439999998,
        "dispatch_time": 0.04942869800000027
    },
    "t_user_8": {
        "redirect_time": 0.017376606000000017,
        "get_access_token_time": 0.011931791999999941,
        "decode_id_token_time": 0.00028052299999981045,
        "complete_login_time": 0.013640065999999784,
        "dispatch_time": 0.04806914700000009
    },
    "t_user_9": {
        "redirect_time": 0.014236747999999966,
        "get_access_token_time": 0.011459376999999993,
        "decode_id_token_time": 0.000282809000000217,
        "complete_login_time": 0.013939482000000059,
        "dispatch_time": 0.04813295400000017
    },
    "t_user_10": {
        "redirect_time": 0.014137057000000008,
        "get_access_token_time": 0.011113295000000356,
        "decode_id_token_time": 0.00023724299999994258,
        "complete_login_time": 0.01582762999999998,
        "dispatch_time": 0.04973285300000008
    },
    "t_user_11": {
        "redirect_time": 0.013951521999999938,
        "get_access_token_time": 0.01182694999999967,
        "decode_id_token_time": 0.00022759599999977453,
        "complete_login_time": 0.01340394800000011,
        "dispatch_time": 0.048614716999999974
    },
    "t_user_12": {
        "redirect_time": 0.017677359999999975,
        "get_access_token_time": 0.01149741500000001,
        "decode_id_token_time": 0.00020761800000013153,
        "complete_login_time": 0.013163016000000027,
        "dispatch_time": 0.05240808900000005
    },
    "t_user_14": {
        "redirect_time": 0.012764217999999827,
        "get_access_token_time": 0.011907134999999514,
        "decode_id_token_time": 0.0002154630000008595,
        "complete_login_time": 0.014180941000000225,
        "dispatch_time": 0.049518138999999906
    },
    "t_user_13": {
        "redirect_time": 0.014819197999999867,
        "get_access_token_time": 0.011002607999999192,
        "decode_id_token_time": 0.00020342000000006522,
        "complete_login_time": 0.012853526999999865,
        "dispatch_time": 0.045211647000000355
    },
    "t_user_15": {
        "redirect_time": 0.013116752999999814,
        "get_access_token_time": 0.011345459000000169,
        "decode_id_token_time": 0.0002071969999999368,
        "complete_login_time": 0.013477760999999866,
        "dispatch_time": 0.04760471499999941
    },
    "t_user_16": {
        "redirect_time": 0.012384811999999856,
        "get_access_token_time": 0.011781343,
        "decode_id_token_time": 0.00021901900000020902,
        "complete_login_time": 0.013333557000000162,
        "dispatch_time": 0.05358246000000033
    },
    "t_user_17": {
        "redirect_time": 0.012898142000000057,
        "get_access_token_time": 0.0115691490000005,
        "decode_id_token_time": 0.000235329999999756,
        "complete_login_time": 0.012938678999999453,
        "dispatch_time": 0.050258429000000326
    },
    "t_user_18": {
        "redirect_time": 0.01346852399999987,
        "get_access_token_time": 0.010654576000000304,
        "decode_id_token_time": 0.000425834999999708,
        "complete_login_time": 0.018203498000000096,
        "dispatch_time": 0.050282671999999806
    },
    "t_user_19": {
        "redirect_time": 0.01529673400000009,
        "get_access_token_time": 0.011555168000000116,
        "decode_id_token_time": 0.00023375699999927946,
        "complete_login_time": 0.014526861000000224,
        "dispatch_time": 0.048978057999999436
    },
    "t_user_20": {
        "redirect_time": 0.01326128900000012,
        "get_access_token_time": 0.012414169000000363,
        "decode_id_token_time": 0.0002379159999996716,
        "complete_login_time": 0.013510007999999907,
        "dispatch_time": 0.052377261000000175
    },
    "t_user_21": {
        "redirect_time": 0.014285764000000034,
        "get_access_token_time": 0.011684421,
        "decode_id_token_time": 0.0002475830000001622,
        "complete_login_time": 0.01682564700000011,
        "dispatch_time": 0.05261471600000078
    },
    "t_user_22": {
        "redirect_time": 0.014166525999999902,
        "get_access_token_time": 0.011731149000000052,
        "decode_id_token_time": 0.00021528200000009434,
        "complete_login_time": 0.013222996000000542,
        "dispatch_time": 0.04768154300000038
    },
    "t_user_23": {
        "redirect_time": 0.015314926000000062,
        "get_access_token_time": 0.010929765000000202,
        "decode_id_token_time": 0.00021584299999943823,
        "complete_login_time": 0.01594835000000039,
        "dispatch_time": 0.04849742200000051
    },
    "t_user_24": {
        "redirect_time": 0.01354229600000001,
        "get_access_token_time": 0.011762244999999893,
        "decode_id_token_time": 0.00022233500000012896,
        "complete_login_time": 0.013224096000000074,
        "dispatch_time": 0.04776619399999937
    },
    "t_user_25": {
        "redirect_time": 0.014858795999999952,
        "get_access_token_time": 0.010887037999999905,
        "decode_id_token_time": 0.0002602060000000961,
        "complete_login_time": 0.01295337499999949,
        "dispatch_time": 0.04518436200000053
    },
    "t_user_26": {
        "redirect_time": 0.015016002999999944,
        "get_access_token_time": 0.012651175000000237,
        "decode_id_token_time": 0.00021637499999993537,
        "complete_login_time": 0.01352770300000028,
        "dispatch_time": 0.0534292109999992
    },
    "t_user_28": {
        "redirect_time": 0.013587035999999886,
        "get_access_token_time": 0.013941833999999709,
        "decode_id_token_time": 0.0002549450000000064,
        "complete_login_time": 0.015226261000000463,
        "dispatch_time": 0.051197283999999676
    },
    "t_user_27": {
        "redirect_time": 0.014386259000000123,
        "get_access_token_time": 0.0115968870000005,
        "decode_id_token_time": 0.00020917099999984146,
        "complete_login_time": 0.012999742000000758,
        "dispatch_time": 0.04589184199999963
    },
    "t_user_29": {
        "redirect_time": 0.013164490999999945,
        "get_access_token_time": 0.012152145999999142,