{
    "t_user_1": {
        "redirect_time": 0.013166353999999991,
        "get_access_token_time": 0.011396718999999944,
        "decode_id_token_time": 0.0006883359999998451,
        "complete_login_time": 0.014166182999999943,
        "dispatch_time": 0.052946276000000125
    },
    "t_user_2": {
        "redirect_time": 0.01305780600000006,
        "get_access_token_time": 0.012088636999999736,
        "decode_id_token_time": 0.00022476000000004603,
        "complete_login_time": 0.013581936999999655,
        "dispatch_time": 0.04804199599999981
    },
    "t_user_3": {
        "redirect_time": 0.013977395000000059,
        "get_access_token_time": 0.011597800000000102,
        "decode_id_token_time": 0.0002559380000000111,
        "complete_login_time": 0.013942034999999908,
        "dispatch_time": 0.05317948800000005
    },
    "t_user_4": {
        "redirect_time": 0.01364435900000005,
        "get_access_token_time": 0.01698306599999988,
        "decode_id_token_time": 0.00020853000000009558,
        "complete_login_time": 0.013512963000000155,
        "dispatch_time": 0.05204909699999982
    },
    "t_user_5": {
        "redirect_time": 0.014078380000000057,
        "get_access_token_time": 0.011618174000000092,
        "decode_id_token_time": 0.0002177869999999693,
        "complete_login_time": 0.013013845999999774,
        "dispatch_time": 0.04742263300000005
    },
    "t_user_6": {
        "redirect_time": 0.01337430500000003,
        "get_access_token_time": 0.012100549999999988,
        "decode_id_token_time": 0.0002195210000000003,
        "complete_login_time": 0.012860127999999804,
        "dispatch_time": 0.05158533700000012
    },
    "t_user_7": {
        "redirect_time": 0.014221568999999934,
        "get_access_token_time": 0.016083210999999764,
        "decode_id_token_time": 0.0002616599999996083,
        "complete_login_time": 0.014289890000000138,
        "dispatch_time": 0.05349750500000017
    },
    "t_user_8": {
        "redirect_time": 0.013088034000000026,
        "get_access_token_time": 0.013950198999999941,
        "decode_id_token_time": 0.00024841500000016836,
        "complete_login_time": 0.013446832000000075,
        "dispatch_time": 0.050462752000000055
    },
    "t_user_9": {
        "redirect_time": 0.01569584600000007,
        "get_access_token_time": 0.012569826000000006,
        "decode_id_token_time": 0.00023812499999964487,
        "complete_login_time": 0.013490153999999865,
        "dispatch_time": 0.047905094000000314
    },
    "t_user_10": {
        "redirect_time": 0.01504896,
        "get_access_token_time": 0.010772468000000313,
        "decode_id_token_time": 0.0002455490000001781,
        "complete_login_time": 0.013229120999999733,
        "dispatch_time": 0.05037538099999983
    },
    "t_user_11": {
        "redirect_time": 0.01438178000000001,
        "get_access_token_time": 0.014248398000000106,
        "decode_id_token_time": 0.00023801500000009135,
        "complete_login_time": 0.013621302999999862,
        "dispatch_time": 0.050411061999999784
    },
    "t_user_12": {
        "redirect_time": 0.013629840000000115,
        "get_access_token_time": 0.012418072999999641,
        "decode_id_token_time": 0.00022783500000000956,
        "complete_login_time": 0.013470410999999682,
        "dispatch_time": 0.05039381099999973
    },
    "t_user_14": {
        "redirect_time": 0.01498043800000004,
        "get_access_token_time": 0.011570546000000181,
        "decode_id_token_time": 0.00025432500000022173,
        "complete_login_time": 0.014186962000000136,
        "dispatch_time": 0.053049501999999915
    },
    "t_user_13": {
        "redirect_time": 0.013358613999999935,
        "get_access_token_time": 0.011557000000000262,
        "decode_id_token_time": 0.00020643600000003204,
        "complete_login_time": 0.012848663000000204,
        "dispatch_time": 0.051752569000000026
    },
    "t_user_15": {
        "redirect_time": 0.014526825999999993,
        "get_access_token_time": 0.012061189000000194,
        "decode_id_token_time": 0.00024663099999999716,
        "complete_login_time": 0.013173892999999826,
        "dispatch_time": 0.04853809500000006
    },
    "t_user_16": {
        "redirect_time": 0.014458658000000124,
        "get_access_token_time": 0.011745942999999759,
        "decode_id_token_time": 0.0002487460000000219,
        "complete_login_time": 0.013380473999999865,
        "dispatch_time": 0.0509129960000001
    },
    "t_user_17": {
        "redirect_time": 0.0141308309999999,
        "get_access_token_time": 0.011173122000000202,
        "decode_id_token_time": 0.00019390199999991253,
        "complete_login_time": 0.013330369999999814,
        "dispatch_time": 0.04707797400000002
    },
    "t_user_18": {
        "redirect_time": 0.014013845000000025,
        "get_access_token_time": 0.017839154000000246,
        "decode_id_token_time": 0.00020569500000000573,
        "complete_login_time": 0.01317359699999976,
        "dispatch_time": 0.053425509000000204
    },
    "t_user_19": {
        "redirect_time": 0.014621629999999941,
        "get_access_token_time": 0.01133887499999986,
        "decode_id_token_time": 0.0002061050000001785,
        "complete_login_time": 0.012637634999999925,
        "dispatch_time": 0.04787556600000009
    },
    "t_user_20": {
        "redirect_time": 0.013872560999999894,
        "get_access_token_time": 0.011279005000000009,
        "decode_id_token_time": 0.00019949300000021708,
        "complete_login_time": 0.012790477999999883,
        "dispatch_time": 0.04715579599999975
    },
    "t_user_21": {
        "redirect_time": 0.013971090000000075,
        "get_access_token_time": 0.011253326999999924,
        "decode_id_token_time": 0.00022898799999993003,
        "complete_login_time": 0.013420611999999998,
        "dispatch_time": 0.04736430800000013
    },
    "t_user_22": {
        "redirect_time": 0.013314647000000068,
        "get_access_token_time": 0.011678275999999599,
        "decode_id_token_time": 0.00021918899999961994,
        "complete_login_time": 0.013184945999999975,
        "dispatch_time": 0.04844158899999984
    },
    "t_user_23": {
        "redirect_time": 0.013599958000000134,
        "get_access_token_time": 0.01157502300000024,
        "decode_id_token_time": 0.00023404799999982018,
        "complete_login_time": 0.013378417000000198,
        "dispatch_time": 0.0507466889999999
    },
    "t_user_24": {
        "redirect_time": 0.013783089999999998,
        "get_access_token_time": 0.011231202000000273,
        "decode_id_token_time": 0.0003883450000001787,
        "complete_login_time": 0.012582301999999768,
        "dispatch_time": 0.04862196199999991
    },
    "t_user_25": {
        "redirect_time": 0.013770398999999989,
        "get_access_token_time": 0.011214738000000057,
        "decode_id_token_time": 0.00020626600000017703,
        "complete_login_time": 0.012787198999999916,
        "dispatch_time": 0.04926352699999992
    },
    "t_user_26": {
        "redirect_time": 0.012429817999999981,
        "get_access_token_time": 0.011346854000000128,
        "decode_id_token_time": 0.0002170060000001861,
        "complete_login_time": 0.013861336000000168,
        "dispatch_time": 0.047917539999999814
    },
    "t_user_28": {
        "redirect_time": 0.013004715999999972,
        "get_access_token_time": 0.011945298000000548,
        "decode_id_token_time": 0.0002044429999994435,
        "complete_login_time": 0.013110544999999973,
        "dispatch_time": 0.05096014199999965
    },
    "t_user_27": {
        "redirect_time": 0.013673840000000048,
        "get_access_token_time": 0.011538288999999757,
        "decode_id_token_time": 0.00019608699999995594,
        "complete_login_time": 0.012998352000000324,
        "dispatch_time": 0.046318461000000255
    },
    "t_user_29": {
        "redirect_time": 0.014268241999999987,
        "get_access_token_time": 0.012093785000000246,