{
    "t_user_1": {
        "redirect_time": 0.01429206500000002,
        "get_access_token_time": 0.011001331000000114,
        "decode_id_token_time": 0.0001795860000002314,
        "complete_login_time": 0.012551533999999975,
        "dispatch_time": 0.05116424900000016
    },
    "t_user_2": {
        "redirect_time": 0.013792087000000008,
        "get_access_token_time": 0.011148186000000226,
        "decode_id_token_time": 0.00024063999999990315,
        "complete_login_time": 0.0136933159999999,
        "dispatch_time": 0.04658787600000025
    },
    "t_user_3": {
        "redirect_time": 0.014350941000000006,
        "get_access_token_time": 0.01102900600000023,
        "decode_id_token_time": 0.0001791450000001582,
        "complete_login_time": 0.012342234000000118,
        "dispatch_time": 0.04458130299999974
    },
    "t_user_4": {
        "redirect_time": 0.013815012999999987,
        "get_access_token_time": 0.010903890999999888,
        "decode_id_token_time": 0.00018317200000028677,
        "complete_login_time": 0.012247589000000225,
        "dispatch_time": 0.04739915700000008
    },
    "t_user_5": {
        "redirect_time": 0.014246067999999945,
        "get_access_token_time": 0.012471546,
        "decode_id_token_time": 0.00020676599999980283,
        "complete_login_time": 0.013129623000000201,
        "dispatch_time": 0.04647963300000013
    },
    "t_user_6": {
        "redirect_time": 0.013636377000000088,
        "get_access_token_time": 0.012467466000000371,
        "decode_id_token_time": 0.0002164439999998713,
        "complete_login_time": 0.012738152999999919,
        "dispatch_time": 0.05065695700000017
    },
    "t_user_7": {
        "redirect_time": 0.013394409999999968,
        "get_access_token_time": 0.014156836999999811,
        "decode_id_token_time": 0.0002429440000000227,
        "complete_login_time": 0.013695854000000285,
        "dispatch_time": 0.04967842500000019
    },
    "t_user_8": {
        "redirect_time": 0.015701955000000045,
        "get_access_token_time": 0.01557126600000025,
        "decode_id_token_time": 0.0002299290000000731,
        "complete_login_time": 0.013336884999999743,
        "dispatch_time": 0.05134255599999982
    },
    "t_user_9": {
        "redirect_time": 0.013500159999999983,
        "get_access_token_time": 0.01144708800000016,
        "decode_id_token_time": 0.0002521720000001615,
        "complete_login_time": 0.01620065100000012,
        "dispatch_time": 0.05319000499999982
    },
    "t_user_10": {
        "redirect_time": 0.014778899000000068,
        "get_access_token_time": 0.010930173999999848,
        "decode_id_token_time": 0.00025057800000016783,
        "complete_login_time": 0.014336040999999966,
        "dispatch_time": 0.047113562999999914
    },
    "t_user_11": {
        "redirect_time": 0.013091377999999931,
        "get_access_token_time": 0.011956076000000149,
        "decode_id_token_time": 0.00019756900000000854,
        "complete_login_time": 0.013600029000000013,
        "dispatch_time": 0.05325192000000012
    },
    "t_user_12": {
        "redirect_time": 0.013673556999999947,
        "get_access_token_time": 0.011668290000000026,
        "decode_id_token_time": 0.0007715319999999082,
        "complete_login_time": 0.014050216000000004,
        "dispatch_time": 0.05238628200000006
    },
    "t_user_13": {
        "redirect_time": 0.01524613099999983,
        "get_access_token_time": 0.012090809000000036,
        "decode_id_token_time": 0.00029608400000036283,
        "complete_login_time": 0.014306368999999819,
        "dispatch_time": 0.04949329200000019
    },
    "t_user_14": {
        "redirect_time": 0.013199716000000139,
        "get_access_token_time": 0.017786218000000353,
        "decode_id_token_time": 0.00020720699999987602,
        "complete_login_time": 0.01307270599999999,
        "dispatch_time": 0.05237946800000026
    },
    "t_user_15": {
        "redirect_time": 0.01378229799999997,
        "get_access_token_time": 0.011230900000000155,
        "decode_id_token_time": 0.00022909800000014968,
        "complete_login_time": 0.013769164000000167,
        "dispatch_time": 0.05105750699999989
    },
    "t_user_16": {
        "redirect_time": 0.015768137000000015,
        "get_access_token_time": 0.010819104000000301,
        "decode_id_token_time": 0.00022584200000030918,
        "complete_login_time": 0.012990542000000271,
        "dispatch_time": 0.04510731800000034
    },
    "t_user_17": {
        "redirect_time": 0.013097734000000028,
        "get_access_token_time": 0.012483313999999801,
        "decode_id_token_time": 0.00020860899999997073,
        "complete_login_time": 0.013345993000000167,
        "dispatch_time": 0.04783077899999988
    },
    "t_user_19": {
        "redirect_time": 0.014372687999999911,
        "get_access_token_time": 0.01380725000000016,
        "decode_id_token_time": 0.00025217100000007875,
        "complete_login_time": 0.014502510999999885,
        "dispatch_time": 0.05927594199999975
    },
    "t_user_20": {
        "redirect_time": 0.01291960400000014,
        "get_access_token_time": 0.011014976000000232,
        "decode_id_token_time": 0.0002099929999999084,
        "complete_login_time": 0.013149204999999942,
        "dispatch_time": 0.04888186699999997
    },
    "t_user_18": {
        "redirect_time": 0.014727796999999931,
        "get_access_token_time": 0.011658884999999675,
        "decode_id_token_time": 0.0002319439999998174,
        "complete_login_time": 0.013694352999999992,
        "dispatch_time": 0.05301951400000027
    },
    "t_user_21": {
        "redirect_time": 0.015319111999999802,
        "get_access_token_time": 0.013595142999999865,
        "decode_id_token_time": 0.00020248799999977862,
        "complete_login_time": 0.012819813000000124,
        "dispatch_time": 0.04939666500000017
    },
    "t_user_22": {
        "redirect_time": 0.01538978499999999,
        "get_access_token_time": 0.011415406999999878,
        "decode_id_token_time": 0.00020287999999979434,
        "complete_login_time": 0.013212127000000073,
        "dispatch_time": 0.05700259499999971
    },
    "t_user_23": {
        "redirect_time": 0.019251037000000082,
        "get_access_token_time": 0.01120833500000007,
        "decode_id_token_time": 0.0002180580000001875,
        "complete_login_time": 0.012992134999999738,
        "dispatch_time": 0.04565865200000019
    },
    "t_user_24": {
        "redirect_time": 0.01379302800000004,
        "get_access_token_time": 0.011399008000000155,
        "decode_id_token_time": 0.00023247400000014906,
        "complete_login_time": 0.01295253900000004,
        "dispatch_time": 0.047341641999999684
    },
    "t_user_25": {
        "redirect_time": 0.013222438000000114,
        "get_access_token_time": 0.011605611000000238,
        "decode_id_token_time": 0.00019700800000022056,
        "complete_login_time": 0.013040066999999933,
        "dispatch_time": 0.052157873999999715
    },
    "t_user_26": {
        "redirect_time": 0.01499771399999994,
        "get_access_token_time": 0.01661839200000026,
        "decode_id_token_time": 0.00021303800000005424,
        "complete_login_time": 0.01371047199999964,
        "dispatch_time": 0.05196946000000002
    },
    "t_user_27": {
        "redirect_time": 0.013735754000000044,
        "get_access_token_time": 0.011459947000000081,
        "decode_id_token_time": 0.00020827899999975585,
        "complete_login_time": 0.013670823999999637,
        "dispatch_time": 0.046993571000000234
    },
    "t_user_29": {
        "redirect_time": 0.01512986400000016,
        "get_access_token_time": 0.01073192299999981,
        "decode_id_token_time": 0.00018879200000032625,
        "complete_login_time": 0.01228481799999992,
        "dispatch_time": 0.04349745399999971
    },
    "t_user_28": {
        "redirect_time": 0.014802596999999862,
        "get_access_token_time": 0.011761024999999758,