{
    "t_user_1": {
        "redirect_time": 0.013232144000000001,
        "get_access_token_time": 0.010887446999999995,
        "decode_id_token_time": 0.00021981999999987067,
        "complete_login_time": 0.013364194000000218,
        "dispatch_time": 0.04953781099999999
    },
    "t_user_2": {
        "redirect_time": 0.013469833000000042,
        "get_access_token_time": 0.011087024999999695,
        "decode_id_token_time": 0.00020998199999988643,
        "complete_login_time": 0.013085229000000087,
        "dispatch_time": 0.04554286900000015
    },
    "t_user_3": {
        "redirect_time": 0.013675056000000074,
        "get_access_token_time": 0.011198750000000146,
        "decode_id_token_time": 0.00021549300000023308,
        "complete_login_time": 0.013072661999999902,
        "dispatch_time": 0.048219293000000274
    },
    "t_user_4": {
        "redirect_time": 0.012948602000000031,
        "get_access_token_time": 0.011309471000000126,
        "decode_id_token_time": 0.00028293899999987104,
        "complete_login_time": 0.013544946000000113,
        "dispatch_time": 0.05261262199999983
    },
    "t_user_5": {
        "redirect_time": 0.012781886000000076,
        "get_access_token_time": 0.01179994399999984,
        "decode_id_token_time": 0.00023961799999971944,
        "complete_login_time": 0.01328714799999986,
        "dispatch_time": 0.04629439599999996
    },
    "t_user_6": {
        "redirect_time": 0.013383527999999978,
        "get_access_token_time": 0.016030599000000034,
        "decode_id_token_time": 0.00022493000000034513,
        "complete_login_time": 0.013128963000000216,
        "dispatch_time": 0.05132884599999965
    },
    "t_user_7": {
        "redirect_time": 0.014046683999999976,
        "get_access_token_time": 0.011379902999999914,
        "decode_id_token_time": 0.0002106539999999768,
        "complete_login_time": 0.013900683999999774,
        "dispatch_time": 0.05128653099999969
    },
    "t_user_8": {
        "redirect_time": 0.013930896000000081,
        "get_access_token_time": 0.015172866999999979,
        "decode_id_token_time": 0.0006571279999998403,
        "complete_login_time": 0.013993217000000335,
        "dispatch_time": 0.05271243700000028
    },
    "t_user_9": {
        "redirect_time": 0.01377685900000003,
        "get_access_token_time": 0.01148509200000003,
        "decode_id_token_time": 0.00020749800000041674,
        "complete_login_time": 0.013153855000000103,
        "dispatch_time": 0.04622275900000039
    },
    "t_user_10": {
        "redirect_time": 0.01318481199999999,
        "get_access_token_time": 0.011113686000000289,
        "decode_id_token_time": 0.00023828600000008748,
        "complete_login_time": 0.014465775000000125,
        "dispatch_time": 0.046836224000000204
    },
    "t_user_11": {
        "redirect_time": 0.017568670000000064,
        "get_access_token_time": 0.011293723000000089,
        "decode_id_token_time": 0.00020640599999977027,
        "complete_login_time": 0.015346848999999718,
        "dispatch_time": 0.047879677000000065
    },
    "t_user_12": {
        "redirect_time": 0.017501827999999886,
        "get_access_token_time": 0.011097551999999844,
        "decode_id_token_time": 0.00021028199999983954,
        "complete_login_time": 0.013730557000000143,
        "dispatch_time": 0.045646227000000206
    },
    "t_user_14": {
        "redirect_time": 0.013561402999999972,
        "get_access_token_time": 0.011011021999999926,
        "decode_id_token_time": 0.00020615500000031872,
        "complete_login_time": 0.012832072999999777,
        "dispatch_time": 0.046688987000000015
    },
    "t_user_13": {
        "redirect_time": 0.014334953000000095,
        "get_access_token_time": 0.011116153000000129,
        "decode_id_token_time": 0.00026273199999993224,
        "complete_login_time": 0.014144839000000076,
        "dispatch_time": 0.04652355699999999
    },
    "t_user_15": {
        "redirect_time": 0.014232393999999982,
        "get_access_token_time": 0.013674303000000165,
        "decode_id_token_time": 0.00021467200000024889,
        "complete_login_time": 0.01305651100000027,
        "dispatch_time": 0.047824569999999955
    },
    "t_user_16": {
        "redirect_time": 0.013766296000000011,
        "get_access_token_time": 0.012132649000000217,
        "decode_id_token_time": 0.00021386099999975983,
        "complete_login_time": 0.0130752799999998,
        "dispatch_time": 0.04683966299999964
    },
    "t_user_17": {
        "redirect_time": 0.014057718999999969,
        "get_access_token_time": 0.011541778999999863,
        "decode_id_token_time": 0.0002615089999999931,
        "complete_login_time": 0.014352339000000214,
        "dispatch_time": 0.055122333999999995
    },
    "t_user_18": {
        "redirect_time": 0.012816669000000003,
        "get_access_token_time": 0.012516644999999826,
        "decode_id_token_time": 0.00021288899999971633,
        "complete_login_time": 0.0127051589999998,
        "dispatch_time": 0.046259372999999826
    },
    "t_user_19": {
        "redirect_time": 0.01305117900000008,
        "get_access_token_time": 0.011403186999999981,
        "decode_id_token_time": 0.00019956299999979166,
        "complete_login_time": 0.012595528999999939,
        "dispatch_time": 0.047086708000000144
    },
    "t_user_20": {
        "redirect_time": 0.013754945999999935,
        "get_access_token_time": 0.012350357000000312,
        "decode_id_token_time": 0.00022155400000034575,
        "complete_login_time": 0.013228008000000013,
        "dispatch_time": 0.045946406000000106
    },
    "t_user_21": {
        "redirect_time": 0.013249687999999926,
        "get_access_token_time": 0.011050921000000269,
        "decode_id_token_time": 0.00020130700000020596,
        "complete_login_time": 0.04326399099999989,
        "dispatch_time": 0.07519335900000002
    },
    "t_user_22": {
        "redirect_time": 0.01371902200000008,
        "get_access_token_time": 0.011416746000000533,
        "decode_id_token_time": 0.00018852200000019081,
        "complete_login_time": 0.012658882000000204,
        "dispatch_time": 0.05277451200000005
    },
    "t_user_23": {
        "redirect_time": 0.013481159999999992,
        "get_access_token_time": 0.010968156000000118,
        "decode_id_token_time": 0.00025776300000002195,
        "complete_login_time": 0.01680579400000015,
        "dispatch_time": 0.04848822900000016
    },
    "t_user_24": {
        "redirect_time": 0.01449442099999998,
        "get_access_token_time": 0.011261563000000141,
        "decode_id_token_time": 0.00023514000000002255,
        "complete_login_time": 0.013175114000000043,
        "dispatch_time": 0.046256521000000106
    },
    "t_user_25": {
        "redirect_time": 0.013319795000000134,
        "get_access_token_time": 0.011155547000000432,
        "decode_id_token_time": 0.00019441400000008713,
        "complete_login_time": 0.01274044200000013,
        "dispatch_time": 0.045171218000000124
    },
    "t_user_26": {
        "redirect_time": 0.013332902999999785,
        "get_access_token_time": 0.011452393999999977,
        "decode_id_token_time": 0.0002694750000005186,
        "complete_login_time": 0.01405621999999962,
        "dispatch_time": 0.056750778999999696
    },
    "t_user_28": {
        "redirect_time": 0.013359254000000043,
        "get_access_token_time": 0.01058973399999985,
        "decode_id_token_time": 0.00018259099999973216,
        "complete_login_time": 0.01882886299999953,
        "dispatch_time": 0.04999062899999984
    },
    "t_user_27": {
        "redirect_time": 0.01346979600000009,
        "get_access_token_time": 0.011621622999999914,
        "decode_id_token_time": 0.00019076600000023092,
        "complete_login_time": 0.01285978299999968,
        "dispatch_time": 0.045524008000000116
    },
    "t_user_30": {
        "redirect_time": 0.0126491259999999,
        "get_access_token_time": 0.011989567000000534,