{
    "t_user_1": {
        "redirect_time": 0.013138549,
        "get_access_token_time": 0.01144729199999972,
        "decode_id_token_time": 0.00023123299999960878,
        "complete_login_time": 0.015062396999999894,
        "dispatch_time": 0.04957455899999985
    },
    "t_user_2": {
        "redirect_time": 0.012887466999999986,
        "get_access_token_time": 0.011177015999999984,
        "decode_id_token_time": 0.00020643600000003204,
        "complete_login_time": 0.012803224999999863,
        "dispatch_time": 0.049462164000000364
    },
    "t_user_3": {
        "redirect_time": 0.013685272999999998,
        "get_access_token_time": 0.011409459999999871,
        "decode_id_token_time": 0.00019884100000000515,
        "complete_login_time": 0.012491375999999832,
        "dispatch_time": 0.045789619000000226
    },
    "t_user_4": {
        "redirect_time": 0.013279937000000075,
        "get_access_token_time": 0.011130730000000089,
        "decode_id_token_time": 0.00022325899999975363,
        "complete_login_time": 0.012999477000000148,
        "dispatch_time": 0.04761072600000027
    },
    "t_user_5": {
        "redirect_time": 0.01295657699999997,
        "get_access_token_time": 0.011243710000000018,
        "decode_id_token_time": 0.00022890799999997213,
        "complete_login_time": 0.014007009000000181,
        "dispatch_time": 0.04831561899999981
    },
    "t_user_6": {
        "redirect_time": 0.013532599000000034,
        "get_access_token_time": 0.011888150999999958,
        "decode_id_token_time": 0.0002013460000003242,
        "complete_login_time": 0.013507140999999834,
        "dispatch_time": 0.0496568599999998
    },
    "t_user_7": {
        "redirect_time": 0.013546940000000007,
        "get_access_token_time": 0.011939971999999965,
        "decode_id_token_time": 0.00021631499999985593,
        "complete_login_time": 0.019354260999999706,
        "dispatch_time": 0.054641017000000236
    },
    "t_user_8": {
        "redirect_time": 0.014500850999999981,
        "get_access_token_time": 0.012051183000000076,
        "decode_id_token_time": 0.0006955600000000395,
        "complete_login_time": 0.014367725000000053,
        "dispatch_time": 0.0520113809999998
    },
    "t_user_9": {
        "redirect_time": 0.014342147000000027,
        "get_access_token_time": 0.011513819000000147,
        "decode_id_token_time": 0.00024706199999968703,
        "complete_login_time": 0.013082461000000212,
        "dispatch_time": 0.045472519000000045
    },
    "t_user_10": {
        "redirect_time": 0.013613070000000005,
        "get_access_token_time": 0.012389505000000245,
        "decode_id_token_time": 0.0002205919999997974,
        "complete_login_time": 0.012972723999999936,
        "dispatch_time": 0.048865474999999936
    },
    "t_user_11": {
        "redirect_time": 0.014587386999999952,
        "get_access_token_time": 0.013563655999999646,
        "decode_id_token_time": 0.00022479900000016428,
        "complete_login_time": 0.01310716600000017,
        "dispatch_time": 0.04990130000000015
    },
    "t_user_12": {
        "redirect_time": 0.018402774999999982,
        "get_access_token_time": 0.01633390499999976,
        "decode_id_token_time": 0.0002195000000000391,
        "complete_login_time": 0.013531781999999826,
        "dispatch_time": 0.05173945299999971
    },
    "t_user_14": {
        "redirect_time": 0.013275837999999984,
        "get_access_token_time": 0.011587900999999956,
        "decode_id_token_time": 0.00022525100000025944,
        "complete_login_time": 0.0128965950000004,
        "dispatch_time": 0.04713565999999991
    },
    "t_user_13": {
        "redirect_time": 0.015675217000000075,
        "get_access_token_time": 0.015732844999999607,
        "decode_id_token_time": 0.00022866700000001572,
        "complete_login_time": 0.013300901000000032,
        "dispatch_time": 0.04985026899999978
    },
    "t_user_15": {
        "redirect_time": 0.013770862000000106,
        "get_access_token_time": 0.011718492999999608,
        "decode_id_token_time": 0.000221863999999794,
        "complete_login_time": 0.012785972999999728,
        "dispatch_time": 0.04694626599999996
    },
    "t_user_16": {
        "redirect_time": 0.01493715200000012,
        "get_access_token_time": 0.011205668999999752,
        "decode_id_token_time": 0.000209150999999963,
        "complete_login_time": 0.012809890999999851,
        "dispatch_time": 0.04576257799999972
    },
    "t_user_17": {
        "redirect_time": 0.015458715999999928,
        "get_access_token_time": 0.013156506999999706,
        "decode_id_token_time": 0.00019633700000021292,
        "complete_login_time": 0.012911472000000312,
        "dispatch_time": 0.04751428699999982
    },
    "t_user_18": {
        "redirect_time": 0.012859952000000119,
        "get_access_token_time": 0.011135218000000169,
        "decode_id_token_time": 0.00020809899999996162,
        "complete_login_time": 0.019833076000000283,
        "dispatch_time": 0.05296060899999988
    },
    "t_user_19": {
        "redirect_time": 0.013267491000000131,
        "get_access_token_time": 0.010899365000000216,
        "decode_id_token_time": 0.00020883100000013144,
        "complete_login_time": 0.018682475999999948,
        "dispatch_time": 0.05154061600000004
    },
    "t_user_20": {
        "redirect_time": 0.013842144000000056,
        "get_access_token_time": 0.011670510000000078,
        "decode_id_token_time": 0.0001796259999999883,
        "complete_login_time": 0.0128247840000002,
        "dispatch_time": 0.045869337000000066
    },
    "t_user_21": {
        "redirect_time": 0.013676755999999957,
        "get_access_token_time": 0.010933679999999946,
        "decode_id_token_time": 0.00019700800000022056,
        "complete_login_time": 0.01264061800000027,
        "dispatch_time": 0.04587743200000016
    },
    "t_user_22": {
        "redirect_time": 0.013514787999999944,
        "get_access_token_time": 0.013975150999999908,
        "decode_id_token_time": 0.0002288980000000329,
        "complete_login_time": 0.013726120999999925,
        "dispatch_time": 0.04972142699999971
    },
    "t_user_23": {
        "redirect_time": 0.013479213000000101,
        "get_access_token_time": 0.013366270000000124,
        "decode_id_token_time": 0.0002285369999999176,
        "complete_login_time": 0.012477940000000132,
        "dispatch_time": 0.04694429000000033
    },
    "t_user_24": {
        "redirect_time": 0.01369221899999995,
        "get_access_token_time": 0.010884798999999834,
        "decode_id_token_time": 0.00019548499999988422,
        "complete_login_time": 0.012630810999999298,
        "dispatch_time": 0.04893941600000007
    },
    "t_user_25": {
        "redirect_time": 0.013085703000000004,
        "get_access_token_time": 0.011050048000000423,
        "decode_id_token_time": 0.00020787900000041049,
        "complete_login_time": 0.012986881999999866,
        "dispatch_time": 0.05495953900000039
    },
    "t_user_26": {
        "redirect_time": 0.014217225000000111,
        "get_access_token_time": 0.01082939500000002,
        "decode_id_token_time": 0.0002281469999996233,
        "complete_login_time": 0.013191425000000478,
        "dispatch_time": 0.045148146999999916
    },
    "t_user_27": {
        "redirect_time": 0.014056282000000087,
        "get_access_token_time": 0.01083659800000003,
        "decode_id_token_time": 0.0002522010000003405,
        "complete_login_time": 0.01293309800000042,
        "dispatch_time": 0.0455694099999997
    },
    "t_user_28": {
        "redirect_time": 0.012745414000000066,
        "get_access_token_time": 0.01025729100000028,
        "decode_id_token_time": 0.0001968479999998607,
        "complete_login_time": 0.011441891999999676,
        "dispatch_time": 0.04337712600000021
    },
    "t_user_29": {
        "redirect_time": 0.01387611600000005,
        "get_access_token_time": 0.010858883000000041,