{
    "t_user_1": {
        "redirect_time": 0.01290152,
        "get_access_token_time": 0.011642184000000055,
        "decode_id_token_time": 0.0006796099999999416,
        "complete_login_time": 0.015185322999999862,
        "dispatch_time": 0.05507938200000018
    },
    "t_user_2": {
        "redirect_time": 0.013763603000000013,
        "get_access_token_time": 0.010817772999999864,
        "decode_id_token_time": 0.00019773899999986355,
        "complete_login_time": 0.012121328999999736,
        "dispatch_time": 0.043860296999999715
    },
    "t_user_3": {
        "redirect_time": 0.013530480000000011,
        "get_access_token_time": 0.011899886000000137,
        "decode_id_token_time": 0.00019338099999988145,
        "complete_login_time": 0.01224915900000001,
        "dispatch_time": 0.04449124799999993
    },
    "t_user_4": {
        "redirect_time": 0.013975253999999993,
        "get_access_token_time": 0.010749033000000185,
        "decode_id_token_time": 0.00020712699999991813,
        "complete_login_time": 0.013608146999999793,
        "dispatch_time": 0.04595202300000034
    },
    "t_user_5": {
        "redirect_time": 0.013514468000000002,
        "get_access_token_time": 0.011509200999999969,
        "decode_id_token_time": 0.00020545400000004932,
        "complete_login_time": 0.013023524999999925,
        "dispatch_time": 0.0517868349999997
    },
    "t_user_6": {
        "redirect_time": 0.013650713000000092,
        "get_access_token_time": 0.011164653000000246,
        "decode_id_token_time": 0.00021496200000026278,
        "complete_login_time": 0.015255058000000155,
        "dispatch_time": 0.04839585200000007
    },
    "t_user_7": {
        "redirect_time": 0.012993548000000077,
        "get_access_token_time": 0.015406408000000038,
        "decode_id_token_time": 0.00018913399999975766,
        "complete_login_time": 0.012613121999999866,
        "dispatch_time": 0.04903568100000033
    },
    "t_user_8": {
        "redirect_time": 0.014328903000000004,
        "get_access_token_time": 0.011225958999999897,
        "decode_id_token_time": 0.0002465499999999565,
        "complete_login_time": 0.014164926999999938,
        "dispatch_time": 0.04715444699999982
    },
    "t_user_9": {
        "redirect_time": 0.014584833999999991,
        "get_access_token_time": 0.012253947000000043,
        "decode_id_token_time": 0.000212257000000049,
        "complete_login_time": 0.014400219999999964,
        "dispatch_time": 0.054210947000000065
    },
    "t_user_10": {
        "redirect_time": 0.014800087000000017,
        "get_access_token_time": 0.0124785919999999,
        "decode_id_token_time": 0.00023280600000008533,
        "complete_login_time": 0.013533569000000023,
        "dispatch_time": 0.04804853999999992
    },
    "t_user_11": {
        "redirect_time": 0.01533007800000008,
        "get_access_token_time": 0.011837717999999997,
        "decode_id_token_time": 0.00023860599999991905,
        "complete_login_time": 0.013327236999999936,
        "dispatch_time": 0.055539504000000184
    },
    "t_user_12": {
        "redirect_time": 0.019054681000000073,
        "get_access_token_time": 0.011520388000000104,
        "decode_id_token_time": 0.00026650800000016517,
        "complete_login_time": 0.013779854000000258,
        "dispatch_time": 0.04780807000000009
    },
    "t_user_14": {
        "redirect_time": 0.013675294000000005,
        "get_access_token_time": 0.011110257000000345,
        "decode_id_token_time": 0.00021564299999976555,
        "complete_login_time": 0.012999848999999841,
        "dispatch_time": 0.04800187400000011
    },
    "t_user_13": {
        "redirect_time": 0.015497861999999918,
        "get_access_token_time": 0.011570959999999797,
        "decode_id_token_time": 0.0002130579999999327,
        "complete_login_time": 0.013401323999999715,
        "dispatch_time": 0.04593926200000009
    },
    "t_user_15": {
        "redirect_time": 0.013446257999999878,
        "get_access_token_time": 0.011340827999999803,
        "decode_id_token_time": 0.0002060949999997952,
        "complete_login_time": 0.01341190300000017,
        "dispatch_time": 0.04644752399999996
    },
    "t_user_16": {
        "redirect_time": 0.013226001000000043,
        "get_access_token_time": 0.01151945199999993,
        "decode_id_token_time": 0.00020779799999992576,
        "complete_login_time": 0.013469799000000116,
        "dispatch_time": 0.05289976900000015
    },
    "t_user_17": {
        "redirect_time": 0.014068487999999935,
        "get_access_token_time": 0.011325435999999911,
        "decode_id_token_time": 0.00019455400000012446,
        "complete_login_time": 0.012438049999999645,
        "dispatch_time": 0.04885830499999999
    },
    "t_user_18": {
        "redirect_time": 0.013470869000000052,
        "get_access_token_time": 0.011394303999999966,
        "decode_id_token_time": 0.00018012799999977958,
        "complete_login_time": 0.012243269999999917,
        "dispatch_time": 0.04943653700000006
    },
    "t_user_19": {
        "redirect_time": 0.012890305999999851,
        "get_access_token_time": 0.01088467900000012,
        "decode_id_token_time": 0.0002228360000002816,
        "complete_login_time": 0.013375673999999727,
        "dispatch_time": 0.04822678100000033
    },
    "t_user_20": {
        "redirect_time": 0.014845047999999972,
        "get_access_token_time": 0.013293718999999982,
        "decode_id_token_time": 0.00020684599999976072,
        "complete_login_time": 0.01331822299999974,
        "dispatch_time": 0.04935657999999998
    },
    "t_user_21": {
        "redirect_time": 0.012802269000000033,
        "get_access_token_time": 0.011120680999999966,
        "decode_id_token_time": 0.00020008399999982274,
        "complete_login_time": 0.012262529000000022,
        "dispatch_time": 0.044258067000000345
    },
    "t_user_22": {
        "redirect_time": 0.0150912390000002,
        "get_access_token_time": 0.010667184999999968,
        "decode_id_token_time": 0.00020994300000021227,
        "complete_login_time": 0.012953693000000044,
        "dispatch_time": 0.04453839400000037
    },
    "t_user_23": {
        "redirect_time": 0.01704965599999997,
        "get_access_token_time": 0.013238228000000074,
        "decode_id_token_time": 0.00023589200000007082,
        "complete_login_time": 0.0133568989999997,
        "dispatch_time": 0.047570745999999886
    },
    "t_user_25": {
        "redirect_time": 0.016707876999999982,
        "get_access_token_time": 0.010933299000000396,
        "decode_id_token_time": 0.0002188389999995266,
        "complete_login_time": 0.013322356000000646,
        "dispatch_time": 0.045195761000000445
    },
    "t_user_24": {
        "redirect_time": 0.013580817999999883,
        "get_access_token_time": 0.012011106000000105,
        "decode_id_token_time": 0.00020490299999931239,
        "complete_login_time": 0.01303904400000011,
        "dispatch_time": 0.04720417899999951
    },
    "t_user_26": {
        "redirect_time": 0.012848878999999869,
        "get_access_token_time": 0.011574463999999729,
        "decode_id_token_time": 0.00023650199999991628,
        "complete_login_time": 0.016286323999999297,
        "dispatch_time": 0.05075591399999979
    },
    "t_user_28": {
        "redirect_time": 0.012661259000000147,
        "get_access_token_time": 0.010912738000000033,
        "decode_id_token_time": 0.00022595200000008475,
        "complete_login_time": 0.016218070999999945,
        "dispatch_time": 0.04831525899999978
    },
    "t_user_27": {
        "redirect_time": 0.015485647999999852,
        "get_access_token_time": 0.012316286999999981,
        "decode_id_token_time": 0.00019566699999984394,
        "complete_login_time": 0.01279166100000051,
        "dispatch_time": 0.04819711599999987
    },
    "t_user_29": {
        "redirect_time": 0.015367184000000034,
        "get_access_token_time": 0.010988828999999534,