{
    "t_user_1": {
        "redirect_time": 0.013235586999999993,
        "get_access_token_time": 0.011008100000000187,
        "decode_id_token_time": 0.00019794000000006307,
        "complete_login_time": 0.01265944699999988,
        "dispatch_time": 0.04516582800000002
    },
    "t_user_2": {
        "redirect_time": 0.012648377000000044,
        "get_access_token_time": 0.014174938000000026,
        "decode_id_token_time": 0.0006687810000003402,
        "complete_login_time": 0.014377076000000155,
        "dispatch_time": 0.05364427900000024
    },
    "t_user_3": {
        "redirect_time": 0.013020538000000026,
        "get_access_token_time": 0.011417509000000159,
        "decode_id_token_time": 0.0001946939999997177,
        "complete_login_time": 0.012746439999999915,
        "dispatch_time": 0.04761923700000015
    },
    "t_user_4": {
        "redirect_time": 0.01326825999999992,
        "get_access_token_time": 0.01648794500000017,
        "decode_id_token_time": 0.00021527200000015512,
        "complete_login_time": 0.013470845000000065,
        "dispatch_time": 0.0517128480000002
    },
    "t_user_5": {
        "redirect_time": 0.01304797499999999,
        "get_access_token_time": 0.011847491000000154,
        "decode_id_token_time": 0.00022525099999981535,
        "complete_login_time": 0.013175640999999683,
        "dispatch_time": 0.04801037000000008
    },
    "t_user_6": {
        "redirect_time": 0.013310112000000096,
        "get_access_token_time": 0.012148414999999968,
        "decode_id_token_time": 0.00024243299999993084,
        "complete_login_time": 0.014726288999999948,
        "dispatch_time": 0.050182128999999964
    },
    "t_user_7": {
        "redirect_time": 0.014146205999999939,
        "get_access_token_time": 0.011484003000000076,
        "decode_id_token_time": 0.00019783900000014398,
        "complete_login_time": 0.012652040999999947,
        "dispatch_time": 0.04582829799999999
    },
    "t_user_8": {
        "redirect_time": 0.014449343999999975,
        "get_access_token_time": 0.013882892000000258,
        "decode_id_token_time": 0.00021170500000033954,
        "complete_login_time": 0.013184278999999854,
        "dispatch_time": 0.0492514070000003
    },
    "t_user_9": {
        "redirect_time": 0.013701596999999954,
        "get_access_token_time": 0.011515969999999598,
        "decode_id_token_time": 0.0002139099999998173,
        "complete_login_time": 0.01838599700000021,
        "dispatch_time": 0.05144867799999986
    },
    "t_user_10": {
        "redirect_time": 0.013865878999999914,
        "get_access_token_time": 0.01132157499999975,
        "decode_id_token_time": 0.00022640299999965308,
        "complete_login_time": 0.015031907000000011,
        "dispatch_time": 0.04973485299999991
    },
    "t_user_11": {
        "redirect_time": 0.013713233000000047,
        "get_access_token_time": 0.011763605000000066,
        "decode_id_token_time": 0.00023902600000003105,
        "complete_login_time": 0.013795102000000004,
        "dispatch_time": 0.05242770399999985
    },
    "t_user_12": {
        "redirect_time": 0.02173103399999987,
        "get_access_token_time": 0.011419289,
        "decode_id_token_time": 0.0002157930000001862,
        "complete_login_time": 0.014843678000000082,
        "dispatch_time": 0.0498928150000002
    },
    "t_user_13": {
        "redirect_time": 0.014227004000000099,
        "get_access_token_time": 0.011204814000000063,
        "decode_id_token_time": 0.00022171400000026154,
        "complete_login_time": 0.014178570999999973,
        "dispatch_time": 0.05185208600000024
    },
    "t_user_14": {
        "redirect_time": 0.014062142,
        "get_access_token_time": 0.011197719000000106,
        "decode_id_token_time": 0.0002200209999996261,
        "complete_login_time": 0.013392449000000362,
        "dispatch_time": 0.04726611100000033
    },
    "t_user_15": {
        "redirect_time": 0.012937878000000014,
        "get_access_token_time": 0.011118546999999701,
        "decode_id_token_time": 0.00030592099999982025,
        "complete_login_time": 0.019712219000000086,
        "dispatch_time": 0.05265507500000011
    },
    "t_user_16": {
        "redirect_time": 0.012908425000000001,
        "get_access_token_time": 0.011339208999999961,
        "decode_id_token_time": 0.0002296289999996759,
        "complete_login_time": 0.01352844200000014,
        "dispatch_time": 0.051298151000000125
    },
    "t_user_17": {
        "redirect_time": 0.013308352999999995,
        "get_access_token_time": 0.011073675999999644,
        "decode_id_token_time": 0.00021795699999982432,
        "complete_login_time": 0.013041972999999984,
        "dispatch_time": 0.04903797200000026
    },
    "t_user_18": {
        "redirect_time": 0.01745287399999995,
        "get_access_token_time": 0.011992537999999886,
        "decode_id_token_time": 0.00021853800000037893,
        "complete_login_time": 0.013353772000000319,
        "dispatch_time": 0.04658120499999985
    },
    "t_user_19": {
        "redirect_time": 0.014827471999999897,
        "get_access_token_time": 0.01094436299999968,
        "decode_id_token_time": 0.00043218900000008276,
        "complete_login_time": 0.01402153400000028,
        "dispatch_time": 0.04624409500000004
    },
    "t_user_20": {
        "redirect_time": 0.01501092100000001,
        "get_access_token_time": 0.011100525999999888,
        "decode_id_token_time": 0.00017611900000025216,
        "complete_login_time": 0.01571443199999978,
        "dispatch_time": 0.04818871199999997
    },
    "t_user_22": {
        "redirect_time": 0.013333897999999955,
        "get_access_token_time": 0.011536343999999588,
        "decode_id_token_time": 0.00026653799999998284,
        "complete_login_time": 0.013978650000000314,
        "dispatch_time": 0.048066441000000015
    },
    "t_user_21": {
        "redirect_time": 0.01283443300000009,
        "get_access_token_time": 0.012210035999999924,
        "decode_id_token_time": 0.00022924800000012624,
        "complete_login_time": 0.012764783000000612,
        "dispatch_time": 0.0475654969999999
    },
    "t_user_23": {
        "redirect_time": 0.014215953999999975,
        "get_access_token_time": 0.01404851300000054,
        "decode_id_token_time": 0.00021288800000007768,
        "complete_login_time": 0.012969456000000434,
        "dispatch_time": 0.049502258999999604
    },
    "t_user_24": {
        "redirect_time": 0.0132085420000001,
        "get_access_token_time": 0.011449901999999845,
        "decode_id_token_time": 0.00022981900000029754,
        "complete_login_time": 0.013143683000000017,
        "dispatch_time": 0.049540086999999566
    },
    "t_user_25": {
        "redirect_time": 0.01440298299999987,
        "get_access_token_time": 0.011339849999999707,
        "decode_id_token_time": 0.00026120799999951316,
        "complete_login_time": 0.014428496999999929,
        "dispatch_time": 0.049329277000000005
    },
    "t_user_26": {
        "redirect_time": 0.013557403000000079,
        "get_access_token_time": 0.013521604000000131,
        "decode_id_token_time": 0.00020603499999971575,
        "complete_login_time": 0.01315892800000018,
        "dispatch_time": 0.047951260000000495
    },
    "t_user_28": {
        "redirect_time": 0.013201578999999963,
        "get_access_token_time": 0.011406037999999619,
        "decode_id_token_time": 0.00019616600000027518,
        "complete_login_time": 0.01281418599999995,
        "dispatch_time": 0.04712051800000072
    },
    "t_user_27": {
        "redirect_time": 0.013292006000000134,
        "get_access_token_time": 0.010974531000000454,
        "decode_id_token_time": 0.00020144600000016055,
        "complete_login_time": 0.013092645999999597,
        "dispatch_time": 0.04491177899999954
    },
    "t_user_29": {
        "redirect_time": 0.012970528999999953,
        "get_access_token_time": 0.01620844100000074,