{
    "t_user_1": {
        "redirect_time": 0.01342584899999999,
        "get_access_token_time": 0.011205998999999522,
        "decode_id_token_time": 0.0001909069999994628,
        "complete_login_time": 0.01217012099999959,
        "dispatch_time": 0.04490536000000045
    },
    "t_user_2": {
        "redirect_time": 0.012287800000000071,
        "get_access_token_time": 0.011076055000000196,
        "decode_id_token_time": 0.00024186200000020364,
        "complete_login_time": 0.014005941999999827,
        "dispatch_time": 0.05255176400000039
    },
    "t_user_3": {
        "redirect_time": 0.013478348000000029,
        "get_access_token_time": 0.011570956000000354,
        "decode_id_token_time": 0.00022411899999985607,
        "complete_login_time": 0.013671350000000082,
        "dispatch_time": 0.048830179999999945
    },
    "t_user_4": {
        "redirect_time": 0.012575051000000004,
        "get_access_token_time": 0.011598214000000162,
        "decode_id_token_time": 0.0002124470000000045,
        "complete_login_time": 0.013829616000000211,
        "dispatch_time": 0.049352986000000154
    },
    "t_user_5": {
        "redirect_time": 0.014152607999999955,
        "get_access_token_time": 0.011909699000000273,
        "decode_id_token_time": 0.00020298000000007477,
        "complete_login_time": 0.013405123000000074,
        "dispatch_time": 0.04717878099999995
    },
    "t_user_6": {
        "redirect_time": 0.013681491000000046,
        "get_access_token_time": 0.011141086999999938,
        "decode_id_token_time": 0.00019238000000010302,
        "complete_login_time": 0.016450792000000103,
        "dispatch_time": 0.048439704000000194
    },
    "t_user_7": {
        "redirect_time": 0.014163862999999943,
        "get_access_token_time": 0.011105310000000035,
        "decode_id_token_time": 0.00019132799999965755,
        "complete_login_time": 0.012760912999999707,
        "dispatch_time": 0.04514060800000008
    },
    "t_user_8": {
        "redirect_time": 0.014191107000000036,
        "get_access_token_time": 0.011369215999999849,
        "decode_id_token_time": 0.00021036199999979743,
        "complete_login_time": 0.01272962500000041,
        "dispatch_time": 0.046434525000000004
    },
    "t_user_9": {
        "redirect_time": 0.015931472999999974,
        "get_access_token_time": 0.012887495000000193,
        "decode_id_token_time": 0.00023986899999961508,
        "complete_login_time": 0.013710209999999723,
        "dispatch_time": 0.04825931799999994
    },
    "t_user_10": {
        "redirect_time": 0.014727547000000007,
        "get_access_token_time": 0.011367566999999745,
        "decode_id_token_time": 0.0002117459999997351,
        "complete_login_time": 0.014270596000000246,
        "dispatch_time": 0.05358061000000003
    },
    "t_user_11": {
        "redirect_time": 0.01410956699999999,
        "get_access_token_time": 0.011515718000000064,
        "decode_id_token_time": 0.0002230579999999982,
        "complete_login_time": 0.013091692000000155,
        "dispatch_time": 0.049937204000000346
    },
    "t_user_12": {
        "redirect_time": 0.01646589899999995,
        "get_access_token_time": 0.017540170999999827,
        "decode_id_token_time": 0.0006302379999998386,
        "complete_login_time": 0.014144237999999643,
        "dispatch_time": 0.05645998500000027
    },
    "t_user_14": {
        "redirect_time": 0.013208136000000037,
        "get_access_token_time": 0.016654771999999873,
        "decode_id_token_time": 0.0002629110000000878,
        "complete_login_time": 0.013203171999999874,
        "dispatch_time": 0.05124635700000013
    },
    "t_user_13": {
        "redirect_time": 0.016521487000000112,
        "get_access_token_time": 0.01108426600000012,
        "decode_id_token_time": 0.00022639299999971385,
        "complete_login_time": 0.013454167999999989,
        "dispatch_time": 0.046214215
    },
    "t_user_15": {
        "redirect_time": 0.012856717000000017,
        "get_access_token_time": 0.012713486999999635,
        "decode_id_token_time": 0.00023563100000023596,
        "complete_login_time": 0.013087587999999872,
        "dispatch_time": 0.04914548399999985
    },
    "t_user_16": {
        "redirect_time": 0.015016852000000025,
        "get_access_token_time": 0.011554037000000239,
        "decode_id_token_time": 0.00021827799999973863,
        "complete_login_time": 0.013653506999999898,
        "dispatch_time": 0.04943832999999964
    },
    "t_user_17": {
        "redirect_time": 0.013495680999999982,
        "get_access_token_time": 0.011280799000000119,
        "decode_id_token_time": 0.00022413799999965178,
        "complete_login_time": 0.013525367999999816,
        "dispatch_time": 0.04716360200000036
    },
    "t_user_18": {
        "redirect_time": 0.013850907000000134,
        "get_access_token_time": 0.011272976000000323,
        "decode_id_token_time": 0.00022883800000039756,
        "complete_login_time": 0.01826212000000016,
        "dispatch_time": 0.05212779500000009
    },
    "t_user_19": {
        "redirect_time": 0.01441887300000011,
        "get_access_token_time": 0.011341539000000012,
        "decode_id_token_time": 0.00022452899999958476,
        "complete_login_time": 0.013039258999999692,
        "dispatch_time": 0.04591658399999998
    },
    "t_user_20": {
        "redirect_time": 0.019271827000000075,
        "get_access_token_time": 0.015847397000000374,
        "decode_id_token_time": 0.0001932309999999049,
        "complete_login_time": 0.012455423000000021,
        "dispatch_time": 0.049470855999999674
    },
    "t_user_21": {
        "redirect_time": 0.013931020999999877,
        "get_access_token_time": 0.012317673000000084,
        "decode_id_token_time": 0.00020965199999967155,
        "complete_login_time": 0.017473465000000132,
        "dispatch_time": 0.052943238000000115
    },
    "t_user_22": {
        "redirect_time": 0.013250266999999871,
        "get_access_token_time": 0.011121033999999863,
        "decode_id_token_time": 0.00019810999999991807,
        "complete_login_time": 0.012725040999999937,
        "dispatch_time": 0.04567681800000001
    },
    "t_user_23": {
        "redirect_time": 0.016004012999999873,
        "get_access_token_time": 0.012719408999999793,
        "decode_id_token_time": 0.0001747559999998316,
        "complete_login_time": 0.012627499999999792,
        "dispatch_time": 0.04627831300000018
    },
    "t_user_24": {
        "redirect_time": 0.013441178000000109,
        "get_access_token_time": 0.011314959999999985,
        "decode_id_token_time": 0.00018553600000004167,
        "complete_login_time": 0.012630291999999876,
        "dispatch_time": 0.05333263300000013
    },
    "t_user_25": {
        "redirect_time": 0.015153120000000131,
        "get_access_token_time": 0.011456840000000135,
        "decode_id_token_time": 0.0002035000000000231,
        "complete_login_time": 0.015359449999999608,
        "dispatch_time": 0.049502849000000015
    },
    "t_user_26": {
        "redirect_time": 0.014819008000000133,
        "get_access_token_time": 0.011270820000000015,
        "decode_id_token_time": 0.00023571100000019385,
        "complete_login_time": 0.01458294899999979,
        "dispatch_time": 0.05329078499999973
    },
    "t_user_27": {
        "redirect_time": 0.013994861000000025,
        "get_access_token_time": 0.010940918000000188,
        "decode_id_token_time": 0.0001973490000004574,
        "complete_login_time": 0.013124597000000016,
        "dispatch_time": 0.045434785999999505
    },
    "t_user_28": {
        "redirect_time": 0.01405735099999994,
        "get_access_token_time": 0.014867237999999894,
        "decode_id_token_time": 0.0002055739999997641,
        "complete_login_time": 0.012968475999999729,
        "dispatch_time": 0.04956197399999995
    },
    "t_user_29": {
        "redirect_time": 0.014324009999999943,
        "get_access_token_time": 0.016127784000000034,