{
    "t_user_1": {
        "redirect_time": 0.013552964,
        "get_access_token_time": 0.011541722000000032,
        "decode_id_token_time": 0.00019948299999983377,
        "complete_login_time": 0.012999204999999847,
        "dispatch_time": 0.046185825999999874
    },
    "t_user_2": {
        "redirect_time": 0.012750138999999994,
        "get_access_token_time": 0.011724416000000293,
        "decode_id_token_time": 0.0002167250000000287,
        "complete_login_time": 0.013159284999999965,
        "dispatch_time": 0.0512536990000001
    },
    "t_user_3": {
        "redirect_time": 0.012979197000000053,
        "get_access_token_time": 0.011509023999999979,
        "decode_id_token_time": 0.00018613700000003064,
        "complete_login_time": 0.01285040500000001,
        "dispatch_time": 0.04571119000000001
    },
    "t_user_4": {
        "redirect_time": 0.014153222999999993,
        "get_access_token_time": 0.01133461399999991,
        "decode_id_token_time": 0.00022645400000032012,
        "complete_login_time": 0.012792203000000058,
        "dispatch_time": 0.04544207999999994
    },
    "t_user_5": {
        "redirect_time": 0.013671903999999957,
        "get_access_token_time": 0.011073831000000034,
        "decode_id_token_time": 0.00021356900000002454,
        "complete_login_time": 0.01333348199999973,
        "dispatch_time": 0.04554905699999967
    },
    "t_user_6": {
        "redirect_time": 0.013296867999999962,
        "get_access_token_time": 0.011380512999999759,
        "decode_id_token_time": 0.0002558389999998134,
        "complete_login_time": 0.013312598999999814,
        "dispatch_time": 0.047059739999999906
    },
    "t_user_7": {
        "redirect_time": 0.01311288799999999,
        "get_access_token_time": 0.013178438000000181,
        "decode_id_token_time": 0.00024268300000018783,
        "complete_login_time": 0.015724270999999845,
        "dispatch_time": 0.052900176000000076
    },
    "t_user_8": {
        "redirect_time": 0.013491592000000052,
        "get_access_token_time": 0.011614820999999775,
        "decode_id_token_time": 0.00021616400000024072,
        "complete_login_time": 0.013347253000000059,
        "dispatch_time": 0.047626348000000096
    },
    "t_user_9": {
        "redirect_time": 0.01284539699999998,
        "get_access_token_time": 0.011024892000000008,
        "decode_id_token_time": 0.0006987359999999221,
        "complete_login_time": 0.017530263999999907,
        "dispatch_time": 0.052099257999999704
    },
    "t_user_10": {
        "redirect_time": 0.01325111499999998,
        "get_access_token_time": 0.011889028999999773,
        "decode_id_token_time": 0.00022725399999989904,
        "complete_login_time": 0.013428237999999926,
        "dispatch_time": 0.04894321600000007
    },
    "t_user_11": {
        "redirect_time": 0.012625882000000033,
        "get_access_token_time": 0.011706784999999886,
        "decode_id_token_time": 0.00024049900000022717,
        "complete_login_time": 0.01419852999999982,
        "dispatch_time": 0.058386301000000085
    },
    "t_user_12": {
        "redirect_time": 0.012528021000000056,
        "get_access_token_time": 0.012034421999999712,
        "decode_id_token_time": 0.00024397699999978428,
        "complete_login_time": 0.01872065999999961,
        "dispatch_time": 0.05263246100000041
    },
    "t_user_13": {
        "redirect_time": 0.013349865999999988,
        "get_access_token_time": 0.012555195000000019,
        "decode_id_token_time": 0.0002367219999999115,
        "complete_login_time": 0.012703042999999692,
        "dispatch_time": 0.04635129399999993
    },
    "t_user_14": {
        "redirect_time": 0.01399724499999988,
        "get_access_token_time": 0.011702098000000216,
        "decode_id_token_time": 0.0002160550000001038,
        "complete_login_time": 0.01826142599999958,
        "dispatch_time": 0.05207902399999975
    },
    "t_user_15": {
        "redirect_time": 0.014646000000000159,
        "get_access_token_time": 0.01209286200000026,
        "decode_id_token_time": 0.00022835600000004064,
        "complete_login_time": 0.013350261000000252,
        "dispatch_time": 0.047642329999999955
    },
    "t_user_16": {
        "redirect_time": 0.013733148000000028,
        "get_access_token_time": 0.016288677000000362,
        "decode_id_token_time": 0.00024270400000014902,
        "complete_login_time": 0.014209327000000105,
        "dispatch_time": 0.05194580599999998
    },
    "t_user_17": {
        "redirect_time": 0.013435857000000162,
        "get_access_token_time": 0.011453936999999748,
        "decode_id_token_time": 0.00022013099999984576,
        "complete_login_time": 0.013386006000000172,
        "dispatch_time": 0.0508003979999998
    },
    "t_user_18": {
        "redirect_time": 0.013965956999999918,
        "get_access_token_time": 0.011654856999999907,
        "decode_id_token_time": 0.00022057300000000168,
        "complete_login_time": 0.013796107000000113,
        "dispatch_time": 0.05317367699999975
    },
    "t_user_19": {
        "redirect_time": 0.013817104999999996,
        "get_access_token_time": 0.011344038000000278,
        "decode_id_token_time": 0.0002074780000000942,
        "complete_login_time": 0.01312731499999975,
        "dispatch_time": 0.04987838400000033
    },
    "t_user_20": {
        "redirect_time": 0.012931672999999977,
        "get_access_token_time": 0.016709182999999683,
        "decode_id_token_time": 0.00018841199999997116,
        "complete_login_time": 0.01276799999999989,
        "dispatch_time": 0.051321321000000086
    },
    "t_user_21": {
        "redirect_time": 0.014539736999999997,
        "get_access_token_time": 0.011812076000000005,
        "decode_id_token_time": 0.0002140399999999154,
        "complete_login_time": 0.013597470000000111,
        "dispatch_time": 0.053739896999999814
    },
    "t_user_22": {
        "redirect_time": 0.012890528000000012,
        "get_access_token_time": 0.010978925999999944,
        "decode_id_token_time": 0.00021144500000014332,
        "complete_login_time": 0.01344827500000001,
        "dispatch_time": 0.04673210300000008
    },
    "t_user_23": {
        "redirect_time": 0.013349162000000137,
        "get_access_token_time": 0.012476712000000223,
        "decode_id_token_time": 0.00021916900000018558,
        "complete_login_time": 0.014280770000000054,
        "dispatch_time": 0.050896422999999746
    },
    "t_user_24": {
        "redirect_time": 0.015273879999999851,
        "get_access_token_time": 0.012722086999999327,
        "decode_id_token_time": 0.00021193599999946855,
        "complete_login_time": 0.013582454999999882,
        "dispatch_time": 0.05006143200000057
    },
    "t_user_25": {
        "redirect_time": 0.0140214649999999,
        "get_access_token_time": 0.015084206000000044,
        "decode_id_token_time": 0.0002193300000001841,
        "complete_login_time": 0.01422932700000068,
        "dispatch_time": 0.052519148000000015
    },
    "t_user_26": {
        "redirect_time": 0.01358861499999997,
        "get_access_token_time": 0.0117984799999995,
        "decode_id_token_time": 0.000219200000000086,
        "complete_login_time": 0.01304702599999974,
        "dispatch_time": 0.04720714100000034
    },
    "t_user_28": {
        "redirect_time": 0.014322743999999998,
        "get_access_token_time": 0.011981137000000253,
        "decode_id_token_time": 0.00021567299999958323,
        "complete_login_time": 0.013327322999999502,
        "dispatch_time": 0.05457612200000028
    },
    "t_user_27": {
        "redirect_time": 0.016030984999999998,
        "get_access_token_time": 0.011838883000000244,
        "decode_id_token_time": 0.0002504080000003128,
        "complete_login_time": 0.01352485399999992,
        "dispatch_time": 0.050784128000000095
    },
    "t_user_29": {
        "redirect_time": 0.013173749999999984,
        "get_access_token_time": 0.011627381999999464,