{
    "t_user_1": {
        "redirect_time": 0.016457684000000028,
        "get_access_token_time": 0.011816287999999897,
        "decode_id_token_time": 0.00024202199999967533,
        "complete_login_time": 0.013484048000000026,
        "dispatch_time": 0.04944337799999987
    },
    "t_user_2": {
        "redirect_time": 0.012607880999999987,
        "get_access_token_time": 0.01139446700000013,
        "decode_id_token_time": 0.0002371540000001282,
        "complete_login_time": 0.01361665599999995,
        "dispatch_time": 0.052304711000000115
    },
    "t_user_3": {
        "redirect_time": 0.013865106000000016,
        "get_access_token_time": 0.012226932999999995,
        "decode_id_token_time": 0.0002159840000000024,
        "complete_login_time": 0.013596347000000009,
        "dispatch_time": 0.05480259399999987
    },
    "t_user_4": {
        "redirect_time": 0.013362249000000048,
        "get_access_token_time": 0.012292754999999822,
        "decode_id_token_time": 0.0002483049999999487,
        "complete_login_time": 0.019292354000000067,
        "dispatch_time": 0.05406642900000014
    },
    "t_user_5": {
        "redirect_time": 0.013590262999999991,
        "get_access_token_time": 0.011395702000000174,
        "decode_id_token_time": 0.00021741499999983205,
        "complete_login_time": 0.013453117999999709,
        "dispatch_time": 0.047239008999999665
    },
    "t_user_6": {
        "redirect_time": 0.013004404000000025,
        "get_access_token_time": 0.012460013000000103,
        "decode_id_token_time": 0.00019717800000007557,
        "complete_login_time": 0.022758788999999613,
        "dispatch_time": 0.057873471000000176
    },
    "t_user_7": {
        "redirect_time": 0.013970487000000031,
        "get_access_token_time": 0.011705674999999971,
        "decode_id_token_time": 0.0006618169999996759,
        "complete_login_time": 0.016358823000000022,
        "dispatch_time": 0.05362032600000011
    },
    "t_user_8": {
        "redirect_time": 0.012261871999999951,
        "get_access_token_time": 0.011496745999999725,
        "decode_id_token_time": 0.0001966169999998435,
        "complete_login_time": 0.013052442999999858,
        "dispatch_time": 0.04840350700000018
    },
    "t_user_9": {
        "redirect_time": 0.012878819999999958,
        "get_access_token_time": 0.012204294000000004,
        "decode_id_token_time": 0.00021622399999987607,
        "complete_login_time": 0.014493493000000246,
        "dispatch_time": 0.04891526099999988
    },
    "t_user_10": {
        "redirect_time": 0.013210820999999928,
        "get_access_token_time": 0.012576376000000167,
        "decode_id_token_time": 0.0002528330000002299,
        "complete_login_time": 0.018683546000000106,
        "dispatch_time": 0.05514799699999973
    },
    "t_user_11": {
        "redirect_time": 0.015833601999999947,
        "get_access_token_time": 0.01170346000000011,
        "decode_id_token_time": 0.00021424100000011492,
        "complete_login_time": 0.013110119999999892,
        "dispatch_time": 0.049724861000000065
    },
    "t_user_12": {
        "redirect_time": 0.01456046699999991,
        "get_access_token_time": 0.011680451999999786,
        "decode_id_token_time": 0.00022072299999997824,
        "complete_login_time": 0.013579494000000025,
        "dispatch_time": 0.0507350820000001
    },
    "t_user_14": {
        "redirect_time": 0.016195832999999826,
        "get_access_token_time": 0.011063703000000036,
        "decode_id_token_time": 0.0002471319999997057,
        "complete_login_time": 0.013521053999999921,
        "dispatch_time": 0.046762998999999805
    },
    "t_user_13": {
        "redirect_time": 0.014457064999999991,
        "get_access_token_time": 0.013374111000000077,
        "decode_id_token_time": 0.00024178199999980166,
        "complete_login_time": 0.013768667999999984,
        "dispatch_time": 0.04891895700000015
    },
    "t_user_15": {
        "redirect_time": 0.014049588999999862,
        "get_access_token_time": 0.011724065000000117,
        "decode_id_token_time": 0.00023201399999983607,
        "complete_login_time": 0.017252030999999945,
        "dispatch_time": 0.05263361999999994
    },
    "t_user_16": {
        "redirect_time": 0.01328158299999993,
        "get_access_token_time": 0.011940856999999916,
        "decode_id_token_time": 0.00021360899999978145,
        "complete_login_time": 0.014595267000000245,
        "dispatch_time": 0.04856554699999993
    },
    "t_user_17": {
        "redirect_time": 0.013140710000000055,
        "get_access_token_time": 0.011924291000000142,
        "decode_id_token_time": 0.00026890200000018183,
        "complete_login_time": 0.014218299000000378,
        "dispatch_time": 0.04867884499999997
    },
    "t_user_18": {
        "redirect_time": 0.01470409500000014,
        "get_access_token_time": 0.016524779999999684,
        "decode_id_token_time": 0.00022009099999964477,
        "complete_login_time": 0.01356182100000014,
        "dispatch_time": 0.0527242259999996
    },
    "t_user_19": {
        "redirect_time": 0.014786519000000053,
        "get_access_token_time": 0.011528961000000226,
        "decode_id_token_time": 0.00022341800000003076,
        "complete_login_time": 0.01334357300000022,
        "dispatch_time": 0.046748910000000254
    },
    "t_user_20": {
        "redirect_time": 0.01543021000000011,
        "get_access_token_time": 0.011634890999999925,
        "decode_id_token_time": 0.00020263799999975518,
        "complete_login_time": 0.015446816999999946,
        "dispatch_time": 0.05033563699999988
    },
    "t_user_21": {
        "redirect_time": 0.013427452999999812,
        "get_access_token_time": 0.010931500000000316,
        "decode_id_token_time": 0.0002340580000002035,
        "complete_login_time": 0.015598205999999948,
        "dispatch_time": 0.04849891500000014
    },
    "t_user_22": {
        "redirect_time": 0.013896676000000108,
        "get_access_token_time": 0.012847931999999673,
        "decode_id_token_time": 0.0002099719999999472,
        "complete_login_time": 0.012460230999999933,
        "dispatch_time": 0.04723842400000011
    },
    "t_user_23": {
        "redirect_time": 0.015098572999999949,
        "get_access_token_time": 0.01320715700000008,
        "decode_id_token_time": 0.00019620600000003208,
        "complete_login_time": 0.013137608000000078,
        "dispatch_time": 0.04840508900000007
    },
    "t_user_25": {
        "redirect_time": 0.01590486000000002,
        "get_access_token_time": 0.011358471000000314,
        "decode_id_token_time": 0.00025126899999960983,
        "complete_login_time": 0.013386524999999594,
        "dispatch_time": 0.05752460800000048
    },
    "t_user_24": {
        "redirect_time": 0.014146713000000144,
        "get_access_token_time": 0.012164161000000284,
        "decode_id_token_time": 0.00022977899999965246,
        "complete_login_time": 0.017375477999999944,
        "dispatch_time": 0.053791711000000575
    },
    "t_user_26": {
        "redirect_time": 0.013994547000000024,
        "get_access_token_time": 0.011338054999999514,
        "decode_id_token_time": 0.00021439100000009148,
        "complete_login_time": 0.0128969329999995,
        "dispatch_time": 0.04571001600000013
    },
    "t_user_27": {
        "redirect_time": 0.015098062000000079,
        "get_access_token_time": 0.012116375999999818,
        "decode_id_token_time": 0.00020502300000035945,
        "complete_login_time": 0.013382333000000024,
        "dispatch_time": 0.05110240099999963
    },
    "t_user_28": {
        "redirect_time": 0.012436815999999906,
        "get_access_token_time": 0.011477932000000024,
        "decode_id_token_time": 0.00018700999999943235,
        "complete_login_time": 0.012500411999999628,
        "dispatch_time": 0.055446839000000026
    },
    "t_user_29": {
        "redirect_time": 0.015958793000000027,
        "get_access_token_time": 0.012033770000000388,