{
    "t_user_1": {
        "redirect_time": 0.013425270999999961,
        "get_access_token_time": 0.012527056000000147,
        "decode_id_token_time": 0.00019192800000000787,
        "complete_login_time": 0.012620293999999976,
        "dispatch_time": 0.046206761000000096
    },
    "t_user_2": {
        "redirect_time": 0.013152045999999973,
        "get_access_token_time": 0.010890397000000274,
        "decode_id_token_time": 0.00018869299999968447,
        "complete_login_time": 0.013008984999999917,
        "dispatch_time": 0.04894122199999984
    },
    "t_user_3": {
        "redirect_time": 0.013727524999999963,
        "get_access_token_time": 0.011589390000000144,
        "decode_id_token_time": 0.0005922380000000782,
        "complete_login_time": 0.013461534999999802,
        "dispatch_time": 0.05269854299999999
    },
    "t_user_4": {
        "redirect_time": 0.013560267999999986,
        "get_access_token_time": 0.010947973999999583,
        "decode_id_token_time": 0.00017993699999996338,
        "complete_login_time": 0.012123252999999945,
        "dispatch_time": 0.04936215999999982
    },
    "t_user_5": {
        "redirect_time": 0.013501427999999982,
        "get_access_token_time": 0.010559138000000079,
        "decode_id_token_time": 0.0001962369999999325,
        "complete_login_time": 0.012937725000000011,
        "dispatch_time": 0.04503700799999999
    },
    "t_user_6": {
        "redirect_time": 0.012959041999999976,
        "get_access_token_time": 0.011173810999999922,
        "decode_id_token_time": 0.0002241080000002782,
        "complete_login_time": 0.013181266999999774,
        "dispatch_time": 0.04576729199999985
    },
    "t_user_7": {
        "redirect_time": 0.013228604000000033,
        "get_access_token_time": 0.010839158000000015,
        "decode_id_token_time": 0.0002035000000000231,
        "complete_login_time": 0.013287001000000132,
        "dispatch_time": 0.047857442000000194
    },
    "t_user_8": {
        "redirect_time": 0.014322440999999908,
        "get_access_token_time": 0.01211504699999999,
        "decode_id_token_time": 0.00022346800000017097,
        "complete_login_time": 0.013512366000000053,
        "dispatch_time": 0.04873677100000018
    },
    "t_user_9": {
        "redirect_time": 0.01342678900000005,
        "get_access_token_time": 0.011635473999999757,
        "decode_id_token_time": 0.0002333760000001739,
        "complete_login_time": 0.014148542000000042,
        "dispatch_time": 0.04984444199999993
    },
    "t_user_10": {
        "redirect_time": 0.013071757000000073,
        "get_access_token_time": 0.011287965000000177,
        "decode_id_token_time": 0.00020679699999970325,
        "complete_login_time": 0.013073306999999978,
        "dispatch_time": 0.04591067699999973
    },
    "t_user_11": {
        "redirect_time": 0.013907788000000032,
        "get_access_token_time": 0.013517761999999989,
        "decode_id_token_time": 0.00021810700000002292,
        "complete_login_time": 0.013422244999999888,
        "dispatch_time": 0.04964009800000002
    },
    "t_user_12": {
        "redirect_time": 0.017685957999999946,
        "get_access_token_time": 0.01200183999999993,
        "decode_id_token_time": 0.0002607869999997625,
        "complete_login_time": 0.015022071000000192,
        "dispatch_time": 0.05427953100000016
    },
    "t_user_13": {
        "redirect_time": 0.013657456000000012,
        "get_access_token_time": 0.01149684800000017,
        "decode_id_token_time": 0.00023006999999974909,
        "complete_login_time": 0.021175157000000056,
        "dispatch_time": 0.05530603700000025
    },
    "t_user_14": {
        "redirect_time": 0.016142506,
        "get_access_token_time": 0.011878612999999927,
        "decode_id_token_time": 0.00020574399999961912,
        "complete_login_time": 0.013271162000000114,
        "dispatch_time": 0.04889941100000028
    },
    "t_user_15": {
        "redirect_time": 0.013307106000000068,
        "get_access_token_time": 0.012134854999999778,
        "decode_id_token_time": 0.0001879009999998793,
        "complete_login_time": 0.012620776999999972,
        "dispatch_time": 0.048230883
    },
    "t_user_16": {
        "redirect_time": 0.014879430999999999,
        "get_access_token_time": 0.016101291000000018,
        "decode_id_token_time": 0.00022736500000020143,
        "complete_login_time": 0.013130950999999946,
        "dispatch_time": 0.05060662700000007
    },
    "t_user_17": {
        "redirect_time": 0.013448662000000056,
        "get_access_token_time": 0.01265869300000011,
        "decode_id_token_time": 0.00020339999999974268,
        "complete_login_time": 0.012993117999999804,
        "dispatch_time": 0.04801007100000021
    },
    "t_user_18": {
        "redirect_time": 0.013322444000000155,
        "get_access_token_time": 0.011666581999999703,
        "decode_id_token_time": 0.00018502600000003255,
        "complete_login_time": 0.013184863999999852,
        "dispatch_time": 0.05567338899999985
    },
    "t_user_19": {
        "redirect_time": 0.013148778000000139,
        "get_access_token_time": 0.011421283999999865,
        "decode_id_token_time": 0.0001998240000000706,
        "complete_login_time": 0.012490746000000108,
        "dispatch_time": 0.04934338599999988
    },
    "t_user_21": {
        "redirect_time": 0.014027524000000069,
        "get_access_token_time": 0.011046595999999909,
        "decode_id_token_time": 0.00019876200000013,
        "complete_login_time": 0.01330575399999967,
        "dispatch_time": 0.04559029800000003
    },
    "t_user_20": {
        "redirect_time": 0.012583868000000109,
        "get_access_token_time": 0.010595855000000043,
        "decode_id_token_time": 0.0001961569999999746,
        "complete_login_time": 0.012045928000000039,
        "dispatch_time": 0.04446703400000018
    },
    "t_user_22": {
        "redirect_time": 0.013146233999999923,
        "get_access_token_time": 0.01630862799999999,
        "decode_id_token_time": 0.00021161600000008107,
        "complete_login_time": 0.012711869999999958,
        "dispatch_time": 0.04971764500000031
    },
    "t_user_23": {
        "redirect_time": 0.014006624000000079,
        "get_access_token_time": 0.011091796000000098,
        "decode_id_token_time": 0.00017910499999995722,
        "complete_login_time": 0.012739913999999963,
        "dispatch_time": 0.07984189199999969
    },
    "t_user_24": {
        "redirect_time": 0.013603684000000005,
        "get_access_token_time": 0.011078282000000161,
        "decode_id_token_time": 0.00020109499999998448,
        "complete_login_time": 0.012896636000000239,
        "dispatch_time": 0.04830233499999981
    },
    "t_user_25": {
        "redirect_time": 0.01399069800000019,
        "get_access_token_time": 0.011025151000000122,
        "decode_id_token_time": 0.00019517499999999188,
        "complete_login_time": 0.01221716900000036,
        "dispatch_time": 0.044012077000000094
    },
    "t_user_26": {
        "redirect_time": 0.013330567999999987,
        "get_access_token_time": 0.010792352000000172,
        "decode_id_token_time": 0.0002477530000000172,
        "complete_login_time": 0.012855354000000041,
        "dispatch_time": 0.047910862000000165
    },
    "t_user_27": {
        "redirect_time": 0.014228511,
        "get_access_token_time": 0.010943138000000019,
        "decode_id_token_time": 0.0002157130000002283,
        "complete_login_time": 0.01258544900000036,
        "dispatch_time": 0.04992124800000042
    },
    "t_user_28": {
        "redirect_time": 0.014142603000000031,
        "get_access_token_time": 0.011534807000000313,
        "decode_id_token_time": 0.00020841100000001944,
        "complete_login_time": 0.012849491999999962,
        "dispatch_time": 0.046103789000000006
    },
    "t_user_29": {
        "redirect_time": 0.013046617000000094,
        "get_access_token_time": 0.010980047000000326,