{
    "t_user_1": {
        "redirect_time": 0.0032452559999999187,
        "build_auth_time": 0.0008813069999999978,
        "login_time": 0.0023418079999999453,
        "acs_dispatch_time": 0.0038521809999999546,
        "finish_acs_dispatch_time": 0.01979784100000015
    },
    "t_user_2": {
        "redirect_time": 0.0031016899999999348,
        "build_auth_time": 0.0008942410000000178,
        "login_time": 0.002188392999999955,
        "acs_dispatch_time": 0.0035386430000000635,
        "finish_acs_dispatch_time": 0.018527810000000033
    },
    "t_user_3": {
        "redirect_time": 0.00393905299999997,
        "build_auth_time": 0.0016600730000000397,
        "login_time": 0.0022461990000000043,
        "acs_dispatch_time": 0.0032526410000000006,
        "finish_acs_dispatch_time": 0.01814003800000008
    },
    "t_user_4": {
        "redirect_time": 0.0034784230000000083,
        "build_auth_time": 0.0012219239999999854,
        "login_time": 0.002236671999999995,
        "acs_dispatch_time": 0.0035457309999999964,
        "finish_acs_dispatch_time": 0.02014246900000005
    },
    "t_user_5": {
        "redirect_time": 0.0032873479999999677,
        "build_auth_time": 0.0009466900000000278,
        "login_time": 0.002316643000000007,
        "acs_dispatch_time": 0.004197699999999971,
        "finish_acs_dispatch_time": 0.023808834999999973
    },
    "t_user_6": {
        "redirect_time": 0.0035862129999999492,
        "build_auth_time": 0.0012343459999999418,
        "login_time": 0.0023278420000000244,
        "acs_dispatch_time": 0.004050290000000012,
        "finish_acs_dispatch_time": 0.021023757999999892
    },
    "t_user_7": {
        "redirect_time": 0.003197547999999939,
        "build_auth_time": 0.0009344669999999944,
        "login_time": 0.002238866000000006,
        "acs_dispatch_time": 0.0035443259999998755,
        "finish_acs_dispatch_time": 0.020902458999999984
    },
    "t_user_8": {
        "redirect_time": 0.00318180899999998,
        "build_auth_time": 0.000922465000000039,
        "login_time": 0.0022378429999999616,
        "acs_dispatch_time": 0.003935188000000034,
        "finish_acs_dispatch_time": 0.019588771000000005
    },
    "t_user_9": {
        "redirect_time": 0.0033347039999997996,
        "build_auth_time": 0.0009688399999998598,
        "login_time": 0.0023405069999999917,
        "acs_dispatch_time": 0.003994999999999971,
        "finish_acs_dispatch_time": 0.01854398699999993
    },
    "t_user_10": {
        "redirect_time": 0.0033203549999998305,
        "build_auth_time": 0.0009046809999999628,
        "login_time": 0.002286192999999992,
        "acs_dispatch_time": 0.003580632000000028,
        "finish_acs_dispatch_time": 0.022027149999999995
    },
    "t_user_11": {
        "redirect_time": 0.0031687719999999864,
        "build_auth_time": 0.0008913459999999596,
        "login_time": 0.0022560469999999277,
        "acs_dispatch_time": 0.0038014849999998823,
        "finish_acs_dispatch_time": 0.020691226999999923
    },
    "t_user_12": {
        "redirect_time": 0.0032012130000000916,
        "build_auth_time": 0.0009743800000001634,
        "login_time": 0.002205682999999903,
        "acs_dispatch_time": 0.0036519760000000012,
        "finish_acs_dispatch_time": 0.018497532999999677
    },
    "t_user_14": {
        "redirect_time": 0.0032440840000000915,
        "build_auth_time": 0.0009352390000001432,
        "login_time": 0.002287704999999862,
        "acs_dispatch_time": 0.004028121000000162,
        "finish_acs_dispatch_time": 0.019654157000000172
    },
    "t_user_13": {
        "redirect_time": 0.0032384039999999725,
        "build_auth_time": 0.0009254200000001767,
        "login_time": 0.0022914029999998586,
        "acs_dispatch_time": 0.004383277000000074,
        "finish_acs_dispatch_time": 0.018822441999999828
    },
    "t_user_15": {
        "redirect_time": 0.0037199129999998526,
        "build_auth_time": 0.0009432329999998768,
        "login_time": 0.0027363950000001136,
        "acs_dispatch_time": 0.004043757000000259,
        "finish_acs_dispatch_time": 0.01856128299999993
    },
    "t_user_16": {
        "redirect_time": 0.0035320729999999134,
        "build_auth_time": 0.0010498919999999412,
        "login_time": 0.002452426000000063,
        "acs_dispatch_time": 0.003836992999999733,
        "finish_acs_dispatch_time": 0.01866772899999969
    },
    "t_user_17": {
        "redirect_time": 0.003238735000000048,
        "build_auth_time": 0.0009078769999999459,
        "login_time": 0.002307604000000296,
        "acs_dispatch_time": 0.00367310600000037,
        "finish_acs_dispatch_time": 0.018226384999999734
    },
    "t_user_18": {
        "redirect_time": 0.0036114720000002265,
        "build_auth_time": 0.0010932029999999315,
        "login_time": 0.0024966989999999356,
        "acs_dispatch_time": 0.0038622600000000062,
        "finish_acs_dispatch_time": 0.01815525700000009
    },
    "t_user_19": {
        "redirect_time": 0.0032886369999998166,
        "build_auth_time": 0.0009534919999998337,
        "login_time": 0.0023126930000003654,
        "acs_dispatch_time": 0.003958862000000174,
        "finish_acs_dispatch_time": 0.01841836699999977
    },
    "t_user_20": {
        "redirect_time": 0.0037485950000002433,
        "build_auth_time": 0.0009375010000001183,
        "login_time": 0.002763564999999968,
        "acs_dispatch_time": 0.0045887489999998365,
        "finish_acs_dispatch_time": 0.020260727000000145
    },
    "t_user_21": {
        "redirect_time": 0.003484044999999991,
        "build_auth_time": 0.0009266629999999942,
        "login_time": 0.002514903000000235,
        "acs_dispatch_time": 0.003619998000000013,
        "finish_acs_dispatch_time": 0.01822674500000021
    },
    "t_user_22": {
        "redirect_time": 0.0031475739999997643,
        "build_auth_time": 0.0009173759999998587,
        "login_time": 0.0022090079999999013,
        "acs_dispatch_time": 0.003393203999999983,
        "finish_acs_dispatch_time": 0.018185490000000026
    },
    "t_user_23": {
        "redirect_time": 0.0032765839999999713,
        "build_auth_time": 0.0008761669999999278,
        "login_time": 0.002374027000000112,
        "acs_dispatch_time": 0.0031029909999999994,
        "finish_acs_dispatch_time": 0.018199336999999982
    },
    "t_user_24": {
        "redirect_time": 0.0032212519999998968,
        "build_auth_time": 0.0009020870000000514,
        "login_time": 0.002297764999999785,
        "acs_dispatch_time": 0.003943431000000164,
        "finish_acs_dispatch_time": 0.019031481999999933
    },
    "t_user_25": {
        "redirect_time": 0.003289429000000066,
        "build_auth_time": 0.0009302280000000884,
        "login_time": 0.0023388529999999186,
        "acs_dispatch_time": 0.0038309430000000866,
        "finish_acs_dispatch_time": 0.019850378000000113
    },
    "t_user_26": {
        "redirect_time": 0.0032958129999998143,
        "build_auth_time": 0.0009215230000001462,
        "login_time": 0.002353670999999835,
        "acs_dispatch_time": 0.003324566999999945,
        "finish_acs_dispatch_time": 0.019032398999999867
    },
    "t_user_27": {
        "redirect_time": 0.0032044200000003187,
        "build_auth_time": 0.0008458209999999688,
        "login_time": 0.0023369390000000934,
        "acs_dispatch_time": 0.0032965719999999976,
        "finish_acs_dispatch_time": 0.02043258399999992
    },
    "t_user_28": {
        "redirect_time": 0.003151282000000144,
        "build_auth_time": 0.0008926590000002399,
        "login_time": 0.002230501000000107,
        "acs_dispatch_time": 0.004115064000000057,
        "finish_acs_dispatch_time": 0.01957325599999926
    },
    "t_user_29": {
        "redirect_time": 0.003257287999999914,
        "build_auth_time": 0.00093915599999983,
        "login_time": 0.002247590000000077,
        "acs_dispatch_time": 0.004833844000000198,
        "finish_acs_dispatch_time": 0.017981389000000014
    },