{
    "t_user_1": {
        "redirect_time": 0.0031481949999999648,
        "build_auth_time": 0.0008733130000000422,
        "login_time": 0.0022548749999999895,
        "acs_dispatch_time": 0.00434664199999979,
        "finish_acs_dispatch_time": 0.020411712999999665
    },
    "t_user_2": {
        "redirect_time": 0.0031268559999999557,
        "build_auth_time": 0.0008678019999999176,
        "login_time": 0.002241111000000018,
        "acs_dispatch_time": 0.004033800999999837,
        "finish_acs_dispatch_time": 0.018585891999999937
    },
    "t_user_3": {
        "redirect_time": 0.0038609090000000235,
        "build_auth_time": 0.0015213840000000145,
        "login_time": 0.002314558000000022,
        "acs_dispatch_time": 0.0030794250000001355,
        "finish_acs_dispatch_time": 0.017236432999999884
    },
    "t_user_4": {
        "redirect_time": 0.0034220670000000286,
        "build_auth_time": 0.0010010110000000516,
        "login_time": 0.002375520999999936,
        "acs_dispatch_time": 0.004417015000000024,
        "finish_acs_dispatch_time": 0.020454047999999947
    },
    "t_user_5": {
        "redirect_time": 0.0038938829999999314,
        "build_auth_time": 0.0010791679999999637,
        "login_time": 0.0027872439999999665,
        "acs_dispatch_time": 0.003704968000000086,
        "finish_acs_dispatch_time": 0.02030585900000048
    },
    "t_user_6": {
        "redirect_time": 0.0038829569999999647,
        "build_auth_time": 0.001567680999999932,
        "login_time": 0.0022960589999999614,
        "acs_dispatch_time": 0.0038951890000005207,
        "finish_acs_dispatch_time": 0.01692590900000024
    },
    "t_user_7": {
        "redirect_time": 0.003303161999999915,
        "build_auth_time": 0.00099640099999998,
        "login_time": 0.002285279999999945,
        "acs_dispatch_time": 0.003895683000000094,
        "finish_acs_dispatch_time": 0.018250386000000063
    },
    "t_user_8": {
        "redirect_time": 0.0031902329999999868,
        "build_auth_time": 0.0008987900000000382,
        "login_time": 0.002270243999999977,
        "acs_dispatch_time": 0.0038106940000002254,
        "finish_acs_dispatch_time": 0.017289519000000197
    },
    "t_user_9": {
        "redirect_time": 0.0032146389999999636,
        "build_auth_time": 0.0008994619999999065,
        "login_time": 0.002284680000000039,
        "acs_dispatch_time": 0.003422818999999855,
        "finish_acs_dispatch_time": 0.017454348999999425
    },
    "t_user_10": {
        "redirect_time": 0.003358455999999954,
        "build_auth_time": 0.0010025139999999544,
        "login_time": 0.0023355739999999514,
        "acs_dispatch_time": 0.003718553999999763,
        "finish_acs_dispatch_time": 0.01885662900000007
    },
    "t_user_11": {
        "redirect_time": 0.003598054999999989,
        "build_auth_time": 0.0009144700000000006,
        "login_time": 0.002660502000000009,
        "acs_dispatch_time": 0.004136384999999798,
        "finish_acs_dispatch_time": 0.019448751999999736
    },
    "t_user_12": {
        "redirect_time": 0.003271485000000074,
        "build_auth_time": 0.0009343270000000681,
        "login_time": 0.002315046999999959,
        "acs_dispatch_time": 0.0032376720000000248,
        "finish_acs_dispatch_time": 0.019300904000000063
    },
    "t_user_13": {
        "redirect_time": 0.0035462010000000266,
        "build_auth_time": 0.0009591330000000564,
        "login_time": 0.002565337999999917,
        "acs_dispatch_time": 0.0032175859999998835,
        "finish_acs_dispatch_time": 0.018198791000000547
    },
    "t_user_14": {
        "redirect_time": 0.0030125219999999064,
        "build_auth_time": 0.0008534049999999738,
        "login_time": 0.0021407929999999187,
        "acs_dispatch_time": 0.0038201890000002514,
        "finish_acs_dispatch_time": 0.018876972999999797
    },
    "t_user_15": {
        "redirect_time": 0.003177439999999976,
        "build_auth_time": 0.0008807570000000098,
        "login_time": 0.0022772970000000115,
        "acs_dispatch_time": 0.0044899329999998905,
        "finish_acs_dispatch_time": 0.023777464999999776
    },
    "t_user_16": {
        "redirect_time": 0.003280812999999938,
        "build_auth_time": 0.0009437940000001088,
        "login_time": 0.0023172419999999416,
        "acs_dispatch_time": 0.004000709000000047,
        "finish_acs_dispatch_time": 0.018054318999999985
    },
    "t_user_17": {
        "redirect_time": 0.003198075999999883,
        "build_auth_time": 0.0008794429999998687,
        "login_time": 0.002299025999999982,
        "acs_dispatch_time": 0.004034684000000066,
        "finish_acs_dispatch_time": 0.019412976999999998
    },
    "t_user_18": {
        "redirect_time": 0.003132856000000128,
        "build_auth_time": 0.0008870069999999952,
        "login_time": 0.0022266140000000156,
        "acs_dispatch_time": 0.003923683000000011,
        "finish_acs_dispatch_time": 0.01699244000000011
    },
    "t_user_19": {
        "redirect_time": 0.0032241280000000483,
        "build_auth_time": 0.0009477310000001182,
        "login_time": 0.002228917999999913,
        "acs_dispatch_time": 0.004258464000000295,
        "finish_acs_dispatch_time": 0.01740699800000023
    },
    "t_user_20": {
        "redirect_time": 0.0031253030000000237,
        "build_auth_time": 0.0008736640000002183,
        "login_time": 0.0022311309999998308,
        "acs_dispatch_time": 0.0031245579999996664,
        "finish_acs_dispatch_time": 0.016406159999999836
    },
    "t_user_21": {
        "redirect_time": 0.003086189000000017,
        "build_auth_time": 0.0008603480000000108,
        "login_time": 0.00220694499999996,
        "acs_dispatch_time": 0.00358468000000034,
        "finish_acs_dispatch_time": 0.018676549000000264
    },
    "t_user_22": {
        "redirect_time": 0.0033524060000000855,
        "build_auth_time": 0.0009471100000000288,
        "login_time": 0.002385438999999989,
        "acs_dispatch_time": 0.003469136000000095,
        "finish_acs_dispatch_time": 0.017426310000000278
    },
    "t_user_23": {
        "redirect_time": 0.0032379330000000817,
        "build_auth_time": 0.0008836730000001403,
        "login_time": 0.002335144999999983,
        "acs_dispatch_time": 0.00471758599999994,
        "finish_acs_dispatch_time": 0.017723890000000075
    },
    "t_user_24": {
        "redirect_time": 0.003104313000000136,
        "build_auth_time": 0.0009013550000001036,
        "login_time": 0.0021796539999998643,
        "acs_dispatch_time": 0.003445237000000212,
        "finish_acs_dispatch_time": 0.017588555999999755
    },
    "t_user_25": {
        "redirect_time": 0.003245790000000026,
        "build_auth_time": 0.0009373120000000235,
        "login_time": 0.002285545000000111,
        "acs_dispatch_time": 0.0038138400000002903,
        "finish_acs_dispatch_time": 0.01878032499999982
    },
    "t_user_26": {
        "redirect_time": 0.0033422879999998045,
        "build_auth_time": 0.0009317009999998405,
        "login_time": 0.0023913310000001076,
        "acs_dispatch_time": 0.0042925650000000815,
        "finish_acs_dispatch_time": 0.017948682000000105
    },
    "t_user_28": {
        "redirect_time": 0.0031841120000000167,
        "build_auth_time": 0.0008934700000000628,
        "login_time": 0.0022722279999998207,
        "acs_dispatch_time": 0.0037289329999996568,
        "finish_acs_dispatch_time": 0.018923122999999542
    },
    "t_user_27": {
        "redirect_time": 0.0030811200000000483,
        "build_auth_time": 0.0008616299999999466,
        "login_time": 0.0021998020000000285,
        "acs_dispatch_time": 0.0037693760000001575,
        "finish_acs_dispatch_time": 0.018364731000000134
    },
    "t_user_29": {
        "redirect_time": 0.0031786030000000576,
        "build_auth_time": 0.0009449470000000293,
        "login_time": 0.0022155729999999707,
        "acs_dispatch_time": 0.0037843319999995018,
        "finish_acs_dispatch_time": 0.018751724000000358
    },