{
    "t_user_1": {
        "redirect_time": 0.004384618000000007,
        "build_auth_time": 0.001234939000000046,
        "login_time": 0.0031155449999999973,
        "acs_dispatch_time": 0.0038200830000000296,
        "finish_acs_dispatch_time": 0.01836368799999999
    },
    "t_user_2": {
        "redirect_time": 0.0034503089999999847,
        "build_auth_time": 0.0009194080000000104,
        "login_time": 0.00248509600000002,
        "acs_dispatch_time": 0.0044968760000000385,
        "finish_acs_dispatch_time": 0.018173147000000056
    },
    "t_user_3": {
        "redirect_time": 0.0039160689999999665,
        "build_auth_time": 0.0015368929999999281,
        "login_time": 0.0023564130000000016,
        "acs_dispatch_time": 0.0035734880000000135,
        "finish_acs_dispatch_time": 0.019396882999999976
    },
    "t_user_4": {
        "redirect_time": 0.003206055000000041,
        "build_auth_time": 0.0009115950000000428,
        "login_time": 0.0022713269999999897,
        "acs_dispatch_time": 0.004979028999999913,
        "finish_acs_dispatch_time": 0.026032608000000068
    },
    "t_user_5": {
        "redirect_time": 0.0033172209999999813,
        "build_auth_time": 0.000998888000000031,
        "login_time": 0.0022945779999999916,
        "acs_dispatch_time": 0.004288564999999966,
        "finish_acs_dispatch_time": 0.018586361999999967
    },
    "t_user_6": {
        "redirect_time": 0.003310377000000031,
        "build_auth_time": 0.000945017000000048,
        "login_time": 0.0023399419999999838,
        "acs_dispatch_time": 0.003713124000000012,
        "finish_acs_dispatch_time": 0.017876631999999892
    },
    "t_user_7": {
        "redirect_time": 0.0033098249999999885,
        "build_auth_time": 0.0009820660000000592,
        "login_time": 0.002304715999999929,
        "acs_dispatch_time": 0.0034445260000000033,
        "finish_acs_dispatch_time": 0.019319124999999993
    },
    "t_user_8": {
        "redirect_time": 0.003308516000000039,
        "build_auth_time": 0.0009984259999999967,
        "login_time": 0.0022828380000000648,
        "acs_dispatch_time": 0.004237994000000134,
        "finish_acs_dispatch_time": 0.019280884000000054
    },
    "t_user_9": {
        "redirect_time": 0.0031912050000000303,
        "build_auth_time": 0.0008835620000000599,
        "login_time": 0.0022749719999999307,
        "acs_dispatch_time": 0.003546478000000075,
        "finish_acs_dispatch_time": 0.018152655000000184
    },
    "t_user_10": {
        "redirect_time": 0.0031130289999998784,
        "build_auth_time": 0.0008373760000000008,
        "login_time": 0.002253881999999985,
        "acs_dispatch_time": 0.00510678600000003,
        "finish_acs_dispatch_time": 0.018642227999999816
    },
    "t_user_11": {
        "redirect_time": 0.0035272410000000143,
        "build_auth_time": 0.0012206999999999635,
        "login_time": 0.0022776370000001656,
        "acs_dispatch_time": 0.003741283999999956,
        "finish_acs_dispatch_time": 0.020854048000000125
    },
    "t_user_12": {
        "redirect_time": 0.003187148000000084,
        "build_auth_time": 0.0008981599999999812,
        "login_time": 0.0022687000000001234,
        "acs_dispatch_time": 0.0034975379999999667,
        "finish_acs_dispatch_time": 0.020231762999999958
    },
    "t_user_13": {
        "redirect_time": 0.003429279999999979,
        "build_auth_time": 0.0010934240000000095,
        "login_time": 0.002310558999999879,
        "acs_dispatch_time": 0.0031851839999998965,
        "finish_acs_dispatch_time": 0.018772956999999924
    },
    "t_user_14": {
        "redirect_time": 0.0029573880000000052,
        "build_auth_time": 0.0008189810000001074,
        "login_time": 0.002120303000000101,
        "acs_dispatch_time": 0.003930589000000095,
        "finish_acs_dispatch_time": 0.016859116000000007
    },
    "t_user_15": {
        "redirect_time": 0.003478963999999918,
        "build_auth_time": 0.0010373079999999035,
        "login_time": 0.002417140000000151,
        "acs_dispatch_time": 0.004498955999999943,
        "finish_acs_dispatch_time": 0.019192647999999757
    },
    "t_user_16": {
        "redirect_time": 0.003651636000000069,
        "build_auth_time": 0.0009445750000001141,
        "login_time": 0.002648551999999915,
        "acs_dispatch_time": 0.003984320000000263,
        "finish_acs_dispatch_time": 0.022015439000000026
    },
    "t_user_17": {
        "redirect_time": 0.003374438000000257,
        "build_auth_time": 0.0009967030000002097,
        "login_time": 0.0023477689999999996,
        "acs_dispatch_time": 0.003658506999999922,
        "finish_acs_dispatch_time": 0.021667143999999805
    },
    "t_user_18": {
        "redirect_time": 0.003292415000000215,
        "build_auth_time": 0.0009823760000000625,
        "login_time": 0.0022879969999998195,
        "acs_dispatch_time": 0.004785766000000358,
        "finish_acs_dispatch_time": 0.018433905999999833
    },
    "t_user_19": {
        "redirect_time": 0.0033466979999996482,
        "build_auth_time": 0.0010749109999999007,
        "login_time": 0.002242010999999877,
        "acs_dispatch_time": 0.004218437000000019,
        "finish_acs_dispatch_time": 0.020697617000000168
    },
    "t_user_20": {
        "redirect_time": 0.003306531999999862,
        "build_auth_time": 0.0009741619999998896,
        "login_time": 0.002311119999999889,
        "acs_dispatch_time": 0.0035824399999997425,
        "finish_acs_dispatch_time": 0.018472708000000004
    },
    "t_user_21": {
        "redirect_time": 0.0042036269999998765,
        "build_auth_time": 0.0018392369999999936,
        "login_time": 0.00232962499999978,
        "acs_dispatch_time": 0.0030614729999998147,
        "finish_acs_dispatch_time": 0.018745345000000135
    },
    "t_user_22": {
        "redirect_time": 0.0033628160000001017,
        "build_auth_time": 0.0008813680000003821,
        "login_time": 0.0024586749999997437,
        "acs_dispatch_time": 0.00411982600000016,
        "finish_acs_dispatch_time": 0.020836933000000002
    },
    "t_user_23": {
        "redirect_time": 0.0032005829999999236,
        "build_auth_time": 0.0009312409999999716,
        "login_time": 0.002248813000000016,
        "acs_dispatch_time": 0.0034171339999997663,
        "finish_acs_dispatch_time": 0.018068734999999947
    },
    "t_user_24": {
        "redirect_time": 0.0034285389999997307,
        "build_auth_time": 0.0010166599999998915,
        "login_time": 0.002389406999999899,
        "acs_dispatch_time": 0.0034665129999997824,
        "finish_acs_dispatch_time": 0.01794429700000011
    },
    "t_user_25": {
        "redirect_time": 0.0034662989999998395,
        "build_auth_time": 0.0009460980000000063,
        "login_time": 0.0025001239999999925,
        "acs_dispatch_time": 0.003609047999999948,
        "finish_acs_dispatch_time": 0.01760827900000006
    },
    "t_user_26": {
        "redirect_time": 0.003241978999999784,
        "build_auth_time": 0.0009515889999995863,
        "login_time": 0.0022681090000000736,
        "acs_dispatch_time": 0.004299891000000056,
        "finish_acs_dispatch_time": 0.019450540000000238
    },
    "t_user_27": {
        "redirect_time": 0.0032747799999999216,
        "build_auth_time": 0.0009576799999999608,
        "login_time": 0.0022957009999999833,
        "acs_dispatch_time": 0.03489265900000005,
        "finish_acs_dispatch_time": 0.017696394999999754
    },
    "t_user_28": {
        "redirect_time": 0.0033744480000001964,
        "build_auth_time": 0.0008837120000002585,
        "login_time": 0.002443477999999999,
        "acs_dispatch_time": 0.0037733620000000023,
        "finish_acs_dispatch_time": 0.017957669000000287
    },
    "t_user_29": {
        "redirect_time": 0.0033854799999999408,
        "build_auth_time": 0.0010511549999998593,
        "login_time": 0.002308777000000095,
        "acs_dispatch_time": 0.0037001349999998823,
        "finish_acs_dispatch_time": 0.018766653999999328
    },