{
    "t_user_1": {
        "redirect_time": 0.003398953000000038,
        "build_auth_time": 0.0009774969999999383,
        "login_time": 0.002398895000000012,
        "acs_dispatch_time": 0.003980642000000034,
        "finish_acs_dispatch_time": 0.028279309000000086
    },
    "t_user_2": {
        "redirect_time": 0.00327675500000002,
        "build_auth_time": 0.0008958749999999904,
        "login_time": 0.0023532490000000017,
        "acs_dispatch_time": 0.005418825999999988,
        "finish_acs_dispatch_time": 0.020051840000000043
    },
    "t_user_3": {
        "redirect_time": 0.003119640999999951,
        "build_auth_time": 0.0008598370000000299,
        "login_time": 0.0022396169999999715,
        "acs_dispatch_time": 0.005071186999999977,
        "finish_acs_dispatch_time": 0.021662553000000084
    },
    "t_user_4": {
        "redirect_time": 0.0038890459999999516,
        "build_auth_time": 0.0015910609999999492,
        "login_time": 0.002274251000000005,
        "acs_dispatch_time": 0.0037364349999999824,
        "finish_acs_dispatch_time": 0.022753349999999894
    },
    "t_user_5": {
        "redirect_time": 0.0035023489999999047,
        "build_auth_time": 0.0011589069999999868,
        "login_time": 0.0023214809999999586,
        "acs_dispatch_time": 0.0029474080000000402,
        "finish_acs_dispatch_time": 0.0206814609999999
    },
    "t_user_6": {
        "redirect_time": 0.0033721629999999836,
        "build_auth_time": 0.0009828470000000644,
        "login_time": 0.0023681859999999944,
        "acs_dispatch_time": 0.004327720999999896,
        "finish_acs_dispatch_time": 0.018722839000000047
    },
    "t_user_7": {
        "redirect_time": 0.0031381369999999853,
        "build_auth_time": 0.0008713689999999552,
        "login_time": 0.002239677000000051,
        "acs_dispatch_time": 0.0037822229999999735,
        "finish_acs_dispatch_time": 0.020724106999999936
    },
    "t_user_8": {
        "redirect_time": 0.003200001999999924,
        "build_auth_time": 0.0009180359999999554,
        "login_time": 0.0022554359999999996,
        "acs_dispatch_time": 0.0037449929999999743,
        "finish_acs_dispatch_time": 0.021549754000000032
    },
    "t_user_9": {
        "redirect_time": 0.0032450360000000344,
        "build_auth_time": 0.0009323839999999528,
        "login_time": 0.00229076100000003,
        "acs_dispatch_time": 0.00416991599999994,
        "finish_acs_dispatch_time": 0.020594344999999903
    },
    "t_user_10": {
        "redirect_time": 0.0037107150000001976,
        "build_auth_time": 0.0014352710000000712,
        "login_time": 0.0022551969999999866,
        "acs_dispatch_time": 0.0040242210000001055,
        "finish_acs_dispatch_time": 0.019822812000000134
    },
    "t_user_11": {
        "redirect_time": 0.0033251269999998723,
        "build_auth_time": 0.0010252280000000447,
        "login_time": 0.0022766559999998215,
        "acs_dispatch_time": 0.004003435,
        "finish_acs_dispatch_time": 0.020139305999999912
    },
    "t_user_12": {
        "redirect_time": 0.0035658530000000077,
        "build_auth_time": 0.0009849710000000567,
        "login_time": 0.002411886999999835,
        "acs_dispatch_time": 0.004206009999999871,
        "finish_acs_dispatch_time": 0.018565292999999983
    },
    "t_user_13": {
        "redirect_time": 0.0035278849999997863,
        "build_auth_time": 0.0010727969999999587,
        "login_time": 0.0024346099999998927,
        "acs_dispatch_time": 0.0037482349999997666,
        "finish_acs_dispatch_time": 0.019642655000000175
    },
    "t_user_14": {
        "redirect_time": 0.004474553999999964,
        "build_auth_time": 0.0013425689999999602,
        "login_time": 0.002895724000000044,
        "acs_dispatch_time": 0.004550495000000154,
        "finish_acs_dispatch_time": 0.019650954000000276
    },
    "t_user_15": {
        "redirect_time": 0.004097489999999926,
        "build_auth_time": 0.0016290749999998688,
        "login_time": 0.002444300000000066,
        "acs_dispatch_time": 0.0038138889999999037,
        "finish_acs_dispatch_time": 0.01932305600000017
    },
    "t_user_16": {
        "redirect_time": 0.0033349440000001174,
        "build_auth_time": 0.0009479720000000746,
        "login_time": 0.0023646310000000614,
        "acs_dispatch_time": 0.0036132390000003234,
        "finish_acs_dispatch_time": 0.01890608199999999
    },
    "t_user_17": {
        "redirect_time": 0.0034859960000002133,
        "build_auth_time": 0.001115004000000308,
        "login_time": 0.0023490909999996923,
        "acs_dispatch_time": 0.0034893619999998293,
        "finish_acs_dispatch_time": 0.020206459000000176
    },
    "t_user_18": {
        "redirect_time": 0.003808418999999841,
        "build_auth_time": 0.0009197899999997539,
        "login_time": 0.0028529530000001024,
        "acs_dispatch_time": 0.00401075800000017,
        "finish_acs_dispatch_time": 0.01904380700000008
    },
    "t_user_19": {
        "redirect_time": 0.003279524000000311,
        "build_auth_time": 0.0009418619999999045,
        "login_time": 0.0023146390000001738,
        "acs_dispatch_time": 0.0038549140000001536,
        "finish_acs_dispatch_time": 0.022550804000000202
    },
    "t_user_20": {
        "redirect_time": 0.0032698400000001904,
        "build_auth_time": 0.0009497440000001411,
        "login_time": 0.002297974999999841,
        "acs_dispatch_time": 0.0039140559999997215,
        "finish_acs_dispatch_time": 0.019301470000000265
    },
    "t_user_21": {
        "redirect_time": 0.0032399939999998573,
        "build_auth_time": 0.0009637810000002744,
        "login_time": 0.0022532709999998346,
        "acs_dispatch_time": 0.0062992459999997585,
        "finish_acs_dispatch_time": 0.020626072000000217
    },
    "t_user_22": {
        "redirect_time": 0.0035450650000004025,
        "build_auth_time": 0.000941882000000227,
        "login_time": 0.0025592009999999554,
        "acs_dispatch_time": 0.004217343999999734,
        "finish_acs_dispatch_time": 0.018585458
    },
    "t_user_23": {
        "redirect_time": 0.0034560219999999475,
        "build_auth_time": 0.0009424019999997313,
        "login_time": 0.0024912480000001125,
        "acs_dispatch_time": 0.0036550160000001775,
        "finish_acs_dispatch_time": 0.02200210700000005
    },
    "t_user_24": {
        "redirect_time": 0.003426655000000167,
        "build_auth_time": 0.0009797520000001114,
        "login_time": 0.002423289000000217,
        "acs_dispatch_time": 0.003718843999999777,
        "finish_acs_dispatch_time": 0.021434349000000186
    },
    "t_user_25": {
        "redirect_time": 0.0032119350000003877,
        "build_auth_time": 0.0008795130000001095,
        "login_time": 0.0023059020000002484,
        "acs_dispatch_time": 0.005281662999999881,
        "finish_acs_dispatch_time": 0.022191878999999748
    },
    "t_user_26": {
        "redirect_time": 0.0032613860000001438,
        "build_auth_time": 0.0009350980000002451,
        "login_time": 0.0023034950000000443,
        "acs_dispatch_time": 0.0036588790000000593,
        "finish_acs_dispatch_time": 0.018157389000000634
    },
    "t_user_27": {
        "redirect_time": 0.0034715400000000507,
        "build_auth_time": 0.0010279120000000752,
        "login_time": 0.0024186610000000996,
        "acs_dispatch_time": 0.003182071999999536,
        "finish_acs_dispatch_time": 0.021210757000000413
    },
    "t_user_28": {
        "redirect_time": 0.0031987179999997117,
        "build_auth_time": 0.0008690030000000348,
        "login_time": 0.002306962999999662,
        "acs_dispatch_time": 0.00395373299999946,
        "finish_acs_dispatch_time": 0.01950077299999986
    },
    "t_user_29": {
        "redirect_time": 0.003542079999999892,
        "build_auth_time": 0.0012057130000000527,
        "login_time": 0.002306211000000058,
        "acs_dispatch_time": 0.003737317000000573,
        "finish_acs_dispatch_time": 0.02015289300000056
    },