{
    "t_user_1": {
        "redirect_time": 0.0035420710000000355,
        "build_auth_time": 0.0010014110000000631,
        "login_time": 0.002517215999999989,
        "acs_dispatch_time": 0.004435540000000016,
        "finish_acs_dispatch_time": 0.020823399000000187
    },
    "t_user_2": {
        "redirect_time": 0.003454937999999963,
        "build_auth_time": 0.001148637000000008,
        "login_time": 0.002267919000000007,
        "acs_dispatch_time": 0.003334104999999976,
        "finish_acs_dispatch_time": 0.020713568999999987
    },
    "t_user_3": {
        "redirect_time": 0.003621019000000003,
        "build_auth_time": 0.0010500730000000402,
        "login_time": 0.002538785999999904,
        "acs_dispatch_time": 0.0037884100000000753,
        "finish_acs_dispatch_time": 0.02474264100000001
    },
    "t_user_4": {
        "redirect_time": 0.0035056430000000027,
        "build_auth_time": 0.0010733270000000683,
        "login_time": 0.0024055760000000204,
        "acs_dispatch_time": 0.004195050000000089,
        "finish_acs_dispatch_time": 0.020908756000000084
    },
    "t_user_5": {
        "redirect_time": 0.0036557440000000163,
        "build_auth_time": 0.0014210579999999196,
        "login_time": 0.0022150590000000747,
        "acs_dispatch_time": 0.004778806999999885,
        "finish_acs_dispatch_time": 0.020310420000000162
    },
    "t_user_6": {
        "redirect_time": 0.00323177100000005,
        "build_auth_time": 0.000934968000000036,
        "login_time": 0.0022759540000000245,
        "acs_dispatch_time": 0.004180666999999971,
        "finish_acs_dispatch_time": 0.024919233000000096
    },
    "t_user_7": {
        "redirect_time": 0.00324542800000005,
        "build_auth_time": 0.0009808330000000698,
        "login_time": 0.002235341000000002,
        "acs_dispatch_time": 0.0034803480000000775,
        "finish_acs_dispatch_time": 0.02113155499999997
    },
    "t_user_8": {
        "redirect_time": 0.003232230000000058,
        "build_auth_time": 0.00092671100000008,
        "login_time": 0.0022559869999999593,
        "acs_dispatch_time": 0.004703793000000012,
        "finish_acs_dispatch_time": 0.020648886000000033
    },
    "t_user_9": {
        "redirect_time": 0.0037548389999999543,
        "build_auth_time": 0.0011330189999999574,
        "login_time": 0.0025777879999999698,
        "acs_dispatch_time": 0.0038976950000000343,
        "finish_acs_dispatch_time": 0.02079642700000006
    },
    "t_user_10": {
        "redirect_time": 0.003985491000000008,
        "build_auth_time": 0.001676224000000004,
        "login_time": 0.002286083999999966,
        "acs_dispatch_time": 0.004219745999999969,
        "finish_acs_dispatch_time": 0.019138004999999847
    },
    "t_user_11": {
        "redirect_time": 0.0032909220000001405,
        "build_auth_time": 0.0009381440000000296,
        "login_time": 0.0023285730000000004,
        "acs_dispatch_time": 0.004058255999999982,
        "finish_acs_dispatch_time": 0.02030946300000025
    },
    "t_user_12": {
        "redirect_time": 0.003390087999999958,
        "build_auth_time": 0.0009063339999999531,
        "login_time": 0.0024512829999998598,
        "acs_dispatch_time": 0.004520399000000008,
        "finish_acs_dispatch_time": 0.02046122600000011
    },
    "t_user_14": {
        "redirect_time": 0.00320610500000007,
        "build_auth_time": 0.000941139999999896,
        "login_time": 0.0022439360000001685,
        "acs_dispatch_time": 0.003936890000000304,
        "finish_acs_dispatch_time": 0.018951273999999962
    },
    "t_user_13": {
        "redirect_time": 0.0031036129999999496,
        "build_auth_time": 0.0008492379999998079,
        "login_time": 0.002218678000000196,
        "acs_dispatch_time": 0.0036310340000000885,
        "finish_acs_dispatch_time": 0.01846695399999998
    },
    "t_user_15": {
        "redirect_time": 0.0033147039999998906,
        "build_auth_time": 0.0009433930000000146,
        "login_time": 0.0023504219999999076,
        "acs_dispatch_time": 0.00372983299999996,
        "finish_acs_dispatch_time": 0.019049668000000075
    },
    "t_user_16": {
        "redirect_time": 0.003354188999999952,
        "build_auth_time": 0.0009043909999999489,
        "login_time": 0.002426074000000167,
        "acs_dispatch_time": 0.0035086959999999223,
        "finish_acs_dispatch_time": 0.02176759600000011
    },
    "t_user_18": {
        "redirect_time": 0.003383495000000014,
        "build_auth_time": 0.0010280109999998288,
        "login_time": 0.002328734000000221,
        "acs_dispatch_time": 0.005266113999999877,
        "finish_acs_dispatch_time": 0.0188081010000003
    },
    "t_user_17": {
        "redirect_time": 0.0038198520000003455,
        "build_auth_time": 0.001315840000000179,
        "login_time": 0.002465270000000075,
        "acs_dispatch_time": 0.004160686999999719,
        "finish_acs_dispatch_time": 0.018942522000000128
    },
    "t_user_19": {
        "redirect_time": 0.003422167000000087,
        "build_auth_time": 0.0009375230000001622,
        "login_time": 0.002458344999999973,
        "acs_dispatch_time": 0.003480458999999936,
        "finish_acs_dispatch_time": 0.021165477999999904
    },
    "t_user_20": {
        "redirect_time": 0.003256305999999931,
        "build_auth_time": 0.0008602490000000351,
        "login_time": 0.0023743559999998,
        "acs_dispatch_time": 0.0039021439999999963,
        "finish_acs_dispatch_time": 0.021621961999999773
    },
    "t_user_21": {
        "redirect_time": 0.0032893320000000337,
        "build_auth_time": 0.0009263619999999584,
        "login_time": 0.002328165000000215,
        "acs_dispatch_time": 0.004056643000000193,
        "finish_acs_dispatch_time": 0.020433140000000183
    },
    "t_user_23": {
        "redirect_time": 0.0035700630000001787,
        "build_auth_time": 0.0012349590000000354,
        "login_time": 0.0023179130000001713,
        "acs_dispatch_time": 0.004019231000000012,
        "finish_acs_dispatch_time": 0.02259241699999981
    },
    "t_user_22": {
        "redirect_time": 0.00338832499999997,
        "build_auth_time": 0.0009831770000001683,
        "login_time": 0.002365503999999685,
        "acs_dispatch_time": 0.004125399999999946,
        "finish_acs_dispatch_time": 0.020154895000000117
    },
    "t_user_24": {
        "redirect_time": 0.003275863999999906,
        "build_auth_time": 0.0009630609999997652,
        "login_time": 0.0022902410000003037,
        "acs_dispatch_time": 0.003895092999999683,
        "finish_acs_dispatch_time": 0.02143452400000001
    },
    "t_user_25": {
        "redirect_time": 0.0035902400000003,
        "build_auth_time": 0.0009879260000000833,
        "login_time": 0.0025750840000000608,
        "acs_dispatch_time": 0.003755269999999644,
        "finish_acs_dispatch_time": 0.01872424100000014
    },
    "t_user_26": {
        "redirect_time": 0.003285562999999936,
        "build_auth_time": 0.000981063999999865,
        "login_time": 0.0022812449999998208,
        "acs_dispatch_time": 0.003789284000000226,
        "finish_acs_dispatch_time": 0.0195466660000001
    },
    "t_user_27": {
        "redirect_time": 0.0032543940000002713,
        "build_auth_time": 0.0009403170000004124,
        "login_time": 0.00227963299999967,
        "acs_dispatch_time": 0.004362525999999978,
        "finish_acs_dispatch_time": 0.020630994000000236
    },
    "t_user_28": {
        "redirect_time": 0.0034334600000001103,
        "build_auth_time": 0.0009394359999999047,
        "login_time": 0.0024675640000002552,
        "acs_dispatch_time": 0.0036789579999996214,
        "finish_acs_dispatch_time": 0.020284146000000725
    },
    "t_user_29": {
        "redirect_time": 0.0034692569999998923,
        "build_auth_time": 0.0010551229999999912,
        "login_time": 0.0023838669999998174,
        "acs_dispatch_time": 0.003646869000000663,
        "finish_acs_dispatch_time": 0.018245359999999877
    },