{
    "t_user_1": {
        "redirect_time": 0.0032637400000000705,
        "build_auth_time": 0.0009565470000000298,
        "login_time": 0.002263482000000039,
        "acs_dispatch_time": 0.003838514000000015,
        "finish_acs_dispatch_time": 0.018358670999999993
    },
    "t_user_2": {
        "redirect_time": 0.0034285210000000177,
        "build_auth_time": 0.0011138429999999477,
        "login_time": 0.0022904520000001094,
        "acs_dispatch_time": 0.003126011999999956,
        "finish_acs_dispatch_time": 0.01978606999999999
    },
    "t_user_3": {
        "redirect_time": 0.0037069180000000035,
        "build_auth_time": 0.0014494899999999422,
        "login_time": 0.0022369500000000153,
        "acs_dispatch_time": 0.004293337000000008,
        "finish_acs_dispatch_time": 0.02532806199999993
    },
    "t_user_4": {
        "redirect_time": 0.0032449050000000756,
        "build_auth_time": 0.0009760940000000939,
        "login_time": 0.0022464199999999712,
        "acs_dispatch_time": 0.0036555219999999666,
        "finish_acs_dispatch_time": 0.01860422099999992
    },
    "t_user_5": {
        "redirect_time": 0.0033325389999999677,
        "build_auth_time": 0.0009169140000000464,
        "login_time": 0.0023766920000000136,
        "acs_dispatch_time": 0.003243951000000078,
        "finish_acs_dispatch_time": 0.0197472729999999
    },
    "t_user_6": {
        "redirect_time": 0.0032911500000000204,
        "build_auth_time": 0.000925689999999979,
        "login_time": 0.0023442510000000194,
        "acs_dispatch_time": 0.0036929950000001988,
        "finish_acs_dispatch_time": 0.020169424999999963
    },
    "t_user_7": {
        "redirect_time": 0.0034071790000000934,
        "build_auth_time": 0.0009388750000001167,
        "login_time": 0.0024463329999999672,
        "acs_dispatch_time": 0.003975359999999872,
        "finish_acs_dispatch_time": 0.018863924000000143
    },
    "t_user_8": {
        "redirect_time": 0.003286131000000081,
        "build_auth_time": 0.0009177650000000703,
        "login_time": 0.0023485079999998604,
        "acs_dispatch_time": 0.0035304330000001105,
        "finish_acs_dispatch_time": 0.019139086999999888
    },
    "t_user_9": {
        "redirect_time": 0.003427988000000104,
        "build_auth_time": 0.0010235630000001716,
        "login_time": 0.0023752799999998686,
        "acs_dispatch_time": 0.003171046000000066,
        "finish_acs_dispatch_time": 0.017714447999999994
    },
    "t_user_10": {
        "redirect_time": 0.003595593000000008,
        "build_auth_time": 0.0014350430000000802,
        "login_time": 0.0021426659999999043,
        "acs_dispatch_time": 0.00405028900000004,
        "finish_acs_dispatch_time": 0.01791653400000004
    },
    "t_user_11": {
        "redirect_time": 0.0032129460000001053,
        "build_auth_time": 0.0009457989999999139,
        "login_time": 0.002243894000000024,
        "acs_dispatch_time": 0.003857493000000156,
        "finish_acs_dispatch_time": 0.01838267800000004
    },
    "t_user_12": {
        "redirect_time": 0.003328973000000124,
        "build_auth_time": 0.0010303769999999712,
        "login_time": 0.0022705640000000304,
        "acs_dispatch_time": 0.0034997639999998498,
        "finish_acs_dispatch_time": 0.01913417399999995
    },
    "t_user_13": {
        "redirect_time": 0.004670810999999997,
        "build_auth_time": 0.002437515999999862,
        "login_time": 0.002214700000000125,
        "acs_dispatch_time": 0.003143506999999879,
        "finish_acs_dispatch_time": 0.01940797899999991
    },
    "t_user_14": {
        "redirect_time": 0.0031617699999999527,
        "build_auth_time": 0.0008472939999999429,
        "login_time": 0.002293397000000086,
        "acs_dispatch_time": 0.003735014000000092,
        "finish_acs_dispatch_time": 0.019436438000000056
    },
    "t_user_15": {
        "redirect_time": 0.0032681889999999214,
        "build_auth_time": 0.0009687509999998234,
        "login_time": 0.002274682000000139,
        "acs_dispatch_time": 0.003586065999999999,
        "finish_acs_dispatch_time": 0.023403993000000067
    },
    "t_user_16": {
        "redirect_time": 0.0037846839999997606,
        "build_auth_time": 0.0013223110000000204,
        "login_time": 0.0024138929999999448,
        "acs_dispatch_time": 0.0034748680000000753,
        "finish_acs_dispatch_time": 0.01957406000000006
    },
    "t_user_17": {
        "redirect_time": 0.003320817000000087,
        "build_auth_time": 0.000957899999999956,
        "login_time": 0.002329795000000079,
        "acs_dispatch_time": 0.004673352999999825,
        "finish_acs_dispatch_time": 0.018452303999999753
    },
    "t_user_19": {
        "redirect_time": 0.003252849000000335,
        "build_auth_time": 0.0009427820000000864,
        "login_time": 0.00228859700000017,
        "acs_dispatch_time": 0.00376569300000007,
        "finish_acs_dispatch_time": 0.019044335999999884
    },
    "t_user_18": {
        "redirect_time": 0.0035239060000002986,
        "build_auth_time": 0.0009560969999999891,
        "login_time": 0.0025477720000002257,
        "acs_dispatch_time": 0.0037266890000000608,
        "finish_acs_dispatch_time": 0.020715406999999963
    },
    "t_user_20": {
        "redirect_time": 0.003536610999999912,
        "build_auth_time": 0.0009524110000000974,
        "login_time": 0.0025425320000000973,
        "acs_dispatch_time": 0.0037229110000001064,
        "finish_acs_dispatch_time": 0.018260769999999926
    },
    "t_user_21": {
        "redirect_time": 0.004631558000000258,
        "build_auth_time": 0.0021961250000002153,
        "login_time": 0.0024146539999998495,
        "acs_dispatch_time": 0.003710475000000102,
        "finish_acs_dispatch_time": 0.019227369999999855
    },
    "t_user_22": {
        "redirect_time": 0.0033257559999997355,
        "build_auth_time": 0.0009098100000000109,
        "login_time": 0.002389185999999821,
        "acs_dispatch_time": 0.004598584999999655,
        "finish_acs_dispatch_time": 0.019137177000000172
    },
    "t_user_23": {
        "redirect_time": 0.0036413459999997677,
        "build_auth_time": 0.0009674789999998268,
        "login_time": 0.0026283419999999502,
        "acs_dispatch_time": 0.005613373000000088,
        "finish_acs_dispatch_time": 0.01849347899999998
    },
    "t_user_24": {
        "redirect_time": 0.004974138000000128,
        "build_auth_time": 0.0026877040000004015,
        "login_time": 0.0022431529999997757,
        "acs_dispatch_time": 0.0036951680000001375,
        "finish_acs_dispatch_time": 0.017443549999999863
    },
    "t_user_25": {
        "redirect_time": 0.0034030309999999453,
        "build_auth_time": 0.0010320880000000976,
        "login_time": 0.0023421589999998993,
        "acs_dispatch_time": 0.0041912540000002,
        "finish_acs_dispatch_time": 0.02134624200000035
    },
    "t_user_26": {
        "redirect_time": 0.0031981070000002276,
        "build_auth_time": 0.0009140880000000351,
        "login_time": 0.0022644419999999776,
        "acs_dispatch_time": 0.004851319000000132,
        "finish_acs_dispatch_time": 0.019806688000000072
    },
    "t_user_27": {
        "redirect_time": 0.0031895310000003008,
        "build_auth_time": 0.0009411090000002176,
        "login_time": 0.0022278929999997032,
        "acs_dispatch_time": 0.003859074999999823,
        "finish_acs_dispatch_time": 0.01949832700000087
    },
    "t_user_28": {
        "redirect_time": 0.0033000700000003214,
        "build_auth_time": 0.0009261820000001642,
        "login_time": 0.0023391429999999325,
        "acs_dispatch_time": 0.004426503999999554,
        "finish_acs_dispatch_time": 0.02039892099999996
    },
    "t_user_29": {
        "redirect_time": 0.0033078060000000242,
        "build_auth_time": 0.0009534129999999585,
        "login_time": 0.002324477000000158,
        "acs_dispatch_time": 0.004158583999999799,
        "finish_acs_dispatch_time": 0.017393591000000264
    },