{
    "t_user_1": {
        "redirect_time": 0.0032771870000000147,
        "build_auth_time": 0.0009394270000000482,
        "login_time": 0.002313895999999982,
        "acs_dispatch_time": 0.004117185999999995,
        "finish_acs_dispatch_time": 0.023960668000000074
    },
    "t_user_2": {
        "redirect_time": 0.003255285000000052,
        "build_auth_time": 0.0009689420000000837,
        "login_time": 0.002261946999999931,
        "acs_dispatch_time": 0.003383162999999967,
        "finish_acs_dispatch_time": 0.02115392100000002
    },
    "t_user_3": {
        "redirect_time": 0.004234293,
        "build_auth_time": 0.001860697999999994,
        "login_time": 0.002349099000000021,
        "acs_dispatch_time": 0.003416646999999995,
        "finish_acs_dispatch_time": 0.02252947999999999
    },
    "t_user_4": {
        "redirect_time": 0.0036904899999999907,
        "build_auth_time": 0.0013017539999999883,
        "login_time": 0.002365823999999961,
        "acs_dispatch_time": 0.0036678709999999892,
        "finish_acs_dispatch_time": 0.024372344999999962
    },
    "t_user_5": {
        "redirect_time": 0.0032613259999999533,
        "build_auth_time": 0.0009361399999999742,
        "login_time": 0.002299648000000043,
        "acs_dispatch_time": 0.004801485999999966,
        "finish_acs_dispatch_time": 0.018463908999999834
    },
    "t_user_6": {
        "redirect_time": 0.003258572000000015,
        "build_auth_time": 0.0009355389999999852,
        "login_time": 0.002304277999999993,
        "acs_dispatch_time": 0.004616591000000003,
        "finish_acs_dispatch_time": 0.021840109999999857
    },
    "t_user_7": {
        "redirect_time": 0.003184021000000037,
        "build_auth_time": 0.0009070239999999785,
        "login_time": 0.002257179000000109,
        "acs_dispatch_time": 0.0037145060000001173,
        "finish_acs_dispatch_time": 0.019821336000000134
    },
    "t_user_8": {
        "redirect_time": 0.0034376949999999074,
        "build_auth_time": 0.0010333520000000984,
        "login_time": 0.002379676999999969,
        "acs_dispatch_time": 0.0037518340000000094,
        "finish_acs_dispatch_time": 0.02102555000000006
    },
    "t_user_9": {
        "redirect_time": 0.0033256880000001043,
        "build_auth_time": 0.0009714270000000802,
        "login_time": 0.002327520999999999,
        "acs_dispatch_time": 0.004012029999999944,
        "finish_acs_dispatch_time": 0.019202884999999892
    },
    "t_user_10": {
        "redirect_time": 0.0032441340000000096,
        "build_auth_time": 0.0009214930000001065,
        "login_time": 0.0023009099999999894,
        "acs_dispatch_time": 0.0038682820000000007,
        "finish_acs_dispatch_time": 0.017954227000000156
    },
    "t_user_11": {
        "redirect_time": 0.0032949079999999853,
        "build_auth_time": 0.0009493139999998679,
        "login_time": 0.00232396300000004,
        "acs_dispatch_time": 0.0037852750000000324,
        "finish_acs_dispatch_time": 0.01957791100000006
    },
    "t_user_12": {
        "redirect_time": 0.003653337999999895,
        "build_auth_time": 0.0011354509999998985,
        "login_time": 0.00248332200000001,
        "acs_dispatch_time": 0.004242279999999932,
        "finish_acs_dispatch_time": 0.02043722300000006
    },
    "t_user_13": {
        "redirect_time": 0.00380510200000006,
        "build_auth_time": 0.0009873250000000944,
        "login_time": 0.002768023999999869,
        "acs_dispatch_time": 0.00410027299999971,
        "finish_acs_dispatch_time": 0.019605643999999867
    },
    "t_user_14": {
        "redirect_time": 0.0033953049999999596,
        "build_auth_time": 0.0009918939999999932,
        "login_time": 0.002378003999999878,
        "acs_dispatch_time": 0.004251889000000286,
        "finish_acs_dispatch_time": 0.01932169500000036
    },
    "t_user_15": {
        "redirect_time": 0.0035482419999999237,
        "build_auth_time": 0.0010898070000000537,
        "login_time": 0.002416477000000139,
        "acs_dispatch_time": 0.0037932519999999137,
        "finish_acs_dispatch_time": 0.019563524999999693
    },
    "t_user_16": {
        "redirect_time": 0.0033888540000002187,
        "build_auth_time": 0.0009139590000000197,
        "login_time": 0.0024561699999998687,
        "acs_dispatch_time": 0.0036669969999998386,
        "finish_acs_dispatch_time": 0.019115216000000324
    },
    "t_user_17": {
        "redirect_time": 0.0032678189999999496,
        "build_auth_time": 0.000951348000000074,
        "login_time": 0.002295071999999898,
        "acs_dispatch_time": 0.003468059999999884,
        "finish_acs_dispatch_time": 0.021105932999999855
    },
    "t_user_18": {
        "redirect_time": 0.003407640000000267,
        "build_auth_time": 0.0010022940000000702,
        "login_time": 0.0023717429999998707,
        "acs_dispatch_time": 0.00429540599999978,
        "finish_acs_dispatch_time": 0.01924876799999975
    },
    "t_user_19": {
        "redirect_time": 0.0036108900000000332,
        "build_auth_time": 0.0013033170000000815,
        "login_time": 0.0022778770000000392,
        "acs_dispatch_time": 0.0037602180000000374,
        "finish_acs_dispatch_time": 0.018133478000000203
    },
    "t_user_20": {
        "redirect_time": 0.0031613980000000375,
        "build_auth_time": 0.0009097000000002353,
        "login_time": 0.002219527999999915,
        "acs_dispatch_time": 0.0037318779999999663,
        "finish_acs_dispatch_time": 0.021778496000000036
    },
    "t_user_21": {
        "redirect_time": 0.0037012679999999243,
        "build_auth_time": 0.0010485400000002087,
        "login_time": 0.002625666999999776,
        "acs_dispatch_time": 0.003952728999999877,
        "finish_acs_dispatch_time": 0.017936725999999847
    },
    "t_user_22": {
        "redirect_time": 0.0033939649999998878,
        "build_auth_time": 0.0009637219999998337,
        "login_time": 0.0024083530000003073,
        "acs_dispatch_time": 0.003658681000000108,
        "finish_acs_dispatch_time": 0.018112681999999936
    },
    "t_user_23": {
        "redirect_time": 0.0031761889999999404,
        "build_auth_time": 0.000896556999999909,
        "login_time": 0.0022586430000002267,
        "acs_dispatch_time": 0.003659792000000106,
        "finish_acs_dispatch_time": 0.022621465000000285
    },
    "t_user_24": {
        "redirect_time": 0.003312603000000358,
        "build_auth_time": 0.0009928970000001591,
        "login_time": 0.0022861729999998914,
        "acs_dispatch_time": 0.00386255000000002,
        "finish_acs_dispatch_time": 0.020706850000000276
    },
    "t_user_25": {
        "redirect_time": 0.0033542490000000313,
        "build_auth_time": 0.000969723000000311,
        "login_time": 0.0023644179999999793,
        "acs_dispatch_time": 0.0037555990000002204,
        "finish_acs_dispatch_time": 0.020944779999999774
    },
    "t_user_26": {
        "redirect_time": 0.0032576010000000544,
        "build_auth_time": 0.0009759650000003006,
        "login_time": 0.0022620389999996604,
        "acs_dispatch_time": 0.0036724160000001227,
        "finish_acs_dispatch_time": 0.02236608699999998
    },
    "t_user_27": {
        "redirect_time": 0.003433258000000272,
        "build_auth_time": 0.0009052030000002986,
        "login_time": 0.0025064339999998353,
        "acs_dispatch_time": 0.004372179999999837,
        "finish_acs_dispatch_time": 0.020487819000000407
    },
    "t_user_28": {
        "redirect_time": 0.0033109190000000233,
        "build_auth_time": 0.001017030999999946,
        "login_time": 0.0022690210000000377,
        "acs_dispatch_time": 0.003496114999999911,
        "finish_acs_dispatch_time": 0.020212894000000148
    },
    "t_user_29": {
        "redirect_time": 0.0036020210000002884,
        "build_auth_time": 0.0010042160000001132,
        "login_time": 0.0025504870000001567,
        "acs_dispatch_time": 0.0038262739999996853,
        "finish_acs_dispatch_time": 0.021101582000000008
    },