{
    "t_user_1": {
        "redirect_time": 0.0031497679999999972,
        "build_auth_time": 0.0009014850000000907,
        "login_time": 0.002225029999999961,
        "acs_dispatch_time": 0.003693807999999965,
        "finish_acs_dispatch_time": 0.019757554999999982
    },
    "t_user_2": {
        "redirect_time": 0.003220621999999951,
        "build_auth_time": 0.0009269529999998971,
        "login_time": 0.002262619999999993,
        "acs_dispatch_time": 0.0037365730000000763,
        "finish_acs_dispatch_time": 0.020041417999999922
    },
    "t_user_3": {
        "redirect_time": 0.0034300999999999915,
        "build_auth_time": 0.0009882270000000082,
        "login_time": 0.0024163550000000367,
        "acs_dispatch_time": 0.004128507999999975,
        "finish_acs_dispatch_time": 0.024425205999999977
    },
    "t_user_4": {
        "redirect_time": 0.003964131000000037,
        "build_auth_time": 0.0017139050000000156,
        "login_time": 0.0022301479999999874,
        "acs_dispatch_time": 0.0034708270000000097,
        "finish_acs_dispatch_time": 0.019201087999999977
    },
    "t_user_5": {
        "redirect_time": 0.0031979669999999683,
        "build_auth_time": 0.0009273829999999483,
        "login_time": 0.002251907999999969,
        "acs_dispatch_time": 0.003797253999999972,
        "finish_acs_dispatch_time": 0.018316329999999992
    },
    "t_user_6": {
        "redirect_time": 0.0031548789999999993,
        "build_auth_time": 0.0009033090000000188,
        "login_time": 0.0022313629999999307,
        "acs_dispatch_time": 0.0036527900000000724,
        "finish_acs_dispatch_time": 0.018832036000000052
    },
    "t_user_7": {
        "redirect_time": 0.003566363000000017,
        "build_auth_time": 0.0009857610000000294,
        "login_time": 0.0025574590000000397,
        "acs_dispatch_time": 0.0037152259999999604,
        "finish_acs_dispatch_time": 0.02001693299999996
    },
    "t_user_8": {
        "redirect_time": 0.0032203400000001547,
        "build_auth_time": 0.0009354070000000547,
        "login_time": 0.002251680000000089,
        "acs_dispatch_time": 0.0037869069999998395,
        "finish_acs_dispatch_time": 0.02054085200000011
    },
    "t_user_9": {
        "redirect_time": 0.0033091259999999956,
        "build_auth_time": 0.0009737800000000352,
        "login_time": 0.0023037870000000016,
        "acs_dispatch_time": 0.00530144999999993,
        "finish_acs_dispatch_time": 0.018522323999999868
    },
    "t_user_10": {
        "redirect_time": 0.0033613029999999267,
        "build_auth_time": 0.0009465989999999369,
        "login_time": 0.002392281999999968,
        "acs_dispatch_time": 0.003879096999999998,
        "finish_acs_dispatch_time": 0.020090720999999867
    },
    "t_user_11": {
        "redirect_time": 0.0032679089999998467,
        "build_auth_time": 0.0008556899999998535,
        "login_time": 0.0023884140000001164,
        "acs_dispatch_time": 0.004151159999999932,
        "finish_acs_dispatch_time": 0.019992785000000346
    },
    "t_user_12": {
        "redirect_time": 0.0036748490000000356,
        "build_auth_time": 0.0012859140000001101,
        "login_time": 0.0023672949999999915,
        "acs_dispatch_time": 0.004691573999999976,
        "finish_acs_dispatch_time": 0.022909173000000393
    },
    "t_user_14": {
        "redirect_time": 0.003283539000000113,
        "build_auth_time": 0.0009053720000000709,
        "login_time": 0.0023518680000000902,
        "acs_dispatch_time": 0.003395658000000079,
        "finish_acs_dispatch_time": 0.021351168999999892
    },
    "t_user_15": {
        "redirect_time": 0.003240218999999822,
        "build_auth_time": 0.0009363819999999023,
        "login_time": 0.002282536999999918,
        "acs_dispatch_time": 0.003809090999999931,
        "finish_acs_dispatch_time": 0.02096414099999988
    },
    "t_user_13": {
        "redirect_time": 0.0034624410000001493,
        "build_auth_time": 0.0009827960000001745,
        "login_time": 0.0024579549999999006,
        "acs_dispatch_time": 0.003716815999999845,
        "finish_acs_dispatch_time": 0.019144909999999626
    },
    "t_user_16": {
        "redirect_time": 0.0032035870000000077,
        "build_auth_time": 0.0009547539999998911,
        "login_time": 0.00222725300000004,
        "acs_dispatch_time": 0.003986792000000072,
        "finish_acs_dispatch_time": 0.019725839000000356
    },
    "t_user_17": {
        "redirect_time": 0.00326884999999999,
        "build_auth_time": 0.0008891919999998166,
        "login_time": 0.0023260380000000858,
        "acs_dispatch_time": 0.00475237400000017,
        "finish_acs_dispatch_time": 0.018562209000000163
    },
    "t_user_18": {
        "redirect_time": 0.0033960990000001523,
        "build_auth_time": 0.0010254270000000787,
        "login_time": 0.002348481000000291,
        "acs_dispatch_time": 0.004062985999999658,
        "finish_acs_dispatch_time": 0.020030744999999683
    },
    "t_user_19": {
        "redirect_time": 0.0034062960000000864,
        "build_auth_time": 0.0009500559999997549,
        "login_time": 0.002352036000000002,
        "acs_dispatch_time": 0.00350161300000007,
        "finish_acs_dispatch_time": 0.0197276529999999
    },
    "t_user_20": {
        "redirect_time": 0.0035172240000003185,
        "build_auth_time": 0.0010902570000004275,
        "login_time": 0.00239720099999996,
        "acs_dispatch_time": 0.003618745999999895,
        "finish_acs_dispatch_time": 0.021404552000000354
    },
    "t_user_21": {
        "redirect_time": 0.0031406700000000676,
        "build_auth_time": 0.000878863000000063,
        "login_time": 0.0022408880000002185,
        "acs_dispatch_time": 0.0036710509999999807,
        "finish_acs_dispatch_time": 0.01944565499999973
    },
    "t_user_22": {
        "redirect_time": 0.0035548160000002937,
        "build_auth_time": 0.0011039639999999018,
        "login_time": 0.0024218080000002473,
        "acs_dispatch_time": 0.003784728999999931,
        "finish_acs_dispatch_time": 0.019643556999999756
    },
    "t_user_23": {
        "redirect_time": 0.003783021000000275,
        "build_auth_time": 0.0010904890000000833,
        "login_time": 0.0026093369999999894,
        "acs_dispatch_time": 0.004809911999999805,
        "finish_acs_dispatch_time": 0.02109187499999976
    },
    "t_user_24": {
        "redirect_time": 0.0034002650000002355,
        "build_auth_time": 0.0009220930000002348,
        "login_time": 0.002428779999999797,
        "acs_dispatch_time": 0.0035895209999998734,
        "finish_acs_dispatch_time": 0.019739492999999886
    },
    "t_user_25": {
        "redirect_time": 0.0032837079999996632,
        "build_auth_time": 0.0009082569999998569,
        "login_time": 0.002354180999999844,
        "acs_dispatch_time": 0.0037207930000002776,
        "finish_acs_dispatch_time": 0.020666126000000062
    },
    "t_user_26": {
        "redirect_time": 0.003333281000000188,
        "build_auth_time": 0.0009343560000001361,
        "login_time": 0.002377012999999817,
        "acs_dispatch_time": 0.0035308710000001575,
        "finish_acs_dispatch_time": 0.019315905000000022
    },
    "t_user_27": {
        "redirect_time": 0.0037430259999999826,
        "build_auth_time": 0.0009680890000001163,
        "login_time": 0.002722098000000006,
        "acs_dispatch_time": 0.004078003000000052,
        "finish_acs_dispatch_time": 0.0170774929999995
    },
    "t_user_28": {
        "redirect_time": 0.0031870060000001033,
        "build_auth_time": 0.0008993510000001592,
        "login_time": 0.0022607749999998816,
        "acs_dispatch_time": 0.004088153000000094,
        "finish_acs_dispatch_time": 0.01854237099999967
    },
    "t_user_29": {
        "redirect_time": 0.0035608480000002274,
        "build_auth_time": 0.001133618000000336,
        "login_time": 0.0024000689999996716,
        "acs_dispatch_time": 0.003680540999999593,
        "finish_acs_dispatch_time": 0.02039206300000007
    },