{
    "t_user_1": {
        "redirect_time": 0.0033460849999999986,
        "build_auth_time": 0.0008912859999999911,
        "login_time": 0.002425504999999939,
        "acs_dispatch_time": 0.0032460850000000097,
        "finish_acs_dispatch_time": 0.01979994400000007
    },
    "t_user_2": {
        "redirect_time": 0.003998273999999968,
        "build_auth_time": 0.0011594369999999854,
        "login_time": 0.0028112160000000053,
        "acs_dispatch_time": 0.004205593999999979,
        "finish_acs_dispatch_time": 0.021457367999999866
    },
    "t_user_3": {
        "redirect_time": 0.0032814960000000504,
        "build_auth_time": 0.0009298189999999984,
        "login_time": 0.002325718000000032,
        "acs_dispatch_time": 0.004523287999999903,
        "finish_acs_dispatch_time": 0.023131448
    },
    "t_user_4": {
        "redirect_time": 0.0033640789999999088,
        "build_auth_time": 0.0009957520000000164,
        "login_time": 0.0023391219999999713,
        "acs_dispatch_time": 0.003631448000000037,
        "finish_acs_dispatch_time": 0.020334748999999874
    },
    "t_user_5": {
        "redirect_time": 0.003252129000000048,
        "build_auth_time": 0.000937071000000067,
        "login_time": 0.0022893800000000075,
        "acs_dispatch_time": 0.0031019159999999824,
        "finish_acs_dispatch_time": 0.019174856000000018
    },
    "t_user_6": {
        "redirect_time": 0.003552310000000003,
        "build_auth_time": 0.0009849420000000997,
        "login_time": 0.002541008999999983,
        "acs_dispatch_time": 0.0036938870000000623,
        "finish_acs_dispatch_time": 0.020411594999999894
    },
    "t_user_7": {
        "redirect_time": 0.003272768999999953,
        "build_auth_time": 0.00095325199999996,
        "login_time": 0.0022990090000000185,
        "acs_dispatch_time": 0.0038464719999999897,
        "finish_acs_dispatch_time": 0.01942142800000002
    },
    "t_user_8": {
        "redirect_time": 0.003120042000000045,
        "build_auth_time": 0.0008733630000000714,
        "login_time": 0.0022291269999999974,
        "acs_dispatch_time": 0.004264674000000079,
        "finish_acs_dispatch_time": 0.018394047999999996
    },
    "t_user_9": {
        "redirect_time": 0.00365589299999991,
        "build_auth_time": 0.0009685599999997851,
        "login_time": 0.002654562000000027,
        "acs_dispatch_time": 0.0035960610000000948,
        "finish_acs_dispatch_time": 0.020761122999999992
    },
    "t_user_10": {
        "redirect_time": 0.0032056400000000096,
        "build_auth_time": 0.000898768999999966,
        "login_time": 0.0022855710000000418,
        "acs_dispatch_time": 0.003959875000000057,
        "finish_acs_dispatch_time": 0.01761307099999998
    },
    "t_user_11": {
        "redirect_time": 0.003143646999999916,
        "build_auth_time": 0.0008583239999999659,
        "login_time": 0.0022541050000000062,
        "acs_dispatch_time": 0.0037817309999998994,
        "finish_acs_dispatch_time": 0.01924873199999988
    },
    "t_user_12": {
        "redirect_time": 0.003242452999999923,
        "build_auth_time": 0.0009320230000000596,
        "login_time": 0.0022789009999999443,
        "acs_dispatch_time": 0.003939883000000144,
        "finish_acs_dispatch_time": 0.02039425699999997
    },
    "t_user_13": {
        "redirect_time": 0.0033222920000000045,
        "build_auth_time": 0.0009855229999999882,
        "login_time": 0.002312965,
        "acs_dispatch_time": 0.0038442469999999673,
        "finish_acs_dispatch_time": 0.01950043800000012
    },
    "t_user_14": {
        "redirect_time": 0.0032925249999999906,
        "build_auth_time": 0.0008937200000000978,
        "login_time": 0.002376842999999962,
        "acs_dispatch_time": 0.003527023999999823,
        "finish_acs_dispatch_time": 0.023458175000000026
    },
    "t_user_15": {
        "redirect_time": 0.003716776999999949,
        "build_auth_time": 0.0010905070000000183,
        "login_time": 0.002596784999999935,
        "acs_dispatch_time": 0.003613874000000017,
        "finish_acs_dispatch_time": 0.020278357999999663
    },
    "t_user_16": {
        "redirect_time": 0.003310217000000115,
        "build_auth_time": 0.0009227150000001849,
        "login_time": 0.0023641679999999443,
        "acs_dispatch_time": 0.003454789999999708,
        "finish_acs_dispatch_time": 0.021857460000000106
    },
    "t_user_17": {
        "redirect_time": 0.0035637290000001265,
        "build_auth_time": 0.0010480379999999734,
        "login_time": 0.0024788430000000083,
        "acs_dispatch_time": 0.0038390449999998744,
        "finish_acs_dispatch_time": 0.02240355100000002
    },
    "t_user_18": {
        "redirect_time": 0.0031906039999998193,
        "build_auth_time": 0.0008868870000000584,
        "login_time": 0.0022837399999997565,
        "acs_dispatch_time": 0.004562243000000077,
        "finish_acs_dispatch_time": 0.019209877999999847
    },
    "t_user_19": {
        "redirect_time": 0.003229707000000026,
        "build_auth_time": 0.0009179360000000081,
        "login_time": 0.002287325999999812,
        "acs_dispatch_time": 0.0037686060000003963,
        "finish_acs_dispatch_time": 0.017510393999999874
    },
    "t_user_20": {
        "redirect_time": 0.003231911999999948,
        "build_auth_time": 0.0009353490000001408,
        "login_time": 0.002276795999999859,
        "acs_dispatch_time": 0.0037970290000002294,
        "finish_acs_dispatch_time": 0.01821208799999985
    },
    "t_user_21": {
        "redirect_time": 0.003296511999999918,
        "build_auth_time": 0.0010176619999997527,
        "login_time": 0.0022579810000000755,
        "acs_dispatch_time": 0.0037148239999997834,
        "finish_acs_dispatch_time": 0.020973671999999777
    },
    "t_user_22": {
        "redirect_time": 0.0032229759999999885,
        "build_auth_time": 0.0008828199999997288,
        "login_time": 0.002319688000000042,
        "acs_dispatch_time": 0.003885873999999845,
        "finish_acs_dispatch_time": 0.021436124000000056
    },
    "t_user_23": {
        "redirect_time": 0.0037325799999998743,
        "build_auth_time": 0.0010523779999997984,
        "login_time": 0.0026489140000003353,
        "acs_dispatch_time": 0.004433808000000372,
        "finish_acs_dispatch_time": 0.023192270999999653
    },
    "t_user_24": {
        "redirect_time": 0.0035956919999997616,
        "build_auth_time": 0.000982185999999885,
        "login_time": 0.0025893610000000677,
        "acs_dispatch_time": 0.004487229000000426,
        "finish_acs_dispatch_time": 0.02214980199999994
    },
    "t_user_25": {
        "redirect_time": 0.003204220000000202,
        "build_auth_time": 0.0008736520000001136,
        "login_time": 0.0023113420000000495,
        "acs_dispatch_time": 0.003942571000000061,
        "finish_acs_dispatch_time": 0.02108611600000021
    },
    "t_user_26": {
        "redirect_time": 0.003311040000000265,
        "build_auth_time": 0.0009231550000001754,
        "login_time": 0.00236759700000011,
        "acs_dispatch_time": 0.004031595999999915,
        "finish_acs_dispatch_time": 0.01885222399999975
    },
    "t_user_27": {
        "redirect_time": 0.003721876999999818,
        "build_auth_time": 0.001058547999999604,
        "login_time": 0.0026360180000000177,
        "acs_dispatch_time": 0.0054182840000001065,
        "finish_acs_dispatch_time": 0.019944045999999993
    },
    "t_user_28": {
        "redirect_time": 0.0033103599999999567,
        "build_auth_time": 0.0009832290000000299,
        "login_time": 0.0023008920000000543,
        "acs_dispatch_time": 0.0033701590000001502,
        "finish_acs_dispatch_time": 0.018675155000000387
    },
    "t_user_29": {
        "redirect_time": 0.00390115400000024,
        "build_auth_time": 0.0011384190000001126,
        "login_time": 0.0027329489999998735,
        "acs_dispatch_time": 0.003649702999999782,
        "finish_acs_dispatch_time": 0.020409447999999664
    },