{
    "t_user_1": {
        "redirect_time": 0.003307473000000005,
        "build_auth_time": 0.00091494999999997,
        "login_time": 0.0023663540000000705,
        "acs_dispatch_time": 0.00466175499999999,
        "finish_acs_dispatch_time": 0.02658783599999992
    },
    "t_user_2": {
        "redirect_time": 0.00332004599999991,
        "build_auth_time": 0.000987083999999916,
        "login_time": 0.002311492000000026,
        "acs_dispatch_time": 0.003059397999999991,
        "finish_acs_dispatch_time": 0.01868964399999995
    },
    "t_user_3": {
        "redirect_time": 0.003904448000000005,
        "build_auth_time": 0.0015588930000000056,
        "login_time": 0.0023090970000000377,
        "acs_dispatch_time": 0.0036401130000000004,
        "finish_acs_dispatch_time": 0.019966633999999983
    },
    "t_user_4": {
        "redirect_time": 0.0033222700000000716,
        "build_auth_time": 0.0009167130000000689,
        "login_time": 0.002385910999999963,
        "acs_dispatch_time": 0.003865204000000011,
        "finish_acs_dispatch_time": 0.017489179000000132
    },
    "t_user_5": {
        "redirect_time": 0.0034311030000000464,
        "build_auth_time": 0.0009707640000000684,
        "login_time": 0.002436664999999949,
        "acs_dispatch_time": 0.0028806639999999772,
        "finish_acs_dispatch_time": 0.02053753700000005
    },
    "t_user_6": {
        "redirect_time": 0.003268519999999997,
        "build_auth_time": 0.0009568589999999766,
        "login_time": 0.002292836000000076,
        "acs_dispatch_time": 0.003776739999999945,
        "finish_acs_dispatch_time": 0.02027462499999988
    },
    "t_user_7": {
        "redirect_time": 0.0034272069999999877,
        "build_auth_time": 0.0009867550000000058,
        "login_time": 0.0024150950000000337,
        "acs_dispatch_time": 0.003950365999999983,
        "finish_acs_dispatch_time": 0.018678455000000094
    },
    "t_user_8": {
        "redirect_time": 0.0032650819999999747,
        "build_auth_time": 0.0009391249999999296,
        "login_time": 0.002306751000000107,
        "acs_dispatch_time": 0.0038323620000000336,
        "finish_acs_dispatch_time": 0.020278534000000015
    },
    "t_user_9": {
        "redirect_time": 0.003409192999999977,
        "build_auth_time": 0.0009133779999999092,
        "login_time": 0.002440661999999927,
        "acs_dispatch_time": 0.0037374989999998665,
        "finish_acs_dispatch_time": 0.02012708800000018
    },
    "t_user_10": {
        "redirect_time": 0.0033109689999999414,
        "build_auth_time": 0.0009370909999999455,
        "login_time": 0.0023493119999999923,
        "acs_dispatch_time": 0.0038301689999999944,
        "finish_acs_dispatch_time": 0.019667885999999912
    },
    "t_user_11": {
        "redirect_time": 0.003461109999999934,
        "build_auth_time": 0.0011031429999999176,
        "login_time": 0.002328372000000023,
        "acs_dispatch_time": 0.0043572560000000315,
        "finish_acs_dispatch_time": 0.01955201799999995
    },
    "t_user_12": {
        "redirect_time": 0.004276023000000073,
        "build_auth_time": 0.0018678299999999037,
        "login_time": 0.002360404000000038,
        "acs_dispatch_time": 0.003886064999999883,
        "finish_acs_dispatch_time": 0.019021176999999945
    },
    "t_user_13": {
        "redirect_time": 0.0033305659999998127,
        "build_auth_time": 0.0009519999999998419,
        "login_time": 0.0023460750000001696,
        "acs_dispatch_time": 0.003842582999999955,
        "finish_acs_dispatch_time": 0.022666217000000266
    },
    "t_user_14": {
        "redirect_time": 0.003298648000000126,
        "build_auth_time": 0.0009080489999999664,
        "login_time": 0.0023566960000001025,
        "acs_dispatch_time": 0.004131216999999854,
        "finish_acs_dispatch_time": 0.023003054999999772
    },
    "t_user_15": {
        "redirect_time": 0.00355743899999994,
        "build_auth_time": 0.0010798890000001116,
        "login_time": 0.002452984000000047,
        "acs_dispatch_time": 0.0039785740000000125,
        "finish_acs_dispatch_time": 0.018851086999999822
    },
    "t_user_16": {
        "redirect_time": 0.003278746000000332,
        "build_auth_time": 0.0009354080000001375,
        "login_time": 0.0023224189999999645,
        "acs_dispatch_time": 0.0037544550000001564,
        "finish_acs_dispatch_time": 0.01833773400000016
    },
    "t_user_17": {
        "redirect_time": 0.003439699000000296,
        "build_auth_time": 0.0009465490000000187,
        "login_time": 0.0024679430000000835,
        "acs_dispatch_time": 0.003399123000000337,
        "finish_acs_dispatch_time": 0.019384923000000054
    },
    "t_user_18": {
        "redirect_time": 0.0033679569999995884,
        "build_auth_time": 0.0009747219999995949,
        "login_time": 0.0023665059999999905,
        "acs_dispatch_time": 0.003826227999999876,
        "finish_acs_dispatch_time": 0.017365096000000246
    },
    "t_user_19": {
        "redirect_time": 0.00330033899999993,
        "build_auth_time": 0.000953513000000239,
        "login_time": 0.002325094999999777,
        "acs_dispatch_time": 0.003735502000000057,
        "finish_acs_dispatch_time": 0.017838167999999932
    },
    "t_user_20": {
        "redirect_time": 0.0033236130000000585,
        "build_auth_time": 0.0009628999999997667,
        "login_time": 0.0023384509999999636,
        "acs_dispatch_time": 0.0036889769999999267,
        "finish_acs_dispatch_time": 0.022433561000000157
    },
    "t_user_21": {
        "redirect_time": 0.003633396000000122,
        "build_auth_time": 0.0010592910000002398,
        "login_time": 0.002551672999999699,
        "acs_dispatch_time": 0.0036528759999998606,
        "finish_acs_dispatch_time": 0.01924201400000003
    },
    "t_user_22": {
        "redirect_time": 0.0033436519999998637,
        "build_auth_time": 0.0009616569999999491,
        "login_time": 0.0023572389999997334,
        "acs_dispatch_time": 0.00323167199999963,
        "finish_acs_dispatch_time": 0.019174165000000354
    },
    "t_user_23": {
        "redirect_time": 0.0032310410000002676,
        "build_auth_time": 0.0009141889999999542,
        "login_time": 0.0022861949999999354,
        "acs_dispatch_time": 0.004018509999999864,
        "finish_acs_dispatch_time": 0.02049738800000034
    },
    "t_user_24": {
        "redirect_time": 0.003258731999999931,
        "build_auth_time": 0.0009548549999998102,
        "login_time": 0.0022725189999999174,
        "acs_dispatch_time": 0.0037394489999997838,
        "finish_acs_dispatch_time": 0.017986844999999807
    },
    "t_user_25": {
        "redirect_time": 0.0031975470000000783,
        "build_auth_time": 0.0008943320000001087,
        "login_time": 0.0022812829999998563,
        "acs_dispatch_time": 0.0041892489999999505,
        "finish_acs_dispatch_time": 0.017995611999999994
    },
    "t_user_26": {
        "redirect_time": 0.0033383899999996913,
        "build_auth_time": 0.0009662559999998876,
        "login_time": 0.0023493619999999105,
        "acs_dispatch_time": 0.00314181499999977,
        "finish_acs_dispatch_time": 0.01955837599999999
    },
    "t_user_27": {
        "redirect_time": 0.004016931999999862,
        "build_auth_time": 0.0017120120000000405,
        "login_time": 0.0022850220000001364,
        "acs_dispatch_time": 0.0039513159999997605,
        "finish_acs_dispatch_time": 0.0194599249999996
    },
    "t_user_28": {
        "redirect_time": 0.00333821099999998,
        "build_auth_time": 0.0008892129999997778,
        "login_time": 0.0023855800000003313,
        "acs_dispatch_time": 0.0037931490000002732,
        "finish_acs_dispatch_time": 0.017729175000000374
    },
    "t_user_29": {
        "redirect_time": 0.0031865880000001567,
        "build_auth_time": 0.0008680240000003003,
        "login_time": 0.002295430999999848,
        "acs_dispatch_time": 0.003865844999999979,
        "finish_acs_dispatch_time": 0.023743891000000517
    },