{
    "t_user_1": {
        "redirect_time": 0.0034585639999999973,
        "build_auth_time": 0.0009741799999999357,
        "login_time": 0.002461602000000007,
        "acs_dispatch_time": 0.004330742000000054,
        "finish_acs_dispatch_time": 0.02018968199999982
    },
    "t_user_2": {
        "redirect_time": 0.00321063399999999,
        "build_auth_time": 0.000917596000000076,
        "login_time": 0.0022725699999999183,
        "acs_dispatch_time": 0.0040393090000000464,
        "finish_acs_dispatch_time": 0.020123993000000007
    },
    "t_user_3": {
        "redirect_time": 0.0036628969999999983,
        "build_auth_time": 0.0014374169999999964,
        "login_time": 0.002206255000000046,
        "acs_dispatch_time": 0.0039272110000000415,
        "finish_acs_dispatch_time": 0.01903549900000001
    },
    "t_user_4": {
        "redirect_time": 0.0032677190000000023,
        "build_auth_time": 0.0009784689999999818,
        "login_time": 0.0022689919999999697,
        "acs_dispatch_time": 0.0032623099999999905,
        "finish_acs_dispatch_time": 0.021653491000000136
    },
    "t_user_5": {
        "redirect_time": 0.0032108419999999915,
        "build_auth_time": 0.0009102309999999836,
        "login_time": 0.0022785100000000114,
        "acs_dispatch_time": 0.004242693999999991,
        "finish_acs_dispatch_time": 0.023449047000000056
    },
    "t_user_6": {
        "redirect_time": 0.0031872870000000386,
        "build_auth_time": 0.0009072860000000071,
        "login_time": 0.002259973999999998,
        "acs_dispatch_time": 0.004006021000000026,
        "finish_acs_dispatch_time": 0.019015549999999992
    },
    "t_user_7": {
        "redirect_time": 0.00321099299999994,
        "build_auth_time": 0.0009100619999999893,
        "login_time": 0.0022753529999999245,
        "acs_dispatch_time": 0.004111243000000098,
        "finish_acs_dispatch_time": 0.020493743999999925
    },
    "t_user_8": {
        "redirect_time": 0.0032847020000000837,
        "build_auth_time": 0.0009877980000000397,
        "login_time": 0.002278960000000052,
        "acs_dispatch_time": 0.0038501349999999768,
        "finish_acs_dispatch_time": 0.019198477999999852
    },
    "t_user_9": {
        "redirect_time": 0.003299476999999884,
        "build_auth_time": 0.0009242969999998518,
        "login_time": 0.0023538910000000524,
        "acs_dispatch_time": 0.003884204000000002,
        "finish_acs_dispatch_time": 0.018441536999999952
    },
    "t_user_10": {
        "redirect_time": 0.00365210699999996,
        "build_auth_time": 0.0011824710000001293,
        "login_time": 0.0024362430000000046,
        "acs_dispatch_time": 0.003057827000000124,
        "finish_acs_dispatch_time": 0.018811420999999884
    },
    "t_user_11": {
        "redirect_time": 0.003352126000000011,
        "build_auth_time": 0.000998255000000059,
        "login_time": 0.0023270600000000474,
        "acs_dispatch_time": 0.005051831999999923,
        "finish_acs_dispatch_time": 0.01858268300000021
    },
    "t_user_12": {
        "redirect_time": 0.003447637000000059,
        "build_auth_time": 0.0009732080000000032,
        "login_time": 0.002449302000000042,
        "acs_dispatch_time": 0.003420125999999968,
        "finish_acs_dispatch_time": 0.018147343999999954
    },
    "t_user_13": {
        "redirect_time": 0.0032052809999998377,
        "build_auth_time": 0.000912545999999903,
        "login_time": 0.0022696110000000047,
        "acs_dispatch_time": 0.004069698999999982,
        "finish_acs_dispatch_time": 0.01712422800000013
    },
    "t_user_14": {
        "redirect_time": 0.0032418389999999686,
        "build_auth_time": 0.0008820080000000452,
        "login_time": 0.0023314480000000692,
        "acs_dispatch_time": 0.003979880999999796,
        "finish_acs_dispatch_time": 0.020910909000000366
    },
    "t_user_15": {
        "redirect_time": 0.0032783579999999812,
        "build_auth_time": 0.0009401979999998922,
        "login_time": 0.0023166999999999494,
        "acs_dispatch_time": 0.003931870999999809,
        "finish_acs_dispatch_time": 0.018156646
    },
    "t_user_16": {
        "redirect_time": 0.003402992000000049,
        "build_auth_time": 0.0009194569999999569,
        "login_time": 0.002454280000000031,
        "acs_dispatch_time": 0.0038739919999999373,
        "finish_acs_dispatch_time": 0.018682014999999996
    },
    "t_user_17": {
        "redirect_time": 0.003242080000000147,
        "build_auth_time": 0.0009285250000004019,
        "login_time": 0.0022922759999999265,
        "acs_dispatch_time": 0.0033383240000000036,
        "finish_acs_dispatch_time": 0.017648050000000026
    },
    "t_user_18": {
        "redirect_time": 0.003692274000000051,
        "build_auth_time": 0.0009487839999997583,
        "login_time": 0.0027179520000002455,
        "acs_dispatch_time": 0.004250588000000111,
        "finish_acs_dispatch_time": 0.021450796999999966
    },
    "t_user_19": {
        "redirect_time": 0.003661182000000096,
        "build_auth_time": 0.0009432320000000161,
        "login_time": 0.0026718740000002406,
        "acs_dispatch_time": 0.003438495999999791,
        "finish_acs_dispatch_time": 0.017823925000000074
    },
    "t_user_20": {
        "redirect_time": 0.0034840920000003273,
        "build_auth_time": 0.0010242040000001396,
        "login_time": 0.0024379770000000356,
        "acs_dispatch_time": 0.003449545000000054,
        "finish_acs_dispatch_time": 0.019863582000000157
    },
    "t_user_21": {
        "redirect_time": 0.003485696999999899,
        "build_auth_time": 0.0010484399999999283,
        "login_time": 0.0023960399999998216,
        "acs_dispatch_time": 0.004470326999999941,
        "finish_acs_dispatch_time": 0.020208406999999706
    },
    "t_user_22": {
        "redirect_time": 0.003336957999999779,
        "build_auth_time": 0.0010086049999999958,
        "login_time": 0.002306903000000027,
        "acs_dispatch_time": 0.003853551000000177,
        "finish_acs_dispatch_time": 0.018613820000000114
    },
    "t_user_23": {
        "redirect_time": 0.0034795850000000073,
        "build_auth_time": 0.0009330940000000787,
        "login_time": 0.002499943999999754,
        "acs_dispatch_time": 0.004324613999999727,
        "finish_acs_dispatch_time": 0.023167246999999946
    },
    "t_user_24": {
        "redirect_time": 0.0034032230000002883,
        "build_auth_time": 0.0011633859999999885,
        "login_time": 0.0022179950000000836,
        "acs_dispatch_time": 0.0037253900000000506,
        "finish_acs_dispatch_time": 0.018308923999999838
    },
    "t_user_25": {
        "redirect_time": 0.003583340000000046,
        "build_auth_time": 0.0011696269999998954,
        "login_time": 0.002384247999999811,
        "acs_dispatch_time": 0.0034436170000002875,
        "finish_acs_dispatch_time": 0.019112423999999795
    },
    "t_user_26": {
        "redirect_time": 0.0033376590000000483,
        "build_auth_time": 0.0009810039999997855,
        "login_time": 0.002331808000000102,
        "acs_dispatch_time": 0.004126146000000386,
        "finish_acs_dispatch_time": 0.01954861600000024
    },
    "t_user_28": {
        "redirect_time": 0.0032908709999999175,
        "build_auth_time": 0.0009286969999999783,
        "login_time": 0.002337027000000269,
        "acs_dispatch_time": 0.0038762350000003387,
        "finish_acs_dispatch_time": 0.018701424999999716
    },
    "t_user_27": {
        "redirect_time": 0.0033534780000001874,
        "build_auth_time": 0.0009621879999999194,
        "login_time": 0.0023627770000000936,
        "acs_dispatch_time": 0.0037496990000001063,
        "finish_acs_dispatch_time": 0.018635449999999665
    },
    "t_user_29": {
        "redirect_time": 0.0034032120000002664,
        "build_auth_time": 0.0010001500000003105,
        "login_time": 0.002377102999999714,
        "acs_dispatch_time": 0.003672926000000132,
        "finish_acs_dispatch_time": 0.020002244999999697
    },