{
    "t_user_1": {
        "redirect_time": 0.014458309999999974,
        "pkce_time": 4.548399999998e-05,
        "dispatch_time": 0.030477857999999802
    },
    "t_user_2": {
        "redirect_time": 0.013701143000000027,
        "pkce_time": 5.567299999998e-05,
        "get_access_token_time": 0.010978512999999968,
        "decode_id_token_time": 0.00022867800000003768,
        "complete_login_time": 0.014711731999999422,
        "dispatch_time": 0.053643469999999915
    },
    "t_user_3": {
        "redirect_time": 0.013175752999999957,
        "pkce_time": 4.922200000002e-05,
        "get_access_token_time": 0.011543167000000132,
        "decode_id_token_time": 0.00020900999999984293,
        "complete_login_time": 0.01382612600000055,
        "dispatch_time": 0.05386498599999978
    },
    "t_user_4": {
        "redirect_time": 0.013412458000000016,
        "pkce_time": 5.2037e-05,
        "get_access_token_time": 0.01176245499999995,
        "decode_id_token_time": 0.000706150000000072,
        "complete_login_time": 0.014719192999999908,
        "dispatch_time": 0.05303778499999989
    },
    "t_user_5": {
        "redirect_time": 0.013844603000000011,
        "pkce_time": 5.019400000006e-05,
        "get_access_token_time": 0.011921867999999947,
        "decode_id_token_time": 0.0002049130000001398,
        "complete_login_time": 0.013504447999999947,
        "dispatch_time": 0.04799400000000009
    },
    "t_user_6": {
        "redirect_time": 0.013221103000000012,
        "pkce_time": 5.253799999994e-05,
        "get_access_token_time": 0.011252891999999903,
        "decode_id_token_time": 0.00021882900000003147,
        "complete_login_time": 0.0138287410000002,
        "dispatch_time": 0.045977385999999676
    },
    "t_user_7": {
        "redirect_time": 0.014034241000000058,
        "pkce_time": 4.900199999991e-05,
        "get_access_token_time": 0.012267596000000047,
        "decode_id_token_time": 0.00024883399999975353,
        "complete_login_time": 0.014276306000000183,
        "dispatch_time": 0.05512991400000011
    },
    "t_user_8": {
        "redirect_time": 0.0157519960000001,
        "pkce_time": 5.7788e-05,
        "get_access_token_time": 0.01520390799999971,
        "decode_id_token_time": 0.00023785499999995352,
        "complete_login_time": 0.013445013000000117,
        "dispatch_time": 0.04977915999999993
    },
    "t_user_9": {
        "redirect_time": 0.015311377999999931,
        "pkce_time": 5.093600000006e-05
    },
    "t_user_10": {
        "redirect_time": 0.014184046000000006,
        "pkce_time": 5.671500000004e-05,
        "get_access_token_time": 0.011398857999999734,
        "decode_id_token_time": 0.00020595500000020195,
        "complete_login_time": 0.01360568399999984,
        "dispatch_time": 0.0507330300000004
    },
    "t_user_11": {
        "redirect_time": 0.014312622000000053,
        "pkce_time": 5.088399999997e-05,
        "get_access_token_time": 0.012501455999999855,
        "decode_id_token_time": 0.00018660900000000424,
        "complete_login_time": 0.012737467000000002,
        "dispatch_time": 0.048716981000000104
    },
    "t_user_12": {
        "redirect_time": 0.014204394999999925,
        "pkce_time": 8.184300000003e-05,
        "get_access_token_time": 0.01313313599999999,
        "decode_id_token_time": 0.0002230860000000945,
        "complete_login_time": 0.013190278000000166,
        "dispatch_time": 0.04853086599999967
    },
    "t_user_14": {
        "redirect_time": 0.013461484000000024,
        "pkce_time": 4.563600000007e-05,
        "get_access_token_time": 0.011368931000000249,
        "decode_id_token_time": 0.00023284599999984223,
        "complete_login_time": 0.013456364000000054,
        "dispatch_time": 0.05005906900000001
    },
    "t_user_15": {
        "redirect_time": 0.013763686999999969,
        "pkce_time": 4.933200000012e-05,
        "get_access_token_time": 0.015620958999999601,
        "decode_id_token_time": 0.00021982099999995341,
        "complete_login_time": 0.013612864999999807,
        "dispatch_time": 0.05119285199999979
    },
    "t_user_16": {
        "redirect_time": 0.013902297000000008,
        "pkce_time": 4.743900000004e-05,
        "get_access_token_time": 0.012185109999999888,
        "decode_id_token_time": 0.00024953699999930024,
        "complete_login_time": 0.013679996999999666,
        "dispatch_time": 0.04837503500000029
    },
    "t_user_17": {
        "redirect_time": 0.016308209999999823,
        "pkce_time": 4.745900000014e-05,
        "get_access_token_time": 0.011459080999999927,
        "decode_id_token_time": 0.00019590600000007896,
        "complete_login_time": 0.013266078000000014,
        "dispatch_time": 0.050837982000000004
    },
    "t_user_13": {
        "redirect_time": 0.01389004100000002,
        "pkce_time": 6.0583e-05,
        "get_access_token_time": 0.011939987999999957,
        "decode_id_token_time": 0.00021238700000036914,
        "complete_login_time": 0.01567205000000005,
        "dispatch_time": 0.05457424600000049
    },
    "t_user_18": {
        "redirect_time": 0.014020275000000026,
        "pkce_time": 5.761700000018e-05,
        "get_access_token_time": 0.01135056199999962,
        "decode_id_token_time": 0.00029072299999999274,
        "complete_login_time": 0.015181031999999206,
        "dispatch_time": 0.052380301999999546
    },
    "t_user_19": {
        "redirect_time": 0.015346077999999874,
        "pkce_time": 5.261899999986e-05,
        "get_access_token_time": 0.017688170000000447,
        "decode_id_token_time": 0.00020920999999951562,
        "complete_login_time": 0.01380712599999967,
        "dispatch_time": 0.05523892799999963
    },
    "t_user_21": {
        "redirect_time": 0.013655470000000003,
        "pkce_time": 5.0514e-05,
        "get_access_token_time": 0.011726078999999778,
        "decode_id_token_time": 0.00020397099999946988,
        "complete_login_time": 0.013147940999999719,
        "dispatch_time": 0.047679523000000223
    },
    "t_user_20": {
        "redirect_time": 0.013822588000000025,
        "pkce_time": 5.15259999998e-05,
        "get_access_token_time": 0.01155587399999991,
        "decode_id_token_time": 0.00021528200000009434,
        "complete_login_time": 0.013529871999999443,
        "dispatch_time": 0.05696398200000008
    },
    "t_user_22": {
        "redirect_time": 0.01623256399999984,
        "pkce_time": 4.691800000001e-05,
        "get_access_token_time": 0.011536330000000206,
        "decode_id_token_time": 0.0002542649999996982,
        "complete_login_time": 0.013307664000000052,
        "dispatch_time": 0.04687879299999942
    },
    "t_user_23": {
        "redirect_time": 0.014673101999999938,
        "pkce_time": 4.75590000002e-05,
        "get_access_token_time": 0.011410531999999307,
        "decode_id_token_time": 0.0002165949999994865,
        "complete_login_time": 0.013288763000000259,
        "dispatch_time": 0.046624427000000246
    },
    "t_user_24": {
        "redirect_time": 0.014842902999999907,
        "pkce_time": 4.41120000001e-05,
        "get_access_token_time": 0.012964173999999495,
        "decode_id_token_time": 0.00021046400000024335,
        "complete_login_time": 0.013217143999999514,
        "dispatch_time": 0.05278047300000033
    },
    "t_user_25": {
        "redirect_time": 0.014860982000000078,
        "pkce_time": 4.425299999999e-05,
        "get_access_token_time": 0.012145502000000086,
        "decode_id_token_time": 0.00020057600000011888,
        "complete_login_time": 0.013020787000000311,
        "dispatch_time": 0.052034619000000504
    },
    "t_user_26": {
        "redirect_time": 0.015121779000000002,
        "pkce_time": 6.253700000003e-05,
        "get_access_token_time": 0.01186528599999992,
        "decode_id_token_time": 0.00020755800000049618,
        "complete_login_time": 0.016344417999999195,
        "dispatch_time": 0.05143725300000046
    },