{
    "t_user_1": {
        "redirect_time": 0.013418845000000013,
        "pkce_time": 4.7348e-05,
        "get_access_token_time": 0.012030471000000098,
        "decode_id_token_time": 0.00022880700000005305,
        "complete_login_time": 0.013289986000000198,
        "dispatch_time": 0.04846117399999983
    },
    "t_user_2": {
        "redirect_time": 0.012708091000000032,
        "pkce_time": 4.653600000004e-05,
        "get_access_token_time": 0.011432104999999915,
        "decode_id_token_time": 0.0002305000000002444,
        "complete_login_time": 0.01296152099999981,
        "dispatch_time": 0.04611050299999997
    },
    "t_user_3": {
        "redirect_time": 0.012969432000000003,
        "pkce_time": 5.308900000001e-05,
        "get_access_token_time": 0.011043361000000473,
        "decode_id_token_time": 0.00020808800000082783,
        "complete_login_time": 0.017370978999999842,
        "dispatch_time": 0.04876195699999997
    },
    "t_user_4": {
        "redirect_time": 0.013730295000000003,
        "pkce_time": 4.908199999998e-05,
        "get_access_token_time": 0.011491264000000001,
        "decode_id_token_time": 0.00024314499999977812,
        "complete_login_time": 0.013388212999999816,
        "dispatch_time": 0.04689006799999973
    },
    "t_user_5": {
        "redirect_time": 0.013696416000000045,
        "pkce_time": 4.826000000002e-05,
        "dispatch_time": 0.029922253000000065
    },
    "t_user_6": {
        "redirect_time": 0.013050405999999959,
        "pkce_time": 4.9733e-05,
        "get_access_token_time": 0.012917354999999908,
        "decode_id_token_time": 0.00021250700000008393,
        "complete_login_time": 0.013497532000000145,
        "dispatch_time": 0.05416329200000014
    },
    "t_user_7": {
        "redirect_time": 0.013301462000000042,
        "pkce_time": 5.000399999999e-05,
        "get_access_token_time": 0.011816407999999612,
        "decode_id_token_time": 0.000225881999999622,
        "complete_login_time": 0.013096548000000041,
        "dispatch_time": 0.05157858900000001
    },
    "t_user_8": {
        "redirect_time": 0.013109391999999942,
        "pkce_time": 3.862100000007e-05,
        "get_access_token_time": 0.011208063000000212,
        "decode_id_token_time": 0.0007367870000001275,
        "complete_login_time": 0.013983409000000169,
        "dispatch_time": 0.05198545500000007
    },
    "t_user_9": {
        "redirect_time": 0.013610137999999994,
        "pkce_time": 4.531500000005e-05,
        "get_access_token_time": 0.011502702000000475,
        "decode_id_token_time": 0.00021690599999946159,
        "complete_login_time": 0.012634145999999902,
        "dispatch_time": 0.04566076899999949
    },
    "t_user_10": {
        "redirect_time": 0.014940277999999974,
        "pkce_time": 4.3181e-05,
        "get_access_token_time": 0.015709578000000057,
        "decode_id_token_time": 0.00021050400000000025,
        "complete_login_time": 0.013451011999999984,
        "dispatch_time": 0.05129892100000033
    },
    "t_user_11": {
        "redirect_time": 0.013667409999999935,
        "pkce_time": 4.873100000002e-05,
        "get_access_token_time": 0.016807431999999345,
        "decode_id_token_time": 0.00020984300000037592,
        "complete_login_time": 0.013259524999999606,
        "dispatch_time": 0.05174126899999987
    },
    "t_user_12": {
        "redirect_time": 0.015356107000000008,
        "pkce_time": 4.835000000003e-05,
        "get_access_token_time": 0.011511710999999814,
        "decode_id_token_time": 0.00023021999999972564,
        "complete_login_time": 0.013454191000000115,
        "dispatch_time": 0.05196311100000006
    },
    "t_user_14": {
        "redirect_time": 0.013301879999999988,
        "pkce_time": 4.434300000011e-05,
        "get_access_token_time": 0.011521502999999989,
        "decode_id_token_time": 0.0002016169999996542,
        "complete_login_time": 0.012964226999999884,
        "dispatch_time": 0.04975499399999972
    },
    "t_user_13": {
        "redirect_time": 0.015830548000000055,
        "pkce_time": 4.676800000003e-05,
        "get_access_token_time": 0.015377157000000086,
        "decode_id_token_time": 0.00020870999999988982,
        "complete_login_time": 0.012776560999999909,
        "dispatch_time": 0.04955191499999989
    },
    "t_user_15": {
        "redirect_time": 0.013384100000000121,
        "pkce_time": 4.632700000018e-05,
        "get_access_token_time": 0.01144925600000013,
        "decode_id_token_time": 0.00021550200000008957,
        "complete_login_time": 0.012675502999999644,
        "dispatch_time": 0.04576916200000003
    },
    "t_user_16": {
        "redirect_time": 0.013328186999999936,
        "pkce_time": 5.164700000004e-05,
        "get_access_token_time": 0.011293685000000053,
        "decode_id_token_time": 0.00021676600000031243,
        "complete_login_time": 0.013371861999999624,
        "dispatch_time": 0.05114272200000025
    },
    "t_user_17": {
        "redirect_time": 0.013537566000000112,
        "pkce_time": 5.323800000001e-05,
        "get_access_token_time": 0.012079860999999692,
        "decode_id_token_time": 0.00023629199999986028,
        "complete_login_time": 0.013664759000000082,
        "dispatch_time": 0.051559350000000226
    },
    "t_user_19": {
        "redirect_time": 0.01345677700000003,
        "pkce_time": 4.966200000012e-05,
        "get_access_token_time": 0.011922925999999556,
        "decode_id_token_time": 0.0002345889999997297,
        "complete_login_time": 0.013634024999999994,
        "dispatch_time": 0.054274173999999675
    },
    "t_user_20": {
        "redirect_time": 0.015444098999999989,
        "pkce_time": 5.251799999995e-05,
        "get_access_token_time": 0.02461126100000044,
        "decode_id_token_time": 0.00021283799999949338,
        "complete_login_time": 0.013555239999999635,
        "dispatch_time": 0.05967273600000045
    },
    "t_user_18": {
        "redirect_time": 0.013700947000000019,
        "pkce_time": 4.671700000003e-05,
        "get_access_token_time": 0.011704169000000597,
        "decode_id_token_time": 0.00024235300000086113,
        "complete_login_time": 0.013341818999999866,
        "dispatch_time": 0.05263977799999964
    },
    "t_user_21": {
        "redirect_time": 0.013207700999999794,
        "pkce_time": 4.401200000004e-05,
        "get_access_token_time": 0.016809987999999443,
        "decode_id_token_time": 0.0002500979999995323,
        "complete_login_time": 0.013832480999999675,
        "dispatch_time": 0.05314472599999931
    },
    "t_user_23": {
        "redirect_time": 0.012980239000000005,
        "pkce_time": 4.49039999999e-05,
        "get_access_token_time": 0.011416249999999906,
        "decode_id_token_time": 0.00021660499999942573,
        "complete_login_time": 0.013563607000000033,
        "dispatch_time": 0.04724313000000002
    },
    "t_user_24": {
        "redirect_time": 0.013189192000000016,
        "pkce_time": 5.084500000008e-05,
        "get_access_token_time": 0.011175162000000682,
        "decode_id_token_time": 0.00023596100000045084,
        "complete_login_time": 0.01293046499999928,
        "dispatch_time": 0.04530888000000033
    },
    "t_user_22": {
        "redirect_time": 0.013243150000000092,
        "pkce_time": 4.62859999999e-05,
        "get_access_token_time": 0.011481940999999551,
        "decode_id_token_time": 0.00026075699999950075,
        "complete_login_time": 0.01381707100000007,
        "dispatch_time": 0.046926035000000255
    },
    "t_user_25": {
        "redirect_time": 0.013063516999999969,
        "pkce_time": 4.733899999998e-05,
        "get_access_token_time": 0.011047872999999875,
        "decode_id_token_time": 0.00023553900000017336,
        "complete_login_time": 0.013270009000000194,
        "dispatch_time": 0.051148879000000314
    },
    "t_user_26": {
        "redirect_time": 0.01346326600000003,
        "pkce_time": 5.071400000012e-05,