{
    "t_user_1": {
        "redirect_time": 0.01307507899999999,
        "pkce_time": 4.0867e-05,
        "dispatch_time": 0.03009307700000008
    },
    "t_user_2": {
        "redirect_time": 0.012293889000000002,
        "pkce_time": 3.818099999997e-05,
        "get_access_token_time": 0.011350473999999888,
        "decode_id_token_time": 0.0002210830000000108,
        "complete_login_time": 0.01298602399999993,
        "dispatch_time": 0.04862234600000015
    },
    "t_user_3": {
        "redirect_time": 0.013860285000000028,
        "pkce_time": 4.800999999999e-05,
        "get_access_token_time": 0.01164362799999985,
        "decode_id_token_time": 0.00023160300000002465,
        "complete_login_time": 0.013163279000000028,
        "dispatch_time": 0.050400375000000164
    },
    "t_user_4": {
        "redirect_time": 0.013528200999999962,
        "pkce_time": 4.5085e-05,
        "get_access_token_time": 0.011201978999999973,
        "decode_id_token_time": 0.00024753200000038333,
        "complete_login_time": 0.014261781000000084,
        "dispatch_time": 0.04794976400000017
    },
    "t_user_5": {
        "redirect_time": 0.013003756000000033,
        "pkce_time": 4.780999999998e-05,
        "get_access_token_time": 0.015848494000000102,
        "decode_id_token_time": 0.00023171299999980022,
        "complete_login_time": 0.013586861999999922,
        "dispatch_time": 0.05165931400000012
    },
    "t_user_6": {
        "redirect_time": 0.012718873000000075,
        "pkce_time": 4.281000000006e-05,
        "get_access_token_time": 0.011283966999999784,
        "decode_id_token_time": 0.0002450490000001082,
        "complete_login_time": 0.013702466999999885,
        "dispatch_time": 0.04637988100000001
    },
    "t_user_7": {
        "redirect_time": 0.013295955999999998,
        "pkce_time": 4.879099999999e-05,
        "get_access_token_time": 0.012002081999999525,
        "decode_id_token_time": 0.0002566100000001015,
        "complete_login_time": 0.013283416000000159,
        "dispatch_time": 0.04729300799999958
    },
    "t_user_8": {
        "redirect_time": 0.014796239000000044,
        "pkce_time": 4.997299999998e-05,
        "get_access_token_time": 0.01187453699999974,
        "decode_id_token_time": 0.0007564440000003003,
        "complete_login_time": 0.01659323100000032,
        "dispatch_time": 0.05174476700000019
    },
    "t_user_9": {
        "redirect_time": 0.014575734999999979,
        "pkce_time": 5.281899999998e-05,
        "get_access_token_time": 0.011065534000000099,
        "decode_id_token_time": 0.00022191399999993422,
        "complete_login_time": 0.017038818999999705,
        "dispatch_time": 0.04975140400000022
    },
    "t_user_10": {
        "redirect_time": 0.014230898999999964,
        "pkce_time": 5.096599999999e-05,
        "get_access_token_time": 0.011531712000000027,
        "decode_id_token_time": 0.00024773300000013876,
        "complete_login_time": 0.014402959999999965,
        "dispatch_time": 0.05273453699999964
    },
    "t_user_11": {
        "redirect_time": 0.014975030999999972,
        "pkce_time": 5.086499999996e-05,
        "get_access_token_time": 0.011013425999999882,
        "decode_id_token_time": 0.0002155030000001723,
        "complete_login_time": 0.01276525400000006,
        "dispatch_time": 0.04527155900000013
    },
    "t_user_12": {
        "redirect_time": 0.017827298000000047,
        "pkce_time": 5.961099999996e-05,
        "get_access_token_time": 0.011328181999999742,
        "decode_id_token_time": 0.00021772699999988987,
        "complete_login_time": 0.012956855999999739,
        "dispatch_time": 0.04998817100000075
    },
    "t_user_14": {
        "redirect_time": 0.012833337,
        "pkce_time": 4.533499999981e-05,
        "get_access_token_time": 0.011455295000000199,
        "decode_id_token_time": 0.00020694600000048524,
        "complete_login_time": 0.013370434000000486,
        "dispatch_time": 0.04639809900000014
    },
    "t_user_13": {
        "redirect_time": 0.015764689000000054,
        "pkce_time": 4.464399999993e-05,
        "get_access_token_time": 0.011033122999999811,
        "decode_id_token_time": 0.00022609300000020482,
        "complete_login_time": 0.01329273600000036,
        "dispatch_time": 0.04538700499999937
    },
    "t_user_15": {
        "redirect_time": 0.013420957999999983,
        "pkce_time": 4.937199999988e-05,
        "get_access_token_time": 0.013115145000000439,
        "decode_id_token_time": 0.00021072399999955138,
        "complete_login_time": 0.014133355000000236,
        "dispatch_time": 0.048682840999999755
    },
    "t_user_16": {
        "redirect_time": 0.013556396999999887,
        "pkce_time": 4.431199999999e-05,
        "get_access_token_time": 0.011084807999999668,
        "decode_id_token_time": 0.0002292970000006278,
        "complete_login_time": 0.015838436000000122,
        "dispatch_time": 0.04872979400000066
    },
    "t_user_17": {
        "redirect_time": 0.013883676000000067,
        "pkce_time": 4.963400000002e-05,
        "get_access_token_time": 0.011020299999999317,
        "decode_id_token_time": 0.0002060250000006647,
        "complete_login_time": 0.013262708000000067,
        "dispatch_time": 0.05020071299999973
    },
    "t_user_18": {
        "redirect_time": 0.01390018000000004,
        "pkce_time": 4.888100000011e-05,
        "get_access_token_time": 0.011364012000000479,
        "decode_id_token_time": 0.00022872699999965107,
        "complete_login_time": 0.01308763699999993,
        "dispatch_time": 0.04964314799999947
    },
    "t_user_19": {
        "redirect_time": 0.013795698000000023,
        "pkce_time": 5.380100000019e-05,
        "get_access_token_time": 0.01076535499999931,
        "decode_id_token_time": 0.0002365519999996124,
        "complete_login_time": 0.020085948000000187,
        "dispatch_time": 0.051622320000000776
    },
    "t_user_20": {
        "redirect_time": 0.013422044000000133,
        "pkce_time": 4.906099999991e-05,
        "get_access_token_time": 0.012641490000000033,
        "decode_id_token_time": 0.00024141100000019122,
        "complete_login_time": 0.013370386000000067,
        "dispatch_time": 0.05294747299999969
    },
    "t_user_21": {
        "redirect_time": 0.018227592999999986,
        "pkce_time": 5.39610000001e-05,
        "get_access_token_time": 0.011379769000000373,
        "decode_id_token_time": 0.0002287870000001746,
        "complete_login_time": 0.014502236000000224,
        "dispatch_time": 0.04736731800000005
    },
    "t_user_22": {
        "redirect_time": 0.014429244000000008,
        "pkce_time": 5.15459999999e-05,
        "get_access_token_time": 0.012771760000000576,
        "decode_id_token_time": 0.00026740900000010726,
        "complete_login_time": 0.014145799000000459,
        "dispatch_time": 0.048781207000000215
    },
    "t_user_23": {
        "redirect_time": 0.014103541999999969,
        "pkce_time": 5.158699999996e-05,
        "get_access_token_time": 0.012845754999999848,
        "decode_id_token_time": 0.00024438700000040114,
        "complete_login_time": 0.01377018600000035,
        "dispatch_time": 0.047835929000000554
    },
    "t_user_26": {
        "redirect_time": 0.01350471200000003,
        "pkce_time": 4.804900000011e-05,
        "get_access_token_time": 0.01115517099999952,
        "decode_id_token_time": 0.00024121900000029228,
        "complete_login_time": 0.013194624000000488,
        "dispatch_time": 0.050510560000000204
    },
    "t_user_25": {
        "redirect_time": 0.01359036800000002,
        "pkce_time": 4.97129999999e-05,
        "get_access_token_time": 0.014333004000000038,
        "decode_id_token_time": 0.00023608099999972154,
        "complete_login_time": 0.013220757000000027,
        "dispatch_time": 0.049071288999999574
    },
    "t_user_24": {
        "redirect_time": 0.012950216999999986,
        "pkce_time": 4.762799999991e-05,