{
    "t_user_1": {
        "redirect_time": 0.012946166999999953,
        "pkce_time": 4.224899999999e-05,
        "get_access_token_time": 0.011421501999999695,
        "decode_id_token_time": 0.0002478730000001761,
        "complete_login_time": 0.012983039000000307,
        "dispatch_time": 0.04628201699999979
    },
    "t_user_2": {
        "redirect_time": 0.01289551299999997,
        "pkce_time": 4.359099999995e-05,
        "get_access_token_time": 0.011850091999999979,
        "decode_id_token_time": 0.000219579999999997,
        "complete_login_time": 0.013208973999999873,
        "dispatch_time": 0.051295015
    },
    "t_user_3": {
        "redirect_time": 0.014027106000000011,
        "pkce_time": 4.820999999999e-05,
        "get_access_token_time": 0.012551483999999835,
        "decode_id_token_time": 0.0007193240000002987,
        "complete_login_time": 0.01782049799999985,
        "dispatch_time": 0.058144920000000155
    },
    "t_user_4": {
        "redirect_time": 0.014269511000000068,
        "pkce_time": 5.305899999997e-05,
        "get_access_token_time": 0.01223334999999981,
        "decode_id_token_time": 0.00022692400000057233,
        "complete_login_time": 0.01301343300000024,
        "dispatch_time": 0.047603951000000144
    },
    "t_user_5": {
        "redirect_time": 0.012807632000000013,
        "pkce_time": 4.0716e-05,
        "get_access_token_time": 0.01207563200000017,
        "decode_id_token_time": 0.00022337799999982977,
        "complete_login_time": 0.013896374000000211,
        "dispatch_time": 0.04836184899999996
    },
    "t_user_6": {
        "redirect_time": 0.01335990999999992,
        "pkce_time": 5.234799999998e-05,
        "get_access_token_time": 0.011811811000000283,
        "decode_id_token_time": 0.00023831499999982242,
        "complete_login_time": 0.014007687000000324,
        "dispatch_time": 0.05426171999999996
    },
    "t_user_7": {
        "redirect_time": 0.013874149000000058,
        "pkce_time": 4.645699999994e-05,
        "get_access_token_time": 0.011767604000000098,
        "decode_id_token_time": 0.00021784700000004875,
        "complete_login_time": 0.013381211999999643,
        "dispatch_time": 0.051911442999999835
    },
    "t_user_8": {
        "redirect_time": 0.01509205800000002,
        "pkce_time": 5.378e-05,
        "get_access_token_time": 0.012104972999999575,
        "decode_id_token_time": 0.0002187989999997697,
        "complete_login_time": 0.018314043999999807,
        "dispatch_time": 0.052744422999999596
    },
    "t_user_9": {
        "redirect_time": 0.015011098,
        "pkce_time": 4.5776e-05,
        "get_access_token_time": 0.01218665699999999,
        "decode_id_token_time": 0.00021146500000002177,
        "complete_login_time": 0.01331979999999966,
        "dispatch_time": 0.05065220399999992
    },
    "t_user_10": {
        "redirect_time": 0.01441159000000003,
        "pkce_time": 5.633500000002e-05,
        "get_access_token_time": 0.011321061999999937,
        "decode_id_token_time": 0.00023518900000008003,
        "complete_login_time": 0.015067909999999962,
        "dispatch_time": 0.0482503809999999
    },
    "t_user_11": {
        "redirect_time": 0.014835457999999968,
        "pkce_time": 5.334899999998e-05,
        "get_access_token_time": 0.011654695999999909,
        "decode_id_token_time": 0.000212938000000662,
        "complete_login_time": 0.013132741999999809,
        "dispatch_time": 0.04674137800000011
    },
    "t_user_12": {
        "redirect_time": 0.014018673000000037,
        "pkce_time": 4.998399999989e-05,
        "get_access_token_time": 0.011365996000000322,
        "decode_id_token_time": 0.0002493570000003942,
        "complete_login_time": 0.014280265000000014,
        "dispatch_time": 0.04759778999999931
    },
    "t_user_14": {
        "redirect_time": 0.015032345999999919,
        "pkce_time": 4.989299999991e-05,
        "get_access_token_time": 0.011611089999999713,
        "decode_id_token_time": 0.00020682699999952092,
        "complete_login_time": 0.012748945999999428,
        "dispatch_time": 0.046010389000000096
    },
    "t_user_13": {
        "redirect_time": 0.013583521000000154,
        "pkce_time": 5.832900000002e-05,
        "get_access_token_time": 0.01141553700000042,
        "decode_id_token_time": 0.00020397099999946988,
        "complete_login_time": 0.013167654000000084,
        "dispatch_time": 0.0463431700000001
    },
    "t_user_15": {
        "redirect_time": 0.01403998400000006,
        "pkce_time": 5.043400000004e-05,
        "get_access_token_time": 0.011541185999999648,
        "decode_id_token_time": 0.00022132299999988447,
        "complete_login_time": 0.01299007200000002,
        "dispatch_time": 0.049959087999999596
    },
    "t_user_16": {
        "redirect_time": 0.014039236999999982,
        "pkce_time": 6.51009999999e-05,
        "get_access_token_time": 0.011394079000000445,
        "decode_id_token_time": 0.00021458099999982494,
        "complete_login_time": 0.013045658999999432,
        "dispatch_time": 0.046286507000000476
    },
    "t_user_17": {
        "redirect_time": 0.013851068999999994,
        "pkce_time": 5.129599999987e-05,
        "get_access_token_time": 0.011462314000000084,
        "decode_id_token_time": 0.0002196599999999549,
        "complete_login_time": 0.013154627999999668,
        "dispatch_time": 0.046958550000000265
    },
    "t_user_18": {
        "redirect_time": 0.014153113999999967,
        "pkce_time": 5.5103e-05,
        "get_access_token_time": 0.011411768000000322,
        "decode_id_token_time": 0.00021605400000002106,
        "complete_login_time": 0.01582689899999945,
        "dispatch_time": 0.04948120600000028
    },
    "t_user_19": {
        "redirect_time": 0.014263740999999941,
        "pkce_time": 5.557400000011e-05,
        "get_access_token_time": 0.01248915199999967,
        "decode_id_token_time": 0.0002245909999993856,
        "complete_login_time": 0.013594912000000292,
        "dispatch_time": 0.047689017999999805
    },
    "t_user_20": {
        "redirect_time": 0.013825702999999967,
        "pkce_time": 4.905200000005e-05,
        "get_access_token_time": 0.011676507000000669,
        "decode_id_token_time": 0.00026512500000031025,
        "complete_login_time": 0.013976825000000304,
        "dispatch_time": 0.05768834999999939
    },
    "t_user_21": {
        "redirect_time": 0.013671555999999807,
        "pkce_time": 4.789999999999e-05,
        "get_access_token_time": 0.012400180000000205,
        "decode_id_token_time": 0.00023465900000019246,
        "complete_login_time": 0.019229865999999873,
        "dispatch_time": 0.05461203900000022
    },
    "t_user_22": {
        "redirect_time": 0.013339806000000065,
        "pkce_time": 4.524399999983e-05,
        "get_access_token_time": 0.012764049999999472,
        "decode_id_token_time": 0.0002203229999997447,
        "complete_login_time": 0.012984578000000191,
        "dispatch_time": 0.047606953999999924
    },
    "t_user_23": {
        "redirect_time": 0.01397335700000002,
        "pkce_time": 5.485299999997e-05,
        "get_access_token_time": 0.011070673999999947,
        "decode_id_token_time": 0.00021222600000037062,
        "complete_login_time": 0.012950419000000046,
        "dispatch_time": 0.04984286599999965
    },
    "t_user_24": {
        "redirect_time": 0.012741732999999922,
        "pkce_time": 4.126700000007e-05,
        "get_access_token_time": 0.012522233000000327,
        "decode_id_token_time": 0.00024623000000012496,
        "complete_login_time": 0.015885817000000024,
        "dispatch_time": 0.050462484999999724
    },
    "t_user_25": {
        "redirect_time": 0.013868433000000069,
        "pkce_time": 5.206699999993e-05,
        "get_access_token_time": 0.011688942000000146,
        "decode_id_token_time": 0.00020818900000030283,
        "complete_login_time": 0.01262358900000038,
        "dispatch_time": 0.050806766
    },