{
    "t_user_1": {
        "redirect_time": 0.013128348999999984,
        "pkce_time": 4.1658e-05,
        "get_access_token_time": 0.01120115999999971,
        "decode_id_token_time": 0.00023217399999975186,
        "complete_login_time": 0.01653637200000002,
        "dispatch_time": 0.04889546800000044
    },
    "t_user_2": {
        "redirect_time": 0.013728878999999972,
        "pkce_time": 4.646699999999e-05,
        "get_access_token_time": 0.011283577999999572,
        "decode_id_token_time": 0.00025141099999981265,
        "complete_login_time": 0.013356051999999785,
        "dispatch_time": 0.04638941699999943
    },
    "t_user_3": {
        "redirect_time": 0.014161548999999996,
        "pkce_time": 5.480200000008e-05,
        "get_access_token_time": 0.011591110000000349,
        "decode_id_token_time": 0.0002226069999995417,
        "complete_login_time": 0.012691653999999275,
        "dispatch_time": 0.050291995000000256
    },
    "t_user_4": {
        "redirect_time": 0.013154560000000037,
        "pkce_time": 4.235899999994e-05,
        "dispatch_time": 0.032961534000000015
    },
    "t_user_5": {
        "redirect_time": 0.013730118999999985,
        "pkce_time": 5.055399999998e-05,
        "get_access_token_time": 0.011394649000000534,
        "decode_id_token_time": 0.0002329940000000974,
        "complete_login_time": 0.01335623599999991,
        "dispatch_time": 0.04611979600000016
    },
    "t_user_6": {
        "redirect_time": 0.013600804000000077,
        "pkce_time": 4.687700000006e-05,
        "get_access_token_time": 0.012628042000000228,
        "decode_id_token_time": 0.00027243899999973564,
        "complete_login_time": 0.014058693000000844,
        "dispatch_time": 0.05029451500000004
    },
    "t_user_7": {
        "redirect_time": 0.014170715,
        "pkce_time": 5.170600000004e-05,
        "get_access_token_time": 0.017649770999999426,
        "decode_id_token_time": 0.00022319700000039688,
        "complete_login_time": 0.013435156999999975,
        "dispatch_time": 0.05302507000000034
    },
    "t_user_8": {
        "redirect_time": 0.015071542000000049,
        "pkce_time": 4.878200000002e-05,
        "get_access_token_time": 0.01140590099999983,
        "decode_id_token_time": 0.00020757800000037463,
        "complete_login_time": 0.021505558000000313,
        "dispatch_time": 0.053431822000000295
    },
    "t_user_9": {
        "redirect_time": 0.013675195000000029,
        "pkce_time": 5.072399999995e-05,
        "get_access_token_time": 0.011184890000000003,
        "decode_id_token_time": 0.00021753600000007367,
        "complete_login_time": 0.012866135999999528,
        "dispatch_time": 0.045492372
    },
    "t_user_10": {
        "redirect_time": 0.014483652999999985,
        "pkce_time": 4.964299999999e-05,
        "get_access_token_time": 0.011409255000000229,
        "decode_id_token_time": 0.00021675500000029047,
        "complete_login_time": 0.013954088000000198,
        "dispatch_time": 0.05173952699999962
    },
    "t_user_11": {
        "redirect_time": 0.014516195999999981,
        "pkce_time": 4.970300000007e-05,
        "get_access_token_time": 0.01206169800000012,
        "decode_id_token_time": 0.00022185399999985478,
        "complete_login_time": 0.020033194999999893,
        "dispatch_time": 0.05514933099999997
    },
    "t_user_12": {
        "redirect_time": 0.013949741000000015,
        "pkce_time": 5.002400000009e-05,
        "get_access_token_time": 0.012248482999999588,
        "decode_id_token_time": 0.00021948000000016066,
        "complete_login_time": 0.013766519999999893,
        "dispatch_time": 0.05022899799999969
    },
    "t_user_13": {
        "redirect_time": 0.015122459000000088,
        "pkce_time": 5.142700000005e-05,
        "get_access_token_time": 0.011669612999999579,
        "decode_id_token_time": 0.00024371599999994942,
        "complete_login_time": 0.013239369999999973,
        "dispatch_time": 0.04564662900000016
    },
    "t_user_14": {
        "redirect_time": 0.014205550000000011,
        "pkce_time": 5.035399999986e-05,
        "get_access_token_time": 0.011036835000000078,
        "decode_id_token_time": 0.0008076690000002884,
        "complete_login_time": 0.016897822999999867,
        "dispatch_time": 0.05133391999999981
    },
    "t_user_15": {
        "redirect_time": 0.01340638999999988,
        "pkce_time": 4.925199999994e-05,
        "get_access_token_time": 0.01565869299999978,
        "decode_id_token_time": 0.00023364600000030933,
        "complete_login_time": 0.013347271999999855,
        "dispatch_time": 0.05064785400000016
    },
    "t_user_16": {
        "redirect_time": 0.013101165999999997,
        "pkce_time": 5.412199999988e-05,
        "get_access_token_time": 0.01202360399999991,
        "decode_id_token_time": 0.000227685000000033,
        "complete_login_time": 0.013377850999999996,
        "dispatch_time": 0.05236587000000004
    },
    "t_user_17": {
        "redirect_time": 0.013598477000000164,
        "pkce_time": 4.849100000004e-05,
        "get_access_token_time": 0.011592295999999891,
        "decode_id_token_time": 0.0002129380000002179,
        "complete_login_time": 0.013403336000000099,
        "dispatch_time": 0.048757962999999904
    },
    "t_user_18": {
        "redirect_time": 0.013483994,
        "pkce_time": 5.240799999995e-05,
        "get_access_token_time": 0.011276971000000025,
        "decode_id_token_time": 0.0002235770000003079,
        "complete_login_time": 0.013449769999999805,
        "dispatch_time": 0.04649900500000026
    },
    "t_user_19": {
        "redirect_time": 0.01485709199999996,
        "pkce_time": 5.872100000004e-05,
        "get_access_token_time": 0.011777856000000142,
        "decode_id_token_time": 0.0002296790000002602,
        "complete_login_time": 0.01357926400000009,
        "dispatch_time": 0.05145052700000008
    },
    "t_user_20": {
        "redirect_time": 0.014134501000000022,
        "pkce_time": 5.707699999991e-05,
        "get_access_token_time": 0.011087693999999981,
        "decode_id_token_time": 0.0002380549999996262,
        "complete_login_time": 0.013743427000000086,
        "dispatch_time": 0.051202346000000176
    },
    "t_user_21": {
        "redirect_time": 0.015242253000000039,
        "pkce_time": 5.356999999995e-05,
        "get_access_token_time": 0.011053156000000008,
        "decode_id_token_time": 0.00026558700000034463,
        "complete_login_time": 0.013789336000000318,
        "dispatch_time": 0.04626130299999964
    },
    "t_user_23": {
        "redirect_time": 0.013253867999999835,
        "pkce_time": 5.736700000014e-05,
        "get_access_token_time": 0.011723812999999694,
        "decode_id_token_time": 0.00022536200000011775,
        "complete_login_time": 0.013222092000000352,
        "dispatch_time": 0.0470327260000003
    },
    "t_user_25": {
        "redirect_time": 0.013224941000000046,
        "pkce_time": 4.397299999992e-05,
        "get_access_token_time": 0.011309525999999792,
        "decode_id_token_time": 0.0002268330000001484,
        "complete_login_time": 0.012984255000000111,
        "dispatch_time": 0.05045206399999991
    },
    "t_user_26": {
        "redirect_time": 0.013523340000000106,
        "pkce_time": 4.815000000002e-05,
        "get_access_token_time": 0.016808332000000092,
        "decode_id_token_time": 0.0002582130000003957,
        "complete_login_time": 0.01358460499999925,
        "dispatch_time": 0.05207591300000036
    },
    "t_user_27": {
        "redirect_time": 0.013619843000000076,
        "pkce_time": 4.907200000015e-05,
        "get_access_token_time": 0.011304406999999905,
        "decode_id_token_time": 0.00021521200000051977,
        "complete_login_time": 0.012955263000000272,
        "dispatch_time": 0.04895847600000014
    },
    "t_user_22": {
        "redirect_time": 0.013519221000000137,
        "pkce_time": 4.672699999997e-05,