{
    "t_user_1": {
        "redirect_time": 0.014191765000000023,
        "pkce_time": 4.106700000001e-05,
        "get_access_token_time": 0.011563822999999918,
        "decode_id_token_time": 0.00021768700000013297,
        "complete_login_time": 0.014182276000000105,
        "dispatch_time": 0.04866675300000001
    },
    "t_user_2": {
        "redirect_time": 0.013470393000000025,
        "pkce_time": 5.013399999998e-05,
        "get_access_token_time": 0.011746641999999863,
        "decode_id_token_time": 0.0007437200000000033,
        "complete_login_time": 0.014424683000000105,
        "dispatch_time": 0.05362369400000011
    },
    "t_user_3": {
        "redirect_time": 0.015615368000000074,
        "pkce_time": 4.362099999999e-05,
        "get_access_token_time": 0.0161207490000006,
        "decode_id_token_time": 0.0002254009999997919,
        "complete_login_time": 0.013861962000000005,
        "dispatch_time": 0.051199712999999925
    },
    "t_user_4": {
        "redirect_time": 0.013538871999999924,
        "pkce_time": 4.676700000006e-05,
        "dispatch_time": 0.032328365999999775
    },
    "t_user_5": {
        "redirect_time": 0.015603872000000019,
        "pkce_time": 4.930199999997e-05,
        "get_access_token_time": 0.01152570599999958,
        "decode_id_token_time": 0.00022334699999948526,
        "complete_login_time": 0.017965790999999953,
        "dispatch_time": 0.05188785500000037
    },
    "t_user_6": {
        "redirect_time": 0.01285492399999999,
        "pkce_time": 4.355099999998e-05,
        "get_access_token_time": 0.012543399000000122,
        "decode_id_token_time": 0.00023250400000041083,
        "complete_login_time": 0.01325241700000035,
        "dispatch_time": 0.04950288700000005
    },
    "t_user_7": {
        "redirect_time": 0.013112661999999942,
        "pkce_time": 4.589599999993e-05,
        "get_access_token_time": 0.011335176000000224,
        "decode_id_token_time": 0.0002064160000001536,
        "complete_login_time": 0.01318374500000008,
        "dispatch_time": 0.05086924600000042
    },
    "t_user_8": {
        "redirect_time": 0.014887136000000023,
        "pkce_time": 4.595600000001e-05,
        "dispatch_time": 0.03368266999999969
    },
    "t_user_9": {
        "redirect_time": 0.01433032099999998,
        "pkce_time": 3.893399999999e-05,
        "get_access_token_time": 0.011520116999999885,
        "decode_id_token_time": 0.0002010650000006109,
        "complete_login_time": 0.013240802000000329,
        "dispatch_time": 0.0535447109999998
    },
    "t_user_10": {
        "redirect_time": 0.014171497999999949,
        "pkce_time": 5.060400000001e-05,
        "get_access_token_time": 0.012380058999999832,
        "decode_id_token_time": 0.00020786900000002717,
        "complete_login_time": 0.013884585000000005,
        "dispatch_time": 0.05045763399999981
    },
    "t_user_11": {
        "redirect_time": 0.013063845000000018,
        "pkce_time": 4.670699999998e-05,
        "get_access_token_time": 0.011663395000000243,
        "decode_id_token_time": 0.00024764299999979755,
        "complete_login_time": 0.014506191000000612,
        "dispatch_time": 0.04861268999999968
    },
    "t_user_12": {
        "redirect_time": 0.01329370799999996,
        "pkce_time": 4.521400000002e-05,
        "get_access_token_time": 0.011613232000000195,
        "decode_id_token_time": 0.00019743899999991044,
        "complete_login_time": 0.013160595999999636,
        "dispatch_time": 0.06022366600000062
    },
    "t_user_13": {
        "redirect_time": 0.01392395199999985,
        "pkce_time": 3.7289e-05,
        "get_access_token_time": 0.011860216999999729,
        "decode_id_token_time": 0.0001891539999996361,
        "complete_login_time": 0.0159407869999999,
        "dispatch_time": 0.05020461900000006
    },
    "t_user_14": {
        "redirect_time": 0.013760087000000087,
        "pkce_time": 4.758900000001e-05,
        "get_access_token_time": 0.011925028999999476,
        "decode_id_token_time": 0.00048669000000067797,
        "complete_login_time": 0.014830682000000373,
        "dispatch_time": 0.05509387200000049
    },
    "t_user_15": {
        "redirect_time": 0.015592329999999821,
        "pkce_time": 4.222800000009e-05,
        "get_access_token_time": 0.013236421999999859,
        "decode_id_token_time": 0.00024258399999954605,
        "complete_login_time": 0.014078554000000132,
        "dispatch_time": 0.0559342660000004
    },
    "t_user_16": {
        "redirect_time": 0.014904747999999968,
        "pkce_time": 5.170600000004e-05,
        "get_access_token_time": 0.010925841999999797,
        "decode_id_token_time": 0.0002281360000004895,
        "complete_login_time": 0.013455302999999752,
        "dispatch_time": 0.05197215399999955
    },
    "t_user_17": {
        "redirect_time": 0.013868722,
        "pkce_time": 4.839000000012e-05,
        "get_access_token_time": 0.01122639000000003,
        "decode_id_token_time": 0.00023539000000027954,
        "complete_login_time": 0.013343745999999435,
        "dispatch_time": 0.04630383699999996
    },
    "t_user_18": {
        "redirect_time": 0.01645820600000003,
        "pkce_time": 4.62160000001e-05,
        "get_access_token_time": 0.016176543000000265,
        "decode_id_token_time": 0.00020384099999937177,
        "complete_login_time": 0.013009066999999597,
        "dispatch_time": 0.05192610399999964
    },
    "t_user_19": {
        "redirect_time": 0.0135899949999998,
        "pkce_time": 5.561400000009e-05,
        "get_access_token_time": 0.022213374000000563,
        "decode_id_token_time": 0.00018756000000053064,
        "complete_login_time": 0.013411052000000367,
        "dispatch_time": 0.058580914000000206
    },
    "t_user_20": {
        "redirect_time": 0.014307230000000004,
        "pkce_time": 5.219700000003e-05,
        "get_access_token_time": 0.012362371000000039,
        "decode_id_token_time": 0.0002582430000002134,
        "complete_login_time": 0.01541081199999983,
        "dispatch_time": 0.05140176099999927
    },
    "t_user_21": {
        "redirect_time": 0.013769710999999907,
        "pkce_time": 6.055300000019e-05,
        "get_access_token_time": 0.01223426800000027,
        "decode_id_token_time": 0.0002453490000000613,
        "complete_login_time": 0.013793489000000214,
        "dispatch_time": 0.04956769700000052
    },
    "t_user_22": {
        "redirect_time": 0.013399562000000032,
        "pkce_time": 3.348400000003e-05,
        "get_access_token_time": 0.017825503000000076,
        "decode_id_token_time": 0.0002295000000005487,
        "complete_login_time": 0.014033447000000088,
        "dispatch_time": 0.05458928799999985
    },
    "t_user_23": {
        "redirect_time": 0.014451048000000188,
        "pkce_time": 5.136500000003e-05,
        "get_access_token_time": 0.011749582000000203,
        "decode_id_token_time": 0.00023709299999996603,
        "complete_login_time": 0.01408509599999963,
        "dispatch_time": 0.048969027000000054
    },
    "t_user_24": {
        "redirect_time": 0.01392670500000004,
        "pkce_time": 4.291999999984e-05,
        "get_access_token_time": 0.011982652000000371,
        "decode_id_token_time": 0.00039284400000028086,
        "complete_login_time": 0.01345019599999997,
        "dispatch_time": 0.051384127999999585
    },
    "t_user_25": {
        "redirect_time": 0.014794807000000132,
        "pkce_time": 5.245800000009e-05,
        "get_access_token_time": 0.011114654000000002,
        "decode_id_token_time": 0.0002258730000006537,
        "complete_login_time": 0.013918218999999787,
        "dispatch_time": 0.05284338700000024
    },
    "t_user_26": {
        "redirect_time": 0.01492231300000002,
        "pkce_time": 5.256799999986e-05,
        "get_access_token_time": 0.012073888000000643,
        "decode_id_token_time": 0.00020615599999995737,
        "complete_login_time": 0.013531687000000403,