{
    "t_user_1": {
        "redirect_time": 0.012843679999999968,
        "pkce_time": 4.119700000005e-05,
        "get_access_token_time": 0.0116665970000005,
        "decode_id_token_time": 0.00020941100000015922,
        "complete_login_time": 0.013382334000000107,
        "dispatch_time": 0.050209350000000263
    },
    "t_user_2": {
        "redirect_time": 0.014048009999999944,
        "pkce_time": 6.274700000009e-05,
        "get_access_token_time": 0.011089848999999319,
        "decode_id_token_time": 0.00023168299999998254,
        "complete_login_time": 0.014474848999999956,
        "dispatch_time": 0.04756008000000023
    },
    "t_user_3": {
        "redirect_time": 0.013852867999999963,
        "pkce_time": 5.305900000008e-05,
        "get_access_token_time": 0.012942268000000645,
        "decode_id_token_time": 0.000319077000000334,
        "complete_login_time": 0.02840671600000011,
        "dispatch_time": 0.06869662099999996
    },
    "t_user_4": {
        "redirect_time": 0.013490239000000015,
        "pkce_time": 4.762899999999e-05,
        "get_access_token_time": 0.017315342999999928,
        "decode_id_token_time": 0.0002288080000001358,
        "complete_login_time": 0.0161897849999999,
        "dispatch_time": 0.059084176999999904
    },
    "t_user_5": {
        "redirect_time": 0.013664086999999991,
        "pkce_time": 4.402200000009e-05,
        "get_access_token_time": 0.015938879999999322,
        "decode_id_token_time": 0.00018264100000031647,
        "complete_login_time": 0.013231240000000533,
        "dispatch_time": 0.050474965999999455
    },
    "t_user_6": {
        "redirect_time": 0.013495248000000015,
        "pkce_time": 4.498399999997e-05,
        "get_access_token_time": 0.011730490999999788,
        "decode_id_token_time": 0.00023130300000051562,
        "complete_login_time": 0.013328392999999217,
        "dispatch_time": 0.05227510699999982
    },
    "t_user_7": {
        "redirect_time": 0.016581957999999952,
        "pkce_time": 5.039500000004e-05,
        "get_access_token_time": 0.014265007000000107,
        "decode_id_token_time": 0.0004260170000001118,
        "complete_login_time": 0.014823373000000029,
        "dispatch_time": 0.05396856499999991
    },
    "t_user_8": {
        "redirect_time": 0.014783625000000078,
        "pkce_time": 4.265999999997e-05,
        "get_access_token_time": 0.011397574000000077,
        "decode_id_token_time": 0.00020206800000011071,
        "complete_login_time": 0.013140222999999729,
        "dispatch_time": 0.0461410579999999
    },
    "t_user_9": {
        "redirect_time": 0.01405881600000003,
        "pkce_time": 5.147599999999e-05,
        "get_access_token_time": 0.01111304799999946,
        "decode_id_token_time": 0.0001928699999993455,
        "complete_login_time": 0.0128202169999998,
        "dispatch_time": 0.045188641000000196
    },
    "t_user_10": {
        "redirect_time": 0.01374448100000003,
        "pkce_time": 5.215799999991e-05,
        "get_access_token_time": 0.011750012000000254,
        "decode_id_token_time": 0.00026972299999972194,
        "complete_login_time": 0.013806901999999788,
        "dispatch_time": 0.049029102000000435
    },
    "t_user_11": {
        "redirect_time": 0.013831378000000005,
        "pkce_time": 5.219700000003e-05,
        "get_access_token_time": 0.016568774000000452,
        "decode_id_token_time": 0.00021978100000019651,
        "complete_login_time": 0.013551033999999795,
        "dispatch_time": 0.05238636200000002
    },
    "t_user_12": {
        "redirect_time": 0.013278553000000026,
        "pkce_time": 8.414700000015e-05,
        "get_access_token_time": 0.022360438999999843,
        "decode_id_token_time": 0.0002537649999991842,
        "complete_login_time": 0.014748185999999386,
        "dispatch_time": 0.05933651000000051
    },
    "t_user_13": {
        "redirect_time": 0.013310444999999893,
        "pkce_time": 5.244800000015e-05,
        "dispatch_time": 0.03307090900000009
    },
    "t_user_14": {
        "redirect_time": 0.013288567000000029,
        "pkce_time": 5.269799999996e-05,
        "get_access_token_time": 0.01240452000000003,
        "decode_id_token_time": 0.0008287990000002132,
        "complete_login_time": 0.015206918999999708,
        "dispatch_time": 0.05661460899999993
    },
    "t_user_15": {
        "redirect_time": 0.014479463000000026,
        "pkce_time": 5.326999999999e-05,
        "get_access_token_time": 0.012409297000000041,
        "decode_id_token_time": 0.0002534040000004012,
        "complete_login_time": 0.014166359999999933,
        "dispatch_time": 0.05438323300000025
    },
    "t_user_16": {
        "redirect_time": 0.013445051000000152,
        "pkce_time": 5.4051e-05,
        "get_access_token_time": 0.011717914000000107,
        "decode_id_token_time": 0.0002330549999998155,
        "complete_login_time": 0.013468896000000008,
        "dispatch_time": 0.04757109400000026
    },
    "t_user_17": {
        "redirect_time": 0.014022658000000021,
        "pkce_time": 4.877100000011e-05,
        "get_access_token_time": 0.01152895900000006,
        "decode_id_token_time": 0.0002265430000001345,
        "complete_login_time": 0.013654491000000046,
        "dispatch_time": 0.04698479099999986
    },
    "t_user_18": {
        "redirect_time": 0.013984510000000006,
        "pkce_time": 5.182700000006e-05,
        "get_access_token_time": 0.011487028000000343,
        "decode_id_token_time": 0.00031107199999969026,
        "complete_login_time": 0.014564212999999882,
        "dispatch_time": 0.05280733300000007
    },
    "t_user_19": {
        "redirect_time": 0.013301435000000028,
        "pkce_time": 5.108499999995e-05,
        "get_access_token_time": 0.011478905999999789,
        "decode_id_token_time": 0.00022545099999948803,
        "complete_login_time": 0.013625548000000265,
        "dispatch_time": 0.05089024499999972
    },
    "t_user_20": {
        "redirect_time": 0.01627638500000006,
        "pkce_time": 4.587599999994e-05,
        "get_access_token_time": 0.011548384000000134,
        "decode_id_token_time": 0.00021036299999988017,
        "complete_login_time": 0.013134173000000082,
        "dispatch_time": 0.04943825899999954
    },
    "t_user_21": {
        "redirect_time": 0.013779267000000095,
        "pkce_time": 4.485300000012e-05,
        "get_access_token_time": 0.011399444999999453,
        "decode_id_token_time": 0.00024361499999958625,
        "complete_login_time": 0.014072515000000507,
        "dispatch_time": 0.05397891100000063
    },
    "t_user_22": {
        "redirect_time": 0.013884141000000128,
        "pkce_time": 6.405999999992e-05,
        "get_access_token_time": 0.011062879999999886,
        "decode_id_token_time": 0.0002025489999999408,
        "complete_login_time": 0.01266693200000013,
        "dispatch_time": 0.044453673999999666
    },
    "t_user_23": {
        "redirect_time": 0.014960679999999948,
        "pkce_time": 6.713500000011e-05,
        "get_access_token_time": 0.011552877000000628,
        "decode_id_token_time": 0.00025914300000007273,
        "complete_login_time": 0.013932353999999592,
        "dispatch_time": 0.051406493
    },
    "t_user_24": {
        "redirect_time": 0.014409478000000142,
        "pkce_time": 7.093200000008e-05,
        "get_access_token_time": 0.015685200000000066,
        "decode_id_token_time": 0.00020329999999990633,
        "complete_login_time": 0.014465366000000479,
        "dispatch_time": 0.05145097999999937
    },
    "t_user_25": {
        "redirect_time": 0.014586570000000076,
        "pkce_time": 5.338899999985e-05,
        "get_access_token_time": 0.011152635000000188,
        "decode_id_token_time": 0.00021686600000059286,
        "complete_login_time": 0.017075489000000665,
        "dispatch_time": 0.049932991999999565
    },
    "t_user_26": {
        "redirect_time": 0.014167243999999801,
        "pkce_time": 6.52619999999e-05,