{
    "t_user_1": {
        "redirect_time": 0.013730501000000006,
        "pkce_time": 4.272e-05,
        "get_access_token_time": 0.016377826000000262,
        "decode_id_token_time": 0.0001953239999998857,
        "complete_login_time": 0.013038756999999457,
        "dispatch_time": 0.04953522400000043
    },
    "t_user_2": {
        "redirect_time": 0.013105281000000024,
        "pkce_time": 5.181700000001e-05,
        "get_access_token_time": 0.013091989999999942,
        "decode_id_token_time": 0.0002898319999999899,
        "complete_login_time": 0.015099682000000225,
        "dispatch_time": 0.050712982000000295
    },
    "t_user_3": {
        "redirect_time": 0.013188211999999977,
        "pkce_time": 4.699800000008e-05,
        "get_access_token_time": 0.016096819999999568,
        "decode_id_token_time": 0.00025838299999936254,
        "complete_login_time": 0.01330134400000027,
        "dispatch_time": 0.050471520000000325
    },
    "t_user_4": {
        "redirect_time": 0.012613600000000003,
        "pkce_time": 4.061600000005e-05,
        "get_access_token_time": 0.011718501999999908,
        "decode_id_token_time": 0.00022435900000061793,
        "complete_login_time": 0.01336868899999999,
        "dispatch_time": 0.05232030600000037
    },
    "t_user_5": {
        "redirect_time": 0.013483740000000077,
        "pkce_time": 5.537300000003e-05,
        "get_access_token_time": 0.01151030399999975,
        "decode_id_token_time": 0.0002339469999999011,
        "complete_login_time": 0.014357710000000523,
        "dispatch_time": 0.048253104999999685
    },
    "t_user_6": {
        "redirect_time": 0.013261179000000012,
        "pkce_time": 5.455300000001e-05,
        "get_access_token_time": 0.011272142999999346,
        "decode_id_token_time": 0.0002593449999999109,
        "complete_login_time": 0.01288314700000015,
        "dispatch_time": 0.04667317599999965
    },
    "t_user_7": {
        "redirect_time": 0.013139200000000018,
        "pkce_time": 5.1986e-05,
        "get_access_token_time": 0.011874414000000222,
        "decode_id_token_time": 0.00021682500000075322,
        "complete_login_time": 0.012884316000000062,
        "dispatch_time": 0.05095443200000016
    },
    "t_user_8": {
        "redirect_time": 0.01475884500000002,
        "pkce_time": 5.259800000001e-05,
        "get_access_token_time": 0.011795299000000092,
        "decode_id_token_time": 0.00023811500000014973,
        "complete_login_time": 0.013338816000000087,
        "dispatch_time": 0.05196280200000025
    },
    "t_user_9": {
        "redirect_time": 0.014396261999999993,
        "pkce_time": 5.257800000003e-05,
        "get_access_token_time": 0.011032647000000395,
        "decode_id_token_time": 0.00022907799999938305,
        "complete_login_time": 0.012951452999999447,
        "dispatch_time": 0.04494466899999949
    },
    "t_user_10": {
        "redirect_time": 0.013881350000000015,
        "pkce_time": 5.073500000008e-05,
        "get_access_token_time": 0.015898659000000315,
        "decode_id_token_time": 0.0002208120000002367,
        "complete_login_time": 0.013247948000000065,
        "dispatch_time": 0.05061907899999962
    },
    "t_user_11": {
        "redirect_time": 0.015042286999999988,
        "pkce_time": 5.3109e-05,
        "get_access_token_time": 0.010981680000000438,
        "decode_id_token_time": 0.00020334999999960246,
        "complete_login_time": 0.017589919999999815,
        "dispatch_time": 0.04984612199999994
    },
    "t_user_12": {
        "redirect_time": 0.020475503999999978,
        "pkce_time": 5.093499999997e-05,
        "get_access_token_time": 0.011242841999999698,
        "decode_id_token_time": 0.0002265239999994506,
        "complete_login_time": 0.013484348999999618,
        "dispatch_time": 0.04687078299999925
    },
    "t_user_14": {
        "redirect_time": 0.014240615000000068,
        "pkce_time": 5.512299999988e-05,
        "get_access_token_time": 0.011301206999999813,
        "decode_id_token_time": 0.00020832899999989607,
        "complete_login_time": 0.013330501999999633,
        "dispatch_time": 0.05456728000000011
    },
    "t_user_13": {
        "redirect_time": 0.01605468500000007,
        "pkce_time": 4.854099999996e-05,
        "get_access_token_time": 0.011560483000000232,
        "decode_id_token_time": 0.00024676100000009527,
        "complete_login_time": 0.014089847000000155,
        "dispatch_time": 0.053370907000000134
    },
    "t_user_15": {
        "redirect_time": 0.013359335999999944,
        "pkce_time": 5.16370000001e-05,
        "dispatch_time": 0.028149099999999816
    },
    "t_user_16": {
        "redirect_time": 0.013989613999999984,
        "pkce_time": 5.39209999999e-05,
        "get_access_token_time": 0.011049855000000441,
        "decode_id_token_time": 0.0002188700000003152,
        "complete_login_time": 0.017385616000000326,
        "dispatch_time": 0.049007491000000236
    },
    "t_user_17": {
        "redirect_time": 0.012662239999999825,
        "pkce_time": 4.383200000002e-05,
        "get_access_token_time": 0.011161358999999926,
        "decode_id_token_time": 0.0006643820000000744,
        "complete_login_time": 0.013491758999999881,
        "dispatch_time": 0.051436484999999976
    },
    "t_user_18": {
        "redirect_time": 0.013796951000000002,
        "pkce_time": 4.798999999989e-05,
        "dispatch_time": 0.029510509000000074
    },
    "t_user_19": {
        "redirect_time": 0.013967709000000106,
        "pkce_time": 4.965299999982e-05,
        "get_access_token_time": 0.011401946999999968,
        "decode_id_token_time": 0.00023791500000003296,
        "complete_login_time": 0.013337863000000283,
        "dispatch_time": 0.046171920000000366
    },
    "t_user_20": {
        "redirect_time": 0.01454237199999997,
        "pkce_time": 4.677799999997e-05,
        "get_access_token_time": 0.011409319000000195,
        "decode_id_token_time": 0.00021049299999997828,
        "complete_login_time": 0.017571323999999944,
        "dispatch_time": 0.04976466000000013
    },
    "t_user_21": {
        "redirect_time": 0.01348013800000003,
        "pkce_time": 5.077599999992e-05,
        "get_access_token_time": 0.013516540999999993,
        "decode_id_token_time": 0.00020726699999995546,
        "complete_login_time": 0.012768971999999934,
        "dispatch_time": 0.04808554600000026
    },
    "t_user_22": {
        "redirect_time": 0.013944339999999888,
        "pkce_time": 4.439300000003e-05,
        "get_access_token_time": 0.011326859000000411,
        "decode_id_token_time": 0.00021467100000016615,
        "complete_login_time": 0.013411460000000375,
        "dispatch_time": 0.046555445000000084
    },
    "t_user_23": {
        "redirect_time": 0.0175052710000001,
        "pkce_time": 4.990300000007e-05,
        "get_access_token_time": 0.011648547000000065,
        "decode_id_token_time": 0.00021679399999996463,
        "complete_login_time": 0.013229748999999735,
        "dispatch_time": 0.04972510800000052
    },
    "t_user_24": {
        "redirect_time": 0.013698760999999893,
        "pkce_time": 5.15860000001e-05,
        "get_access_token_time": 0.011448602999999835,
        "decode_id_token_time": 0.00021808799999956108,
        "complete_login_time": 0.013448985000000135,
        "dispatch_time": 0.04774691099999995
    },
    "t_user_25": {
        "redirect_time": 0.013633730999999871,
        "pkce_time": 4.993399999997e-05,
        "get_access_token_time": 0.011270559000000624,
        "decode_id_token_time": 0.00021096499999995189,
        "complete_login_time": 0.012985427999999466,
        "dispatch_time": 0.04569964799999937
    },
    "t_user_26": {
        "redirect_time": 0.013449170000000121,
        "pkce_time": 5.511400000002e-05,
        "get_access_token_time": 0.010943630999999954,
        "decode_id_token_time": 0.00022763700000005826,
        "complete_login_time": 0.01289084800000051,