{
    "t_user_1": {
        "redirect_time": 0.01420449500000004,
        "pkce_time": 4.563600000002e-05,
        "get_access_token_time": 0.01616378700000043,
        "decode_id_token_time": 0.00023929700000024923,
        "complete_login_time": 0.013691070000000138,
        "dispatch_time": 0.05203192899999998
    },
    "t_user_2": {
        "redirect_time": 0.012844315999999967,
        "pkce_time": 5.044399999998e-05,
        "get_access_token_time": 0.011916090999999795,
        "decode_id_token_time": 0.000699768000000045,
        "complete_login_time": 0.013570516999999782,
        "dispatch_time": 0.05156198100000031
    },
    "t_user_3": {
        "redirect_time": 0.013069849999999938,
        "pkce_time": 3.800100000007e-05,
        "get_access_token_time": 0.01123300099999991,
        "decode_id_token_time": 0.00020496299999983592,
        "complete_login_time": 0.013247938000000126,
        "dispatch_time": 0.04615963100000009
    },
    "t_user_4": {
        "redirect_time": 0.013072025000000043,
        "pkce_time": 3.603799999996e-05,
        "get_access_token_time": 0.011551293000000129,
        "decode_id_token_time": 0.00022033200000004527,
        "complete_login_time": 0.0169790820000002,
        "dispatch_time": 0.049349650999999994
    },
    "t_user_5": {
        "redirect_time": 0.013422072999999979,
        "pkce_time": 5.665499999996e-05,
        "get_access_token_time": 0.011291733999999831,
        "decode_id_token_time": 0.00020849999999983382,
        "complete_login_time": 0.012825686999999864,
        "dispatch_time": 0.050459002999999836
    },
    "t_user_6": {
        "redirect_time": 0.013284955000000043,
        "pkce_time": 5.037399999996e-05,
        "get_access_token_time": 0.011721188999999743,
        "decode_id_token_time": 0.00022664299999997084,
        "complete_login_time": 0.013197007999999677,
        "dispatch_time": 0.046876509000000066
    },
    "t_user_7": {
        "redirect_time": 0.013402138000000008,
        "pkce_time": 4.402300000006e-05,
        "get_access_token_time": 0.01107692600000032,
        "decode_id_token_time": 0.0002055340000000072,
        "complete_login_time": 0.014209966999999768,
        "dispatch_time": 0.05029679600000003
    },
    "t_user_8": {
        "redirect_time": 0.013510774000000003,
        "pkce_time": 5.320900000005e-05,
        "get_access_token_time": 0.01147166300000002,
        "decode_id_token_time": 0.0002186879999999114,
        "complete_login_time": 0.017865696999999958,
        "dispatch_time": 0.05141913500000017
    },
    "t_user_9": {
        "redirect_time": 0.014170576999999906,
        "pkce_time": 4.874099999996e-05,
        "get_access_token_time": 0.011401242999999894,
        "decode_id_token_time": 0.00023173300000012276,
        "complete_login_time": 0.013261340000000121,
        "dispatch_time": 0.04648540000000034
    },
    "t_user_10": {
        "redirect_time": 0.01393711200000003,
        "pkce_time": 5.169599999999e-05,
        "dispatch_time": 0.029450549999999964
    },
    "t_user_11": {
        "redirect_time": 0.013449948999999961,
        "pkce_time": 4.852999999994e-05,
        "get_access_token_time": 0.011315372999999518,
        "decode_id_token_time": 0.00022510199999992153,
        "complete_login_time": 0.012827990000000788,
        "dispatch_time": 0.050368756000000126
    },
    "t_user_12": {
        "redirect_time": 0.01464233100000012,
        "pkce_time": 5.517300000002e-05,
        "get_access_token_time": 0.010939596000000051,
        "decode_id_token_time": 0.0002154130000002752,
        "complete_login_time": 0.013422778999999885,
        "dispatch_time": 0.045294797000000386
    },
    "t_user_14": {
        "redirect_time": 0.013620635999999964,
        "pkce_time": 5.349999999993e-05,
        "get_access_token_time": 0.010905913000000211,
        "decode_id_token_time": 0.00022011200000005005,
        "complete_login_time": 0.0127477650000003,
        "dispatch_time": 0.04836951300000081
    },
    "t_user_13": {
        "redirect_time": 0.013836426999999984,
        "pkce_time": 5.555300000015e-05,
        "get_access_token_time": 0.011700442000000422,
        "decode_id_token_time": 0.0001858480000000995,
        "complete_login_time": 0.012803851000000144,
        "dispatch_time": 0.04565120499999953
    },
    "t_user_15": {
        "redirect_time": 0.014359902000000035,
        "pkce_time": 5.471199999985e-05,
        "get_access_token_time": 0.016107768000000355,
        "decode_id_token_time": 0.00022849600000007797,
        "complete_login_time": 0.013539671000000197,
        "dispatch_time": 0.051495521000000544
    },
    "t_user_16": {
        "redirect_time": 0.013922334000000092,
        "pkce_time": 5.280799999996e-05,
        "get_access_token_time": 0.01128867699999958,
        "decode_id_token_time": 0.0003109219999997137,
        "complete_login_time": 0.017867622999999888,
        "dispatch_time": 0.05122223899999945
    },
    "t_user_17": {
        "redirect_time": 0.013984063000000102,
        "pkce_time": 4.242999999993e-05,
        "get_access_token_time": 0.013939483000000585,
        "decode_id_token_time": 0.00022216500000027395,
        "complete_login_time": 0.013395076000000117,
        "dispatch_time": 0.04918200599999967
    },
    "t_user_18": {
        "redirect_time": 0.012853239999999877,
        "pkce_time": 3.830199999988e-05,
        "get_access_token_time": 0.011949759999999365,
        "decode_id_token_time": 0.0002200710000002104,
        "complete_login_time": 0.013737808000000129,
        "dispatch_time": 0.047132171000000334
    },
    "t_user_19": {
        "redirect_time": 0.013015195000000146,
        "pkce_time": 4.890200000007e-05,
        "get_access_token_time": 0.010913669999999875,
        "decode_id_token_time": 0.0002144219999999919,
        "complete_login_time": 0.012721143000000268,
        "dispatch_time": 0.04509889900000008
    },
    "t_user_20": {
        "redirect_time": 0.013113764000000083,
        "pkce_time": 4.917199999999e-05,
        "get_access_token_time": 0.011423045999999992,
        "decode_id_token_time": 0.00020526399999987177,
        "complete_login_time": 0.012577829999999679,
        "dispatch_time": 0.04522824000000014
    },
    "t_user_21": {
        "redirect_time": 0.01348576300000004,
        "pkce_time": 4.797900000009e-05,
        "get_access_token_time": 0.011288087999999696,
        "decode_id_token_time": 0.00021504199999977658,
        "complete_login_time": 0.012864636000000651,
        "dispatch_time": 0.04541916300000004
    },
    "t_user_22": {
        "redirect_time": 0.013632396000000213,
        "pkce_time": 5.662600000012e-05,
        "get_access_token_time": 0.01170576800000056,
        "decode_id_token_time": 0.00020925099999935526,
        "complete_login_time": 0.013100126999999517,
        "dispatch_time": 0.046211149999999535
    },
    "t_user_23": {
        "redirect_time": 0.01381556500000003,
        "pkce_time": 5.065400000004e-05,
        "get_access_token_time": 0.01125685599999926,
        "decode_id_token_time": 0.00022125400000039264,
        "complete_login_time": 0.013023882999999792,
        "dispatch_time": 0.04990413099999991
    },
    "t_user_24": {
        "redirect_time": 0.014179369999999913,
        "pkce_time": 5.268899999988e-05,
        "get_access_token_time": 0.011026301000000238,
        "decode_id_token_time": 0.00020473300000034556,
        "complete_login_time": 0.012820077999999846,
        "dispatch_time": 0.04813769700000048
    },
    "t_user_25": {
        "redirect_time": 0.015299815000000105,
        "pkce_time": 5.121699999999e-05,
        "get_access_token_time": 0.011035988000000607,
        "decode_id_token_time": 0.0002315830000005903,
        "complete_login_time": 0.013040265999999967,
        "dispatch_time": 0.044722638000000536
    },
    "t_user_26": {
        "redirect_time": 0.012973019000000141,
        "pkce_time": 5.145600000001e-05,