{
    "t_user_1": {
        "redirect_time": 0.012767759000000045,
        "pkce_time": 4.032599999998e-05,
        "get_access_token_time": 0.013043417000000002,
        "decode_id_token_time": 0.0006667660000001518,
        "complete_login_time": 0.01374533900000019,
        "dispatch_time": 0.052360643999999734
    },
    "t_user_2": {
        "redirect_time": 0.013103196999999955,
        "pkce_time": 5.057399999997e-05,
        "get_access_token_time": 0.011227110000000096,
        "decode_id_token_time": 0.00020499399999973633,
        "complete_login_time": 0.012691843999999897,
        "dispatch_time": 0.04855429599999983
    },
    "t_user_3": {
        "redirect_time": 0.013858421999999981,
        "pkce_time": 4.585499999998e-05,
        "get_access_token_time": 0.011112814000000082,
        "decode_id_token_time": 0.00022097299999979114,
        "complete_login_time": 0.013029846999999872,
        "dispatch_time": 0.045191952000000146
    },
    "t_user_4": {
        "redirect_time": 0.01354297399999993,
        "pkce_time": 4.919199999998e-05,
        "get_access_token_time": 0.010802809000000302,
        "decode_id_token_time": 0.00021601399999982007,
        "complete_login_time": 0.01350673300000027,
        "dispatch_time": 0.04846318199999988
    },
    "t_user_5": {
        "redirect_time": 0.014072466000000006,
        "pkce_time": 4.976199999995e-05,
        "get_access_token_time": 0.010982534000000044,
        "decode_id_token_time": 0.000237314000000044,
        "complete_login_time": 0.012944352999999964,
        "dispatch_time": 0.044683599000000296
    },
    "t_user_6": {
        "redirect_time": 0.01364384800000007,
        "pkce_time": 4.883100000008e-05,
        "get_access_token_time": 0.010849830000000171,
        "decode_id_token_time": 0.0002317530000000012,
        "complete_login_time": 0.018005327000000015,
        "dispatch_time": 0.04972609199999978
    },
    "t_user_7": {
        "redirect_time": 0.013823534999999998,
        "pkce_time": 4.696799999993e-05,
        "get_access_token_time": 0.011575818999999932,
        "decode_id_token_time": 0.00023616200000020626,
        "complete_login_time": 0.012989332000000076,
        "dispatch_time": 0.04645223800000009
    },
    "t_user_8": {
        "redirect_time": 0.01562639499999996,
        "pkce_time": 4.671700000003e-05,
        "get_access_token_time": 0.011458068000000043,
        "decode_id_token_time": 0.00021021199999982088,
        "complete_login_time": 0.013059946000000267,
        "dispatch_time": 0.05391654800000012
    },
    "t_user_9": {
        "redirect_time": 0.015789637000000023,
        "pkce_time": 4.948299999996e-05,
        "get_access_token_time": 0.011459631999999775,
        "decode_id_token_time": 0.0002652559999996029,
        "complete_login_time": 0.014112088000000078,
        "dispatch_time": 0.04745691700000032
    },
    "t_user_10": {
        "redirect_time": 0.013649991000000083,
        "pkce_time": 4.626699999999e-05,
        "dispatch_time": 0.03201921399999996
    },
    "t_user_11": {
        "redirect_time": 0.013686403999999985,
        "pkce_time": 4.303999999999e-05,
        "get_access_token_time": 0.016188201999999485,
        "decode_id_token_time": 0.00022618299999965785,
        "complete_login_time": 0.013188185999999824,
        "dispatch_time": 0.05066472000000033
    },
    "t_user_12": {
        "redirect_time": 0.013954744000000074,
        "pkce_time": 4.800999999999e-05,
        "get_access_token_time": 0.011707036999999865,
        "decode_id_token_time": 0.0002632119999992355,
        "complete_login_time": 0.013544374000000303,
        "dispatch_time": 0.04714048000000037
    },
    "t_user_13": {
        "redirect_time": 0.013567490000000015,
        "pkce_time": 4.9572e-05,
        "get_access_token_time": 0.011336518999999434,
        "decode_id_token_time": 0.0002015770000003414,
        "complete_login_time": 0.016293818000000293,
        "dispatch_time": 0.04886640799999942
    },
    "t_user_14": {
        "redirect_time": 0.014214525000000089,
        "pkce_time": 5.14359999999e-05,
        "get_access_token_time": 0.011013900999999215,
        "decode_id_token_time": 0.0002384959999996994,
        "complete_login_time": 0.018135061999999813,
        "dispatch_time": 0.050651272000000525
    },
    "t_user_15": {
        "redirect_time": 0.013665142000000019,
        "pkce_time": 5.231800000005e-05,
        "get_access_token_time": 0.012104352000000151,
        "decode_id_token_time": 0.00025577900000017806,
        "complete_login_time": 0.013412640999999947,
        "dispatch_time": 0.05268426299999973
    },
    "t_user_16": {
        "redirect_time": 0.013778799000000008,
        "pkce_time": 4.848099999988e-05,
        "get_access_token_time": 0.011244618000000095,
        "decode_id_token_time": 0.00022953999999941743,
        "complete_login_time": 0.012862512999999964,
        "dispatch_time": 0.0488154999999999
    },
    "t_user_18": {
        "redirect_time": 0.013669400000000165,
        "pkce_time": 5.117599999993e-05,
        "get_access_token_time": 0.011502557999999663,
        "decode_id_token_time": 0.00021884899999990992,
        "complete_login_time": 0.01771032299999975,
        "dispatch_time": 0.05043146399999987
    },
    "t_user_17": {
        "redirect_time": 0.013738881000000092,
        "pkce_time": 4.759799999987e-05,
        "get_access_token_time": 0.012540892000000525,
        "decode_id_token_time": 0.00019977400000037449,
        "complete_login_time": 0.013684587000000192,
        "dispatch_time": 0.05159454100000005
    },
    "t_user_20": {
        "redirect_time": 0.013721454999999994,
        "pkce_time": 5.116499999991e-05,
        "get_access_token_time": 0.011912702000000053,
        "decode_id_token_time": 0.00023088200000032089,
        "complete_login_time": 0.013483564999999587,
        "dispatch_time": 0.04741466900000013
    },
    "t_user_21": {
        "redirect_time": 0.013857103999999953,
        "pkce_time": 5.106599999993e-05,
        "get_access_token_time": 0.012065688999999935,
        "decode_id_token_time": 0.00022169500000046582,
        "complete_login_time": 0.01811892699999973,
        "dispatch_time": 0.052008177000000266
    },
    "t_user_22": {
        "redirect_time": 0.013704253,
        "pkce_time": 5.198800000006e-05,
        "get_access_token_time": 0.011127176999999655,
        "decode_id_token_time": 0.0001993730000000582,
        "complete_login_time": 0.012786562000000501,
        "dispatch_time": 0.045765915999999685
    },
    "t_user_19": {
        "redirect_time": 0.01388165099999994,
        "pkce_time": 4.798900000003e-05,
        "get_access_token_time": 0.011653691999999438,
        "decode_id_token_time": 0.00023168299999998254,
        "complete_login_time": 0.012762474999999718,
        "dispatch_time": 0.04994544099999931
    },
    "t_user_23": {
        "redirect_time": 0.013637544000000057,
        "pkce_time": 4.253999999992e-05,
        "get_access_token_time": 0.011512644999999821,
        "decode_id_token_time": 0.00023954800000058896,
        "complete_login_time": 0.012940023000000522,
        "dispatch_time": 0.04585736499999982
    },
    "t_user_24": {
        "redirect_time": 0.013721262999999873,
        "pkce_time": 4.820000000016e-05,
        "get_access_token_time": 0.01128923400000037,
        "decode_id_token_time": 0.00021629400000033883,
        "complete_login_time": 0.013076181999999825,
        "dispatch_time": 0.046023656000000024
    },
    "t_user_25": {
        "redirect_time": 0.012998485000000004,
        "pkce_time": 4.672699999997e-05,
        "get_access_token_time": 0.011353822000000235,
        "decode_id_token_time": 0.00023298599999943548,
        "complete_login_time": 0.01341797999999983,
        "dispatch_time": 0.061641501999999626
    },
    "t_user_26": {
        "redirect_time": 0.015894451999999948,
        "pkce_time": 6.232699999997e-05,