{
    "t_user_1": {
        "redirect_time": 0.01328783499999997,
        "pkce_time": 4.317099999995e-05,
        "get_access_token_time": 0.010977893999999822,
        "decode_id_token_time": 0.00022189400000005577,
        "complete_login_time": 0.017664671999999992,
        "dispatch_time": 0.04965160899999965
    },
    "t_user_2": {
        "redirect_time": 0.013218072000000025,
        "pkce_time": 5.236800000002e-05,
        "get_access_token_time": 0.011215015000000328,
        "decode_id_token_time": 0.00025065900000065255,
        "complete_login_time": 0.01455778700000021,
        "dispatch_time": 0.052428791999999724
    },
    "t_user_3": {
        "redirect_time": 0.012929213999999911,
        "pkce_time": 4.260899999997e-05,
        "get_access_token_time": 0.011048225000000134,
        "decode_id_token_time": 0.0002063270000003392,
        "complete_login_time": 0.01306454800000001,
        "dispatch_time": 0.04885190000000028
    },
    "t_user_4": {
        "redirect_time": 0.013070483000000022,
        "pkce_time": 4.515400000005e-05,
        "get_access_token_time": 0.011409460000000315,
        "decode_id_token_time": 0.0006586719999996937,
        "complete_login_time": 0.013682688999999915,
        "dispatch_time": 0.05456312299999988
    },
    "t_user_5": {
        "redirect_time": 0.013601671999999954,
        "pkce_time": 5.323999999995e-05,
        "get_access_token_time": 0.011667309999999986,
        "decode_id_token_time": 0.0002280269999994644,
        "complete_login_time": 0.014183186000000347,
        "dispatch_time": 0.04969948400000046
    },
    "t_user_6": {
        "redirect_time": 0.01637235299999995,
        "pkce_time": 6.649400000003e-05,
        "get_access_token_time": 0.011452674000000052,
        "decode_id_token_time": 0.00027235899999977775,
        "complete_login_time": 0.014744643999999862,
        "dispatch_time": 0.04807363099999984
    },
    "t_user_7": {
        "redirect_time": 0.01510508399999999,
        "pkce_time": 6.369900000003e-05,
        "get_access_token_time": 0.011701927999999917,
        "decode_id_token_time": 0.0002208330000001979,
        "complete_login_time": 0.01616486699999964,
        "dispatch_time": 0.04932435900000076
    },
    "t_user_8": {
        "redirect_time": 0.0154753809999999,
        "pkce_time": 4.406199999996e-05,
        "get_access_token_time": 0.015684811999999937,
        "decode_id_token_time": 0.00022980999999999696,
        "complete_login_time": 0.012935195999999927,
        "dispatch_time": 0.05064431600000008
    },
    "t_user_9": {
        "redirect_time": 0.01372709399999994,
        "pkce_time": 5.145600000001e-05,
        "get_access_token_time": 0.012536656999999618,
        "decode_id_token_time": 0.00023445799999999295,
        "complete_login_time": 0.013419040000000049,
        "dispatch_time": 0.05095246700000011
    },
    "t_user_10": {
        "redirect_time": 0.016548912000000082,
        "pkce_time": 4.994199999997e-05,
        "get_access_token_time": 0.011696390000000001,
        "decode_id_token_time": 0.00021387899999991689,
        "complete_login_time": 0.01347812299999962,
        "dispatch_time": 0.05404776600000005
    },
    "t_user_11": {
        "redirect_time": 0.013812920000000006,
        "pkce_time": 5.685599999994e-05,
        "get_access_token_time": 0.010978435000000175,
        "decode_id_token_time": 0.00023171399999988296,
        "complete_login_time": 0.013568041000000086,
        "dispatch_time": 0.05022154099999954
    },
    "t_user_12": {
        "redirect_time": 0.013661408999999902,
        "pkce_time": 5.044500000007e-05,
        "get_access_token_time": 0.011330634000000117,
        "decode_id_token_time": 0.00022939900000018554,
        "complete_login_time": 0.013572524999999835,
        "dispatch_time": 0.047675056000000104
    },
    "t_user_14": {
        "redirect_time": 0.01310515500000009,
        "pkce_time": 4.699800000019e-05,
        "get_access_token_time": 0.011027636000000118,
        "decode_id_token_time": 0.00023417699999983554,
        "complete_login_time": 0.013031323000000317,
        "dispatch_time": 0.04519446000000027
    },
    "t_user_13": {
        "redirect_time": 0.015917165999999927,
        "pkce_time": 5.538399999994e-05,
        "get_access_token_time": 0.011774020000000718,
        "decode_id_token_time": 0.00019805999999977786,
        "complete_login_time": 0.013043214000000525,
        "dispatch_time": 0.05065960599999997
    },
    "t_user_15": {
        "redirect_time": 0.01390565499999985,
        "pkce_time": 4.895099999991e-05,
        "get_access_token_time": 0.010739256000000363,
        "decode_id_token_time": 0.00022888499999984546,
        "complete_login_time": 0.013048318000000059,
        "dispatch_time": 0.044632672000000095
    },
    "t_user_16": {
        "redirect_time": 0.01356717400000007,
        "pkce_time": 4.951200000014e-05,
        "get_access_token_time": 0.011750310000000042,
        "decode_id_token_time": 0.00021611399999965641,
        "complete_login_time": 0.013126727000000393,
        "dispatch_time": 0.046324698000000275
    },
    "t_user_17": {
        "redirect_time": 0.014131799000000056,
        "pkce_time": 5.177699999992e-05,
        "get_access_token_time": 0.0109534990000002,
        "decode_id_token_time": 0.00022028199999990505,
        "complete_login_time": 0.013135744999999588,
        "dispatch_time": 0.05567354899999977
    },
    "t_user_18": {
        "redirect_time": 0.013594375999999908,
        "pkce_time": 4.999400000005e-05,
        "get_access_token_time": 0.011784645999999732,
        "decode_id_token_time": 0.00023517999999977945,
        "complete_login_time": 0.013733921000000038,
        "dispatch_time": 0.051974894999999854
    },
    "t_user_19": {
        "redirect_time": 0.013751891999999932,
        "pkce_time": 4.913299999987e-05,
        "get_access_token_time": 0.011354050999999643,
        "decode_id_token_time": 0.00028480299999955605,
        "complete_login_time": 0.014258661999999589,
        "dispatch_time": 0.053018725000000266
    },
    "t_user_20": {
        "redirect_time": 0.013287473999999966,
        "pkce_time": 5.139599999993e-05,
        "get_access_token_time": 0.011376433999999769,
        "decode_id_token_time": 0.0002222060000001136,
        "complete_login_time": 0.012884890000000482,
        "dispatch_time": 0.045952866999999564
    },
    "t_user_21": {
        "redirect_time": 0.013500541000000199,
        "pkce_time": 4.969300000002e-05,
        "get_access_token_time": 0.011341628999999465,
        "decode_id_token_time": 0.00032145099999958404,
        "complete_login_time": 0.013974302000000272,
        "dispatch_time": 0.049873145000000285
    },
    "t_user_22": {
        "redirect_time": 0.01411556199999997,
        "pkce_time": 5.3109e-05,
        "get_access_token_time": 0.011729938999999412,
        "decode_id_token_time": 0.00021498300000022397,
        "complete_login_time": 0.013091231999999842,
        "dispatch_time": 0.051918505000000614
    },
    "t_user_23": {
        "redirect_time": 0.016615473000000103,
        "pkce_time": 5.420200000006e-05,
        "get_access_token_time": 0.011490188999999873,
        "decode_id_token_time": 0.00023469899999994936,
        "complete_login_time": 0.013275627999999706,
        "dispatch_time": 0.04701354899999988
    },
    "t_user_24": {
        "redirect_time": 0.013634187000000075,
        "pkce_time": 4.4924e-05,
        "get_access_token_time": 0.011391213000000455,
        "decode_id_token_time": 0.00021653499999985115,
        "complete_login_time": 0.016116176000000593,
        "dispatch_time": 0.05020750100000004
    },
    "t_user_25": {
        "redirect_time": 0.013292034999999869,
        "pkce_time": 5.070399999996e-05,
        "get_access_token_time": 0.011561388000000505,
        "decode_id_token_time": 0.00019947299999945045,
        "complete_login_time": 0.012977958000000456,