{
    "t_user_1": {
        "redirect_time": 0.012997009999999976,
        "pkce_time": 3.788100000002e-05,
        "get_access_token_time": 0.011111050999999428,
        "decode_id_token_time": 0.00020627500000003351,
        "complete_login_time": 0.012721437999999807,
        "dispatch_time": 0.04538111599999972
    },
    "t_user_2": {
        "redirect_time": 0.012869671999999999,
        "pkce_time": 4.105700000001e-05,
        "get_access_token_time": 0.01136104299999996,
        "decode_id_token_time": 0.0002366229999997138,
        "complete_login_time": 0.014141885999999992,
        "dispatch_time": 0.051652562000000124
    },
    "t_user_3": {
        "redirect_time": 0.01254192799999998,
        "pkce_time": 3.668800000001e-05,
        "get_access_token_time": 0.011685340000000544,
        "decode_id_token_time": 0.0001933109999994187,
        "complete_login_time": 0.013059776999999606,
        "dispatch_time": 0.05157694700000004
    },
    "t_user_4": {
        "redirect_time": 0.013204573999999969,
        "pkce_time": 4.725900000002e-05,
        "get_access_token_time": 0.010638791999999953,
        "decode_id_token_time": 0.00020077499999970883,
        "complete_login_time": 0.012338813000000393,
        "dispatch_time": 0.0444711670000002
    },
    "t_user_5": {
        "redirect_time": 0.013671567999999912,
        "pkce_time": 5.039400000006e-05,
        "get_access_token_time": 0.011109789000000703,
        "decode_id_token_time": 0.00021258800000012457,
        "complete_login_time": 0.013332844000000676,
        "dispatch_time": 0.047810497000000396
    },
    "t_user_6": {
        "redirect_time": 0.018173271999999963,
        "pkce_time": 4.427299999998e-05,
        "get_access_token_time": 0.010604837999999894,
        "decode_id_token_time": 0.00019428300000079446,
        "complete_login_time": 0.012410132000000296,
        "dispatch_time": 0.04401680500000005
    },
    "t_user_7": {
        "redirect_time": 0.012854688000000003,
        "pkce_time": 3.759000000003e-05,
        "get_access_token_time": 0.010650055000000158,
        "decode_id_token_time": 0.00017710100000023488,
        "complete_login_time": 0.012181942000000667,
        "dispatch_time": 0.04331156800000002
    },
    "t_user_8": {
        "redirect_time": 0.014490940000000063,
        "pkce_time": 4.034600000002e-05,
        "get_access_token_time": 0.011774572000000205,
        "decode_id_token_time": 0.00018106899999992265,
        "complete_login_time": 0.014965775000000292,
        "dispatch_time": 0.04771023000000074
    },
    "t_user_9": {
        "redirect_time": 0.013140837000000016,
        "pkce_time": 3.680900000003e-05,
        "get_access_token_time": 0.01167460500000006,
        "decode_id_token_time": 0.00022028200000034914,
        "complete_login_time": 0.013866994999999882,
        "dispatch_time": 0.046716143000000265
    },
    "t_user_10": {
        "redirect_time": 0.013607020000000025,
        "pkce_time": 4.032499999995e-05,
        "get_access_token_time": 0.011090864999999894,
        "decode_id_token_time": 0.0002059960000000416,
        "complete_login_time": 0.01310192400000032,
        "dispatch_time": 0.04578197999999967
    },
    "t_user_11": {
        "redirect_time": 0.014431552999999986,
        "pkce_time": 4.1548e-05,
        "get_access_token_time": 0.011169612999999856,
        "decode_id_token_time": 0.00019502399999993258,
        "complete_login_time": 0.012928827000000087,
        "dispatch_time": 0.04749792399999997
    },
    "t_user_12": {
        "redirect_time": 0.01780559699999995,
        "pkce_time": 5.009300000003e-05,
        "get_access_token_time": 0.011170861000000087,
        "decode_id_token_time": 0.00017929500000013476,
        "complete_login_time": 0.012373240000000063,
        "dispatch_time": 0.046782286000000006
    },
    "t_user_13": {
        "redirect_time": 0.01324938100000006,
        "pkce_time": 5.64059999999e-05,
        "get_access_token_time": 0.011394920999999947,
        "decode_id_token_time": 0.0002000739999998835,
        "complete_login_time": 0.01289994499999958,
        "dispatch_time": 0.04835807300000017
    },
    "t_user_14": {
        "redirect_time": 0.015319008999999939,
        "pkce_time": 4.172800000002e-05,
        "get_access_token_time": 0.011723638000000314,
        "decode_id_token_time": 0.000230552000000106,
        "complete_login_time": 0.012759575000000023,
        "dispatch_time": 0.04660100300000014
    },
    "t_user_15": {
        "redirect_time": 0.013411228999999913,
        "pkce_time": 6.198499999988e-05,
        "get_access_token_time": 0.011655440999999822,
        "decode_id_token_time": 0.00022867699999995494,
        "complete_login_time": 0.01354223199999982,
        "dispatch_time": 0.048514626999999866
    },
    "t_user_16": {
        "redirect_time": 0.012766954000000164,
        "pkce_time": 4.413299999984e-05,
        "get_access_token_time": 0.01621242700000014,
        "decode_id_token_time": 0.0002147310000002456,
        "complete_login_time": 0.013042368000000248,
        "dispatch_time": 0.05182245000000041
    },
    "t_user_17": {
        "redirect_time": 0.013548153999999979,
        "pkce_time": 5.021400000005e-05,
        "get_access_token_time": 0.011415141000000073,
        "decode_id_token_time": 0.00026583700000015753,
        "complete_login_time": 0.014085949000000042,
        "dispatch_time": 0.0481971790000002
    },
    "t_user_18": {
        "redirect_time": 0.013702424000000102,
        "pkce_time": 5.097600000004e-05,
        "get_access_token_time": 0.01136528999999964,
        "decode_id_token_time": 0.0006992060000001743,
        "complete_login_time": 0.014657279000000134,
        "dispatch_time": 0.0561045710000001
    },
    "t_user_19": {
        "redirect_time": 0.013214775000000012,
        "pkce_time": 4.886200000009e-05,
        "get_access_token_time": 0.011966015000000052,
        "decode_id_token_time": 0.00022439899999993074,
        "complete_login_time": 0.01331013900000011,
        "dispatch_time": 0.05320632699999983
    },
    "t_user_20": {
        "redirect_time": 0.014214420000000061,
        "pkce_time": 5.190700000002e-05,
        "get_access_token_time": 0.011831064999999974,
        "decode_id_token_time": 0.0002149619999998187,
        "complete_login_time": 0.012957995999999916,
        "dispatch_time": 0.049339162000000325
    },
    "t_user_21": {
        "redirect_time": 0.016737784000000033,
        "pkce_time": 5.208700000003e-05,
        "get_access_token_time": 0.011379100000000086,
        "decode_id_token_time": 0.00022656300000001295,
        "complete_login_time": 0.013883186000000158,
        "dispatch_time": 0.04746572399999982
    },
    "t_user_22": {
        "redirect_time": 0.014819399999999927,
        "pkce_time": 5.187699999998e-05,
        "get_access_token_time": 0.011525264999999951,
        "decode_id_token_time": 0.0002072680000000382,
        "complete_login_time": 0.019029546000000064,
        "dispatch_time": 0.052228592000000074
    },
    "t_user_23": {
        "redirect_time": 0.01691852199999988,
        "pkce_time": 4.994399999991e-05,
        "get_access_token_time": 0.011171163000000206,
        "decode_id_token_time": 0.0002075580000000521,
        "complete_login_time": 0.013192514999999627,
        "dispatch_time": 0.046189469000000205
    },
    "t_user_24": {
        "redirect_time": 0.013109381000000031,
        "pkce_time": 3.636799999995e-05,
        "get_access_token_time": 0.011177975000000284,
        "decode_id_token_time": 0.00021742599999985401,
        "complete_login_time": 0.01307885899999972,
        "dispatch_time": 0.046582815999999916
    },
    "t_user_25": {
        "redirect_time": 0.01516093400000007,
        "pkce_time": 5.09660000001e-05,
        "get_access_token_time": 0.01655581599999989,
        "decode_id_token_time": 0.00022046100000006064,
        "complete_login_time": 0.013232102999999995,