{
    "t_user_1": {
        "redirect_time": 0.012932821000000039,
        "pkce_time": 4.024599999997e-05,
        "get_access_token_time": 0.013043007000000273,
        "decode_id_token_time": 0.0001786539999999448,
        "complete_login_time": 0.012868928000000501,
        "dispatch_time": 0.04774636000000054
    },
    "t_user_2": {
        "redirect_time": 0.013114554999999972,
        "pkce_time": 4.628600000001e-05,
        "get_access_token_time": 0.011043648000000239,
        "decode_id_token_time": 0.000206616999999909,
        "complete_login_time": 0.013480647999999817,
        "dispatch_time": 0.04952444700000003
    },
    "t_user_3": {
        "redirect_time": 0.013288089000000003,
        "pkce_time": 4.699800000008e-05,
        "get_access_token_time": 0.01202505300000034,
        "decode_id_token_time": 0.00021315900000029586,
        "complete_login_time": 0.013074072000000214,
        "dispatch_time": 0.04983899200000019
    },
    "t_user_4": {
        "redirect_time": 0.013535056000000045,
        "pkce_time": 4.7028e-05,
        "get_access_token_time": 0.012401071000000208,
        "decode_id_token_time": 0.0006602840000002885,
        "complete_login_time": 0.014725148000000132,
        "dispatch_time": 0.05581186800000015
    },
    "t_user_5": {
        "redirect_time": 0.013950090000000026,
        "pkce_time": 5.545299999998e-05,
        "get_access_token_time": 0.011143254000000269,
        "decode_id_token_time": 0.0002009159999998289,
        "complete_login_time": 0.012545275999999994,
        "dispatch_time": 0.0456343480000001
    },
    "t_user_6": {
        "redirect_time": 0.014130726999999954,
        "pkce_time": 4.969300000002e-05,
        "get_access_token_time": 0.011655055999999941,
        "decode_id_token_time": 0.0001923389999998193,
        "complete_login_time": 0.012851101999999948,
        "dispatch_time": 0.047223794999999846
    },
    "t_user_7": {
        "redirect_time": 0.013782178000000034,
        "pkce_time": 4.783900000005e-05,
        "get_access_token_time": 0.012959077000000097,
        "decode_id_token_time": 0.00021291699999981262,
        "complete_login_time": 0.013370848000000102,
        "dispatch_time": 0.052559957999999796
    },
    "t_user_8": {
        "redirect_time": 0.01800038599999998,
        "pkce_time": 4.9242e-05,
        "get_access_token_time": 0.011957576999999997,
        "decode_id_token_time": 0.00019747900000011143,
        "complete_login_time": 0.01280581699999983,
        "dispatch_time": 0.047815916999999875
    },
    "t_user_9": {
        "redirect_time": 0.015620971000000039,
        "pkce_time": 4.865100000007e-05,
        "get_access_token_time": 0.011239239000000012,
        "decode_id_token_time": 0.00022769499999997223,
        "complete_login_time": 0.013506426999999821,
        "dispatch_time": 0.04796317399999994
    },
    "t_user_10": {
        "redirect_time": 0.01361130399999999,
        "pkce_time": 4.261900000002e-05,
        "get_access_token_time": 0.011778645000000143,
        "decode_id_token_time": 0.0002510490000000587,
        "complete_login_time": 0.013959433000000132,
        "dispatch_time": 0.051641175999999955
    },
    "t_user_11": {
        "redirect_time": 0.015212113000000027,
        "pkce_time": 4.9352e-05,
        "get_access_token_time": 0.01261880900000012,
        "decode_id_token_time": 0.00023344600000019256,
        "complete_login_time": 0.013924933999999833,
        "dispatch_time": 0.056420939000000114
    },
    "t_user_12": {
        "redirect_time": 0.0181986489999999,
        "pkce_time": 4.713900000008e-05,
        "get_access_token_time": 0.013324176999999882,
        "decode_id_token_time": 0.0002109940000001309,
        "complete_login_time": 0.014277870999999998,
        "dispatch_time": 0.05073117799999993
    },
    "t_user_14": {
        "redirect_time": 0.01368836700000009,
        "pkce_time": 4.924100000014e-05,
        "get_access_token_time": 0.012280035999999939,
        "decode_id_token_time": 0.0002247899999998637,
        "complete_login_time": 0.014174204000000135,
        "dispatch_time": 0.055476645999999796
    },
    "t_user_13": {
        "redirect_time": 0.016494016,
        "pkce_time": 4.703799999994e-05,
        "get_access_token_time": 0.011560901999999817,
        "decode_id_token_time": 0.00024344500000017533,
        "complete_login_time": 0.01327886300000003,
        "dispatch_time": 0.04714541899999958
    },
    "t_user_15": {
        "redirect_time": 0.013793334000000046,
        "pkce_time": 3.987500000013e-05,
        "get_access_token_time": 0.01339543600000015,
        "decode_id_token_time": 0.00023534000000013933,
        "complete_login_time": 0.014120936999999945,
        "dispatch_time": 0.05044655500000017
    },
    "t_user_16": {
        "redirect_time": 0.013287199000000083,
        "pkce_time": 5.425099999989e-05,
        "get_access_token_time": 0.01124749600000019,
        "decode_id_token_time": 0.0002184989999998166,
        "complete_login_time": 0.01517601000000024,
        "dispatch_time": 0.04962811299999981
    },
    "t_user_17": {
        "redirect_time": 0.012690144999999875,
        "pkce_time": 3.961400000008e-05,
        "get_access_token_time": 0.011603831999999592,
        "decode_id_token_time": 0.00020467299999982203,
        "complete_login_time": 0.018040534999999913,
        "dispatch_time": 0.05168200399999989
    },
    "t_user_18": {
        "redirect_time": 0.014620675999999833,
        "pkce_time": 4.931200000002e-05,
        "get_access_token_time": 0.01153231099999985,
        "decode_id_token_time": 0.00021490200000018334,
        "complete_login_time": 0.017646059999999686,
        "dispatch_time": 0.051553324000000345
    },
    "t_user_19": {
        "redirect_time": 0.01505864400000001,
        "pkce_time": 5.545399999995e-05,
        "get_access_token_time": 0.011622028999999756,
        "decode_id_token_time": 0.0002250020000000852,
        "complete_login_time": 0.013574585000000194,
        "dispatch_time": 0.048235619000000174
    },
    "t_user_20": {
        "redirect_time": 0.012992791000000059,
        "pkce_time": 4.1819e-05,
        "get_access_token_time": 0.011816232999999787,
        "decode_id_token_time": 0.00022207499999993274,
        "complete_login_time": 0.013512281000000126,
        "dispatch_time": 0.05189755500000004
    },
    "t_user_21": {
        "redirect_time": 0.01466039100000005,
        "pkce_time": 3.989500000001e-05,
        "get_access_token_time": 0.011962104999999834,
        "decode_id_token_time": 0.00020670700000025022,
        "complete_login_time": 0.013799065999999804,
        "dispatch_time": 0.049523505000000245
    },
    "t_user_22": {
        "redirect_time": 0.014207587999999882,
        "pkce_time": 3.893299999991e-05,
        "get_access_token_time": 0.011367797999999762,
        "decode_id_token_time": 0.00020159699999977576,
        "complete_login_time": 0.012765778999999977,
        "dispatch_time": 0.045606257999999844
    },
    "t_user_23": {
        "redirect_time": 0.016786089000000004,
        "pkce_time": 4.711899999998e-05,
        "get_access_token_time": 0.011495390999999966,
        "decode_id_token_time": 0.00020699699999982002,
        "complete_login_time": 0.013252083000000248,
        "dispatch_time": 0.04715810799999964
    },
    "t_user_25": {
        "redirect_time": 0.013551676999999929,
        "pkce_time": 3.961400000008e-05,
        "get_access_token_time": 0.01187929100000007,
        "decode_id_token_time": 0.0002333359999999729,
        "complete_login_time": 0.017029339000000032,
        "dispatch_time": 0.05157416200000009
    },
    "t_user_24": {
        "redirect_time": 0.012729755999999925,
        "pkce_time": 4.026499999998e-05,
        "get_access_token_time": 0.01118328399999946,
        "decode_id_token_time": 0.00024945600000059187,
        "complete_login_time": 0.013829607999999993,