{
    "t_user_1": {
        "redirect_time": 0.013821493000000018,
        "pkce_time": 4.711799999996e-05,
        "get_access_token_time": 0.011952874000000113,
        "decode_id_token_time": 0.00023366799999990917,
        "complete_login_time": 0.013883257999999898,
        "dispatch_time": 0.049192976000000055
    },
    "t_user_2": {
        "redirect_time": 0.013988259000000003,
        "pkce_time": 5.003400000003e-05,
        "get_access_token_time": 0.013095347000000146,
        "decode_id_token_time": 0.0007356259999999892,
        "complete_login_time": 0.014434298999999928,
        "dispatch_time": 0.055587608999999816
    },
    "t_user_3": {
        "redirect_time": 0.014082454999999938,
        "pkce_time": 5.301999999996e-05,
        "get_access_token_time": 0.011231169999999846,
        "decode_id_token_time": 0.00022300700000021934,
        "complete_login_time": 0.013424396000000005,
        "dispatch_time": 0.05012321900000005
    },
    "t_user_4": {
        "redirect_time": 0.014878383999999967,
        "pkce_time": 5.54439999999e-05,
        "get_access_token_time": 0.011380942000000172,
        "decode_id_token_time": 0.00020119599999990356,
        "complete_login_time": 0.017262595000000047,
        "dispatch_time": 0.04967331500000016
    },
    "t_user_5": {
        "redirect_time": 0.013783188000000002,
        "pkce_time": 4.373099999999e-05,
        "get_access_token_time": 0.012629528000000168,
        "decode_id_token_time": 0.00021315800000021312,
        "complete_login_time": 0.017830656999999972,
        "dispatch_time": 0.053858340000000116
    },
    "t_user_6": {
        "redirect_time": 0.013546128999999962,
        "pkce_time": 4.078500000004e-05,
        "get_access_token_time": 0.01077727599999978,
        "decode_id_token_time": 0.00019594599999983586,
        "complete_login_time": 0.013228300000000193,
        "dispatch_time": 0.044985111999999994
    },
    "t_user_7": {
        "redirect_time": 0.013575765999999989,
        "pkce_time": 4.663800000004e-05,
        "get_access_token_time": 0.011988375000000051,
        "decode_id_token_time": 0.00020880100000031376,
        "complete_login_time": 0.014163217999999755,
        "dispatch_time": 0.049348528999999974
    },
    "t_user_8": {
        "redirect_time": 0.013629881999999927,
        "pkce_time": 4.818000000006e-05,
        "get_access_token_time": 0.010967928000000349,
        "decode_id_token_time": 0.00023735499999988363,
        "complete_login_time": 0.013201435000000039,
        "dispatch_time": 0.050965215000000175
    },
    "t_user_9": {
        "redirect_time": 0.013581433000000032,
        "pkce_time": 3.591799999991e-05,
        "get_access_token_time": 0.011512615999999642,
        "decode_id_token_time": 0.0002168949999998837,
        "complete_login_time": 0.014635046999999624,
        "dispatch_time": 0.055236335000000025
    },
    "t_user_10": {
        "redirect_time": 0.013718428999999976,
        "pkce_time": 4.124599999999e-05,
        "get_access_token_time": 0.011904853999999965,
        "decode_id_token_time": 0.0002121760000002304,
        "complete_login_time": 0.013216949999999894,
        "dispatch_time": 0.04797135299999988
    },
    "t_user_11": {
        "redirect_time": 0.013337280999999979,
        "pkce_time": 4.945300000003e-05,
        "get_access_token_time": 0.015880956000000168,
        "decode_id_token_time": 0.0001956660000002053,
        "complete_login_time": 0.01309496500000007,
        "dispatch_time": 0.05037533399999994
    },
    "t_user_12": {
        "redirect_time": 0.013144282000000063,
        "pkce_time": 4.600600000004e-05,
        "get_access_token_time": 0.011050146000000094,
        "decode_id_token_time": 0.0002293999999998242,
        "complete_login_time": 0.015151574000000334,
        "dispatch_time": 0.047735354999999924
    },
    "t_user_13": {
        "redirect_time": 0.013615863000000061,
        "pkce_time": 3.611800000014e-05,
        "get_access_token_time": 0.011612624000000071,
        "decode_id_token_time": 0.00023004999999987064,
        "complete_login_time": 0.013676531999999852,
        "dispatch_time": 0.05444557999999988
    },
    "t_user_14": {
        "redirect_time": 0.013413340999999912,
        "pkce_time": 4.287000000014e-05,
        "get_access_token_time": 0.011692654000000413,
        "decode_id_token_time": 0.00024015900000007306,
        "complete_login_time": 0.01315095200000016,
        "dispatch_time": 0.047052450000000245
    },
    "t_user_15": {
        "redirect_time": 0.015524644000000087,
        "pkce_time": 4.899199999997e-05,
        "get_access_token_time": 0.011748235999999856,
        "decode_id_token_time": 0.00020620500000001485,
        "complete_login_time": 0.013272586000000253,
        "dispatch_time": 0.04757560800000027
    },
    "t_user_16": {
        "redirect_time": 0.01529606299999986,
        "pkce_time": 5.6214e-05,
        "get_access_token_time": 0.013670027999999945,
        "decode_id_token_time": 0.00019163900000007672,
        "complete_login_time": 0.01338150700000007,
        "dispatch_time": 0.054267541999999835
    },
    "t_user_18": {
        "redirect_time": 0.01492219699999997,
        "pkce_time": 4.568599999999e-05,
        "get_access_token_time": 0.013235261999999803,
        "decode_id_token_time": 0.0002183580000001406,
        "complete_login_time": 0.013050701000000053,
        "dispatch_time": 0.048161362999999735
    },
    "t_user_19": {
        "redirect_time": 0.015236473999999944,
        "pkce_time": 4.446300000005e-05,
        "get_access_token_time": 0.010970450000000298,
        "decode_id_token_time": 0.0002048120000002207,
        "complete_login_time": 0.012975700000000145,
        "dispatch_time": 0.04512228400000007
    },
    "t_user_20": {
        "redirect_time": 0.013547999000000033,
        "pkce_time": 4.697799999986e-05,
        "get_access_token_time": 0.011279763999999748,
        "decode_id_token_time": 0.00021161499999999833,
        "complete_login_time": 0.013098142999999673,
        "dispatch_time": 0.04691333600000025
    },
    "t_user_21": {
        "redirect_time": 0.013112042999999796,
        "pkce_time": 3.954399999984e-05,
        "get_access_token_time": 0.011694351000000047,
        "decode_id_token_time": 0.0001705680000001486,
        "complete_login_time": 0.012593840000000078,
        "dispatch_time": 0.049459896000000114
    },
    "t_user_22": {
        "redirect_time": 0.014669465999999964,
        "pkce_time": 4.345099999981e-05,
        "get_access_token_time": 0.011127432000000326,
        "decode_id_token_time": 0.00019554500000040775,
        "complete_login_time": 0.01357916899999978,
        "dispatch_time": 0.046421971000000006
    },
    "t_user_23": {
        "redirect_time": 0.013319599999999987,
        "pkce_time": 3.703899999996e-05,
        "get_access_token_time": 0.012881361999999896,
        "decode_id_token_time": 0.00020557500000029094,
        "complete_login_time": 0.01315654399999966,
        "dispatch_time": 0.047087643000000234
    },
    "t_user_24": {
        "redirect_time": 0.01358531399999996,
        "pkce_time": 4.819999999994e-05,
        "get_access_token_time": 0.011696431000000285,
        "decode_id_token_time": 0.00021718599999998034,
        "complete_login_time": 0.01322352899999979,
        "dispatch_time": 0.046373857999999935
    },
    "t_user_25": {
        "redirect_time": 0.013167928999999967,
        "pkce_time": 5.073500000008e-05,
        "get_access_token_time": 0.011367874000000278,
        "decode_id_token_time": 0.0001835740000002417,
        "complete_login_time": 0.01621972699999974,
        "dispatch_time": 0.049669890000000105
    },
    "t_user_26": {
        "redirect_time": 0.016077847000000034,
        "pkce_time": 4.868100000022e-05,
        "get_access_token_time": 0.012477486000000315,
        "decode_id_token_time": 0.0002114350000002041,