{
    "t_user_1": {
        "redirect_time": 0.012615497000000031,
        "pkce_time": 4.087699999999e-05,
        "get_access_token_time": 0.010935393999999654,
        "decode_id_token_time": 0.00017739100000024877,
        "complete_login_time": 0.011706814000000065,
        "dispatch_time": 0.0441350749999998
    },
    "t_user_2": {
        "redirect_time": 0.013147216999999989,
        "pkce_time": 4.1187e-05,
        "get_access_token_time": 0.010926384999999428,
        "decode_id_token_time": 0.00019544500000012732,
        "complete_login_time": 0.012835903000000037,
        "dispatch_time": 0.04801030800000028
    },
    "t_user_3": {
        "redirect_time": 0.013426559999999976,
        "pkce_time": 5.2147e-05,
        "get_access_token_time": 0.010482987999999693,
        "decode_id_token_time": 0.00020915100000085118,
        "complete_login_time": 0.012729443000000451,
        "dispatch_time": 0.04376472299999978
    },
    "t_user_4": {
        "redirect_time": 0.01422645999999994,
        "pkce_time": 6.142499999995e-05,
        "get_access_token_time": 0.010838351000000301,
        "decode_id_token_time": 0.00018880300000034822,
        "complete_login_time": 0.015248104999999512,
        "dispatch_time": 0.04681951999999967
    },
    "t_user_5": {
        "redirect_time": 0.014076395999999991,
        "pkce_time": 5.2469e-05,
        "get_access_token_time": 0.012098094999999809,
        "decode_id_token_time": 0.00019587500000017855,
        "complete_login_time": 0.012475701000000061,
        "dispatch_time": 0.047131611000000184
    },
    "t_user_6": {
        "redirect_time": 0.01355979499999993,
        "pkce_time": 5.238800000007e-05,
        "get_access_token_time": 0.011124633999999745,
        "decode_id_token_time": 0.0002077680000001081,
        "complete_login_time": 0.013072631000000001,
        "dispatch_time": 0.04571984000000029
    },
    "t_user_7": {
        "redirect_time": 0.01377034900000007,
        "pkce_time": 4.968299999997e-05,
        "get_access_token_time": 0.012113585999999898,
        "decode_id_token_time": 0.00019360300000048625,
        "complete_login_time": 0.012591386000000426,
        "dispatch_time": 0.04551399500000031
    },
    "t_user_8": {
        "redirect_time": 0.016607653,
        "pkce_time": 4.706799999998e-05,
        "get_access_token_time": 0.01079092699999995,
        "decode_id_token_time": 0.00021490299999982199,
        "complete_login_time": 0.013337012000000037,
        "dispatch_time": 0.052227445999999844
    },
    "t_user_9": {
        "redirect_time": 0.013123506000000007,
        "pkce_time": 3.9503e-05,
        "get_access_token_time": 0.01016963000000004,
        "decode_id_token_time": 0.0001851760000004532,
        "complete_login_time": 0.011620835999999635,
        "dispatch_time": 0.042048338999999935
    },
    "t_user_10": {
        "redirect_time": 0.013629458000000039,
        "pkce_time": 4.259899999992e-05,
        "get_access_token_time": 0.011168258999999736,
        "decode_id_token_time": 0.0001961569999999746,
        "complete_login_time": 0.012780204999999878,
        "dispatch_time": 0.08458407899999987
    },
    "t_user_11": {
        "redirect_time": 0.014245459999999932,
        "pkce_time": 4.457300000005e-05,
        "get_access_token_time": 0.011035620999999995,
        "decode_id_token_time": 0.0002541849999997403,
        "complete_login_time": 0.013298048000000229,
        "dispatch_time": 0.046599544000000215
    },
    "t_user_12": {
        "redirect_time": 0.018948212999999825,
        "pkce_time": 4.574700000015e-05,
        "get_access_token_time": 0.011083587999999978,
        "decode_id_token_time": 0.000249886000000199,
        "complete_login_time": 0.01414561499999989,
        "dispatch_time": 0.04632373099999976
    },
    "t_user_14": {
        "redirect_time": 0.013892330000000008,
        "pkce_time": 4.762000000014e-05,
        "get_access_token_time": 0.013285113999999876,
        "decode_id_token_time": 0.0002226050000002644,
        "complete_login_time": 0.013628252999999813,
        "dispatch_time": 0.04935459000000009
    },
    "t_user_13": {
        "redirect_time": 0.013824009999999998,
        "pkce_time": 4.623599999998e-05,
        "get_access_token_time": 0.011049686999999864,
        "decode_id_token_time": 0.00022195499999977386,
        "complete_login_time": 0.013519645000000136,
        "dispatch_time": 0.04945769000000011
    },
    "t_user_15": {
        "redirect_time": 0.013434500000000016,
        "pkce_time": 4.972300000006e-05,
        "get_access_token_time": 0.011459525999999887,
        "decode_id_token_time": 0.0002678820000001636,
        "complete_login_time": 0.014888276999999839,
        "dispatch_time": 0.049547279
    },
    "t_user_16": {
        "redirect_time": 0.012964883999999843,
        "pkce_time": 4.285100000012e-05,
        "get_access_token_time": 0.011369511999999915,
        "decode_id_token_time": 0.0006801209999998115,
        "complete_login_time": 0.013995474000000119,
        "dispatch_time": 0.05269503099999984
    },
    "t_user_17": {
        "redirect_time": 0.013253375999999983,
        "pkce_time": 4.144799999994e-05,
        "get_access_token_time": 0.01166787799999991,
        "decode_id_token_time": 0.00022006100000027118,
        "complete_login_time": 0.01825790900000035,
        "dispatch_time": 0.05294149199999998
    },
    "t_user_18": {
        "redirect_time": 0.014060320999999876,
        "pkce_time": 4.984200000013e-05,
        "get_access_token_time": 0.011998077999999968,
        "decode_id_token_time": 0.00022876699999985206,
        "complete_login_time": 0.014797567000000011,
        "dispatch_time": 0.053916641000000265
    },
    "t_user_19": {
        "redirect_time": 0.013392376999999955,
        "pkce_time": 5.153599999996e-05,
        "get_access_token_time": 0.011024971000000328,
        "decode_id_token_time": 0.00021836900000016257,
        "complete_login_time": 0.012668242000000163,
        "dispatch_time": 0.049553933999999966
    },
    "t_user_20": {
        "redirect_time": 0.01503342299999999,
        "pkce_time": 5.244800000015e-05,
        "get_access_token_time": 0.01639120599999977,
        "decode_id_token_time": 0.0002552979999999039,
        "complete_login_time": 0.013333075999999888,
        "dispatch_time": 0.052501421000000104
    },
    "t_user_21": {
        "redirect_time": 0.013700771999999972,
        "pkce_time": 5.219700000003e-05,
        "get_access_token_time": 0.011404318000000302,
        "decode_id_token_time": 0.00021648499999971094,
        "complete_login_time": 0.014214178000000022,
        "dispatch_time": 0.051442306000000215
    },
    "t_user_22": {
        "redirect_time": 0.015145800999999848,
        "pkce_time": 5.956099999982e-05,
        "get_access_token_time": 0.01133697999999983,
        "decode_id_token_time": 0.00026587699999991443,
        "complete_login_time": 0.017353376999999615,
        "dispatch_time": 0.05195722100000033
    },
    "t_user_23": {
        "redirect_time": 0.013027625000000098,
        "pkce_time": 4.475399999992e-05,
        "get_access_token_time": 0.01177685499999992,
        "decode_id_token_time": 0.0001942130000003317,
        "complete_login_time": 0.01257183400000006,
        "dispatch_time": 0.048699443000000286
    },
    "t_user_24": {
        "redirect_time": 0.013997172000000058,
        "pkce_time": 4.076600000014e-05,
        "get_access_token_time": 0.012107669000000154,
        "decode_id_token_time": 0.0002181480000000846,
        "complete_login_time": 0.013663356999999987,
        "dispatch_time": 0.052137321000000014
    },
    "t_user_25": {
        "redirect_time": 0.01457228899999996,
        "pkce_time": 5.011399999999e-05,
        "get_access_token_time": 0.011694294000000216,
        "decode_id_token_time": 0.00019623599999984975,
        "complete_login_time": 0.012701953000000099,