{
    "t_user_1": {
        "redirect_time": 0.013180381000000019,
        "pkce_time": 4.235899999999e-05,
        "get_access_token_time": 0.012445807000000197,
        "decode_id_token_time": 0.00021571299999978422,
        "complete_login_time": 0.015422479000000155,
        "dispatch_time": 0.05099869400000001
    },
    "t_user_2": {
        "redirect_time": 0.01266107700000002,
        "pkce_time": 3.734e-05,
        "get_access_token_time": 0.011297656999999628,
        "decode_id_token_time": 0.00028988099999960326,
        "complete_login_time": 0.014837892000000075,
        "dispatch_time": 0.04912278900000011
    },
    "t_user_3": {
        "redirect_time": 0.013426382000000014,
        "pkce_time": 5.4361e-05,
        "get_access_token_time": 0.01197175099999992,
        "decode_id_token_time": 0.0002469309999999503,
        "complete_login_time": 0.013231232999999953,
        "dispatch_time": 0.04657831000000012
    },
    "t_user_4": {
        "redirect_time": 0.013768904999999942,
        "pkce_time": 5.098599999998e-05,
        "get_access_token_time": 0.01155971900000008,
        "decode_id_token_time": 0.0002562699999999474,
        "complete_login_time": 0.013781219999999816,
        "dispatch_time": 0.05627502299999998
    },
    "t_user_5": {
        "redirect_time": 0.013437055000000031,
        "pkce_time": 4.848999999996e-05,
        "get_access_token_time": 0.011760118999999847,
        "decode_id_token_time": 0.0007943850000002861,
        "complete_login_time": 0.015684194999999956,
        "dispatch_time": 0.05568749499999992
    },
    "t_user_6": {
        "redirect_time": 0.014004232000000005,
        "pkce_time": 4.600700000001e-05,
        "get_access_token_time": 0.011063243000000167,
        "decode_id_token_time": 0.00023266399999988252,
        "complete_login_time": 0.01327703499999977,
        "dispatch_time": 0.045785833000000054
    },
    "t_user_7": {
        "redirect_time": 0.013403945000000084,
        "pkce_time": 5.683600000006e-05,
        "get_access_token_time": 0.01148033599999998,
        "decode_id_token_time": 0.00021722600000018133,
        "complete_login_time": 0.013984385999999738,
        "dispatch_time": 0.05287677299999993
    },
    "t_user_8": {
        "redirect_time": 0.015620030999999979,
        "pkce_time": 4.619699999997e-05,
        "get_access_token_time": 0.011976359999999797,
        "decode_id_token_time": 0.00023999900000015728,
        "complete_login_time": 0.014173651999999759,
        "dispatch_time": 0.049260821999999926
    },
    "t_user_9": {
        "redirect_time": 0.01396159600000002,
        "pkce_time": 4.155800000005e-05,
        "get_access_token_time": 0.01112179400000013,
        "decode_id_token_time": 0.00021798800000016882,
        "complete_login_time": 0.018576323000000006,
        "dispatch_time": 0.05056648500000005
    },
    "t_user_10": {
        "redirect_time": 0.013577638999999975,
        "pkce_time": 4.13279999999e-05,
        "get_access_token_time": 0.015692837000000015,
        "decode_id_token_time": 0.0002207429999998567,
        "complete_login_time": 0.013024585000000144,
        "dispatch_time": 0.050597552999999795
    },
    "t_user_11": {
        "redirect_time": 0.015241515000000039,
        "pkce_time": 5.154600000001e-05,
        "get_access_token_time": 0.011734532999999825,
        "decode_id_token_time": 0.0002305919999998629,
        "complete_login_time": 0.013223763999999694,
        "dispatch_time": 0.0470708769999999
    },
    "t_user_12": {
        "redirect_time": 0.018273969,
        "pkce_time": 5.413100000018e-05,
        "get_access_token_time": 0.011421467000000352,
        "decode_id_token_time": 0.0002591230000001943,
        "complete_login_time": 0.01316551499999985,
        "dispatch_time": 0.05214189300000038
    },
    "t_user_14": {
        "redirect_time": 0.013605461999999902,
        "pkce_time": 5.109500000011e-05,
        "get_access_token_time": 0.01091232799999986,
        "decode_id_token_time": 0.0002550860000001265,
        "complete_login_time": 0.013757556000000282,
        "dispatch_time": 0.046040493000000016
    },
    "t_user_13": {
        "redirect_time": 0.016732750000000074,
        "pkce_time": 4.956299999992e-05,
        "get_access_token_time": 0.012041262999999969,
        "decode_id_token_time": 0.00023350699999991065,
        "complete_login_time": 0.013241996999999728,
        "dispatch_time": 0.056914044
    },
    "t_user_15": {
        "redirect_time": 0.013827456000000016,
        "pkce_time": 5.114500000003e-05,
        "get_access_token_time": 0.045593833999999944,
        "decode_id_token_time": 0.00025557799999997854,
        "complete_login_time": 0.014045424999999945,
        "dispatch_time": 0.08149596599999986
    },
    "t_user_16": {
        "redirect_time": 0.01258942899999993,
        "pkce_time": 4.243999999987e-05,
        "get_access_token_time": 0.011578364000000008,
        "decode_id_token_time": 0.0002274159999999803,
        "complete_login_time": 0.013362236999999944,
        "dispatch_time": 0.04815720999999984
    },
    "t_user_17": {
        "redirect_time": 0.013106177000000052,
        "pkce_time": 4.229899999997e-05,
        "get_access_token_time": 0.01099403199999971,
        "decode_id_token_time": 0.00020449199999994505,
        "complete_login_time": 0.012853515000000204,
        "dispatch_time": 0.04875904299999956
    },
    "t_user_18": {
        "redirect_time": 0.012870469000000107,
        "pkce_time": 4.414199999991e-05,
        "get_access_token_time": 0.011545168999999689,
        "decode_id_token_time": 0.00023511000000020488,
        "complete_login_time": 0.016787824000000118,
        "dispatch_time": 0.05045759299999997
    },
    "t_user_19": {
        "redirect_time": 0.014335935999999938,
        "pkce_time": 4.836000000008e-05,
        "get_access_token_time": 0.011229746000000151,
        "decode_id_token_time": 0.00020729799999941179,
        "complete_login_time": 0.013064708000000813,
        "dispatch_time": 0.045429380999999935
    },
    "t_user_20": {
        "redirect_time": 0.01447452199999999,
        "pkce_time": 5.86090000001e-05,
        "get_access_token_time": 0.0123621690000002,
        "decode_id_token_time": 0.00021441099999996993,
        "complete_login_time": 0.013265426000000247,
        "dispatch_time": 0.05628697900000024
    },
    "t_user_21": {
        "redirect_time": 0.014189067,
        "pkce_time": 4.898200000003e-05,
        "get_access_token_time": 0.014571236000000098,
        "decode_id_token_time": 0.00023178399999945754,
        "complete_login_time": 0.013380423000000086,
        "dispatch_time": 0.05203146000000025
    },
    "t_user_22": {
        "redirect_time": 0.013312344000000031,
        "pkce_time": 4.527399999987e-05,
        "get_access_token_time": 0.0114398109999998,
        "decode_id_token_time": 0.00024288400000038735,
        "complete_login_time": 0.013303969000000748,
        "dispatch_time": 0.046425801999999905
    },
    "t_user_23": {
        "redirect_time": 0.012233017000000013,
        "pkce_time": 4.025499999982e-05,
        "get_access_token_time": 0.013884388000000136,
        "decode_id_token_time": 0.0002366819999997105,
        "complete_login_time": 0.014112187000000276,
        "dispatch_time": 0.04937108900000009
    },
    "t_user_24": {
        "redirect_time": 0.012596708000000012,
        "pkce_time": 4.6357e-05,
        "get_access_token_time": 0.011934778999999729,
        "decode_id_token_time": 0.0002296790000002602,
        "complete_login_time": 0.01700103200000047,
        "dispatch_time": 0.0520497010000005
    },
    "t_user_25": {
        "redirect_time": 0.012698711000000085,
        "pkce_time": 4.912200000007e-05,
        "get_access_token_time": 0.010746546000000023,
        "decode_id_token_time": 0.00020938100000034154,
        "complete_login_time": 0.012952128999999424,
        "dispatch_time": 0.044703012000000264
    },