{
    "t_user_1": {
        "redirect_time": 0.013650244000000034,
        "pkce_time": 3.9444e-05,
        "get_access_token_time": 0.012001294000000051,
        "decode_id_token_time": 0.0006189769999997985,
        "complete_login_time": 0.014687231999999995,
        "dispatch_time": 0.053907653
    },
    "t_user_2": {
        "redirect_time": 0.016484685,
        "pkce_time": 5.948099999997e-05,
        "get_access_token_time": 0.0124856870000003,
        "decode_id_token_time": 0.00025733099999980524,
        "complete_login_time": 0.01826594700000017,
        "dispatch_time": 0.05328477900000017
    },
    "t_user_3": {
        "redirect_time": 0.014035810999999954,
        "pkce_time": 4.112699999992e-05,
        "get_access_token_time": 0.011604123000000133,
        "decode_id_token_time": 0.00021142499999982078,
        "complete_login_time": 0.013752841000000071,
        "dispatch_time": 0.055988857
    },
    "t_user_4": {
        "redirect_time": 0.013893539999999982,
        "pkce_time": 4.752899999994e-05,
        "get_access_token_time": 0.011063807000000203,
        "decode_id_token_time": 0.00021999099999980842,
        "complete_login_time": 0.013432361000000004,
        "dispatch_time": 0.046351447999999795
    },
    "t_user_5": {
        "redirect_time": 0.01306052499999999,
        "pkce_time": 4.572599999997e-05,
        "get_access_token_time": 0.011984303999999835,
        "decode_id_token_time": 0.00020770800000002865,
        "complete_login_time": 0.013086361000000046,
        "dispatch_time": 0.048383692000000256
    },
    "t_user_6": {
        "redirect_time": 0.012615865999999976,
        "pkce_time": 3.812199999997e-05,
        "get_access_token_time": 0.011560715000000332,
        "decode_id_token_time": 0.0002199010000003554,
        "complete_login_time": 0.013799839999999897,
        "dispatch_time": 0.04794415299999999
    },
    "t_user_7": {
        "redirect_time": 0.014087633999999905,
        "pkce_time": 4.738900000001e-05,
        "get_access_token_time": 0.012962057999999832,
        "decode_id_token_time": 0.0001994530000000161,
        "complete_login_time": 0.012950379999999928,
        "dispatch_time": 0.047766434000000135
    },
    "t_user_8": {
        "redirect_time": 0.014157521000000006,
        "pkce_time": 5.552400000008e-05,
        "get_access_token_time": 0.012474919999999834,
        "decode_id_token_time": 0.00030152300000008125,
        "complete_login_time": 0.018964260000000177,
        "dispatch_time": 0.05501573999999998
    },
    "t_user_9": {
        "redirect_time": 0.01421305500000003,
        "pkce_time": 3.937300000001e-05,
        "get_access_token_time": 0.012593990999999694,
        "decode_id_token_time": 0.00021536200000005223,
        "complete_login_time": 0.013758677999999858,
        "dispatch_time": 0.053601548000000054
    },
    "t_user_10": {
        "redirect_time": 0.014028266999999928,
        "pkce_time": 5.244799999993e-05,
        "get_access_token_time": 0.011685250000000202,
        "decode_id_token_time": 0.00022251600000000593,
        "complete_login_time": 0.013800557999999796,
        "dispatch_time": 0.051044690999999975
    },
    "t_user_11": {
        "redirect_time": 0.015776708999999944,
        "pkce_time": 5.6214e-05,
        "get_access_token_time": 0.011493666000000236,
        "decode_id_token_time": 0.00023100099999995294,
        "complete_login_time": 0.014023761000000246,
        "dispatch_time": 0.051688409000000046
    },
    "t_user_12": {
        "redirect_time": 0.013935079000000128,
        "pkce_time": 5.419100000004e-05,
        "get_access_token_time": 0.012920394000000002,
        "decode_id_token_time": 0.00022908800000021046,
        "complete_login_time": 0.013343057000000158,
        "dispatch_time": 0.04763255600000038
    },
    "t_user_14": {
        "redirect_time": 0.014141670000000106,
        "pkce_time": 4.589600000005e-05,
        "get_access_token_time": 0.011288555999999783,
        "decode_id_token_time": 0.00021524199999989335,
        "complete_login_time": 0.013268437999999882,
        "dispatch_time": 0.051272404000000105
    },
    "t_user_13": {
        "redirect_time": 0.013603332999999829,
        "pkce_time": 5.022399999999e-05,
        "get_access_token_time": 0.010924661000000224,
        "decode_id_token_time": 0.000244245999999837,
        "complete_login_time": 0.01371602499999991,
        "dispatch_time": 0.05002467200000016
    },
    "t_user_15": {
        "redirect_time": 0.01460907899999997,
        "pkce_time": 4.005600000001e-05,
        "get_access_token_time": 0.011504527000000042,
        "decode_id_token_time": 0.00022411899999985607,
        "complete_login_time": 0.017896899000000133,
        "dispatch_time": 0.05160958500000001
    },
    "t_user_16": {
        "redirect_time": 0.013556797999999981,
        "pkce_time": 4.177800000016e-05,
        "get_access_token_time": 0.011410273000000082,
        "decode_id_token_time": 0.00019836099999981371,
        "complete_login_time": 0.012894715999999917,
        "dispatch_time": 0.051419951999999824
    },
    "t_user_17": {
        "redirect_time": 0.014451334999999954,
        "pkce_time": 3.983499999993e-05,
        "get_access_token_time": 0.011180060000000047,
        "decode_id_token_time": 0.0001902160000000208,
        "complete_login_time": 0.012565539000000125,
        "dispatch_time": 0.045800820000000186
    },
    "t_user_18": {
        "redirect_time": 0.014048784000000092,
        "pkce_time": 5.041399999994e-05,
        "get_access_token_time": 0.012692728999999847,
        "decode_id_token_time": 0.00019879099999986494,
        "complete_login_time": 0.012478639999999874,
        "dispatch_time": 0.04680526500000015
    },
    "t_user_20": {
        "redirect_time": 0.016195705999999976,
        "pkce_time": 4.638600000018e-05,
        "get_access_token_time": 0.010796307000000116,
        "decode_id_token_time": 0.00021044300000028215,
        "complete_login_time": 0.016239396999999656,
        "dispatch_time": 0.053159297000000105
    },
    "t_user_21": {
        "redirect_time": 0.01402257600000012,
        "pkce_time": 5.089600000008e-05,
        "get_access_token_time": 0.01092723299999987,
        "decode_id_token_time": 0.00022453899999996807,
        "complete_login_time": 0.013547195000000123,
        "dispatch_time": 0.050889547999999785
    },
    "t_user_22": {
        "redirect_time": 0.014608328000000004,
        "pkce_time": 5.005299999983e-05,
        "get_access_token_time": 0.011863774000000049,
        "decode_id_token_time": 0.0002122159999999873,
        "complete_login_time": 0.012681143000000006,
        "dispatch_time": 0.04860800900000006
    },
    "t_user_23": {
        "redirect_time": 0.018126225999999912,
        "pkce_time": 4.722800000012e-05,
        "get_access_token_time": 0.011577123999999994,
        "decode_id_token_time": 0.00026125700000001473,
        "complete_login_time": 0.01391365500000008,
        "dispatch_time": 0.04831686900000021
    },
    "t_user_24": {
        "redirect_time": 0.013346654000000013,
        "pkce_time": 5.037500000005e-05,
        "get_access_token_time": 0.012477634000000126,
        "decode_id_token_time": 0.0002526629999999308,
        "complete_login_time": 0.014848666000000232,
        "dispatch_time": 0.04999373599999979
    },
    "t_user_25": {
        "redirect_time": 0.013773620000000042,
        "pkce_time": 4.939299999984e-05,
        "get_access_token_time": 0.011320721999999783,
        "decode_id_token_time": 0.00021547299999991054,
        "complete_login_time": 0.012950792999999905,
        "dispatch_time": 0.04662825200000009
    },
    "t_user_27": {
        "redirect_time": 0.013048097000000203,
        "pkce_time": 4.665699999995e-05,
        "get_access_token_time": 0.011826849000000195,
        "decode_id_token_time": 0.00023269500000022703,
        "complete_login_time": 0.016245804999999613,