{
    "t_user_1": {
        "redirect_time": 0.013373079999999982,
        "pkce_time": 3.994400000001e-05,
        "get_access_token_time": 0.01113846400000007,
        "decode_id_token_time": 0.0002644339999999801,
        "complete_login_time": 0.014086723000000134,
        "dispatch_time": 0.04725076400000017
    },
    "t_user_2": {
        "redirect_time": 0.012368566000000025,
        "pkce_time": 3.7811e-05,
        "get_access_token_time": 0.011478728999999799,
        "decode_id_token_time": 0.0002530030000000849,
        "complete_login_time": 0.013985732000000084,
        "dispatch_time": 0.046910419000000037
    },
    "t_user_3": {
        "redirect_time": 0.014001559999999968,
        "pkce_time": 5.244699999996e-05,
        "get_access_token_time": 0.011545232000000016,
        "decode_id_token_time": 0.00021387899999991689,
        "complete_login_time": 0.01611165800000025,
        "dispatch_time": 0.04912022099999991
    },
    "t_user_4": {
        "redirect_time": 0.013746375999999949,
        "pkce_time": 4.844100000001e-05,
        "get_access_token_time": 0.013154119000000186,
        "decode_id_token_time": 0.00023887700000013723,
        "complete_login_time": 0.013144873999999973,
        "dispatch_time": 0.048328372999999925
    },
    "t_user_5": {
        "redirect_time": 0.013894843999999962,
        "pkce_time": 4.6196e-05,
        "get_access_token_time": 0.011101271000000024,
        "decode_id_token_time": 0.0006672270000001035,
        "complete_login_time": 0.014077955999999947,
        "dispatch_time": 0.05160751500000016
    },
    "t_user_6": {
        "redirect_time": 0.013267186999999958,
        "pkce_time": 4.710699999999e-05,
        "get_access_token_time": 0.011332669999999823,
        "decode_id_token_time": 0.00022377800000006332,
        "complete_login_time": 0.013715147000000094,
        "dispatch_time": 0.05361625700000028
    },
    "t_user_7": {
        "redirect_time": 0.013200007000000014,
        "pkce_time": 4.272999999999e-05,
        "get_access_token_time": 0.01198125399999972,
        "decode_id_token_time": 0.00020462200000004316,
        "complete_login_time": 0.012959748000000104,
        "dispatch_time": 0.046497734999999984
    },
    "t_user_8": {
        "redirect_time": 0.014592625999999997,
        "pkce_time": 4.360199999998e-05,
        "get_access_token_time": 0.011149722999999945,
        "decode_id_token_time": 0.00021806800000012672,
        "complete_login_time": 0.013531357000000188,
        "dispatch_time": 0.04770762299999998
    },
    "t_user_9": {
        "redirect_time": 0.013955386000000014,
        "pkce_time": 4.099700000004e-05,
        "get_access_token_time": 0.011582708999999802,
        "decode_id_token_time": 0.00022083200000011516,
        "complete_login_time": 0.013415773999999825,
        "dispatch_time": 0.05175378900000016
    },
    "t_user_10": {
        "redirect_time": 0.01469017100000003,
        "pkce_time": 4.819e-05,
        "get_access_token_time": 0.011695389999999861,
        "decode_id_token_time": 0.00020084500000017158,
        "complete_login_time": 0.013343147999999694,
        "dispatch_time": 0.04842237100000002
    },
    "t_user_11": {
        "redirect_time": 0.014933615000000011,
        "pkce_time": 4.113699999997e-05,
        "get_access_token_time": 0.011423263999999822,
        "decode_id_token_time": 0.00019371100000009633,
        "complete_login_time": 0.012805533999999952,
        "dispatch_time": 0.046232513999999725
    },
    "t_user_12": {
        "redirect_time": 0.01790543099999997,
        "pkce_time": 4.313099999997e-05,
        "get_access_token_time": 0.011897740000000212,
        "decode_id_token_time": 0.0001993019999999568,
        "complete_login_time": 0.012839909999999843,
        "dispatch_time": 0.05045417399999996
    },
    "t_user_14": {
        "redirect_time": 0.014340974999999867,
        "pkce_time": 5.364999999991e-05,
        "get_access_token_time": 0.013609516999999904,
        "decode_id_token_time": 0.00022123299999998736,
        "complete_login_time": 0.01376720599999981,
        "dispatch_time": 0.04961372200000014
    },
    "t_user_13": {
        "redirect_time": 0.015752176000000118,
        "pkce_time": 4.811999999998e-05,
        "get_access_token_time": 0.01138019899999998,
        "decode_id_token_time": 0.00023155300000032852,
        "complete_login_time": 0.014102233999999658,
        "dispatch_time": 0.048539581
    },
    "t_user_15": {
        "redirect_time": 0.013200050000000019,
        "pkce_time": 4.876000000009e-05,
        "get_access_token_time": 0.011403156000000081,
        "decode_id_token_time": 0.0002034600000002662,
        "complete_login_time": 0.01347734299999992,
        "dispatch_time": 0.050628029999999935
    },
    "t_user_16": {
        "redirect_time": 0.014282746999999985,
        "pkce_time": 4.781899999995e-05,
        "get_access_token_time": 0.011373717000000116,
        "decode_id_token_time": 0.00020979200000015297,
        "complete_login_time": 0.01302468000000001,
        "dispatch_time": 0.046421985999999915
    },
    "t_user_17": {
        "redirect_time": 0.013448246999999913,
        "pkce_time": 4.836000000008e-05,
        "get_access_token_time": 0.011663237000000048,
        "decode_id_token_time": 0.0002551969999999848,
        "complete_login_time": 0.015247384999999891,
        "dispatch_time": 0.05672346199999989
    },
    "t_user_18": {
        "redirect_time": 0.014644217999999931,
        "pkce_time": 5.607499999982e-05,
        "get_access_token_time": 0.011067415999999941,
        "decode_id_token_time": 0.0001932619999998053,
        "complete_login_time": 0.0131434829999999,
        "dispatch_time": 0.04566544100000014
    },
    "t_user_19": {
        "redirect_time": 0.014677557000000174,
        "pkce_time": 4.997399999995e-05,
        "get_access_token_time": 0.01365357300000003,
        "decode_id_token_time": 0.0002001730000000812,
        "complete_login_time": 0.013557019000000281,
        "dispatch_time": 0.04786020199999985
    },
    "t_user_20": {
        "redirect_time": 0.014747206000000013,
        "pkce_time": 4.618600000006e-05,
        "get_access_token_time": 0.010837733000000238,
        "decode_id_token_time": 0.00018878300000002568,
        "complete_login_time": 0.01350611100000032,
        "dispatch_time": 0.04577286699999972
    },
    "t_user_21": {
        "redirect_time": 0.014380069999999856,
        "pkce_time": 4.687800000003e-05,
        "get_access_token_time": 0.010654661000000232,
        "decode_id_token_time": 0.0002016170000000983,
        "complete_login_time": 0.012915705000000166,
        "dispatch_time": 0.04578951199999981
    },
    "t_user_22": {
        "redirect_time": 0.013855143000000014,
        "pkce_time": 4.895199999999e-05,
        "get_access_token_time": 0.010992039999999648,
        "decode_id_token_time": 0.0002050829999999948,
        "complete_login_time": 0.013403735999999888,
        "dispatch_time": 0.05533723999999962
    },
    "t_user_23": {
        "redirect_time": 0.013771465999999899,
        "pkce_time": 4.116700000001e-05,
        "get_access_token_time": 0.012718803999999917,
        "decode_id_token_time": 0.00022955999999973997,
        "complete_login_time": 0.01306825800000011,
        "dispatch_time": 0.047045895000000115
    },
    "t_user_24": {
        "redirect_time": 0.014184030000000014,
        "pkce_time": 4.994399999991e-05,
        "get_access_token_time": 0.01684178100000011,
        "decode_id_token_time": 0.00020916099999990223,
        "complete_login_time": 0.014091014999999985,
        "dispatch_time": 0.054332308999999857
    },
    "t_user_25": {
        "redirect_time": 0.014468582000000119,
        "pkce_time": 5.2618e-05,
        "get_access_token_time": 0.011362993000000099,
        "decode_id_token_time": 0.0002138300000003035,
        "complete_login_time": 0.01291359099999978,