{
    "t_user_1": {
        "redirect_time": 0.014343111999999991,
        "pkce_time": 5.784800000003e-05,
        "get_access_token_time": 0.012693570000000154,
        "decode_id_token_time": 0.00023945799999980366,
        "complete_login_time": 0.014118080999999894,
        "dispatch_time": 0.056201218
    },
    "t_user_2": {
        "redirect_time": 0.01413492999999999,
        "pkce_time": 4.839100000009e-05,
        "get_access_token_time": 0.012494577000000007,
        "decode_id_token_time": 0.00021224600000024907,
        "complete_login_time": 0.013496323000000032,
        "dispatch_time": 0.05158402200000012
    },
    "t_user_3": {
        "redirect_time": 0.016987379000000025,
        "pkce_time": 6.204600000004e-05,
        "get_access_token_time": 0.012584654999999945,
        "decode_id_token_time": 0.00021068400000023857,
        "complete_login_time": 0.014230448000000173,
        "dispatch_time": 0.053490625000000236
    },
    "t_user_4": {
        "redirect_time": 0.013096100000000055,
        "pkce_time": 4.372200000002e-05,
        "get_access_token_time": 0.011841581000000101,
        "decode_id_token_time": 0.00020811899999984007,
        "complete_login_time": 0.01326168300000008,
        "dispatch_time": 0.04815107400000018
    },
    "t_user_5": {
        "redirect_time": 0.012942980999999909,
        "pkce_time": 4.576600000006e-05,
        "get_access_token_time": 0.011743669999999984,
        "decode_id_token_time": 0.0002117459999997351,
        "complete_login_time": 0.01409844799999993,
        "dispatch_time": 0.04824091000000008
    },
    "t_user_6": {
        "redirect_time": 0.014521023999999993,
        "pkce_time": 5.028499999993e-05,
        "get_access_token_time": 0.011752121000000226,
        "decode_id_token_time": 0.00020916099999990223,
        "complete_login_time": 0.013266649000000186,
        "dispatch_time": 0.050609656999999864
    },
    "t_user_7": {
        "redirect_time": 0.014565465,
        "pkce_time": 4.911099999994e-05,
        "get_access_token_time": 0.01130526800000009,
        "decode_id_token_time": 0.00018244000000011695,
        "complete_login_time": 0.012673390999999867,
        "dispatch_time": 0.04990361900000018
    },
    "t_user_8": {
        "redirect_time": 0.014465381999999916,
        "pkce_time": 5.382100000006e-05,
        "get_access_token_time": 0.01138591199999972,
        "decode_id_token_time": 0.0002032590000000667,
        "complete_login_time": 0.013193835000000043,
        "dispatch_time": 0.045784509000000195
    },
    "t_user_9": {
        "redirect_time": 0.013733956000000047,
        "pkce_time": 4.657799999996e-05,
        "get_access_token_time": 0.011604340000000324,
        "decode_id_token_time": 0.0001968269999998995,
        "complete_login_time": 0.013509465999999914,
        "dispatch_time": 0.04785980200000006
    },
    "t_user_10": {
        "redirect_time": 0.013618922000000033,
        "pkce_time": 4.929300000001e-05,
        "get_access_token_time": 0.011122660999999923,
        "decode_id_token_time": 0.0002369130000001718,
        "complete_login_time": 0.013202252000000136,
        "dispatch_time": 0.04739048400000012
    },
    "t_user_11": {
        "redirect_time": 0.01440436299999992,
        "pkce_time": 5.02229999999e-05,
        "get_access_token_time": 0.011261179000000121,
        "decode_id_token_time": 0.0007176119999998676,
        "complete_login_time": 0.01420704099999992,
        "dispatch_time": 0.05333438700000004
    },
    "t_user_13": {
        "redirect_time": 0.012956100000000026,
        "pkce_time": 4.173799999996e-05,
        "get_access_token_time": 0.01274653800000003,
        "decode_id_token_time": 0.00022428899999993313,
        "complete_login_time": 0.014152924999999872,
        "dispatch_time": 0.05041279300000001
    },
    "t_user_14": {
        "redirect_time": 0.013033693999999985,
        "pkce_time": 5.043400000004e-05,
        "get_access_token_time": 0.011959239999999927,
        "decode_id_token_time": 0.0002209130000001558,
        "complete_login_time": 0.012850874999999817,
        "dispatch_time": 0.04708621000000024
    },
    "t_user_12": {
        "redirect_time": 0.013486427999999995,
        "pkce_time": 5.031400000011e-05,
        "get_access_token_time": 0.011071246000000201,
        "decode_id_token_time": 0.0002780590000002192,
        "complete_login_time": 0.014007592000000013,
        "dispatch_time": 0.04698741300000009
    },
    "t_user_15": {
        "redirect_time": 0.01401320100000003,
        "pkce_time": 4.742999999996e-05,
        "get_access_token_time": 0.011264165000000048,
        "decode_id_token_time": 0.00022530999999981205,
        "complete_login_time": 0.013137006000000007,
        "dispatch_time": 0.04589788799999983
    },
    "t_user_16": {
        "redirect_time": 0.013996200000000014,
        "pkce_time": 5.054400000004e-05,
        "get_access_token_time": 0.01157324099999979,
        "decode_id_token_time": 0.00020853000000009558,
        "complete_login_time": 0.012871169000000293,
        "dispatch_time": 0.04939712300000032
    },
    "t_user_17": {
        "redirect_time": 0.013962247000000039,
        "pkce_time": 4.473299999996e-05,
        "get_access_token_time": 0.011489433999999576,
        "decode_id_token_time": 0.00023349599999988868,
        "complete_login_time": 0.013724123000000255,
        "dispatch_time": 0.05072728599999987
    },
    "t_user_19": {
        "redirect_time": 0.013458278999999962,
        "pkce_time": 4.195799999995e-05,
        "get_access_token_time": 0.011695988000000046,
        "decode_id_token_time": 0.00022089299999983325,
        "complete_login_time": 0.013002408000000187,
        "dispatch_time": 0.05054338799999991
    },
    "t_user_20": {
        "redirect_time": 0.013665242000000077,
        "pkce_time": 5.162599999986e-05,
        "get_access_token_time": 0.011615582000000124,
        "decode_id_token_time": 0.00018723000000031575,
        "complete_login_time": 0.01315622499999991,
        "dispatch_time": 0.04717980700000002
    },
    "t_user_18": {
        "redirect_time": 0.014338071999999924,
        "pkce_time": 4.432300000001e-05,
        "get_access_token_time": 0.012234085999999866,
        "decode_id_token_time": 0.00021534299999981243,
        "complete_login_time": 0.012934855999999773,
        "dispatch_time": 0.04818523000000008
    },
    "t_user_21": {
        "redirect_time": 0.013140436999999894,
        "pkce_time": 4.892100000009e-05,
        "get_access_token_time": 0.012175407000000416,
        "decode_id_token_time": 0.0002310919999999328,
        "complete_login_time": 0.014358708000000053,
        "dispatch_time": 0.05713715100000005
    },
    "t_user_22": {
        "redirect_time": 0.013778913999999975,
        "pkce_time": 4.971200000004e-05,
        "get_access_token_time": 0.012434448000000042,
        "decode_id_token_time": 0.00020611500000011773,
        "complete_login_time": 0.014727279999999787,
        "dispatch_time": 0.05056509100000017
    },
    "t_user_23": {
        "redirect_time": 0.014117005999999988,
        "pkce_time": 5.090500000016e-05,
        "get_access_token_time": 0.010506125999999671,
        "decode_id_token_time": 0.00022822599999994253,
        "complete_login_time": 0.012494960000000166,
        "dispatch_time": 0.07357569500000016
    },
    "t_user_24": {
        "redirect_time": 0.014618687000000019,
        "pkce_time": 5.107599999987e-05,
        "get_access_token_time": 0.011545453000000094,
        "decode_id_token_time": 0.00020167700000017774,
        "complete_login_time": 0.013068599999999986,
        "dispatch_time": 0.047513751999999965
    },
    "t_user_25": {
        "redirect_time": 0.014627621999999896,
        "pkce_time": 5.291900000004e-05,
        "get_access_token_time": 0.011163172000000277,
        "decode_id_token_time": 0.0001739750000000484,
        "complete_login_time": 0.01263243100000011,