{
    "t_user_1": {
        "redirect_time": 0.014079302999999987,
        "pkce_time": 4.019500000002e-05,
        "get_access_token_time": 0.012149105999999854,
        "decode_id_token_time": 0.00021161499999999833,
        "complete_login_time": 0.013404466999999975,
        "dispatch_time": 0.0479418039999997
    },
    "t_user_2": {
        "redirect_time": 0.014220747000000034,
        "pkce_time": 4.580599999993e-05,
        "get_access_token_time": 0.01101949400000013,
        "decode_id_token_time": 0.00020695699999961903,
        "complete_login_time": 0.013702276000000069,
        "dispatch_time": 0.0458976609999997
    },
    "t_user_3": {
        "redirect_time": 0.01321631099999998,
        "pkce_time": 4.712800000006e-05,
        "get_access_token_time": 0.012832158999999788,
        "decode_id_token_time": 0.00021433999999986852,
        "complete_login_time": 0.012798921000000352,
        "dispatch_time": 0.04711551699999994
    },
    "t_user_4": {
        "redirect_time": 0.015717866999999996,
        "pkce_time": 6.529300000002e-05,
        "get_access_token_time": 0.011330567999999985,
        "decode_id_token_time": 0.00019957299999973088,
        "complete_login_time": 0.013756572000000133,
        "dispatch_time": 0.050673356999999974
    },
    "t_user_5": {
        "redirect_time": 0.015360688000000011,
        "pkce_time": 5.101600000001e-05,
        "get_access_token_time": 0.011861721999999908,
        "decode_id_token_time": 0.00019843000000019373,
        "complete_login_time": 0.013333046000000515,
        "dispatch_time": 0.0534705200000003
    },
    "t_user_6": {
        "redirect_time": 0.014225511000000024,
        "pkce_time": 5.235800000003e-05,
        "get_access_token_time": 0.011313399000000057,
        "decode_id_token_time": 0.000214721999999945,
        "complete_login_time": 0.013442058000000312,
        "dispatch_time": 0.04791397799999997
    },
    "t_user_7": {
        "redirect_time": 0.012518916999999963,
        "pkce_time": 3.808100000002e-05,
        "get_access_token_time": 0.011225569000000046,
        "decode_id_token_time": 0.00020686800000024874,
        "complete_login_time": 0.012606700000000082,
        "dispatch_time": 0.050414468999999684
    },
    "t_user_8": {
        "redirect_time": 0.014795849999999944,
        "pkce_time": 5.043399999993e-05,
        "get_access_token_time": 0.010937238000000349,
        "decode_id_token_time": 0.00025527600000030404,
        "complete_login_time": 0.014889664000000025,
        "dispatch_time": 0.054398175999999854
    },
    "t_user_9": {
        "redirect_time": 0.014736050999999972,
        "pkce_time": 5.000300000002e-05,
        "get_access_token_time": 0.011458737999999968,
        "decode_id_token_time": 0.00020707600000013926,
        "complete_login_time": 0.013265008999999939,
        "dispatch_time": 0.04656025500000016
    },
    "t_user_10": {
        "redirect_time": 0.015108876000000104,
        "pkce_time": 5.281899999998e-05,
        "get_access_token_time": 0.011293429000000188,
        "decode_id_token_time": 0.00020902000000022625,
        "complete_login_time": 0.012934038000000037,
        "dispatch_time": 0.048483470999999945
    },
    "t_user_11": {
        "redirect_time": 0.014207320000000023,
        "pkce_time": 4.749900000001e-05,
        "get_access_token_time": 0.011815255000000136,
        "decode_id_token_time": 0.0006016449999997064,
        "complete_login_time": 0.014252267000000263,
        "dispatch_time": 0.053530277000000126
    },
    "t_user_12": {
        "redirect_time": 0.018935747000000003,
        "pkce_time": 5.362000000009e-05,
        "get_access_token_time": 0.011597442999999874,
        "decode_id_token_time": 0.00040220200000007367,
        "complete_login_time": 0.013885767000000104,
        "dispatch_time": 0.04943525599999976
    },
    "t_user_14": {
        "redirect_time": 0.014016881000000092,
        "pkce_time": 5.378100000009e-05,
        "get_access_token_time": 0.012841080999999921,
        "decode_id_token_time": 0.00019876100000004726,
        "complete_login_time": 0.013364462999999827,
        "dispatch_time": 0.05181733800000021
    },
    "t_user_13": {
        "redirect_time": 0.017541529999999916,
        "pkce_time": 4.766999999983e-05,
        "get_access_token_time": 0.011622132000000285,
        "decode_id_token_time": 0.00023758500000026217,
        "complete_login_time": 0.01306176800000003,
        "dispatch_time": 0.04754525499999973
    },
    "t_user_15": {
        "redirect_time": 0.012163860999999887,
        "pkce_time": 3.656800000007e-05,
        "get_access_token_time": 0.01457062099999984,
        "decode_id_token_time": 0.00022534100000015655,
        "complete_login_time": 0.01275890699999982,
        "dispatch_time": 0.04926395099999992
    },
    "t_user_16": {
        "redirect_time": 0.012584203999999932,
        "pkce_time": 4.352099999982e-05,
        "get_access_token_time": 0.013364707000000031,
        "decode_id_token_time": 0.00020844900000005495,
        "complete_login_time": 0.013530568000000187,
        "dispatch_time": 0.04837873600000009
    },
    "t_user_17": {
        "redirect_time": 0.013092821999999948,
        "pkce_time": 3.864299999989e-05,
        "get_access_token_time": 0.011966940000000204,
        "decode_id_token_time": 0.00020533399999989044,
        "complete_login_time": 0.012780924999999943,
        "dispatch_time": 0.04598345400000037
    },
    "t_user_18": {
        "redirect_time": 0.013699850000000069,
        "pkce_time": 5.326000000005e-05,
        "get_access_token_time": 0.01129372999999978,
        "decode_id_token_time": 0.000192940999999891,
        "complete_login_time": 0.012752778999999936,
        "dispatch_time": 0.04523339999999987
    },
    "t_user_19": {
        "redirect_time": 0.013813329999999846,
        "pkce_time": 4.954300000004e-05,
        "get_access_token_time": 0.014395087000000029,
        "decode_id_token_time": 0.00019968299999995054,
        "complete_login_time": 0.013599565999999896,
        "dispatch_time": 0.04922897000000015
    },
    "t_user_20": {
        "redirect_time": 0.01304665100000002,
        "pkce_time": 4.015499999999e-05,
        "get_access_token_time": 0.0408999729999997,
        "decode_id_token_time": 0.0002481649999999114,
        "complete_login_time": 0.013470941000000014,
        "dispatch_time": 0.07577766999999991
    },
    "t_user_21": {
        "redirect_time": 0.014089813000000007,
        "pkce_time": 4.979299999985e-05,
        "get_access_token_time": 0.0112561040000001,
        "decode_id_token_time": 0.00024157199999974566,
        "complete_login_time": 0.012990764999999627,
        "dispatch_time": 0.04719775999999998
    },
    "t_user_22": {
        "redirect_time": 0.014332035999999881,
        "pkce_time": 5.231800000005e-05,
        "get_access_token_time": 0.013897452999999782,
        "decode_id_token_time": 0.00021271700000013993,
        "complete_login_time": 0.013459043000000115,
        "dispatch_time": 0.04921567799999993
    },
    "t_user_23": {
        "redirect_time": 0.013749905999999923,
        "pkce_time": 3.918300000016e-05,
        "get_access_token_time": 0.015366464999999607,
        "decode_id_token_time": 0.0001972589999996721,
        "complete_login_time": 0.012743835000000203,
        "dispatch_time": 0.04966228000000017
    },
    "t_user_24": {
        "redirect_time": 0.013944439999999947,
        "pkce_time": 5.281899999998e-05,
        "get_access_token_time": 0.010959208000000054,
        "decode_id_token_time": 0.00020585499999992152,
        "complete_login_time": 0.013116785000000242,
        "dispatch_time": 0.04542635199999978
    },
    "t_user_25": {
        "redirect_time": 0.013514001000000109,
        "pkce_time": 5.133599999985e-05,
        "get_access_token_time": 0.01209928799999993,
        "decode_id_token_time": 0.00021028300000036637,
        "complete_login_time": 0.013309270000000595,