{
    "t_user_1": {
        "redirect_time": 0.003166698999999995,
        "build_auth_time": 0.000901444000000029,
        "login_time": 0.0022399979999999653,
        "acs_dispatch_time": 0.0034119470000000263,
        "finish_acs_dispatch_time": 0.017189512000000073
    },
    "t_user_2": {
        "redirect_time": 0.003192066999999965,
        "build_auth_time": 0.0009484429999999655,
        "login_time": 0.0022234370000000503,
        "acs_dispatch_time": 0.0035060049999999787,
        "finish_acs_dispatch_time": 0.01827213499999991
    },
    "t_user_3": {
        "redirect_time": 0.003965883000000003,
        "build_auth_time": 0.0015978770000000253,
        "login_time": 0.0023407749999999616,
        "acs_dispatch_time": 0.004198799000000086,
        "finish_acs_dispatch_time": 0.021927132999999932
    },
    "t_user_4": {
        "redirect_time": 0.0031622119999999976,
        "build_auth_time": 0.000891406000000039,
        "login_time": 0.002250246999999983,
        "acs_dispatch_time": 0.0031768689999999156,
        "finish_acs_dispatch_time": 0.02069901900000004
    },
    "t_user_5": {
        "redirect_time": 0.00368709300000003,
        "build_auth_time": 0.0010604310000000838,
        "login_time": 0.002589211999999952,
        "acs_dispatch_time": 0.0032323329999999206,
        "finish_acs_dispatch_time": 0.017627856000000053
    },
    "t_user_6": {
        "redirect_time": 0.0034827670000000532,
        "build_auth_time": 0.0010304440000000747,
        "login_time": 0.002423679999999928,
        "acs_dispatch_time": 0.0030106680000000496,
        "finish_acs_dispatch_time": 0.01731778499999992
    },
    "t_user_7": {
        "redirect_time": 0.0031582129999999653,
        "build_auth_time": 0.000905682999999935,
        "login_time": 0.002230127999999998,
        "acs_dispatch_time": 0.004075638999999853,
        "finish_acs_dispatch_time": 0.019267263000000145
    },
    "t_user_8": {
        "redirect_time": 0.0032517189999999863,
        "build_auth_time": 0.000981726000000016,
        "login_time": 0.002248291999999985,
        "acs_dispatch_time": 0.0035861939999999315,
        "finish_acs_dispatch_time": 0.019896101000000055
    },
    "t_user_9": {
        "redirect_time": 0.003346445000000031,
        "build_auth_time": 0.0009920130000000693,
        "login_time": 0.0023307780000001443,
        "acs_dispatch_time": 0.004388323999999999,
        "finish_acs_dispatch_time": 0.017116739999999853
    },
    "t_user_10": {
        "redirect_time": 0.0034177780000002045,
        "build_auth_time": 0.0009815860000002008,
        "login_time": 0.002412487999999824,
        "acs_dispatch_time": 0.0036323510000000336,
        "finish_acs_dispatch_time": 0.017873807999999825
    },
    "t_user_11": {
        "redirect_time": 0.0033402529999999597,
        "build_auth_time": 0.0009635709999999964,
        "login_time": 0.002349111000000015,
        "acs_dispatch_time": 0.0038318090000000193,
        "finish_acs_dispatch_time": 0.01759191399999982
    },
    "t_user_12": {
        "redirect_time": 0.0035143199999998487,
        "build_auth_time": 0.000995850999999881,
        "login_time": 0.0024965470000000156,
        "acs_dispatch_time": 0.003696672000000012,
        "finish_acs_dispatch_time": 0.018018777000000208
    },
    "t_user_13": {
        "redirect_time": 0.0032130870000000034,
        "build_auth_time": 0.0008993910000001382,
        "login_time": 0.0022940289999999752,
        "acs_dispatch_time": 0.0037136399999999625,
        "finish_acs_dispatch_time": 0.018889903999999902
    },
    "t_user_14": {
        "redirect_time": 0.003731303999999991,
        "build_auth_time": 0.001436715999999949,
        "login_time": 0.0022755420000000193,
        "acs_dispatch_time": 0.0038449269999998315,
        "finish_acs_dispatch_time": 0.01774705699999979
    },
    "t_user_15": {
        "redirect_time": 0.003328519999999724,
        "build_auth_time": 0.0009735689999996744,
        "login_time": 0.002332018000000158,
        "acs_dispatch_time": 0.00494429399999996,
        "finish_acs_dispatch_time": 0.020170507000000004
    },
    "t_user_16": {
        "redirect_time": 0.0032360809999998352,
        "build_auth_time": 0.0009111139999999907,
        "login_time": 0.0023051399999998168,
        "acs_dispatch_time": 0.0041906459999996315,
        "finish_acs_dispatch_time": 0.020808348000000088
    },
    "t_user_17": {
        "redirect_time": 0.003471108000000278,
        "build_auth_time": 0.0010218900000000808,
        "login_time": 0.002425533999999896,
        "acs_dispatch_time": 0.004278196000000012,
        "finish_acs_dispatch_time": 0.01980913399999995
    },
    "t_user_18": {
        "redirect_time": 0.003351905000000155,
        "build_auth_time": 0.0009347260000001079,
        "login_time": 0.002390869000000073,
        "acs_dispatch_time": 0.003735527999999988,
        "finish_acs_dispatch_time": 0.017890616000000303
    },
    "t_user_19": {
        "redirect_time": 0.0038940919999999046,
        "build_auth_time": 0.0012043909999999158,
        "login_time": 0.0026590129999997103,
        "acs_dispatch_time": 0.005703103000000098,
        "finish_acs_dispatch_time": 0.023111335999999927
    },
    "t_user_20": {
        "redirect_time": 0.0032843979999999107,
        "build_auth_time": 0.000956947999999791,
        "login_time": 0.0022973950000002574,
        "acs_dispatch_time": 0.003848323999999792,
        "finish_acs_dispatch_time": 0.01931259299999999
    },
    "t_user_21": {
        "redirect_time": 0.0032891359999998038,
        "build_auth_time": 0.0009425699999998649,
        "login_time": 0.002322981999999918,
        "acs_dispatch_time": 0.0036409310000000694,
        "finish_acs_dispatch_time": 0.017658057999999865
    },
    "t_user_22": {
        "redirect_time": 0.003321569999999774,
        "build_auth_time": 0.000973689999999916,
        "login_time": 0.002324935999999944,
        "acs_dispatch_time": 0.0037545970000003592,
        "finish_acs_dispatch_time": 0.019090568999999835
    },
    "t_user_23": {
        "redirect_time": 0.003392150999999899,
        "build_auth_time": 0.0009847509999998394,
        "login_time": 0.0023845470000001256,
        "acs_dispatch_time": 0.0041687959999996416,
        "finish_acs_dispatch_time": 0.01995112100000007
    },
    "t_user_24": {
        "redirect_time": 0.003598164000000015,
        "build_auth_time": 0.0011163349999998573,
        "login_time": 0.0024579350000002442,
        "acs_dispatch_time": 0.004290539000000315,
        "finish_acs_dispatch_time": 0.018034706999999983
    },
    "t_user_25": {
        "redirect_time": 0.0033667920000000073,
        "build_auth_time": 0.0009890189999999244,
        "login_time": 0.002355160000000023,
        "acs_dispatch_time": 0.0038434860000000626,
        "finish_acs_dispatch_time": 0.018770829000000155
    },
    "t_user_26": {
        "redirect_time": 0.0032279029999999764,
        "build_auth_time": 0.0009086179999999722,
        "login_time": 0.0022960519999997153,
        "acs_dispatch_time": 0.003719665000000205,
        "finish_acs_dispatch_time": 0.01817558599999991
    },
    "t_user_27": {
        "redirect_time": 0.003586373000000087,
        "build_auth_time": 0.0011359630000002952,
        "login_time": 0.0024297209999999403,
        "acs_dispatch_time": 0.004231802000000062,
        "finish_acs_dispatch_time": 0.024980269999999916
    },
    "t_user_28": {
        "redirect_time": 0.004312570999999821,
        "build_auth_time": 0.0014380489999998858,
        "login_time": 0.0028454880000001737,
        "acs_dispatch_time": 0.00396606300000002,
        "finish_acs_dispatch_time": 0.019441754999999894
    },
    "t_user_29": {
        "redirect_time": 0.0032109110000000385,
        "build_auth_time": 0.0009293160000001244,
        "login_time": 0.002237642999999956,
        "acs_dispatch_time": 0.037998752000000025,
        "finish_acs_dispatch_time": 0.017758820000000064
    },