{
    "t_user_1": {
        "redirect_time": 0.003244885999999947,
        "build_auth_time": 0.0009305809999999859,
        "login_time": 0.002293034999999999,
        "acs_dispatch_time": 0.0035130130000000648,
        "finish_acs_dispatch_time": 0.01765432499999997
    },
    "t_user_2": {
        "redirect_time": 0.0032329229999999987,
        "build_auth_time": 0.0009790309999999636,
        "login_time": 0.002233233999999973,
        "acs_dispatch_time": 0.003916911999999995,
        "finish_acs_dispatch_time": 0.01764837000000008
    },
    "t_user_3": {
        "redirect_time": 0.004261396999999945,
        "build_auth_time": 0.0018133489999999641,
        "login_time": 0.0024020610000000664,
        "acs_dispatch_time": 0.003156107999999991,
        "finish_acs_dispatch_time": 0.017391625999999993
    },
    "t_user_4": {
        "redirect_time": 0.0031555300000000175,
        "build_auth_time": 0.0009008440000000117,
        "login_time": 0.002230540000000003,
        "acs_dispatch_time": 0.00473136399999996,
        "finish_acs_dispatch_time": 0.02221269700000006
    },
    "t_user_5": {
        "redirect_time": 0.0033090869999999883,
        "build_auth_time": 0.000983568999999962,
        "login_time": 0.0023039679999999896,
        "acs_dispatch_time": 0.0038807640000000365,
        "finish_acs_dispatch_time": 0.018752855000000013
    },
    "t_user_6": {
        "redirect_time": 0.004854142000000006,
        "build_auth_time": 0.0021772890000000267,
        "login_time": 0.002639853999999997,
        "acs_dispatch_time": 0.0030993560000001086,
        "finish_acs_dispatch_time": 0.019331670999999995
    },
    "t_user_7": {
        "redirect_time": 0.003324055999999964,
        "build_auth_time": 0.0009619189999999778,
        "login_time": 0.002331839999999974,
        "acs_dispatch_time": 0.004387853000000108,
        "finish_acs_dispatch_time": 0.018293531999999946
    },
    "t_user_8": {
        "redirect_time": 0.003115031999999962,
        "build_auth_time": 0.0008610099999999399,
        "login_time": 0.0022329930000000164,
        "acs_dispatch_time": 0.003836693000000002,
        "finish_acs_dispatch_time": 0.020322220999999807
    },
    "t_user_9": {
        "redirect_time": 0.003134839999999972,
        "build_auth_time": 0.0008861870000000938,
        "login_time": 0.0022293369999999424,
        "acs_dispatch_time": 0.003385077000000125,
        "finish_acs_dispatch_time": 0.018249446000000002
    },
    "t_user_10": {
        "redirect_time": 0.003058337999999994,
        "build_auth_time": 0.0008542780000000416,
        "login_time": 0.002184172999999845,
        "acs_dispatch_time": 0.0042902199999999,
        "finish_acs_dispatch_time": 0.017431632000000086
    },
    "t_user_11": {
        "redirect_time": 0.0031059560000001873,
        "build_auth_time": 0.0008642760000001637,
        "login_time": 0.0022230459999998953,
        "acs_dispatch_time": 0.004437977000000037,
        "finish_acs_dispatch_time": 0.025492603000000003
    },
    "t_user_12": {
        "redirect_time": 0.0036056289999999436,
        "build_auth_time": 0.0009400170000000152,
        "login_time": 0.002642137999999905,
        "acs_dispatch_time": 0.004159556000000064,
        "finish_acs_dispatch_time": 0.017800130999999997
    },
    "t_user_13": {
        "redirect_time": 0.003498999999999919,
        "build_auth_time": 0.0010212279999999296,
        "login_time": 0.002453346000000023,
        "acs_dispatch_time": 0.004440041000000061,
        "finish_acs_dispatch_time": 0.018219492999999698
    },
    "t_user_14": {
        "redirect_time": 0.003297504999999923,
        "build_auth_time": 0.0009779590000000837,
        "login_time": 0.0022676389999998214,
        "acs_dispatch_time": 0.00401625800000005,
        "finish_acs_dispatch_time": 0.02055941100000025
    },
    "t_user_15": {
        "redirect_time": 0.0032248080000001345,
        "build_auth_time": 0.0008949830000002379,
        "login_time": 0.0023082549999999813,
        "acs_dispatch_time": 0.003475252999999956,
        "finish_acs_dispatch_time": 0.01813557099999974
    },
    "t_user_16": {
        "redirect_time": 0.0032759140000000464,
        "build_auth_time": 0.0008939209999998532,
        "login_time": 0.0023604029999999554,
        "acs_dispatch_time": 0.004070007000000153,
        "finish_acs_dispatch_time": 0.020625415000000036
    },
    "t_user_17": {
        "redirect_time": 0.0032075549999999176,
        "build_auth_time": 0.0009020859999999686,
        "login_time": 0.00227390999999999,
        "acs_dispatch_time": 0.004658327000000018,
        "finish_acs_dispatch_time": 0.0207776850000001
    },
    "t_user_18": {
        "redirect_time": 0.003462423999999853,
        "build_auth_time": 0.0009806639999996314,
        "login_time": 0.002452807000000057,
        "acs_dispatch_time": 0.0035673080000000468,
        "finish_acs_dispatch_time": 0.017550613000000048
    },
    "t_user_19": {
        "redirect_time": 0.003222414000000118,
        "build_auth_time": 0.0009543139999999006,
        "login_time": 0.002245298000000062,
        "acs_dispatch_time": 0.0035284749999999754,
        "finish_acs_dispatch_time": 0.019090766999999786
    },
    "t_user_20": {
        "redirect_time": 0.0034865090000000265,
        "build_auth_time": 0.0011032129999999363,
        "login_time": 0.002358189000000177,
        "acs_dispatch_time": 0.004160774999999894,
        "finish_acs_dispatch_time": 0.01841227000000023
    },
    "t_user_21": {
        "redirect_time": 0.003232290999999776,
        "build_auth_time": 0.0009185070000001794,
        "login_time": 0.0022940669999997887,
        "acs_dispatch_time": 0.004301737999999666,
        "finish_acs_dispatch_time": 0.02162998699999985
    },
    "t_user_22": {
        "redirect_time": 0.003599939999999968,
        "build_auth_time": 0.0008910659999998849,
        "login_time": 0.00268703299999995,
        "acs_dispatch_time": 0.003858605000000015,
        "finish_acs_dispatch_time": 0.018489270999999974
    },
    "t_user_23": {
        "redirect_time": 0.004216772000000368,
        "build_auth_time": 0.001151142000000327,
        "login_time": 0.003040031999999915,
        "acs_dispatch_time": 0.0036609639999998222,
        "finish_acs_dispatch_time": 0.017639997999999935
    },
    "t_user_24": {
        "redirect_time": 0.0034420229999998497,
        "build_auth_time": 0.0010818229999998152,
        "login_time": 0.0023323780000001904,
        "acs_dispatch_time": 0.00406596299999995,
        "finish_acs_dispatch_time": 0.018802363999999905
    },
    "t_user_25": {
        "redirect_time": 0.0032296899999999518,
        "build_auth_time": 0.0008882009999999774,
        "login_time": 0.0023198880000001587,
        "acs_dispatch_time": 0.0030022629999999495,
        "finish_acs_dispatch_time": 0.018316094999999866
    },
    "t_user_26": {
        "redirect_time": 0.0031627229999999784,
        "build_auth_time": 0.0009140389999999776,
        "login_time": 0.002225531000000114,
        "acs_dispatch_time": 0.003802228000000074,
        "finish_acs_dispatch_time": 0.0176573379999998
    },
    "t_user_27": {
        "redirect_time": 0.003523947999999777,
        "build_auth_time": 0.0010513560000000588,
        "login_time": 0.002450279999999694,
        "acs_dispatch_time": 0.004454962999999701,
        "finish_acs_dispatch_time": 0.020934846999999923
    },
    "t_user_28": {
        "redirect_time": 0.0033569659999996837,
        "build_auth_time": 0.0009021869999998877,
        "login_time": 0.0024295620000001072,
        "acs_dispatch_time": 0.0043218390000001605,
        "finish_acs_dispatch_time": 0.06084161300000002
    },
    "t_user_29": {
        "redirect_time": 0.0034376260000001935,
        "build_auth_time": 0.0010065310000002547,
        "login_time": 0.0024087829999999144,
        "acs_dispatch_time": 0.003755157999999703,
        "finish_acs_dispatch_time": 0.0180063490000002
    },