{
    "t_user_1": {
        "redirect_time": 0.0033044980000000446,
        "build_auth_time": 0.0009019259999999973,
        "login_time": 0.0023768040000000656,
        "acs_dispatch_time": 0.0032513379999999925,
        "finish_acs_dispatch_time": 0.01742684800000005
    },
    "t_user_2": {
        "redirect_time": 0.003406126999999981,
        "build_auth_time": 0.0011070589999999658,
        "login_time": 0.002274511999999951,
        "acs_dispatch_time": 0.004232270000000038,
        "finish_acs_dispatch_time": 0.022381631000000013
    },
    "t_user_3": {
        "redirect_time": 0.00397728399999997,
        "build_auth_time": 0.0016283529999999713,
        "login_time": 0.0023258980000000484,
        "acs_dispatch_time": 0.0035639830000000483,
        "finish_acs_dispatch_time": 0.019894429999999907
    },
    "t_user_4": {
        "redirect_time": 0.0032522280000000237,
        "build_auth_time": 0.0009217719999999874,
        "login_time": 0.0023082039999999804,
        "acs_dispatch_time": 0.003022058000000105,
        "finish_acs_dispatch_time": 0.017065530999999967
    },
    "t_user_5": {
        "redirect_time": 0.0032634900000000355,
        "build_auth_time": 0.0009140000000000814,
        "login_time": 0.0023169789999999413,
        "acs_dispatch_time": 0.0031018470000000464,
        "finish_acs_dispatch_time": 0.019435239999999965
    },
    "t_user_6": {
        "redirect_time": 0.0032364999999999755,
        "build_auth_time": 0.000946349000000013,
        "login_time": 0.0022668279999999985,
        "acs_dispatch_time": 0.003147114999999978,
        "finish_acs_dispatch_time": 0.022485124999999995
    },
    "t_user_7": {
        "redirect_time": 0.003425970999999972,
        "build_auth_time": 0.0010062809999999978,
        "login_time": 0.002388151000000005,
        "acs_dispatch_time": 0.004173626000000041,
        "finish_acs_dispatch_time": 0.01800234100000009
    },
    "t_user_8": {
        "redirect_time": 0.003434568999999943,
        "build_auth_time": 0.0009478410000000048,
        "login_time": 0.0024613909999999795,
        "acs_dispatch_time": 0.004656125000000122,
        "finish_acs_dispatch_time": 0.01744912399999987
    },
    "t_user_9": {
        "redirect_time": 0.0032978149999999262,
        "build_auth_time": 0.0009486029999999923,
        "login_time": 0.002320839000000019,
        "acs_dispatch_time": 0.003297737000000023,
        "finish_acs_dispatch_time": 0.0177884370000001
    },
    "t_user_10": {
        "redirect_time": 0.003376892999999992,
        "build_auth_time": 0.0009759839999998743,
        "login_time": 0.0023731380000000524,
        "acs_dispatch_time": 0.0035797210000001467,
        "finish_acs_dispatch_time": 0.017775268000000066
    },
    "t_user_11": {
        "redirect_time": 0.0031929280000000393,
        "build_auth_time": 0.0009240480000001217,
        "login_time": 0.0022479819999998707,
        "acs_dispatch_time": 0.0034814480000000536,
        "finish_acs_dispatch_time": 0.01796093700000001
    },
    "t_user_12": {
        "redirect_time": 0.0032694410000000396,
        "build_auth_time": 0.0009317909999999596,
        "login_time": 0.0023131849999999954,
        "acs_dispatch_time": 0.003743991000000113,
        "finish_acs_dispatch_time": 0.022348524000000092
    },
    "t_user_13": {
        "redirect_time": 0.003386858000000048,
        "build_auth_time": 0.000912416000000027,
        "login_time": 0.002447131000000047,
        "acs_dispatch_time": 0.0032659150000000636,
        "finish_acs_dispatch_time": 0.017624405999999926
    },
    "t_user_14": {
        "redirect_time": 0.003176827999999965,
        "build_auth_time": 0.0008816979999999308,
        "login_time": 0.002272798999999992,
        "acs_dispatch_time": 0.0036662339999997684,
        "finish_acs_dispatch_time": 0.018993272999999977
    },
    "t_user_15": {
        "redirect_time": 0.0036237830000001026,
        "build_auth_time": 0.0010059190000002438,
        "login_time": 0.00258470200000005,
        "acs_dispatch_time": 0.0039747010000001914,
        "finish_acs_dispatch_time": 0.018494473999999705
    },
    "t_user_16": {
        "redirect_time": 0.0032524789999999193,
        "build_auth_time": 0.0009167640000002919,
        "login_time": 0.0023125619999997404,
        "acs_dispatch_time": 0.0036387730000000396,
        "finish_acs_dispatch_time": 0.019608643999999842
    },
    "t_user_17": {
        "redirect_time": 0.003258572000000015,
        "build_auth_time": 0.0009635609999998351,
        "login_time": 0.002271126000000123,
        "acs_dispatch_time": 0.0036717249999997925,
        "finish_acs_dispatch_time": 0.017865709000000063
    },
    "t_user_18": {
        "redirect_time": 0.0031370729999999902,
        "build_auth_time": 0.0008867069999998201,
        "login_time": 0.0022279240000000478,
        "acs_dispatch_time": 0.003643669000000127,
        "finish_acs_dispatch_time": 0.01821349700000008
    },
    "t_user_19": {
        "redirect_time": 0.003259304000000185,
        "build_auth_time": 0.0009663560000001681,
        "login_time": 0.0022733409999999843,
        "acs_dispatch_time": 0.0037241020000000624,
        "finish_acs_dispatch_time": 0.016596762000000265
    },
    "t_user_20": {
        "redirect_time": 0.0031594859999999336,
        "build_auth_time": 0.0008757269999999373,
        "login_time": 0.002257961000000197,
        "acs_dispatch_time": 0.003446251000000178,
        "finish_acs_dispatch_time": 0.019157816999999966
    },
    "t_user_21": {
        "redirect_time": 0.003230488999999892,
        "build_auth_time": 0.000928766999999997,
        "login_time": 0.002279181000000019,
        "acs_dispatch_time": 0.0037565210000001237,
        "finish_acs_dispatch_time": 0.021650740000000113
    },
    "t_user_22": {
        "redirect_time": 0.003205000999999985,
        "build_auth_time": 0.0009198189999999329,
        "login_time": 0.002260544999999947,
        "acs_dispatch_time": 0.00383227400000008,
        "finish_acs_dispatch_time": 0.01814787700000009
    },
    "t_user_23": {
        "redirect_time": 0.003362394999999907,
        "build_auth_time": 0.0009824959999997773,
        "login_time": 0.0023549730000000935,
        "acs_dispatch_time": 0.003564714999999996,
        "finish_acs_dispatch_time": 0.017452546000000346
    },
    "t_user_24": {
        "redirect_time": 0.003237120999999732,
        "build_auth_time": 0.0009100709999998458,
        "login_time": 0.0023046280000000863,
        "acs_dispatch_time": 0.004222484000000026,
        "finish_acs_dispatch_time": 0.02075827500000038
    },
    "t_user_25": {
        "redirect_time": 0.0035713660000000758,
        "build_auth_time": 0.0010784660000000557,
        "login_time": 0.0024650180000000965,
        "acs_dispatch_time": 0.0036124140000000082,
        "finish_acs_dispatch_time": 0.019917646000000122
    },
    "t_user_26": {
        "redirect_time": 0.003333993000000035,
        "build_auth_time": 0.000982327000000005,
        "login_time": 0.0023201269999999496,
        "acs_dispatch_time": 0.003522683999999998,
        "finish_acs_dispatch_time": 0.01903730800000014
    },
    "t_user_28": {
        "redirect_time": 0.0033374299999997525,
        "build_auth_time": 0.0010105289999997602,
        "login_time": 0.0023015330000002443,
        "acs_dispatch_time": 0.003725623999999872,
        "finish_acs_dispatch_time": 0.01821302899999999
    },
    "t_user_27": {
        "redirect_time": 0.003244454999999924,
        "build_auth_time": 0.0009476620000001823,
        "login_time": 0.0022741109999997455,
        "acs_dispatch_time": 0.003070960000000067,
        "finish_acs_dispatch_time": 0.017324050000000035
    },
    "t_user_29": {
        "redirect_time": 0.003318632999999682,
        "build_auth_time": 0.0009771160000000556,
        "login_time": 0.0023176919999996493,
        "acs_dispatch_time": 0.003288385999999921,
        "finish_acs_dispatch_time": 0.017474537000000012
    },