{
    "t_user_1": {
        "redirect_time": 0.003202697000000032,
        "build_auth_time": 0.0008760979999999918,
        "login_time": 0.0023051999999999517,
        "acs_dispatch_time": 0.003058688000000087,
        "finish_acs_dispatch_time": 0.0179634580000001
    },
    "t_user_2": {
        "redirect_time": 0.0032148100000000124,
        "build_auth_time": 0.0009113740000000758,
        "login_time": 0.002284320999999978,
        "acs_dispatch_time": 0.003185605999999952,
        "finish_acs_dispatch_time": 0.019515881000000013
    },
    "t_user_3": {
        "redirect_time": 0.003702199999999989,
        "build_auth_time": 0.001410537000000045,
        "login_time": 0.0022678889999999674,
        "acs_dispatch_time": 0.004061653000000054,
        "finish_acs_dispatch_time": 0.024251091999999974
    },
    "t_user_4": {
        "redirect_time": 0.0037831640000000055,
        "build_auth_time": 0.001237823999999943,
        "login_time": 0.0025253330000000185,
        "acs_dispatch_time": 0.0028551980000000032,
        "finish_acs_dispatch_time": 0.02003358700000002
    },
    "t_user_5": {
        "redirect_time": 0.003132495000000013,
        "build_auth_time": 0.0008923979999999609,
        "login_time": 0.0022207220000000083,
        "acs_dispatch_time": 0.003577797000000049,
        "finish_acs_dispatch_time": 0.01847650699999992
    },
    "t_user_6": {
        "redirect_time": 0.00324584799999994,
        "build_auth_time": 0.0008877599999999042,
        "login_time": 0.002339453000000047,
        "acs_dispatch_time": 0.004442032999999901,
        "finish_acs_dispatch_time": 0.021599729000000067
    },
    "t_user_7": {
        "redirect_time": 0.003286742999999981,
        "build_auth_time": 0.0009257309999999297,
        "login_time": 0.0023412959999999927,
        "acs_dispatch_time": 0.003710837000000078,
        "finish_acs_dispatch_time": 0.018999497000000032
    },
    "t_user_8": {
        "redirect_time": 0.0032968939999999947,
        "build_auth_time": 0.0009749130000000772,
        "login_time": 0.0023043080000000327,
        "acs_dispatch_time": 0.003966823999999924,
        "finish_acs_dispatch_time": 0.017975434000000012
    },
    "t_user_9": {
        "redirect_time": 0.003333341999999906,
        "build_auth_time": 0.0009348179999999484,
        "login_time": 0.002377505000000113,
        "acs_dispatch_time": 0.003760860000000088,
        "finish_acs_dispatch_time": 0.01763492000000011
    },
    "t_user_10": {
        "redirect_time": 0.0032567570000001655,
        "build_auth_time": 0.0008697560000001658,
        "login_time": 0.0023660209999998294,
        "acs_dispatch_time": 0.004356553000000041,
        "finish_acs_dispatch_time": 0.022579393000000003
    },
    "t_user_11": {
        "redirect_time": 0.003337257999999954,
        "build_auth_time": 0.0009364609999999995,
        "login_time": 0.002362705999999992,
        "acs_dispatch_time": 0.0036012519999999437,
        "finish_acs_dispatch_time": 0.019838511000000114
    },
    "t_user_12": {
        "redirect_time": 0.0033747809999999934,
        "build_auth_time": 0.0009582320000001143,
        "login_time": 0.0023958699999999666,
        "acs_dispatch_time": 0.003782739000000035,
        "finish_acs_dispatch_time": 0.02076518100000002
    },
    "t_user_13": {
        "redirect_time": 0.0034606489999999823,
        "build_auth_time": 0.0010364060000001007,
        "login_time": 0.0023981439999998244,
        "acs_dispatch_time": 0.0036963910000000766,
        "finish_acs_dispatch_time": 0.01677685299999987
    },
    "t_user_14": {
        "redirect_time": 0.0035694920000000074,
        "build_auth_time": 0.001068727000000047,
        "login_time": 0.0024751870000001563,
        "acs_dispatch_time": 0.003258579999999789,
        "finish_acs_dispatch_time": 0.016889345000000056
    },
    "t_user_15": {
        "redirect_time": 0.0030685470000002546,
        "build_auth_time": 0.0008629150000003527,
        "login_time": 0.0021872179999999908,
        "acs_dispatch_time": 0.003746473999999722,
        "finish_acs_dispatch_time": 0.01720229299999998
    },
    "t_user_16": {
        "redirect_time": 0.0035284170000000614,
        "build_auth_time": 0.0010105400000002263,
        "login_time": 0.0024817089999999986,
        "acs_dispatch_time": 0.0034356920000000457,
        "finish_acs_dispatch_time": 0.017418102000000157
    },
    "t_user_17": {
        "redirect_time": 0.0033031140000003845,
        "build_auth_time": 0.0009285260000000406,
        "login_time": 0.002352947999999966,
        "acs_dispatch_time": 0.003789213999999763,
        "finish_acs_dispatch_time": 0.019303351999999663
    },
    "t_user_18": {
        "redirect_time": 0.0033175499999997804,
        "build_auth_time": 0.0009879159999997,
        "login_time": 0.0023094459999999373,
        "acs_dispatch_time": 0.003661294000000037,
        "finish_acs_dispatch_time": 0.017753083999999753
    },
    "t_user_19": {
        "redirect_time": 0.0034313049999998846,
        "build_auth_time": 0.0008991009999999022,
        "login_time": 0.002512097000000324,
        "acs_dispatch_time": 0.0035954930000001717,
        "finish_acs_dispatch_time": 0.017696313999999713
    },
    "t_user_20": {
        "redirect_time": 0.003341757999999917,
        "build_auth_time": 0.0009182070000002263,
        "login_time": 0.0024027219999998017,
        "acs_dispatch_time": 0.0038996099999999423,
        "finish_acs_dispatch_time": 0.018015969999999992
    },
    "t_user_21": {
        "redirect_time": 0.0032905880000000387,
        "build_auth_time": 0.0008985290000000923,
        "login_time": 0.0023698469999997585,
        "acs_dispatch_time": 0.003579835000000031,
        "finish_acs_dispatch_time": 0.017473053999999877
    },
    "t_user_22": {
        "redirect_time": 0.0032640109999997335,
        "build_auth_time": 0.0009122150000000495,
        "login_time": 0.002329884999999976,
        "acs_dispatch_time": 0.0034645460000000128,
        "finish_acs_dispatch_time": 0.017603237999999966
    },
    "t_user_23": {
        "redirect_time": 0.003230398999999995,
        "build_auth_time": 0.0008785129999999697,
        "login_time": 0.0023283219999998828,
        "acs_dispatch_time": 0.0037958950000001046,
        "finish_acs_dispatch_time": 0.019758047999999917
    },
    "t_user_24": {
        "redirect_time": 0.003316180000000113,
        "build_auth_time": 0.0009583609999999076,
        "login_time": 0.00233721099999995,
        "acs_dispatch_time": 0.0037556530000002475,
        "finish_acs_dispatch_time": 0.017418146999999884
    },
    "t_user_25": {
        "redirect_time": 0.004327850999999772,
        "build_auth_time": 0.0013526189999999438,
        "login_time": 0.002943962999999883,
        "acs_dispatch_time": 0.0036046259999999997,
        "finish_acs_dispatch_time": 0.017425105000000052
    },
    "t_user_26": {
        "redirect_time": 0.0032240359999997636,
        "build_auth_time": 0.0008805859999996279,
        "login_time": 0.0023207680000001396,
        "acs_dispatch_time": 0.003460515999999636,
        "finish_acs_dispatch_time": 0.016846257000000087
    },
    "t_user_27": {
        "redirect_time": 0.003244834999999835,
        "build_auth_time": 0.000900082999999885,
        "login_time": 0.002325214999999936,
        "acs_dispatch_time": 0.003141391999999854,
        "finish_acs_dispatch_time": 0.017819370999999862
    },
    "t_user_28": {
        "redirect_time": 0.0031607889999998307,
        "build_auth_time": 0.000894852000000057,
        "login_time": 0.0022456589999997334,
        "acs_dispatch_time": 0.0034265079999999948,
        "finish_acs_dispatch_time": 0.019461892999999897
    },
    "t_user_29": {
        "redirect_time": 0.003168023999999825,
        "build_auth_time": 0.0008753069999998253,
        "login_time": 0.0022568000000000588,
        "acs_dispatch_time": 0.003461913000000205,
        "finish_acs_dispatch_time": 0.01910936399999974
    },