{
    "t_user_1": {
        "redirect_time": 0.003231040000000074,
        "build_auth_time": 0.000893169000000027,
        "login_time": 0.0023177239999999655,
        "acs_dispatch_time": 0.004030976999999991,
        "finish_acs_dispatch_time": 0.018186758999999997
    },
    "t_user_2": {
        "redirect_time": 0.0031748160000000247,
        "build_auth_time": 0.0009425720000000304,
        "login_time": 0.00220712699999992,
        "acs_dispatch_time": 0.004171456000000018,
        "finish_acs_dispatch_time": 0.019680275999999886
    },
    "t_user_3": {
        "redirect_time": 0.0037669900000000256,
        "build_auth_time": 0.0014542479999999358,
        "login_time": 0.0022829260000000184,
        "acs_dispatch_time": 0.004858809999999991,
        "finish_acs_dispatch_time": 0.024889974000000037
    },
    "t_user_4": {
        "redirect_time": 0.003215010000000018,
        "build_auth_time": 0.0009271830000000536,
        "login_time": 0.0022595149999999897,
        "acs_dispatch_time": 0.003807998999999951,
        "finish_acs_dispatch_time": 0.0185088590000001
    },
    "t_user_5": {
        "redirect_time": 0.0032235559999999053,
        "build_auth_time": 0.0009797309999999282,
        "login_time": 0.0022239280000000416,
        "acs_dispatch_time": 0.0033586220000000333,
        "finish_acs_dispatch_time": 0.020317186999999848
    },
    "t_user_6": {
        "redirect_time": 0.0033231599999999917,
        "build_auth_time": 0.0009607550000000353,
        "login_time": 0.0023371189999999986,
        "acs_dispatch_time": 0.0031257230000000247,
        "finish_acs_dispatch_time": 0.01967846200000012
    },
    "t_user_7": {
        "redirect_time": 0.003187379000000101,
        "build_auth_time": 0.0009152210000000771,
        "login_time": 0.0022485839999999424,
        "acs_dispatch_time": 0.0038711449999999648,
        "finish_acs_dispatch_time": 0.019231801000000104
    },
    "t_user_8": {
        "redirect_time": 0.0032334549999999407,
        "build_auth_time": 0.0009294779999999836,
        "login_time": 0.0022809740000000467,
        "acs_dispatch_time": 0.003154756999999897,
        "finish_acs_dispatch_time": 0.017876916999999937
    },
    "t_user_9": {
        "redirect_time": 0.0031574730000001328,
        "build_auth_time": 0.0008726210000000734,
        "login_time": 0.0022598350000000433,
        "acs_dispatch_time": 0.003837284000000052,
        "finish_acs_dispatch_time": 0.01846477499999999
    },
    "t_user_10": {
        "redirect_time": 0.003374117000000121,
        "build_auth_time": 0.0009678589999999598,
        "login_time": 0.002382985000000115,
        "acs_dispatch_time": 0.0037649699999999786,
        "finish_acs_dispatch_time": 0.018639389999999922
    },
    "t_user_11": {
        "redirect_time": 0.0031467020000000012,
        "build_auth_time": 0.0008775299999999042,
        "login_time": 0.00224596900000007,
        "acs_dispatch_time": 0.003965431999999991,
        "finish_acs_dispatch_time": 0.02043307299999997
    },
    "t_user_12": {
        "redirect_time": 0.0032194580000000084,
        "build_auth_time": 0.0009300590000000941,
        "login_time": 0.0022615470000000304,
        "acs_dispatch_time": 0.003753974999999965,
        "finish_acs_dispatch_time": 0.01881275299999996
    },
    "t_user_14": {
        "redirect_time": 0.003362558000000071,
        "build_auth_time": 0.0009757950000000015,
        "login_time": 0.0023594010000000942,
        "acs_dispatch_time": 0.0031630370000002017,
        "finish_acs_dispatch_time": 0.01802903599999972
    },
    "t_user_13": {
        "redirect_time": 0.0032446450000001015,
        "build_auth_time": 0.000941910999999962,
        "login_time": 0.0022798920000000056,
        "acs_dispatch_time": 0.0036167199999996846,
        "finish_acs_dispatch_time": 0.01851812300000022
    },
    "t_user_15": {
        "redirect_time": 0.0033992840000003355,
        "build_auth_time": 0.0009639329999999724,
        "login_time": 0.0024087510000003753,
        "acs_dispatch_time": 0.003830341000000015,
        "finish_acs_dispatch_time": 0.019945837999999938
    },
    "t_user_16": {
        "redirect_time": 0.00325528499999983,
        "build_auth_time": 0.0009441340000000409,
        "login_time": 0.002287035999999798,
        "acs_dispatch_time": 0.004220990999999952,
        "finish_acs_dispatch_time": 0.020025663999999832
    },
    "t_user_17": {
        "redirect_time": 0.0031468019999998376,
        "build_auth_time": 0.0009145789999998044,
        "login_time": 0.0022075959999998673,
        "acs_dispatch_time": 0.0037356530000001165,
        "finish_acs_dispatch_time": 0.020370428999999746
    },
    "t_user_18": {
        "redirect_time": 0.003400124999999754,
        "build_auth_time": 0.0009020469999998504,
        "login_time": 0.0024732720000000263,
        "acs_dispatch_time": 0.003909216999999909,
        "finish_acs_dispatch_time": 0.018843820999999927
    },
    "t_user_19": {
        "redirect_time": 0.0035966240000000482,
        "build_auth_time": 0.0010215289999999655,
        "login_time": 0.002551390999999903,
        "acs_dispatch_time": 0.003853612999999978,
        "finish_acs_dispatch_time": 0.01879872500000035
    },
    "t_user_20": {
        "redirect_time": 0.0035056230000001243,
        "build_auth_time": 0.0009510669999999166,
        "login_time": 0.002524689999999996,
        "acs_dispatch_time": 0.0038845040000001774,
        "finish_acs_dispatch_time": 0.018160586000000034
    },
    "t_user_21": {
        "redirect_time": 0.003903838999999909,
        "build_auth_time": 0.0015480439999997486,
        "login_time": 0.0023338939999999475,
        "acs_dispatch_time": 0.003894832999999931,
        "finish_acs_dispatch_time": 0.018945160999999988
    },
    "t_user_22": {
        "redirect_time": 0.003375459999999997,
        "build_auth_time": 0.0009246680000001284,
        "login_time": 0.002421667999999766,
        "acs_dispatch_time": 0.0038072580000001466,
        "finish_acs_dispatch_time": 0.01995778000000037
    },
    "t_user_23": {
        "redirect_time": 0.003242981999999728,
        "build_auth_time": 0.000887948999999999,
        "login_time": 0.0023315689999998668,
        "acs_dispatch_time": 0.003748327999999912,
        "finish_acs_dispatch_time": 0.018745193999999632
    },
    "t_user_24": {
        "redirect_time": 0.0033941039999998424,
        "build_auth_time": 0.0009763650000000901,
        "login_time": 0.0023938650000001616,
        "acs_dispatch_time": 0.005470507000000069,
        "finish_acs_dispatch_time": 0.018083354999999912
    },
    "t_user_25": {
        "redirect_time": 0.003321051999999991,
        "build_auth_time": 0.0009391260000000123,
        "login_time": 0.0023582410000000387,
        "acs_dispatch_time": 0.004569263999999684,
        "finish_acs_dispatch_time": 0.018038548999999904
    },
    "t_user_26": {
        "redirect_time": 0.0032603870000000867,
        "build_auth_time": 0.0009388760000001994,
        "login_time": 0.0022898219999998304,
        "acs_dispatch_time": 0.003567626000000157,
        "finish_acs_dispatch_time": 0.01677443799999967
    },
    "t_user_27": {
        "redirect_time": 0.0031297999999999604,
        "build_auth_time": 0.0008974569999997684,
        "login_time": 0.0022113640000003265,
        "acs_dispatch_time": 0.0035591739999998318,
        "finish_acs_dispatch_time": 0.017758591000000212
    },
    "t_user_28": {
        "redirect_time": 0.0033470050000001805,
        "build_auth_time": 0.0009962429999998967,
        "login_time": 0.0023259960000001634,
        "acs_dispatch_time": 0.0034214590000001266,
        "finish_acs_dispatch_time": 0.018212468999999842
    },
    "t_user_29": {
        "redirect_time": 0.0034530649999999774,
        "build_auth_time": 0.0010557329999998366,
        "login_time": 0.0023729960000000716,
        "acs_dispatch_time": 0.003692020000000351,
        "finish_acs_dispatch_time": 0.04842715199999992
    },