{
    "t_user_1": {
        "redirect_time": 0.0031565800000000754,
        "build_auth_time": 0.0009162120000000273,
        "login_time": 0.0022214529999999844,
        "acs_dispatch_time": 0.0034840839999999984,
        "finish_acs_dispatch_time": 0.019310519000000026
    },
    "t_user_2": {
        "redirect_time": 0.0036117120000001,
        "build_auth_time": 0.0010571960000000935,
        "login_time": 0.0025318340000000106,
        "acs_dispatch_time": 0.0037547470000000027,
        "finish_acs_dispatch_time": 0.018699976999999923
    },
    "t_user_3": {
        "redirect_time": 0.004052242999999955,
        "build_auth_time": 0.0017385389999999834,
        "login_time": 0.0022907509999999798,
        "acs_dispatch_time": 0.0035153890000000354,
        "finish_acs_dispatch_time": 0.017901567000000007
    },
    "t_user_4": {
        "redirect_time": 0.003384265999999969,
        "build_auth_time": 0.0009520589999999496,
        "login_time": 0.0023980030000000374,
        "acs_dispatch_time": 0.004595369000000016,
        "finish_acs_dispatch_time": 0.024325668999999994
    },
    "t_user_5": {
        "redirect_time": 0.003480806000000003,
        "build_auth_time": 0.0009734089999999807,
        "login_time": 0.0024846339999999856,
        "acs_dispatch_time": 0.003345743999999984,
        "finish_acs_dispatch_time": 0.02275282600000006
    },
    "t_user_6": {
        "redirect_time": 0.003274741999999997,
        "build_auth_time": 0.0009320029999999591,
        "login_time": 0.002319546000000061,
        "acs_dispatch_time": 0.004935006000000186,
        "finish_acs_dispatch_time": 0.019803505000000055
    },
    "t_user_7": {
        "redirect_time": 0.003523075000000042,
        "build_auth_time": 0.0010185639999999996,
        "login_time": 0.0024804959999999987,
        "acs_dispatch_time": 0.004078744999999939,
        "finish_acs_dispatch_time": 0.020159276999999864
    },
    "t_user_8": {
        "redirect_time": 0.0033856580000000136,
        "build_auth_time": 0.0009946590000000644,
        "login_time": 0.002362044999999924,
        "acs_dispatch_time": 0.004268679999999803,
        "finish_acs_dispatch_time": 0.01959517799999988
    },
    "t_user_9": {
        "redirect_time": 0.003315986999999909,
        "build_auth_time": 0.000961747999999929,
        "login_time": 0.0023318279999999802,
        "acs_dispatch_time": 0.0037765570000001247,
        "finish_acs_dispatch_time": 0.022031887000000028
    },
    "t_user_10": {
        "redirect_time": 0.00338140000000009,
        "build_auth_time": 0.0010266790000001969,
        "login_time": 0.002332078999999876,
        "acs_dispatch_time": 0.003978027000000051,
        "finish_acs_dispatch_time": 0.02132735600000002
    },
    "t_user_11": {
        "redirect_time": 0.003567408000000105,
        "build_auth_time": 0.0012239979999999484,
        "login_time": 0.0023146259999999863,
        "acs_dispatch_time": 0.0037173180000000805,
        "finish_acs_dispatch_time": 0.019298660999999884
    },
    "t_user_13": {
        "redirect_time": 0.003283157999999897,
        "build_auth_time": 0.0009482830000000497,
        "login_time": 0.0023142959999999935,
        "acs_dispatch_time": 0.004480845000000233,
        "finish_acs_dispatch_time": 0.021644192999999756
    },
    "t_user_14": {
        "redirect_time": 0.00322659000000014,
        "build_auth_time": 0.0009373319999999019,
        "login_time": 0.002267516999999941,
        "acs_dispatch_time": 0.0038223859999999554,
        "finish_acs_dispatch_time": 0.02201066099999993
    },
    "t_user_12": {
        "redirect_time": 0.00404332800000029,
        "build_auth_time": 0.0013642000000002596,
        "login_time": 0.0026582189999997397,
        "acs_dispatch_time": 0.0050300739999999955,
        "finish_acs_dispatch_time": 0.020268393999999912
    },
    "t_user_15": {
        "redirect_time": 0.003427256000000156,
        "build_auth_time": 0.001012282000000031,
        "login_time": 0.0023914800000000014,
        "acs_dispatch_time": 0.004194222000000192,
        "finish_acs_dispatch_time": 0.023190803999999954
    },
    "t_user_16": {
        "redirect_time": 0.0033229110000001505,
        "build_auth_time": 0.0009368009999999316,
        "login_time": 0.002353589000000156,
        "acs_dispatch_time": 0.004831111999999749,
        "finish_acs_dispatch_time": 0.028925098999999843
    },
    "t_user_17": {
        "redirect_time": 0.0033379590000000015,
        "build_auth_time": 0.0009885579999999727,
        "login_time": 0.002328853000000297,
        "acs_dispatch_time": 0.0037541260000000243,
        "finish_acs_dispatch_time": 0.020061019999999985
    },
    "t_user_18": {
        "redirect_time": 0.0032029970000002628,
        "build_auth_time": 0.0009287750000002148,
        "login_time": 0.0022435449999997914,
        "acs_dispatch_time": 0.004782630999999871,
        "finish_acs_dispatch_time": 0.018078419000000068
    },
    "t_user_19": {
        "redirect_time": 0.003745913000000378,
        "build_auth_time": 0.0010923410000001077,
        "login_time": 0.0026203399999999988,
        "acs_dispatch_time": 0.0038968440000002325,
        "finish_acs_dispatch_time": 0.020526840000000046
    },
    "t_user_20": {
        "redirect_time": 0.003882586000000021,
        "build_auth_time": 0.001174874000000159,
        "login_time": 0.002681182999999976,
        "acs_dispatch_time": 0.0044946390000002445,
        "finish_acs_dispatch_time": 0.021104548999999917
    },
    "t_user_21": {
        "redirect_time": 0.003699075000000107,
        "build_auth_time": 0.0011215280000000938,
        "login_time": 0.0025463489999997257,
        "acs_dispatch_time": 0.004450922999999829,
        "finish_acs_dispatch_time": 0.020630520000000097
    },
    "t_user_22": {
        "redirect_time": 0.004198138000000018,
        "build_auth_time": 0.0012858829999999877,
        "login_time": 0.002871489000000338,
        "acs_dispatch_time": 0.004608270999999942,
        "finish_acs_dispatch_time": 0.024339463000000006
    },
    "t_user_23": {
        "redirect_time": 0.003857471999999973,
        "build_auth_time": 0.001208748999999898,
        "login_time": 0.0026142380000000465,
        "acs_dispatch_time": 0.0032838590000001666,
        "finish_acs_dispatch_time": 0.019746978999999776
    },
    "t_user_24": {
        "redirect_time": 0.003780476000000199,
        "build_auth_time": 0.00114524100000013,
        "login_time": 0.0026131440000001227,
        "acs_dispatch_time": 0.005584980000000073,
        "finish_acs_dispatch_time": 0.01866122800000003
    },
    "t_user_25": {
        "redirect_time": 0.003393394999999799,
        "build_auth_time": 0.0010267409999999977,
        "login_time": 0.0023432699999998974,
        "acs_dispatch_time": 0.004631918999999929,
        "finish_acs_dispatch_time": 0.021401658999999906
    },
    "t_user_26": {
        "redirect_time": 0.003350321999999739,
        "build_auth_time": 0.0009389650000000138,
        "login_time": 0.0023878129999999054,
        "acs_dispatch_time": 0.004992952999999911,
        "finish_acs_dispatch_time": 0.01930658800000007
    },
    "t_user_27": {
        "redirect_time": 0.003537762000000111,
        "build_auth_time": 0.0009679289999997565,
        "login_time": 0.0025186870000002415,
        "acs_dispatch_time": 0.004955133000000167,
        "finish_acs_dispatch_time": 0.02406998699999985
    },
    "t_user_28": {
        "redirect_time": 0.003104621999999946,
        "build_auth_time": 0.0008713679999998725,
        "login_time": 0.002194312000000309,
        "acs_dispatch_time": 0.004042224999999178,
        "finish_acs_dispatch_time": 0.020611571999999967
    },
    "t_user_29": {
        "redirect_time": 0.0034604780000000446,
        "build_auth_time": 0.0009962429999994526,
        "login_time": 0.002438497000000872,
        "acs_dispatch_time": 0.003984471999999961,
        "finish_acs_dispatch_time": 0.01754522900000044
    },