{
    "t_user_1": {
        "redirect_time": 0.0032916339999999877,
        "build_auth_time": 0.0008942109999999781,
        "login_time": 0.0023693800000000875,
        "acs_dispatch_time": 0.003036979999999967,
        "finish_acs_dispatch_time": 0.01733016799999998
    },
    "t_user_2": {
        "redirect_time": 0.003184382000000041,
        "build_auth_time": 0.000927815000000054,
        "login_time": 0.002236298999999997,
        "acs_dispatch_time": 0.0028699450000000404,
        "finish_acs_dispatch_time": 0.015573516999999981
    },
    "t_user_3": {
        "redirect_time": 0.0038397660000000222,
        "build_auth_time": 0.0015662660000000939,
        "login_time": 0.0022535320000000025,
        "acs_dispatch_time": 0.002972313999999976,
        "finish_acs_dispatch_time": 0.020973048999999966
    },
    "t_user_4": {
        "redirect_time": 0.003148885999999962,
        "build_auth_time": 0.0008720599999999523,
        "login_time": 0.0022417810000000538,
        "acs_dispatch_time": 0.003968587000000023,
        "finish_acs_dispatch_time": 0.018284393000000065
    },
    "t_user_5": {
        "redirect_time": 0.0031719789999999914,
        "build_auth_time": 0.0008768089999999784,
        "login_time": 0.002269211999999965,
        "acs_dispatch_time": 0.003923585000000007,
        "finish_acs_dispatch_time": 0.021701685000000026
    },
    "t_user_6": {
        "redirect_time": 0.003600953999999934,
        "build_auth_time": 0.001016581999999988,
        "login_time": 0.0025561490000000076,
        "acs_dispatch_time": 0.0028899510000000017,
        "finish_acs_dispatch_time": 0.018123392999999988
    },
    "t_user_7": {
        "redirect_time": 0.0031983470000001013,
        "build_auth_time": 0.0009056820000000743,
        "login_time": 0.002264592999999926,
        "acs_dispatch_time": 0.003820197000000025,
        "finish_acs_dispatch_time": 0.018068838999999892
    },
    "t_user_8": {
        "redirect_time": 0.004341536999999951,
        "build_auth_time": 0.001924448000000023,
        "login_time": 0.0023896179999999267,
        "acs_dispatch_time": 0.003942570999999839,
        "finish_acs_dispatch_time": 0.0172831739999999
    },
    "t_user_9": {
        "redirect_time": 0.003337960999999945,
        "build_auth_time": 0.0010352459999998231,
        "login_time": 0.002280212000000059,
        "acs_dispatch_time": 0.0038822869999999288,
        "finish_acs_dispatch_time": 0.019173070999999986
    },
    "t_user_10": {
        "redirect_time": 0.003309044999999955,
        "build_auth_time": 0.0009560469999998489,
        "login_time": 0.0023296050000001234,
        "acs_dispatch_time": 0.0036287560000001218,
        "finish_acs_dispatch_time": 0.01883195000000004
    },
    "t_user_11": {
        "redirect_time": 0.0032822040000000108,
        "build_auth_time": 0.0009809540000000894,
        "login_time": 0.0022778459999999168,
        "acs_dispatch_time": 0.005090365999999902,
        "finish_acs_dispatch_time": 0.020800415999999933
    },
    "t_user_12": {
        "redirect_time": 0.003326047999999915,
        "build_auth_time": 0.000935488999999956,
        "login_time": 0.002363698999999997,
        "acs_dispatch_time": 0.0037036159999999096,
        "finish_acs_dispatch_time": 0.017829247999999964
    },
    "t_user_14": {
        "redirect_time": 0.0035902399999998558,
        "build_auth_time": 0.0010074619999997925,
        "login_time": 0.0025450070000001546,
        "acs_dispatch_time": 0.0041630149999996036,
        "finish_acs_dispatch_time": 0.018856208999999957
    },
    "t_user_13": {
        "redirect_time": 0.0032980639999999894,
        "build_auth_time": 0.0009213120000000075,
        "login_time": 0.0023542100000000232,
        "acs_dispatch_time": 0.0032444339999999627,
        "finish_acs_dispatch_time": 0.01741696199999998
    },
    "t_user_15": {
        "redirect_time": 0.0031664189999998094,
        "build_auth_time": 0.0008789130000002032,
        "login_time": 0.002266144999999664,
        "acs_dispatch_time": 0.0036303349999999845,
        "finish_acs_dispatch_time": 0.017676450000000177
    },
    "t_user_16": {
        "redirect_time": 0.003201844999999981,
        "build_auth_time": 0.0008952440000000728,
        "login_time": 0.002284819999999854,
        "acs_dispatch_time": 0.003635787999999973,
        "finish_acs_dispatch_time": 0.01852704599999999
    },
    "t_user_17": {
        "redirect_time": 0.0035410680000000916,
        "build_auth_time": 0.0010894160000001207,
        "login_time": 0.002421945999999675,
        "acs_dispatch_time": 0.0037017409999999806,
        "finish_acs_dispatch_time": 0.018583367999999822
    },
    "t_user_18": {
        "redirect_time": 0.003201103000000316,
        "build_auth_time": 0.0008711480000003213,
        "login_time": 0.0023092169999996415,
        "acs_dispatch_time": 0.004162481999999912,
        "finish_acs_dispatch_time": 0.018898371000000136
    },
    "t_user_19": {
        "redirect_time": 0.003225438999999941,
        "build_auth_time": 0.00093457699999977,
        "login_time": 0.0022688510000001827,
        "acs_dispatch_time": 0.003589891999999928,
        "finish_acs_dispatch_time": 0.01719314599999988
    },
    "t_user_20": {
        "redirect_time": 0.0031085499999998767,
        "build_auth_time": 0.0008396189999997361,
        "login_time": 0.0022470100000000492,
        "acs_dispatch_time": 0.0033952769999996413,
        "finish_acs_dispatch_time": 0.017803573000000128
    },
    "t_user_21": {
        "redirect_time": 0.003283065000000196,
        "build_auth_time": 0.0010350630000002248,
        "login_time": 0.002227582999999811,
        "acs_dispatch_time": 0.0037485290000001115,
        "finish_acs_dispatch_time": 0.019459066999999663
    },
    "t_user_22": {
        "redirect_time": 0.003257288000000358,
        "build_auth_time": 0.0009318200000003607,
        "login_time": 0.0023013039999999485,
        "acs_dispatch_time": 0.004039471000000017,
        "finish_acs_dispatch_time": 0.0201617810000001
    },
    "t_user_23": {
        "redirect_time": 0.003607592999999909,
        "build_auth_time": 0.0010621550000000646,
        "login_time": 0.00252312599999982,
        "acs_dispatch_time": 0.00408922200000017,
        "finish_acs_dispatch_time": 0.01978321499999991
    },
    "t_user_24": {
        "redirect_time": 0.0032089709999998384,
        "build_auth_time": 0.0008792049999999385,
        "login_time": 0.0022940889999998326,
        "acs_dispatch_time": 0.003499049999999837,
        "finish_acs_dispatch_time": 0.019334399000000335
    },
    "t_user_25": {
        "redirect_time": 0.003203488000000032,
        "build_auth_time": 0.0009355490000002575,
        "login_time": 0.0022440040000000216,
        "acs_dispatch_time": 0.0037165260000002753,
        "finish_acs_dispatch_time": 0.01712976700000013
    },
    "t_user_26": {
        "redirect_time": 0.003284512000000017,
        "build_auth_time": 0.0009540949999999881,
        "login_time": 0.002308165000000084,
        "acs_dispatch_time": 0.0033253150000001064,
        "finish_acs_dispatch_time": 0.017139468999999963
    },
    "t_user_27": {
        "redirect_time": 0.0032659839999999996,
        "build_auth_time": 0.0008709579999996997,
        "login_time": 0.002367084000000297,
        "acs_dispatch_time": 0.003847742000000043,
        "finish_acs_dispatch_time": 0.01871133700000005
    },
    "t_user_28": {
        "redirect_time": 0.003311980999999964,
        "build_auth_time": 0.0009365510000001187,
        "login_time": 0.0023572849999999868,
        "acs_dispatch_time": 0.0033905669999998445,
        "finish_acs_dispatch_time": 0.018705476000000054
    },
    "t_user_29": {
        "redirect_time": 0.0031266030000001166,
        "build_auth_time": 0.0008780300000004182,
        "login_time": 0.0022160519999996353,
        "acs_dispatch_time": 0.0035788189999999,
        "finish_acs_dispatch_time": 0.01841937100000024
    },