{
    "t_user_1": {
        "redirect_time": 0.0030927609999999994,
        "build_auth_time": 0.0008453199999999828,
        "login_time": 0.0022276140000000444,
        "acs_dispatch_time": 0.003936305999999945,
        "finish_acs_dispatch_time": 0.017656248999999957
    },
    "t_user_2": {
        "redirect_time": 0.003434629999999994,
        "build_auth_time": 0.0010503240000000469,
        "login_time": 0.002354409999999918,
        "acs_dispatch_time": 0.003663477000000026,
        "finish_acs_dispatch_time": 0.018969177000000004
    },
    "t_user_3": {
        "redirect_time": 0.003711134000000005,
        "build_auth_time": 0.001427267999999926,
        "login_time": 0.0022624159999999893,
        "acs_dispatch_time": 0.004043286000000035,
        "finish_acs_dispatch_time": 0.021477163999999993
    },
    "t_user_4": {
        "redirect_time": 0.0032532419999999895,
        "build_auth_time": 0.0009821650000000348,
        "login_time": 0.0022521209999999403,
        "acs_dispatch_time": 0.003921543000000027,
        "finish_acs_dispatch_time": 0.01721120900000006
    },
    "t_user_5": {
        "redirect_time": 0.0032289480000000648,
        "build_auth_time": 0.000925100000000012,
        "login_time": 0.002281516000000039,
        "acs_dispatch_time": 0.004041519000000049,
        "finish_acs_dispatch_time": 0.01781298600000003
    },
    "t_user_6": {
        "redirect_time": 0.0031919889999999507,
        "build_auth_time": 0.0008745249999999594,
        "login_time": 0.0022971270000000654,
        "acs_dispatch_time": 0.0029306289999999624,
        "finish_acs_dispatch_time": 0.016761585999999884
    },
    "t_user_7": {
        "redirect_time": 0.0031343899999999314,
        "build_auth_time": 0.0008656389999999181,
        "login_time": 0.002248404000000037,
        "acs_dispatch_time": 0.0035992769999999563,
        "finish_acs_dispatch_time": 0.01675205000000002
    },
    "t_user_8": {
        "redirect_time": 0.0032727759999999773,
        "build_auth_time": 0.0009316609999999725,
        "login_time": 0.002319694999999955,
        "acs_dispatch_time": 0.0036830380000001384,
        "finish_acs_dispatch_time": 0.018548104000000176
    },
    "t_user_9": {
        "redirect_time": 0.0031816979999998996,
        "build_auth_time": 0.0008788429999999625,
        "login_time": 0.0022817850000000917,
        "acs_dispatch_time": 0.0034107039999999866,
        "finish_acs_dispatch_time": 0.018306651999999923
    },
    "t_user_10": {
        "redirect_time": 0.003479785000000124,
        "build_auth_time": 0.0011278380000001587,
        "login_time": 0.0023217199999998606,
        "acs_dispatch_time": 0.0036211299999999724,
        "finish_acs_dispatch_time": 0.02531409100000004
    },
    "t_user_11": {
        "redirect_time": 0.0035146109999999453,
        "build_auth_time": 0.00102148000000013,
        "login_time": 0.0024706679999999537,
        "acs_dispatch_time": 0.0036734780000000633,
        "finish_acs_dispatch_time": 0.020413994999999963
    },
    "t_user_12": {
        "redirect_time": 0.003908113999999907,
        "build_auth_time": 0.001260284999999861,
        "login_time": 0.0026224620000001586,
        "acs_dispatch_time": 0.003881927999999979,
        "finish_acs_dispatch_time": 0.018957305999999896
    },
    "t_user_14": {
        "redirect_time": 0.0032463889999998496,
        "build_auth_time": 0.0009312209999998711,
        "login_time": 0.0022921350000000285,
        "acs_dispatch_time": 0.004183371999999963,
        "finish_acs_dispatch_time": 0.01977344400000014
    },
    "t_user_13": {
        "redirect_time": 0.003279813999999881,
        "build_auth_time": 0.0009197400000000577,
        "login_time": 0.0023354479999999622,
        "acs_dispatch_time": 0.0036820519999998247,
        "finish_acs_dispatch_time": 0.018604657000000024
    },
    "t_user_15": {
        "redirect_time": 0.0032777269999999525,
        "build_auth_time": 0.0009758829999997332,
        "login_time": 0.0022788710000001267,
        "acs_dispatch_time": 0.004055391000000075,
        "finish_acs_dispatch_time": 0.01920832199999989
    },
    "t_user_16": {
        "redirect_time": 0.003297435999999987,
        "build_auth_time": 0.0009664479999997866,
        "login_time": 0.002310329999999805,
        "acs_dispatch_time": 0.003770126999999679,
        "finish_acs_dispatch_time": 0.017196264000000294
    },
    "t_user_17": {
        "redirect_time": 0.00324242099999994,
        "build_auth_time": 0.0009248189999997436,
        "login_time": 0.0022962220000000144,
        "acs_dispatch_time": 0.003623745000000067,
        "finish_acs_dispatch_time": 0.017853702999999665
    },
    "t_user_18": {
        "redirect_time": 0.003203999000000124,
        "build_auth_time": 0.0009479520000001962,
        "login_time": 0.0022373719999997377,
        "acs_dispatch_time": 0.0038038710000001252,
        "finish_acs_dispatch_time": 0.01759491000000013
    },
    "t_user_19": {
        "redirect_time": 0.0032944759999997686,
        "build_auth_time": 0.0009741299999999065,
        "login_time": 0.0022997880000001913,
        "acs_dispatch_time": 0.0038627200000003192,
        "finish_acs_dispatch_time": 0.017938513999999905
    },
    "t_user_20": {
        "redirect_time": 0.0032785669999997324,
        "build_auth_time": 0.0009391249999999296,
        "login_time": 0.0023170499999998206,
        "acs_dispatch_time": 0.00370440400000005,
        "finish_acs_dispatch_time": 0.01898794799999992
    },
    "t_user_21": {
        "redirect_time": 0.003375560999999916,
        "build_auth_time": 0.0009486929999997784,
        "login_time": 0.0023938459999999218,
        "acs_dispatch_time": 0.003548324000000047,
        "finish_acs_dispatch_time": 0.0187445399999997
    },
    "t_user_22": {
        "redirect_time": 0.003269373999999825,
        "build_auth_time": 0.0009135580000001475,
        "login_time": 0.002332020999999962,
        "acs_dispatch_time": 0.004294599999999704,
        "finish_acs_dispatch_time": 0.0208667010000001
    },
    "t_user_23": {
        "redirect_time": 0.0030926700000000196,
        "build_auth_time": 0.0008568709999998703,
        "login_time": 0.002215290000000092,
        "acs_dispatch_time": 0.0034200539999997837,
        "finish_acs_dispatch_time": 0.01846776799999983
    },
    "t_user_24": {
        "redirect_time": 0.0031249200000003086,
        "build_auth_time": 0.0008633040000001202,
        "login_time": 0.0022389139999998697,
        "acs_dispatch_time": 0.004202925999999607,
        "finish_acs_dispatch_time": 0.020186970999999776
    },
    "t_user_25": {
        "redirect_time": 0.0034231889999998266,
        "build_auth_time": 0.0010916700000001,
        "login_time": 0.002307172999999718,
        "acs_dispatch_time": 0.0032109319999999997,
        "finish_acs_dispatch_time": 0.01858683399999972
    },
    "t_user_26": {
        "redirect_time": 0.0032094300000000686,
        "build_auth_time": 0.0009015360000002026,
        "login_time": 0.002280131999999657,
        "acs_dispatch_time": 0.0040279820000002076,
        "finish_acs_dispatch_time": 0.0194703559999998
    },
    "t_user_27": {
        "redirect_time": 0.0036508419999998765,
        "build_auth_time": 0.0012475599999999254,
        "login_time": 0.002381279999999819,
        "acs_dispatch_time": 0.0038091629999996712,
        "finish_acs_dispatch_time": 0.017504080000000144
    },
    "t_user_28": {
        "redirect_time": 0.0031701950000000423,
        "build_auth_time": 0.000939015000000154,
        "login_time": 0.002212193999999723,
        "acs_dispatch_time": 0.0037631739999999247,
        "finish_acs_dispatch_time": 0.017883177999999944
    },
    "t_user_29": {
        "redirect_time": 0.0031645459999998238,
        "build_auth_time": 0.0008564010000000621,
        "login_time": 0.0022845110000000446,
        "acs_dispatch_time": 0.0030312769999998324,
        "finish_acs_dispatch_time": 0.01688665300000025
    },