{
    "t_user_1": {
        "redirect_time": 0.003401717999999998,
        "build_auth_time": 0.000977828000000014,
        "login_time": 0.0023975910000000322,
        "acs_dispatch_time": 0.0033384429999999687,
        "finish_acs_dispatch_time": 0.017373033000000038
    },
    "t_user_2": {
        "redirect_time": 0.004025393000000044,
        "build_auth_time": 0.0011748959999999808,
        "login_time": 0.002828346000000037,
        "acs_dispatch_time": 0.003447987000000041,
        "finish_acs_dispatch_time": 0.018956777999999952
    },
    "t_user_3": {
        "redirect_time": 0.00399367500000003,
        "build_auth_time": 0.0016570169999999829,
        "login_time": 0.002302373000000024,
        "acs_dispatch_time": 0.004558329000000083,
        "finish_acs_dispatch_time": 0.02399364000000004
    },
    "t_user_4": {
        "redirect_time": 0.0035567390000000865,
        "build_auth_time": 0.000994631000000079,
        "login_time": 0.002540708999999919,
        "acs_dispatch_time": 0.0036687069999999933,
        "finish_acs_dispatch_time": 0.02029478699999998
    },
    "t_user_5": {
        "redirect_time": 0.003205063000000008,
        "build_auth_time": 0.0008761580000000713,
        "login_time": 0.002308707999999937,
        "acs_dispatch_time": 0.003314015000000059,
        "finish_acs_dispatch_time": 0.01946873300000007
    },
    "t_user_6": {
        "redirect_time": 0.0031273969999999762,
        "build_auth_time": 0.0008643569999999823,
        "login_time": 0.00224359399999996,
        "acs_dispatch_time": 0.003870093999999935,
        "finish_acs_dispatch_time": 0.01720093900000008
    },
    "t_user_7": {
        "redirect_time": 0.00328346700000004,
        "build_auth_time": 0.0009328029999999821,
        "login_time": 0.002328592000000018,
        "acs_dispatch_time": 0.0031854049999999745,
        "finish_acs_dispatch_time": 0.018075854000000113
    },
    "t_user_8": {
        "redirect_time": 0.003146544000000029,
        "build_auth_time": 0.0008494479999998639,
        "login_time": 0.0022720200000001523,
        "acs_dispatch_time": 0.0044145449999999364,
        "finish_acs_dispatch_time": 0.016572630999999838
    },
    "t_user_9": {
        "redirect_time": 0.0032929880000001077,
        "build_auth_time": 0.0009357910000000746,
        "login_time": 0.00232740099999984,
        "acs_dispatch_time": 0.0038004449999999856,
        "finish_acs_dispatch_time": 0.01890279699999997
    },
    "t_user_10": {
        "redirect_time": 0.0032273750000000323,
        "build_auth_time": 0.000902898999999957,
        "login_time": 0.0023059709999999622,
        "acs_dispatch_time": 0.003745439000000017,
        "finish_acs_dispatch_time": 0.018059839999999827
    },
    "t_user_11": {
        "redirect_time": 0.003398213999999955,
        "build_auth_time": 0.0010152089999999614,
        "login_time": 0.002357627999999945,
        "acs_dispatch_time": 0.0035740639999999324,
        "finish_acs_dispatch_time": 0.021341481999999967
    },
    "t_user_12": {
        "redirect_time": 0.0035147799999999396,
        "build_auth_time": 0.0009925949999998185,
        "login_time": 0.0025032400000000177,
        "acs_dispatch_time": 0.0039441339999999325,
        "finish_acs_dispatch_time": 0.01959149700000018
    },
    "t_user_13": {
        "redirect_time": 0.0034584840000000394,
        "build_auth_time": 0.0009310009999998758,
        "login_time": 0.002504690000000087,
        "acs_dispatch_time": 0.003275379999999828,
        "finish_acs_dispatch_time": 0.017730254999999584
    },
    "t_user_14": {
        "redirect_time": 0.0032593020000000195,
        "build_auth_time": 0.0009080870000000019,
        "login_time": 0.002330667000000064,
        "acs_dispatch_time": 0.003043628999999992,
        "finish_acs_dispatch_time": 0.01732695299999998
    },
    "t_user_15": {
        "redirect_time": 0.003186687999999993,
        "build_auth_time": 0.0009041309999999747,
        "login_time": 0.002262138999999941,
        "acs_dispatch_time": 0.0036825130000002204,
        "finish_acs_dispatch_time": 0.0190448980000002
    },
    "t_user_16": {
        "redirect_time": 0.005883078999999736,
        "build_auth_time": 0.0021599689999995952,
        "login_time": 0.003662377000000383,
        "acs_dispatch_time": 0.0038420820000002465,
        "finish_acs_dispatch_time": 0.01864992799999987
    },
    "t_user_17": {
        "redirect_time": 0.003630327000000211,
        "build_auth_time": 0.0011232210000002851,
        "login_time": 0.0024762279999999137,
        "acs_dispatch_time": 0.0040966590000000025,
        "finish_acs_dispatch_time": 0.018505172999999875
    },
    "t_user_18": {
        "redirect_time": 0.0033188029999999813,
        "build_auth_time": 0.0009082380000000612,
        "login_time": 0.002390677999999813,
        "acs_dispatch_time": 0.00419617299999997,
        "finish_acs_dispatch_time": 0.017833099999999824
    },
    "t_user_19": {
        "redirect_time": 0.0035957829999997415,
        "build_auth_time": 0.0011865580000001152,
        "login_time": 0.002381772999999754,
        "acs_dispatch_time": 0.003835770000000238,
        "finish_acs_dispatch_time": 0.019016715999999878
    },
    "t_user_20": {
        "redirect_time": 0.0034008180000002497,
        "build_auth_time": 0.0009634410000001203,
        "login_time": 0.002416658000000016,
        "acs_dispatch_time": 0.0031346979999997693,
        "finish_acs_dispatch_time": 0.017045952000000142
    },
    "t_user_21": {
        "redirect_time": 0.0035380250000001112,
        "build_auth_time": 0.0010639290000002966,
        "login_time": 0.0024510119999998636,
        "acs_dispatch_time": 0.0042160220000000415,
        "finish_acs_dispatch_time": 0.01851447999999989
    },
    "t_user_22": {
        "redirect_time": 0.0033670630000002255,
        "build_auth_time": 0.0009410280000001769,
        "login_time": 0.002406478999999795,
        "acs_dispatch_time": 0.003735730999999909,
        "finish_acs_dispatch_time": 0.017454443000000097
    },
    "t_user_23": {
        "redirect_time": 0.0033387289999997627,
        "build_auth_time": 0.0009267319999999302,
        "login_time": 0.0023910780000000464,
        "acs_dispatch_time": 0.004008917000000167,
        "finish_acs_dispatch_time": 0.01907565499999997
    },
    "t_user_24": {
        "redirect_time": 0.003595950999999875,
        "build_auth_time": 0.0010589489999999202,
        "login_time": 0.002516082000000086,
        "acs_dispatch_time": 0.0038079970000000074,
        "finish_acs_dispatch_time": 0.01788790200000001
    },
    "t_user_25": {
        "redirect_time": 0.0032003329999996666,
        "build_auth_time": 0.00089412099999997,
        "login_time": 0.002286554999999968,
        "acs_dispatch_time": 0.0038697229999997695,
        "finish_acs_dispatch_time": 0.020795180999999996
    },
    "t_user_26": {
        "redirect_time": 0.0037952549999999974,
        "build_auth_time": 0.0010349849999999883,
        "login_time": 0.0027362459999999977,
        "acs_dispatch_time": 0.004329736999999945,
        "finish_acs_dispatch_time": 0.020843507000000372
    },
    "t_user_27": {
        "redirect_time": 0.0034819299999999664,
        "build_auth_time": 0.0010145559999998888,
        "login_time": 0.0024422369999999027,
        "acs_dispatch_time": 0.004305480999999833,
        "finish_acs_dispatch_time": 0.01803196500000004
    },
    "t_user_28": {
        "redirect_time": 0.0032657549999997038,
        "build_auth_time": 0.0009175450000000751,
        "login_time": 0.0023274110000000015,
        "acs_dispatch_time": 0.0033589369999997842,
        "finish_acs_dispatch_time": 0.01715680300000022
    },
    "t_user_29": {
        "redirect_time": 0.0033409269999999935,
        "build_auth_time": 0.0009447859999998087,
        "login_time": 0.002369831000000211,
        "acs_dispatch_time": 0.0035212890000000385,
        "finish_acs_dispatch_time": 0.01757101299999997
    },