{
    "t_user_1": {
        "redirect_time": 0.003308394000000048,
        "build_auth_time": 0.0009074170000000215,
        "login_time": 0.0023768419999999346,
        "acs_dispatch_time": 0.004526149000000035,
        "finish_acs_dispatch_time": 0.025085767999999953
    },
    "t_user_2": {
        "redirect_time": 0.003416486999999968,
        "build_auth_time": 0.0010069719999999949,
        "login_time": 0.002385831000000005,
        "acs_dispatch_time": 0.0035053000000000445,
        "finish_acs_dispatch_time": 0.016957719999999954
    },
    "t_user_3": {
        "redirect_time": 0.004510258000000045,
        "build_auth_time": 0.0018372939999999893,
        "login_time": 0.002631156000000079,
        "acs_dispatch_time": 0.003318535999999983,
        "finish_acs_dispatch_time": 0.017425444000000012
    },
    "t_user_4": {
        "redirect_time": 0.003198869000000104,
        "build_auth_time": 0.0008901440000000926,
        "login_time": 0.0022853109999999566,
        "acs_dispatch_time": 0.003189109999999995,
        "finish_acs_dispatch_time": 0.017452481999999936
    },
    "t_user_5": {
        "redirect_time": 0.003206543000000006,
        "build_auth_time": 0.0009416799999999448,
        "login_time": 0.0022335940000000054,
        "acs_dispatch_time": 0.0031779769999999985,
        "finish_acs_dispatch_time": 0.017389609999999944
    },
    "t_user_6": {
        "redirect_time": 0.0034507119999999114,
        "build_auth_time": 0.0010095679999999607,
        "login_time": 0.002415936999999979,
        "acs_dispatch_time": 0.003470445999999905,
        "finish_acs_dispatch_time": 0.01882233599999994
    },
    "t_user_8": {
        "redirect_time": 0.0034589260000000843,
        "build_auth_time": 0.001041958000000065,
        "login_time": 0.0023934340000000276,
        "acs_dispatch_time": 0.003107500000000041,
        "finish_acs_dispatch_time": 0.01799944500000006
    },
    "t_user_7": {
        "redirect_time": 0.003462883999999944,
        "build_auth_time": 0.0010646189999999889,
        "login_time": 0.0023803510000000028,
        "acs_dispatch_time": 0.003430059000000041,
        "finish_acs_dispatch_time": 0.01795396299999985
    },
    "t_user_9": {
        "redirect_time": 0.0033091160000000563,
        "build_auth_time": 0.0009218730000000175,
        "login_time": 0.0023476289999999622,
        "acs_dispatch_time": 0.0038445970000000607,
        "finish_acs_dispatch_time": 0.018829489000000033
    },
    "t_user_10": {
        "redirect_time": 0.0032281640000000333,
        "build_auth_time": 0.0009145989999999049,
        "login_time": 0.0022927760000002184,
        "acs_dispatch_time": 0.003828288000000013,
        "finish_acs_dispatch_time": 0.018270631000000037
    },
    "t_user_11": {
        "redirect_time": 0.003164504999999984,
        "build_auth_time": 0.0008920679999999681,
        "login_time": 0.0022530409999999,
        "acs_dispatch_time": 0.0035494659999999456,
        "finish_acs_dispatch_time": 0.018060950000000187
    },
    "t_user_12": {
        "redirect_time": 0.0031637540000000186,
        "build_auth_time": 0.0008610700000000193,
        "login_time": 0.0022804419999999936,
        "acs_dispatch_time": 0.004387731000000006,
        "finish_acs_dispatch_time": 0.01968366399999999
    },
    "t_user_13": {
        "redirect_time": 0.0036157289999998454,
        "build_auth_time": 0.0011973489999999032,
        "login_time": 0.0023924020000001267,
        "acs_dispatch_time": 0.004617850000000034,
        "finish_acs_dispatch_time": 0.019869147000000087
    },
    "t_user_14": {
        "redirect_time": 0.0032481120000000807,
        "build_auth_time": 0.0009419800000001199,
        "login_time": 0.0022866660000000483,
        "acs_dispatch_time": 0.003719064999999855,
        "finish_acs_dispatch_time": 0.018359510000000245
    },
    "t_user_15": {
        "redirect_time": 0.0032196089999998456,
        "build_auth_time": 0.0009247889999999259,
        "login_time": 0.002275243000000149,
        "acs_dispatch_time": 0.003160488000000239,
        "finish_acs_dispatch_time": 0.018784055000000244
    },
    "t_user_16": {
        "redirect_time": 0.003218916000000238,
        "build_auth_time": 0.0009424010000000926,
        "login_time": 0.0022554659999998172,
        "acs_dispatch_time": 0.0035778099999999036,
        "finish_acs_dispatch_time": 0.017760990999999837
    },
    "t_user_17": {
        "redirect_time": 0.0032848699999998843,
        "build_auth_time": 0.00092956700000002,
        "login_time": 0.0023337029999996872,
        "acs_dispatch_time": 0.004179782000000021,
        "finish_acs_dispatch_time": 0.018502358000000108
    },
    "t_user_18": {
        "redirect_time": 0.003487369000000129,
        "build_auth_time": 0.001020286000000148,
        "login_time": 0.002446112999999972,
        "acs_dispatch_time": 0.004178612000000026,
        "finish_acs_dispatch_time": 0.019424727000000086
    },
    "t_user_19": {
        "redirect_time": 0.0032539410000000935,
        "build_auth_time": 0.0009120350000002553,
        "login_time": 0.002321889000000077,
        "acs_dispatch_time": 0.003941881999999897,
        "finish_acs_dispatch_time": 0.018429427000000054
    },
    "t_user_20": {
        "redirect_time": 0.0035748020000001546,
        "build_auth_time": 0.0010688580000000059,
        "login_time": 0.002482930999999855,
        "acs_dispatch_time": 0.004922314999999955,
        "finish_acs_dispatch_time": 0.021314451999999928
    },
    "t_user_21": {
        "redirect_time": 0.0033387619999998286,
        "build_auth_time": 0.0009535640000000178,
        "login_time": 0.0023609519999996387,
        "acs_dispatch_time": 0.0040170169999997896,
        "finish_acs_dispatch_time": 0.02008675800000015
    },
    "t_user_22": {
        "redirect_time": 0.003777159999999835,
        "build_auth_time": 0.0016048010000000446,
        "login_time": 0.0021524319999999264,
        "acs_dispatch_time": 0.0037232579999999516,
        "finish_acs_dispatch_time": 0.017477266000000213
    },
    "t_user_23": {
        "redirect_time": 0.003485345000000084,
        "build_auth_time": 0.0009319520000001802,
        "login_time": 0.002520521000000109,
        "acs_dispatch_time": 0.0035301100000002528,
        "finish_acs_dispatch_time": 0.018345594999999992
    },
    "t_user_24": {
        "redirect_time": 0.0032185340000001617,
        "build_auth_time": 0.0009267710000000484,
        "login_time": 0.002270783000000165,
        "acs_dispatch_time": 0.0038155300000002335,
        "finish_acs_dispatch_time": 0.02066015000000032
    },
    "t_user_25": {
        "redirect_time": 0.003275632999999889,
        "build_auth_time": 0.0009497249999999013,
        "login_time": 0.0023027850000003625,
        "acs_dispatch_time": 0.0035994999999999777,
        "finish_acs_dispatch_time": 0.022063404999999925
    },
    "t_user_26": {
        "redirect_time": 0.0032664759999998516,
        "build_auth_time": 0.0009319419999997969,
        "login_time": 0.0023110100000001133,
        "acs_dispatch_time": 0.003643983999999989,
        "finish_acs_dispatch_time": 0.017971752999999868
    },
    "t_user_27": {
        "redirect_time": 0.003129040999999777,
        "build_auth_time": 0.0008633140000000594,
        "login_time": 0.0022444870000000172,
        "acs_dispatch_time": 0.00392980800000009,
        "finish_acs_dispatch_time": 0.017404771000000263
    },
    "t_user_28": {
        "redirect_time": 0.0031593750000000753,
        "build_auth_time": 0.0008998920000000687,
        "login_time": 0.0022244670000000077,
        "acs_dispatch_time": 0.0035756049999999817,
        "finish_acs_dispatch_time": 0.018736746000000082
    },
    "t_user_29": {
        "redirect_time": 0.0031280080000000154,
        "build_auth_time": 0.0008782520000001348,
        "login_time": 0.0022214629999997015,
        "acs_dispatch_time": 0.0038044019999996515,