{
    "t_user_1": {
        "redirect_time": 0.0032712859999999844,
        "build_auth_time": 0.0009224950000000232,
        "login_time": 0.002301081999999899,
        "acs_dispatch_time": 0.003014525999999962,
        "finish_acs_dispatch_time": 0.017580544999999947
    },
    "t_user_2": {
        "redirect_time": 0.0032532819999999685,
        "build_auth_time": 0.0009581119999999554,
        "login_time": 0.0022741110000000786,
        "acs_dispatch_time": 0.004748698999999967,
        "finish_acs_dispatch_time": 0.023251235999999897
    },
    "t_user_3": {
        "redirect_time": 0.004114728999999984,
        "build_auth_time": 0.001584270999999915,
        "login_time": 0.002508036000000047,
        "acs_dispatch_time": 0.003063109000000064,
        "finish_acs_dispatch_time": 0.017708930999999928
    },
    "t_user_4": {
        "redirect_time": 0.0032426819999999967,
        "build_auth_time": 0.0009094500000000894,
        "login_time": 0.0023088159999999913,
        "acs_dispatch_time": 0.003197288000000076,
        "finish_acs_dispatch_time": 0.01688976799999997
    },
    "t_user_5": {
        "redirect_time": 0.0032683690000000487,
        "build_auth_time": 0.0009423419999999849,
        "login_time": 0.0022998480000000487,
        "acs_dispatch_time": 0.0029950380000000054,
        "finish_acs_dispatch_time": 0.019107342999999943
    },
    "t_user_6": {
        "redirect_time": 0.0033998550000000627,
        "build_auth_time": 0.000989940000000078,
        "login_time": 0.0023831460000000027,
        "acs_dispatch_time": 0.003524997999999835,
        "finish_acs_dispatch_time": 0.01787599399999995
    },
    "t_user_7": {
        "redirect_time": 0.003348679000000021,
        "build_auth_time": 0.0010047280000000658,
        "login_time": 0.0023247249999999164,
        "acs_dispatch_time": 0.003986722000000054,
        "finish_acs_dispatch_time": 0.019253355000000028
    },
    "t_user_8": {
        "redirect_time": 0.003410113000000159,
        "build_auth_time": 0.0009410280000001769,
        "login_time": 0.002446883999999816,
        "acs_dispatch_time": 0.0034067090000000633,
        "finish_acs_dispatch_time": 0.01791063600000009
    },
    "t_user_9": {
        "redirect_time": 0.003217135000000093,
        "build_auth_time": 0.0009224740000000065,
        "login_time": 0.002273291000000066,
        "acs_dispatch_time": 0.0037589280000001057,
        "finish_acs_dispatch_time": 0.018674346999999925
    },
    "t_user_10": {
        "redirect_time": 0.003106757000000071,
        "build_auth_time": 0.0009175150000000354,
        "login_time": 0.002169153999999951,
        "acs_dispatch_time": 0.0034063309999998737,
        "finish_acs_dispatch_time": 0.016881858999999944
    },
    "t_user_11": {
        "redirect_time": 0.0035476340000000217,
        "build_auth_time": 0.0010567169999999848,
        "login_time": 0.002464878000000059,
        "acs_dispatch_time": 0.003891193999999931,
        "finish_acs_dispatch_time": 0.020545051000000036
    },
    "t_user_12": {
        "redirect_time": 0.00362094699999993,
        "build_auth_time": 0.001047457000000085,
        "login_time": 0.0025349479999998703,
        "acs_dispatch_time": 0.003805634999999974,
        "finish_acs_dispatch_time": 0.01966574600000004
    },
    "t_user_14": {
        "redirect_time": 0.0034079889999998336,
        "build_auth_time": 0.0010385899999998394,
        "login_time": 0.002343250000000019,
        "acs_dispatch_time": 0.0039824219999999855,
        "finish_acs_dispatch_time": 0.019475021999999953
    },
    "t_user_13": {
        "redirect_time": 0.0033053279999999408,
        "build_auth_time": 0.0009712060000000022,
        "login_time": 0.0023090660000000263,
        "acs_dispatch_time": 0.0036839379999999977,
        "finish_acs_dispatch_time": 0.017947751999999983
    },
    "t_user_15": {
        "redirect_time": 0.0033084049999998477,
        "build_auth_time": 0.0009638020000002356,
        "login_time": 0.002325627999999913,
        "acs_dispatch_time": 0.003997073000000295,
        "finish_acs_dispatch_time": 0.018837876000000087
    },
    "t_user_16": {
        "redirect_time": 0.0032365789999997396,
        "build_auth_time": 0.0009217129999998797,
        "login_time": 0.0022915019999998343,
        "acs_dispatch_time": 0.004298184000000038,
        "finish_acs_dispatch_time": 0.021455189000000097
    },
    "t_user_17": {
        "redirect_time": 0.0033053499999997626,
        "build_auth_time": 0.0009645739999997183,
        "login_time": 0.0023187739999999124,
        "acs_dispatch_time": 0.003784023999999775,
        "finish_acs_dispatch_time": 0.019545191000000184
    },
    "t_user_18": {
        "redirect_time": 0.0033121929999997413,
        "build_auth_time": 0.0009722669999998601,
        "login_time": 0.0023179839999998286,
        "acs_dispatch_time": 0.004900140000000164,
        "finish_acs_dispatch_time": 0.020913313000000322
    },
    "t_user_19": {
        "redirect_time": 0.0033405749999997347,
        "build_auth_time": 0.0009560169999995871,
        "login_time": 0.0023632080000002276,
        "acs_dispatch_time": 0.003620759000000362,
        "finish_acs_dispatch_time": 0.023101929999999715
    },
    "t_user_20": {
        "redirect_time": 0.003218025999999874,
        "build_auth_time": 0.0009310710000001166,
        "login_time": 0.00226307999999964,
        "acs_dispatch_time": 0.0040044020000000735,
        "finish_acs_dispatch_time": 0.018661454000000077
    },
    "t_user_21": {
        "redirect_time": 0.003393194000000044,
        "build_auth_time": 0.001017953999999932,
        "login_time": 0.0023507339999997434,
        "acs_dispatch_time": 0.0034255540000001083,
        "finish_acs_dispatch_time": 0.019413334000000226
    },
    "t_user_22": {
        "redirect_time": 0.003288067000000172,
        "build_auth_time": 0.0009364720000002436,
        "login_time": 0.0023311869999997903,
        "acs_dispatch_time": 0.004181157999999741,
        "finish_acs_dispatch_time": 0.018135566999999853
    },
    "t_user_23": {
        "redirect_time": 0.003227864999999941,
        "build_auth_time": 0.0009513889999999137,
        "login_time": 0.0022544049999999594,
        "acs_dispatch_time": 0.0037787110000002677,
        "finish_acs_dispatch_time": 0.019727328999999738
    },
    "t_user_24": {
        "redirect_time": 0.0032054420000000583,
        "build_auth_time": 0.0008931299999996867,
        "login_time": 0.0022939780000004184,
        "acs_dispatch_time": 0.0043295930000000205,
        "finish_acs_dispatch_time": 0.02282838499999995
    },
    "t_user_25": {
        "redirect_time": 0.0042568179999999955,
        "build_auth_time": 0.0014037650000000568,
        "login_time": 0.0027962069999998285,
        "acs_dispatch_time": 0.003785554999999885,
        "finish_acs_dispatch_time": 0.01791513999999994
    },
    "t_user_26": {
        "redirect_time": 0.003265595000000232,
        "build_auth_time": 0.0009184770000003617,
        "login_time": 0.002325547999999955,
        "acs_dispatch_time": 0.0032067619999995856,
        "finish_acs_dispatch_time": 0.01776702600000002
    },
    "t_user_27": {
        "redirect_time": 0.003207315000000044,
        "build_auth_time": 0.0009308810000003831,
        "login_time": 0.0022568769999997684,
        "acs_dispatch_time": 0.003827524000000082,
        "finish_acs_dispatch_time": 0.01987998099999988
    },
    "t_user_28": {
        "redirect_time": 0.003277697000000135,
        "build_auth_time": 0.00093810300000019,
        "login_time": 0.002318475000000042,
        "acs_dispatch_time": 0.004690518999999949,
        "finish_acs_dispatch_time": 0.019232442000000294
    },
    "t_user_29": {
        "redirect_time": 0.0030880940000002077,
        "build_auth_time": 0.0008847050000002632,
        "login_time": 0.0021848649999998138,
        "acs_dispatch_time": 0.0033637880000001452,
        "finish_acs_dispatch_time": 0.018644077999999897
    },