{
    "t_user_1": {
        "redirect_time": 0.0031507800000000197,
        "build_auth_time": 0.0008706990000000303,
        "login_time": 0.0022598129999999994,
        "acs_dispatch_time": 0.0032654239999999612,
        "finish_acs_dispatch_time": 0.017855567000000017
    },
    "t_user_2": {
        "redirect_time": 0.0032403770000000165,
        "build_auth_time": 0.0009648939999999939,
        "login_time": 0.0022505959999999936,
        "acs_dispatch_time": 0.003087512999999986,
        "finish_acs_dispatch_time": 0.01787593300000001
    },
    "t_user_3": {
        "redirect_time": 0.003884059999999967,
        "build_auth_time": 0.001546760999999952,
        "login_time": 0.002313754999999973,
        "acs_dispatch_time": 0.0042980960000000845,
        "finish_acs_dispatch_time": 0.022125599000000107
    },
    "t_user_4": {
        "redirect_time": 0.003161190000000036,
        "build_auth_time": 0.0009082189999999324,
        "login_time": 0.0022331840000000547,
        "acs_dispatch_time": 0.003685954000000047,
        "finish_acs_dispatch_time": 0.022564965000000048
    },
    "t_user_5": {
        "redirect_time": 0.0031721100000000613,
        "build_auth_time": 0.0009070660000000119,
        "login_time": 0.0022423220000000743,
        "acs_dispatch_time": 0.0030969920000000206,
        "finish_acs_dispatch_time": 0.017890363999999992
    },
    "t_user_6": {
        "redirect_time": 0.003212704999999927,
        "build_auth_time": 0.0009044419999999498,
        "login_time": 0.002283727000000013,
        "acs_dispatch_time": 0.0031695130000000127,
        "finish_acs_dispatch_time": 0.019412691999999954
    },
    "t_user_7": {
        "redirect_time": 0.0031656259999999214,
        "build_auth_time": 0.00088099499999994,
        "login_time": 0.0022632200000000102,
        "acs_dispatch_time": 0.0036924350000000494,
        "finish_acs_dispatch_time": 0.018593690999999968
    },
    "t_user_8": {
        "redirect_time": 0.00315410599999999,
        "build_auth_time": 0.0009150410000000608,
        "login_time": 0.002213055999999991,
        "acs_dispatch_time": 0.004326666999999951,
        "finish_acs_dispatch_time": 0.020041132000000017
    },
    "t_user_9": {
        "redirect_time": 0.0033091780000000792,
        "build_auth_time": 0.0009513089999999558,
        "login_time": 0.002332541999999993,
        "acs_dispatch_time": 0.003631379999999851,
        "finish_acs_dispatch_time": 0.018438404000000075
    },
    "t_user_10": {
        "redirect_time": 0.0033249680000000392,
        "build_auth_time": 0.0009698259999999514,
        "login_time": 0.002330997000000057,
        "acs_dispatch_time": 0.003111717000000125,
        "finish_acs_dispatch_time": 0.018762383999999965
    },
    "t_user_11": {
        "redirect_time": 0.003184792000000103,
        "build_auth_time": 0.0009565879999999805,
        "login_time": 0.0022099200000000874,
        "acs_dispatch_time": 0.0035856409999999173,
        "finish_acs_dispatch_time": 0.017297981000000018
    },
    "t_user_12": {
        "redirect_time": 0.0034273160000000136,
        "build_auth_time": 0.0010657220000001022,
        "login_time": 0.002334492999999993,
        "acs_dispatch_time": 0.0036506039999999462,
        "finish_acs_dispatch_time": 0.018203203999999973
    },
    "t_user_13": {
        "redirect_time": 0.003449648999999999,
        "build_auth_time": 0.0010610140000000268,
        "login_time": 0.002366764000000021,
        "acs_dispatch_time": 0.003574582999999798,
        "finish_acs_dispatch_time": 0.019243169999999754
    },
    "t_user_14": {
        "redirect_time": 0.0032347090000000023,
        "build_auth_time": 0.0009006629999999127,
        "login_time": 0.0023043600000001163,
        "acs_dispatch_time": 0.0039247460000000345,
        "finish_acs_dispatch_time": 0.01934585600000016
    },
    "t_user_15": {
        "redirect_time": 0.0032015379999998927,
        "build_auth_time": 0.0009178680000001549,
        "login_time": 0.002263962999999869,
        "acs_dispatch_time": 0.003782205999999899,
        "finish_acs_dispatch_time": 0.01747052300000007
    },
    "t_user_16": {
        "redirect_time": 0.0035182159999997964,
        "build_auth_time": 0.001045414999999661,
        "login_time": 0.002449708000000328,
        "acs_dispatch_time": 0.0034403920000003474,
        "finish_acs_dispatch_time": 0.017952580999999856
    },
    "t_user_17": {
        "redirect_time": 0.0031877469999996855,
        "build_auth_time": 0.000898348999999854,
        "login_time": 0.002270192999999754,
        "acs_dispatch_time": 0.004058767000000074,
        "finish_acs_dispatch_time": 0.024146054000000028
    },
    "t_user_18": {
        "redirect_time": 0.0032623899999997263,
        "build_auth_time": 0.0009707459999996892,
        "login_time": 0.00226796000000018,
        "acs_dispatch_time": 0.00371413399999998,
        "finish_acs_dispatch_time": 0.01814949599999993
    },
    "t_user_19": {
        "redirect_time": 0.003196136000000127,
        "build_auth_time": 0.0009066650000000287,
        "login_time": 0.002267239000000032,
        "acs_dispatch_time": 0.004533612999999992,
        "finish_acs_dispatch_time": 0.020137759999999894
    },
    "t_user_20": {
        "redirect_time": 0.0038654379999996102,
        "build_auth_time": 0.001040114999999897,
        "login_time": 0.002786490000000086,
        "acs_dispatch_time": 0.0037294920000001675,
        "finish_acs_dispatch_time": 0.01992056100000017
    },
    "t_user_21": {
        "redirect_time": 0.003615277999999833,
        "build_auth_time": 0.00120473100000007,
        "login_time": 0.002378967999999926,
        "acs_dispatch_time": 0.004520559000000368,
        "finish_acs_dispatch_time": 0.020778047999999938
    },
    "t_user_22": {
        "redirect_time": 0.0033877509999999944,
        "build_auth_time": 0.0009990669999999646,
        "login_time": 0.002367054000000035,
        "acs_dispatch_time": 0.0038741459999998007,
        "finish_acs_dispatch_time": 0.020299711999999914
    },
    "t_user_23": {
        "redirect_time": 0.0034808260000001034,
        "build_auth_time": 0.0009298380000002382,
        "login_time": 0.002528335000000048,
        "acs_dispatch_time": 0.0038636340000000047,
        "finish_acs_dispatch_time": 0.02144396500000001
    },
    "t_user_24": {
        "redirect_time": 0.0038576609999996236,
        "build_auth_time": 0.0012558569999998603,
        "login_time": 0.002560647000000138,
        "acs_dispatch_time": 0.0036116610000003213,
        "finish_acs_dispatch_time": 0.018574870000000132
    },
    "t_user_25": {
        "redirect_time": 0.0031721500000001512,
        "build_auth_time": 0.0009006639999999955,
        "login_time": 0.0022521599999998365,
        "acs_dispatch_time": 0.004068074999999727,
        "finish_acs_dispatch_time": 0.02095672000000004
    },
    "t_user_26": {
        "redirect_time": 0.003246941000000003,
        "build_auth_time": 0.000946880999999955,
        "login_time": 0.0022750230000001537,
        "acs_dispatch_time": 0.004185300999999697,
        "finish_acs_dispatch_time": 0.017816083999999677
    },
    "t_user_27": {
        "redirect_time": 0.003322771999999752,
        "build_auth_time": 0.0009495049999999061,
        "login_time": 0.0023530300000000892,
        "acs_dispatch_time": 0.003825369999999939,
        "finish_acs_dispatch_time": 0.019739380999999945
    },
    "t_user_29": {
        "redirect_time": 0.003252389000000022,
        "build_auth_time": 0.0009536020000000534,
        "login_time": 0.0022784090000000923,
        "acs_dispatch_time": 0.0038781100000000457,
        "finish_acs_dispatch_time": 0.019432646999999914
    },
    "t_user_28": {
        "redirect_time": 0.0031513709999999584,
        "build_auth_time": 0.0008737029999998924,
        "login_time": 0.002253462000000095,
        "acs_dispatch_time": 0.003581639000000081,
        "finish_acs_dispatch_time": 0.016828403999999964
    },