{
    "t_user_1": {
        "redirect_time": 0.00323061899999999,
        "build_auth_time": 0.0009249490000000082,
        "login_time": 0.0022861429999999627,
        "acs_dispatch_time": 0.004360821999999986,
        "finish_acs_dispatch_time": 0.021407881000000017
    },
    "t_user_2": {
        "redirect_time": 0.003204226000000032,
        "build_auth_time": 0.0009539210000000242,
        "login_time": 0.0022323909999999447,
        "acs_dispatch_time": 0.0030195840000000196,
        "finish_acs_dispatch_time": 0.018883677999999904
    },
    "t_user_3": {
        "redirect_time": 0.0036070129999999923,
        "build_auth_time": 0.0013908899999999225,
        "login_time": 0.002197889000000064,
        "acs_dispatch_time": 0.002918960000000026,
        "finish_acs_dispatch_time": 0.01769036200000007
    },
    "t_user_4": {
        "redirect_time": 0.003133527000000025,
        "build_auth_time": 0.0008893429999999869,
        "login_time": 0.002225099000000008,
        "acs_dispatch_time": 0.0030407569999999495,
        "finish_acs_dispatch_time": 0.016719154000000014
    },
    "t_user_5": {
        "redirect_time": 0.003124739999999959,
        "build_auth_time": 0.0009002030000000438,
        "login_time": 0.002204889999999904,
        "acs_dispatch_time": 0.0029516960000000037,
        "finish_acs_dispatch_time": 0.016740149999999954
    },
    "t_user_6": {
        "redirect_time": 0.003139687999999974,
        "build_auth_time": 0.0008820590000000461,
        "login_time": 0.002235828999999967,
        "acs_dispatch_time": 0.0035723370000000365,
        "finish_acs_dispatch_time": 0.01778057699999991
    },
    "t_user_7": {
        "redirect_time": 0.0032887670000000258,
        "build_auth_time": 0.0009566570000000274,
        "login_time": 0.002311651999999942,
        "acs_dispatch_time": 0.0035587509999999156,
        "finish_acs_dispatch_time": 0.01742915299999992
    },
    "t_user_8": {
        "redirect_time": 0.0032849710000000254,
        "build_auth_time": 0.0009594029999999698,
        "login_time": 0.00229605300000002,
        "acs_dispatch_time": 0.0035872990000000993,
        "finish_acs_dispatch_time": 0.020104032999999966
    },
    "t_user_9": {
        "redirect_time": 0.0031388199999999866,
        "build_auth_time": 0.0008497499999999825,
        "login_time": 0.002268622000000109,
        "acs_dispatch_time": 0.003475774000000209,
        "finish_acs_dispatch_time": 0.01729840100000013
    },
    "t_user_10": {
        "redirect_time": 0.0032908419999999605,
        "build_auth_time": 0.0009786789999999268,
        "login_time": 0.0022901109999999836,
        "acs_dispatch_time": 0.00345348599999995,
        "finish_acs_dispatch_time": 0.017880890000000038
    },
    "t_user_11": {
        "redirect_time": 0.0032772850000000187,
        "build_auth_time": 0.000951739000000007,
        "login_time": 0.0023027440000000787,
        "acs_dispatch_time": 0.003656324999999905,
        "finish_acs_dispatch_time": 0.016968921000000137
    },
    "t_user_12": {
        "redirect_time": 0.003148607000000192,
        "build_auth_time": 0.0008622020000002006,
        "login_time": 0.0022664079999998865,
        "acs_dispatch_time": 0.003712169000000154,
        "finish_acs_dispatch_time": 0.01892442800000005
    },
    "t_user_13": {
        "redirect_time": 0.003121614000000106,
        "build_auth_time": 0.0008690940000000147,
        "login_time": 0.0022295169999999587,
        "acs_dispatch_time": 0.004660804000000018,
        "finish_acs_dispatch_time": 0.018472946999999795
    },
    "t_user_14": {
        "redirect_time": 0.003372064000000119,
        "build_auth_time": 0.0009827270000000166,
        "login_time": 0.0023646010000000217,
        "acs_dispatch_time": 0.0037538349999999276,
        "finish_acs_dispatch_time": 0.016633147000000292
    },
    "t_user_15": {
        "redirect_time": 0.003149778999999686,
        "build_auth_time": 0.0008729119999997259,
        "login_time": 0.0022497459999999414,
        "acs_dispatch_time": 0.003760418999999793,
        "finish_acs_dispatch_time": 0.01799059699999983
    },
    "t_user_16": {
        "redirect_time": 0.0032283920000000244,
        "build_auth_time": 0.0009965010000003716,
        "login_time": 0.002208226999999674,
        "acs_dispatch_time": 0.003475257000000287,
        "finish_acs_dispatch_time": 0.01761957900000022
    },
    "t_user_17": {
        "redirect_time": 0.0032185639999999793,
        "build_auth_time": 0.0009322320000002549,
        "login_time": 0.0022644110000000772,
        "acs_dispatch_time": 0.00454647099999983,
        "finish_acs_dispatch_time": 0.0195681969999999
    },
    "t_user_18": {
        "redirect_time": 0.0037943320000000114,
        "build_auth_time": 0.0011164570000001817,
        "login_time": 0.002653328000000066,
        "acs_dispatch_time": 0.005235077000000032,
        "finish_acs_dispatch_time": 0.020576633000000122
    },
    "t_user_19": {
        "redirect_time": 0.0032686699999997515,
        "build_auth_time": 0.0010009109999997712,
        "login_time": 0.0022475020000003454,
        "acs_dispatch_time": 0.004570615,
        "finish_acs_dispatch_time": 0.018994861000000363
    },
    "t_user_20": {
        "redirect_time": 0.0031434870000000004,
        "build_auth_time": 0.0008762789999998688,
        "login_time": 0.0022480919999998683,
        "acs_dispatch_time": 0.00372149300000002,
        "finish_acs_dispatch_time": 0.019846168000000386
    },
    "t_user_21": {
        "redirect_time": 0.003363669000000069,
        "build_auth_time": 0.0009868250000000245,
        "login_time": 0.0023522570000000798,
        "acs_dispatch_time": 0.004093371000000179,
        "finish_acs_dispatch_time": 0.018564511000000117
    },
    "t_user_22": {
        "redirect_time": 0.0031692740000002217,
        "build_auth_time": 0.0009193080000002851,
        "login_time": 0.002229668000000018,
        "acs_dispatch_time": 0.0040191460000000845,
        "finish_acs_dispatch_time": 0.019613920000000284
    },
    "t_user_23": {
        "redirect_time": 0.0033024329999999935,
        "build_auth_time": 0.0009550560000000097,
        "login_time": 0.0023141650000000347,
        "acs_dispatch_time": 0.0039243439999996355,
        "finish_acs_dispatch_time": 0.020825022999999998
    },
    "t_user_24": {
        "redirect_time": 0.003211150999999912,
        "build_auth_time": 0.000937071000000067,
        "login_time": 0.0022501049999998912,
        "acs_dispatch_time": 0.003930929000000027,
        "finish_acs_dispatch_time": 0.020289380999999995
    },
    "t_user_25": {
        "redirect_time": 0.003444298999999873,
        "build_auth_time": 0.0009674290000001307,
        "login_time": 0.0024493290000000556,
        "acs_dispatch_time": 0.004222485999999748,
        "finish_acs_dispatch_time": 0.020519655000000192
    },
    "t_user_26": {
        "redirect_time": 0.003178101999999683,
        "build_auth_time": 0.0009007130000000529,
        "login_time": 0.00225876399999958,
        "acs_dispatch_time": 0.0036734740000001764,
        "finish_acs_dispatch_time": 0.018311538999999932
    },
    "t_user_28": {
        "redirect_time": 0.0032949399999999684,
        "build_auth_time": 0.001020556999999922,
        "login_time": 0.0022525120000000953,
        "acs_dispatch_time": 0.0035789719999996805,
        "finish_acs_dispatch_time": 0.018005700999999874
    },
    "t_user_27": {
        "redirect_time": 0.0032671380000000028,
        "build_auth_time": 0.0010452039999999663,
        "login_time": 0.0021964269999998898,
        "acs_dispatch_time": 0.003748787999999781,
        "finish_acs_dispatch_time": 0.017520275999999946
    },
    "t_user_29": {
        "redirect_time": 0.003167430000000415,
        "build_auth_time": 0.0009218420000003391,
        "login_time": 0.0022220139999999944,
        "acs_dispatch_time": 0.0038924960000001896,
        "finish_acs_dispatch_time": 0.018660471000000012
    },