{
    "t_user_1": {
        "redirect_time": 0.00339415500000001,
        "build_auth_time": 0.0009506100000000184,
        "login_time": 0.0024180079999999715,
        "acs_dispatch_time": 0.0027281590000000078,
        "finish_acs_dispatch_time": 0.01638275
    },
    "t_user_2": {
        "redirect_time": 0.0031358019999999653,
        "build_auth_time": 0.0009101710000000152,
        "login_time": 0.0022068459999999845,
        "acs_dispatch_time": 0.0036298719999999784,
        "finish_acs_dispatch_time": 0.017081216999999982
    },
    "t_user_3": {
        "redirect_time": 0.00391097099999993,
        "build_auth_time": 0.0015747449999999885,
        "login_time": 0.0023111889999999358,
        "acs_dispatch_time": 0.004987652999999925,
        "finish_acs_dispatch_time": 0.02283027000000004
    },
    "t_user_4": {
        "redirect_time": 0.0032077980000000395,
        "build_auth_time": 0.0009436739999999499,
        "login_time": 0.002240600000000037,
        "acs_dispatch_time": 0.0029523700000000375,
        "finish_acs_dispatch_time": 0.017733102
    },
    "t_user_5": {
        "redirect_time": 0.0032076249999999362,
        "build_auth_time": 0.0009291670000000085,
        "login_time": 0.0022525689999999265,
        "acs_dispatch_time": 0.0028626320000000316,
        "finish_acs_dispatch_time": 0.01767193899999997
    },
    "t_user_6": {
        "redirect_time": 0.003241610000000006,
        "build_auth_time": 0.0009162229999999383,
        "login_time": 0.002304839000000003,
        "acs_dispatch_time": 0.003504400999999824,
        "finish_acs_dispatch_time": 0.018954601999999987
    },
    "t_user_7": {
        "redirect_time": 0.003314978000000024,
        "build_auth_time": 0.0009599449999999621,
        "login_time": 0.0023323710000000553,
        "acs_dispatch_time": 0.003897215000000065,
        "finish_acs_dispatch_time": 0.017413188000000135
    },
    "t_user_8": {
        "redirect_time": 0.0031318840000000847,
        "build_auth_time": 0.0008671000000000095,
        "login_time": 0.0022343970000000546,
        "acs_dispatch_time": 0.003862065999999942,
        "finish_acs_dispatch_time": 0.017982764000000095
    },
    "t_user_9": {
        "redirect_time": 0.003316672000000187,
        "build_auth_time": 0.0010421800000000037,
        "login_time": 0.0022544840000000566,
        "acs_dispatch_time": 0.0037778290000001213,
        "finish_acs_dispatch_time": 0.018207233999999906
    },
    "t_user_10": {
        "redirect_time": 0.0033259480000000785,
        "build_auth_time": 0.000979370000000035,
        "login_time": 0.0023265999999999565,
        "acs_dispatch_time": 0.0038786609999998944,
        "finish_acs_dispatch_time": 0.01919594400000002
    },
    "t_user_11": {
        "redirect_time": 0.0032837750000001,
        "build_auth_time": 0.0009485019999999622,
        "login_time": 0.002313773000000019,
        "acs_dispatch_time": 0.0035586100000000176,
        "finish_acs_dispatch_time": 0.018391223000000068
    },
    "t_user_12": {
        "redirect_time": 0.0035127489999999817,
        "build_auth_time": 0.0010891159999999456,
        "login_time": 0.0023986770000001822,
        "acs_dispatch_time": 0.003323973999999952,
        "finish_acs_dispatch_time": 0.016872358999999948
    },
    "t_user_13": {
        "redirect_time": 0.0033120520000000653,
        "build_auth_time": 0.0009707250000001721,
        "login_time": 0.0023105789999999793,
        "acs_dispatch_time": 0.003443875999999957,
        "finish_acs_dispatch_time": 0.017443898999999874
    },
    "t_user_14": {
        "redirect_time": 0.003207517999999965,
        "build_auth_time": 0.000915663000000233,
        "login_time": 0.0022709149999999845,
        "acs_dispatch_time": 0.0035625519999999966,
        "finish_acs_dispatch_time": 0.017835884999999774
    },
    "t_user_15": {
        "redirect_time": 0.0032037279999999058,
        "build_auth_time": 0.000920469999999618,
        "login_time": 0.002262660000000416,
        "acs_dispatch_time": 0.004175765999999914,
        "finish_acs_dispatch_time": 0.018838912999999735
    },
    "t_user_16": {
        "redirect_time": 0.0032155920000001004,
        "build_auth_time": 0.000945176000000103,
        "login_time": 0.0022506689999999274,
        "acs_dispatch_time": 0.003774667000000065,
        "finish_acs_dispatch_time": 0.016805412000000075
    },
    "t_user_17": {
        "redirect_time": 0.003179151999999963,
        "build_auth_time": 0.0009053709999999882,
        "login_time": 0.0022546759999997334,
        "acs_dispatch_time": 0.003407990999999999,
        "finish_acs_dispatch_time": 0.019064381999999824
    },
    "t_user_18": {
        "redirect_time": 0.0033998630000002805,
        "build_auth_time": 0.0008874380000003512,
        "login_time": 0.0024810569999997867,
        "acs_dispatch_time": 0.003939412999999892,
        "finish_acs_dispatch_time": 0.01845472699999995
    },
    "t_user_19": {
        "redirect_time": 0.003317971999999614,
        "build_auth_time": 0.001000078999999765,
        "login_time": 0.0022994290000002415,
        "acs_dispatch_time": 0.00405282600000012,
        "finish_acs_dispatch_time": 0.01935472100000002
    },
    "t_user_20": {
        "redirect_time": 0.003297632000000217,
        "build_auth_time": 0.0009736089999998754,
        "login_time": 0.0023051780000002964,
        "acs_dispatch_time": 0.003860555999999793,
        "finish_acs_dispatch_time": 0.017729960000000045
    },
    "t_user_21": {
        "redirect_time": 0.0033392509999998765,
        "build_auth_time": 0.0009291669999997865,
        "login_time": 0.002390146000000204,
        "acs_dispatch_time": 0.004419592000000083,
        "finish_acs_dispatch_time": 0.01780309899999999
    },
    "t_user_22": {
        "redirect_time": 0.0035711030000000754,
        "build_auth_time": 0.001113281000000299,
        "login_time": 0.0024324349999997885,
        "acs_dispatch_time": 0.004379738999999994,
        "finish_acs_dispatch_time": 0.01945279099999997
    },
    "t_user_23": {
        "redirect_time": 0.003447925999999768,
        "build_auth_time": 0.0009212829999998284,
        "login_time": 0.002501356000000232,
        "acs_dispatch_time": 0.003936829000000142,
        "finish_acs_dispatch_time": 0.019383053999999955
    },
    "t_user_24": {
        "redirect_time": 0.0032207489999995786,
        "build_auth_time": 0.0009390549999999109,
        "login_time": 0.0022568480000000335,
        "acs_dispatch_time": 0.004290219999999678,
        "finish_acs_dispatch_time": 0.021594070999999992
    },
    "t_user_25": {
        "redirect_time": 0.003548455000000228,
        "build_auth_time": 0.00101366500000033,
        "login_time": 0.0025145819999998764,
        "acs_dispatch_time": 0.0035552039999999785,
        "finish_acs_dispatch_time": 0.018597913999999882
    },
    "t_user_26": {
        "redirect_time": 0.003371950999999651,
        "build_auth_time": 0.000937490999999735,
        "login_time": 0.002414702999999907,
        "acs_dispatch_time": 0.003616172000000084,
        "finish_acs_dispatch_time": 0.0181575060000001
    },
    "t_user_27": {
        "redirect_time": 0.003243853999999935,
        "build_auth_time": 0.0009258199999999661,
        "login_time": 0.00228521199999987,
        "acs_dispatch_time": 0.003436429999999824,
        "finish_acs_dispatch_time": 0.017239870000000046
    },
    "t_user_28": {
        "redirect_time": 0.003203386999999669,
        "build_auth_time": 0.0009075669999996094,
        "login_time": 0.0022776559999999613,
        "acs_dispatch_time": 0.003830112999999802,
        "finish_acs_dispatch_time": 0.020007341999999984
    },
    "t_user_29": {
        "redirect_time": 0.0034215780000002027,
        "build_auth_time": 0.0009567399999999004,
        "login_time": 0.002444940000000173,
        "acs_dispatch_time": 0.0037173590000003642,
        "finish_acs_dispatch_time": 0.044870878000000225
    },