{
    "t_user_1": {
        "redirect_time": 0.0032237370000000043,
        "build_auth_time": 0.0008920580000000289,
        "login_time": 0.002297034000000031,
        "acs_dispatch_time": 0.003350012000000069,
        "finish_acs_dispatch_time": 0.01867755800000004
    },
    "t_user_2": {
        "redirect_time": 0.003151451999999999,
        "build_auth_time": 0.0009106629999999782,
        "login_time": 0.002220671999999979,
        "acs_dispatch_time": 0.0034085320000000197,
        "finish_acs_dispatch_time": 0.020168975000000033
    },
    "t_user_3": {
        "redirect_time": 0.0036275409999999564,
        "build_auth_time": 0.0014203839999999968,
        "login_time": 0.0021866189999999452,
        "acs_dispatch_time": 0.0036686780000000363,
        "finish_acs_dispatch_time": 0.018878457999999987
    },
    "t_user_4": {
        "redirect_time": 0.003141942999999925,
        "build_auth_time": 0.0008989899999999329,
        "login_time": 0.0022199999999999998,
        "acs_dispatch_time": 0.003346446000000003,
        "finish_acs_dispatch_time": 0.018139804000000037
    },
    "t_user_5": {
        "redirect_time": 0.0032257889999999234,
        "build_auth_time": 0.0009193169999999196,
        "login_time": 0.0022825170000000394,
        "acs_dispatch_time": 0.005498745000000027,
        "finish_acs_dispatch_time": 0.023557300999999975
    },
    "t_user_6": {
        "redirect_time": 0.0031002239999999848,
        "build_auth_time": 0.0008516410000000141,
        "login_time": 0.00222954799999997,
        "acs_dispatch_time": 0.003733348999999997,
        "finish_acs_dispatch_time": 0.021754951999999994
    },
    "t_user_7": {
        "redirect_time": 0.0031940900000000383,
        "build_auth_time": 0.0009319420000000189,
        "login_time": 0.002237331000000009,
        "acs_dispatch_time": 0.0047121699999999045,
        "finish_acs_dispatch_time": 0.021162797000000122
    },
    "t_user_8": {
        "redirect_time": 0.0036953170000000313,
        "build_auth_time": 0.0014284390000000036,
        "login_time": 0.0022478130000000984,
        "acs_dispatch_time": 0.00417526300000004,
        "finish_acs_dispatch_time": 0.020664661000000084
    },
    "t_user_9": {
        "redirect_time": 0.0033539010000001035,
        "build_auth_time": 0.0010392130000000943,
        "login_time": 0.00229044299999992,
        "acs_dispatch_time": 0.003383053999999941,
        "finish_acs_dispatch_time": 0.018371767000000094
    },
    "t_user_10": {
        "redirect_time": 0.0033320700000001313,
        "build_auth_time": 0.0009897309999999937,
        "login_time": 0.00231740299999994,
        "acs_dispatch_time": 0.0038928650000000786,
        "finish_acs_dispatch_time": 0.01973205900000008
    },
    "t_user_11": {
        "redirect_time": 0.003261887999999935,
        "build_auth_time": 0.0009586020000000861,
        "login_time": 0.002281254999999982,
        "acs_dispatch_time": 0.0036467950000000915,
        "finish_acs_dispatch_time": 0.018489386000000163
    },
    "t_user_14": {
        "redirect_time": 0.0036102200000001083,
        "build_auth_time": 0.0011370049999999132,
        "login_time": 0.0024386100000000077,
        "acs_dispatch_time": 0.004182325000000153,
        "finish_acs_dispatch_time": 0.020450695999999935
    },
    "t_user_12": {
        "redirect_time": 0.003311861000000027,
        "build_auth_time": 0.0010141049999998764,
        "login_time": 0.002249737000000085,
        "acs_dispatch_time": 0.0034989209999998216,
        "finish_acs_dispatch_time": 0.020010290999999736
    },
    "t_user_13": {
        "redirect_time": 0.003420443999999856,
        "build_auth_time": 0.0010290029999999728,
        "login_time": 0.0023645799999998385,
        "acs_dispatch_time": 0.00376770500000001,
        "finish_acs_dispatch_time": 0.01974655500000022
    },
    "t_user_15": {
        "redirect_time": 0.0032004030000001293,
        "build_auth_time": 0.0009529509999999242,
        "login_time": 0.002227353999999959,
        "acs_dispatch_time": 0.004072612999999947,
        "finish_acs_dispatch_time": 0.019463498999999995
    },
    "t_user_16": {
        "redirect_time": 0.0031979369999999285,
        "build_auth_time": 0.0009344469999996718,
        "login_time": 0.002243663000000229,
        "acs_dispatch_time": 0.003709312999999881,
        "finish_acs_dispatch_time": 0.019471388000000367
    },
    "t_user_17": {
        "redirect_time": 0.0031692239999996374,
        "build_auth_time": 0.0008730120000000063,
        "login_time": 0.002274300999999923,
        "acs_dispatch_time": 0.0038706360000002604,
        "finish_acs_dispatch_time": 0.018089013999999626
    },
    "t_user_18": {
        "redirect_time": 0.0032643919999997273,
        "build_auth_time": 0.0009294970000000013,
        "login_time": 0.0023155589999999115,
        "acs_dispatch_time": 0.0038722389999996665,
        "finish_acs_dispatch_time": 0.01934861500000018
    },
    "t_user_19": {
        "redirect_time": 0.0033895360000002484,
        "build_auth_time": 0.001004307000000093,
        "login_time": 0.0023600919999999803,
        "acs_dispatch_time": 0.0036933319999996606,
        "finish_acs_dispatch_time": 0.02048878299999979
    },
    "t_user_21": {
        "redirect_time": 0.0033574769999997756,
        "build_auth_time": 0.000984440999999947,
        "login_time": 0.0023325800000000285,
        "acs_dispatch_time": 0.003373346000000055,
        "finish_acs_dispatch_time": 0.017403407999999843
    },
    "t_user_20": {
        "redirect_time": 0.0033300970000000873,
        "build_auth_time": 0.0009419500000000802,
        "login_time": 0.0023674179999999545,
        "acs_dispatch_time": 0.00433888799999993,
        "finish_acs_dispatch_time": 0.01792680300000038
    },
    "t_user_22": {
        "redirect_time": 0.0035439029999997373,
        "build_auth_time": 0.0010326499999999683,
        "login_time": 0.002483711999999638,
        "acs_dispatch_time": 0.003599108000000406,
        "finish_acs_dispatch_time": 0.01827591499999981
    },
    "t_user_23": {
        "redirect_time": 0.0030894550000000187,
        "build_auth_time": 0.0008799750000001438,
        "login_time": 0.0021897630000000667,
        "acs_dispatch_time": 0.004683820999999977,
        "finish_acs_dispatch_time": 0.01860694400000007
    },
    "t_user_24": {
        "redirect_time": 0.003935055999999992,
        "build_auth_time": 0.001180286000000308,
        "login_time": 0.002726506999999767,
        "acs_dispatch_time": 0.004217425000000219,
        "finish_acs_dispatch_time": 0.017898154000000055
    },
    "t_user_25": {
        "redirect_time": 0.003373095999999798,
        "build_auth_time": 0.0009934079999998069,
        "login_time": 0.002352738000000354,
        "acs_dispatch_time": 0.0038814449999997613,
        "finish_acs_dispatch_time": 0.02041376099999992
    },
    "t_user_26": {
        "redirect_time": 0.0034770000000001744,
        "build_auth_time": 0.0010310970000002584,
        "login_time": 0.0024125399999999075,
        "acs_dispatch_time": 0.0036749180000001935,
        "finish_acs_dispatch_time": 0.01788614200000005
    },
    "t_user_28": {
        "redirect_time": 0.003461196999999583,
        "build_auth_time": 0.0011293999999999471,
        "login_time": 0.002297773000000003,
        "acs_dispatch_time": 0.003284310000000179,
        "finish_acs_dispatch_time": 0.01656539300000004
    },
    "t_user_27": {
        "redirect_time": 0.0031262439999997227,
        "build_auth_time": 0.0008951229999998311,
        "login_time": 0.002210210999999962,
        "acs_dispatch_time": 0.0037271389999999904,
        "finish_acs_dispatch_time": 0.01739358599999985
    },
    "t_user_29": {
        "redirect_time": 0.003145250999999849,
        "build_auth_time": 0.0008883810000002157,
        "login_time": 0.002237783999999632,
        "acs_dispatch_time": 0.00382790500000052,
        "finish_acs_dispatch_time": 0.017255629000000106
    },