{
    "t_user_1": {
        "redirect_time": 0.003539709000000002,
        "build_auth_time": 0.0010115119999999922,
        "login_time": 0.0025074270000000065,
        "acs_dispatch_time": 0.003634622999999948,
        "finish_acs_dispatch_time": 0.020484221999999885
    },
    "t_user_2": {
        "redirect_time": 0.00313903900000001,
        "build_auth_time": 0.000881327999999959,
        "login_time": 0.0022381040000000185,
        "acs_dispatch_time": 0.004271615000000062,
        "finish_acs_dispatch_time": 0.018104378000000088
    },
    "t_user_3": {
        "redirect_time": 0.0032413900000000107,
        "build_auth_time": 0.0009476219999999813,
        "login_time": 0.002270915999999956,
        "acs_dispatch_time": 0.003832139999999984,
        "finish_acs_dispatch_time": 0.01912319099999993
    },
    "t_user_4": {
        "redirect_time": 0.0032104620000000805,
        "build_auth_time": 0.0009409989999999979,
        "login_time": 0.0022428030000000154,
        "acs_dispatch_time": 0.004813974000000054,
        "finish_acs_dispatch_time": 0.02810985899999996
    },
    "t_user_5": {
        "redirect_time": 0.00401246200000005,
        "build_auth_time": 0.0016877360000000508,
        "login_time": 0.0023039569999999676,
        "acs_dispatch_time": 0.003359039000000008,
        "finish_acs_dispatch_time": 0.021333842999999963
    },
    "t_user_6": {
        "redirect_time": 0.004005456000000018,
        "build_auth_time": 0.0012403269999999855,
        "login_time": 0.0027270480000000097,
        "acs_dispatch_time": 0.0033332790000000223,
        "finish_acs_dispatch_time": 0.02197321600000013
    },
    "t_user_7": {
        "redirect_time": 0.0031330059999999937,
        "build_auth_time": 0.0008747359999999871,
        "login_time": 0.0022350669999999795,
        "acs_dispatch_time": 0.0049789969999998185,
        "finish_acs_dispatch_time": 0.017729950999999966
    },
    "t_user_8": {
        "redirect_time": 0.003255014000000056,
        "build_auth_time": 0.0009529110000001673,
        "login_time": 0.002281023999999965,
        "acs_dispatch_time": 0.0034981000000000595,
        "finish_acs_dispatch_time": 0.01942046300000011
    },
    "t_user_9": {
        "redirect_time": 0.0031722690000000053,
        "build_auth_time": 0.0008807159999999481,
        "login_time": 0.002274200000000004,
        "acs_dispatch_time": 0.004037066999999839,
        "finish_acs_dispatch_time": 0.01888869400000015
    },
    "t_user_10": {
        "redirect_time": 0.003329114000000022,
        "build_auth_time": 0.0009528809999999055,
        "login_time": 0.0023551430000001705,
        "acs_dispatch_time": 0.003887748999999996,
        "finish_acs_dispatch_time": 0.01971068599999981
    },
    "t_user_11": {
        "redirect_time": 0.003337388000000052,
        "build_auth_time": 0.0009848409999999586,
        "login_time": 0.0023298440000001364,
        "acs_dispatch_time": 0.004347580999999989,
        "finish_acs_dispatch_time": 0.020659981999999966
    },
    "t_user_12": {
        "redirect_time": 0.0032566769999999856,
        "build_auth_time": 0.0009438340000000878,
        "login_time": 0.0022907509999998688,
        "acs_dispatch_time": 0.0038770969999999405,
        "finish_acs_dispatch_time": 0.01942507800000004
    },
    "t_user_13": {
        "redirect_time": 0.003514612000000028,
        "build_auth_time": 0.0010745690000000252,
        "login_time": 0.0024116899999999664,
        "acs_dispatch_time": 0.004336946000000008,
        "finish_acs_dispatch_time": 0.019577846000000232
    },
    "t_user_14": {
        "redirect_time": 0.003523367999999971,
        "build_auth_time": 0.001009107000000009,
        "login_time": 0.0024933719999999937,
        "acs_dispatch_time": 0.004875986000000054,
        "finish_acs_dispatch_time": 0.01976834500000013
    },
    "t_user_15": {
        "redirect_time": 0.003285229999999917,
        "build_auth_time": 0.0009386330000000775,
        "login_time": 0.0023236139999998073,
        "acs_dispatch_time": 0.00408617900000019,
        "finish_acs_dispatch_time": 0.018545754999999886
    },
    "t_user_16": {
        "redirect_time": 0.003676551999999944,
        "build_auth_time": 0.0009343170000000178,
        "login_time": 0.0027190820000000393,
        "acs_dispatch_time": 0.0036297779999996393,
        "finish_acs_dispatch_time": 0.01876909900000001
    },
    "t_user_17": {
        "redirect_time": 0.0035406990000002025,
        "build_auth_time": 0.0010042870000002146,
        "login_time": 0.002504501999999853,
        "acs_dispatch_time": 0.004106128000000098,
        "finish_acs_dispatch_time": 0.022310561999999923
    },
    "t_user_18": {
        "redirect_time": 0.003512567000000022,
        "build_auth_time": 0.0009258210000000489,
        "login_time": 0.002548613999999727,
        "acs_dispatch_time": 0.004158321999999881,
        "finish_acs_dispatch_time": 0.01841399800000021
    },
    "t_user_19": {
        "redirect_time": 0.0032445759999997215,
        "build_auth_time": 0.0009568089999998364,
        "login_time": 0.0022665570000000024,
        "acs_dispatch_time": 0.003508596000000086,
        "finish_acs_dispatch_time": 0.018279028000000253
    },
    "t_user_20": {
        "redirect_time": 0.003151509999999913,
        "build_auth_time": 0.0008985790000002325,
        "login_time": 0.0022323630000000705,
        "acs_dispatch_time": 0.004369737000000207,
        "finish_acs_dispatch_time": 0.018677241999999872
    },
    "t_user_21": {
        "redirect_time": 0.003951687000000259,
        "build_auth_time": 0.001366935000000069,
        "login_time": 0.002555297000000234,
        "acs_dispatch_time": 0.00351287900000008,
        "finish_acs_dispatch_time": 0.017421114999999876
    },
    "t_user_22": {
        "redirect_time": 0.0031575500000000645,
        "build_auth_time": 0.0008916860000001137,
        "login_time": 0.0022435629999999485,
        "acs_dispatch_time": 0.0035847940000000023,
        "finish_acs_dispatch_time": 0.0177885579999999
    },
    "t_user_23": {
        "redirect_time": 0.0032217820000002284,
        "build_auth_time": 0.0009529020000003108,
        "login_time": 0.002246297999999758,
        "acs_dispatch_time": 0.004807149000000344,
        "finish_acs_dispatch_time": 0.020787259000000002
    },
    "t_user_24": {
        "redirect_time": 0.003318321999999707,
        "build_auth_time": 0.0010089060000000316,
        "login_time": 0.002286202999999709,
        "acs_dispatch_time": 0.0043175129999997175,
        "finish_acs_dispatch_time": 0.019473782999999578
    },
    "t_user_25": {
        "redirect_time": 0.0035112139999999847,
        "build_auth_time": 0.0010785060000002566,
        "login_time": 0.002412639999999744,
        "acs_dispatch_time": 0.003982314000000375,
        "finish_acs_dispatch_time": 0.019640620999999747
    },
    "t_user_26": {
        "redirect_time": 0.0034140209999997673,
        "build_auth_time": 0.0009599240000000009,
        "login_time": 0.0024256939999998117,
        "acs_dispatch_time": 0.00378044700000002,
        "finish_acs_dispatch_time": 0.0203098530000001
    },
    "t_user_27": {
        "redirect_time": 0.0031991499999999284,
        "build_auth_time": 0.0009267519999998086,
        "login_time": 0.0022503170000001127,
        "acs_dispatch_time": 0.004001909000000303,
        "finish_acs_dispatch_time": 0.019504066999999736
    },
    "t_user_29": {
        "redirect_time": 0.003190673999999838,
        "build_auth_time": 0.0008888099999997401,
        "login_time": 0.0022790710000002434,
        "acs_dispatch_time": 0.003192816999999959,
        "finish_acs_dispatch_time": 0.017568907999999883
    },
    "t_user_28": {
        "redirect_time": 0.003196415000000119,
        "build_auth_time": 0.0009051019999999355,
        "login_time": 0.0022669980000000756,
        "acs_dispatch_time": 0.003447564000000014,
        "finish_acs_dispatch_time": 0.01755404699999996
    },