{
    "t_user_1": {
        "redirect_time": 0.0036755109999999647,
        "build_auth_time": 0.001090869999999966,
        "login_time": 0.0025581120000000013,
        "acs_dispatch_time": 0.003943103000000003,
        "finish_acs_dispatch_time": 0.018895759000000067
    },
    "t_user_2": {
        "redirect_time": 0.0033643590000000945,
        "build_auth_time": 0.0010279720000000436,
        "login_time": 0.0023129640000000284,
        "acs_dispatch_time": 0.0038797900000000496,
        "finish_acs_dispatch_time": 0.02207704399999999
    },
    "t_user_3": {
        "redirect_time": 0.003606152000000029,
        "build_auth_time": 0.0013284040000000052,
        "login_time": 0.002236911000000008,
        "acs_dispatch_time": 0.0031717510000000004,
        "finish_acs_dispatch_time": 0.017586416999999965
    },
    "t_user_4": {
        "redirect_time": 0.0032038269999999924,
        "build_auth_time": 0.0009326720000000233,
        "login_time": 0.0022456770000000015,
        "acs_dispatch_time": 0.0029044019999999726,
        "finish_acs_dispatch_time": 0.01828952199999989
    },
    "t_user_5": {
        "redirect_time": 0.003488399999999947,
        "build_auth_time": 0.001107528999999996,
        "login_time": 0.002354171000000016,
        "acs_dispatch_time": 0.003123470000000017,
        "finish_acs_dispatch_time": 0.018736435000000107
    },
    "t_user_6": {
        "redirect_time": 0.003336015999999997,
        "build_auth_time": 0.000981104000000066,
        "login_time": 0.002329794999999968,
        "acs_dispatch_time": 0.0036261360000000575,
        "finish_acs_dispatch_time": 0.01749850899999994
    },
    "t_user_7": {
        "redirect_time": 0.0033779440000000216,
        "build_auth_time": 0.000957338999999946,
        "login_time": 0.002391431000000055,
        "acs_dispatch_time": 0.0032312290000000576,
        "finish_acs_dispatch_time": 0.019750398000000002
    },
    "t_user_8": {
        "redirect_time": 0.0030804900000001023,
        "build_auth_time": 0.0008706690000001016,
        "login_time": 0.0021902849999999585,
        "acs_dispatch_time": 0.003214359,
        "finish_acs_dispatch_time": 0.01727009299999982
    },
    "t_user_9": {
        "redirect_time": 0.0033862190000000236,
        "build_auth_time": 0.0010022229999999688,
        "login_time": 0.0023638379999999515,
        "acs_dispatch_time": 0.003935726000000139,
        "finish_acs_dispatch_time": 0.019962096999999845
    },
    "t_user_10": {
        "redirect_time": 0.003258821999999828,
        "build_auth_time": 0.0009314509999998055,
        "login_time": 0.0023046380000000255,
        "acs_dispatch_time": 0.0037052990000001618,
        "finish_acs_dispatch_time": 0.01928917600000002
    },
    "t_user_11": {
        "redirect_time": 0.003261124000000004,
        "build_auth_time": 0.0009345469999999523,
        "login_time": 0.002301671000000116,
        "acs_dispatch_time": 0.004482915999999948,
        "finish_acs_dispatch_time": 0.019904215999999808
    },
    "t_user_12": {
        "redirect_time": 0.0034107159999998693,
        "build_auth_time": 0.001043289999999919,
        "login_time": 0.002344592999999895,
        "acs_dispatch_time": 0.003963018000000096,
        "finish_acs_dispatch_time": 0.018601512000000042
    },
    "t_user_13": {
        "redirect_time": 0.0036789209999998906,
        "build_auth_time": 0.0011260169999998126,
        "login_time": 0.00252352900000008,
        "acs_dispatch_time": 0.003445110000000362,
        "finish_acs_dispatch_time": 0.018659204999999623
    },
    "t_user_15": {
        "redirect_time": 0.0037503599999999526,
        "build_auth_time": 0.0010864120000000366,
        "login_time": 0.002606560999999896,
        "acs_dispatch_time": 0.0037828349999999844,
        "finish_acs_dispatch_time": 0.018699153000000024
    },
    "t_user_14": {
        "redirect_time": 0.003136564000000064,
        "build_auth_time": 0.0009368320000000541,
        "login_time": 0.00217933299999995,
        "acs_dispatch_time": 0.0038795829999997977,
        "finish_acs_dispatch_time": 0.01925181000000009
    },
    "t_user_16": {
        "redirect_time": 0.0033531079999997715,
        "build_auth_time": 0.0009686009999998468,
        "login_time": 0.002341826999999963,
        "acs_dispatch_time": 0.0037109970000002157,
        "finish_acs_dispatch_time": 0.01990401499999983
    },
    "t_user_17": {
        "redirect_time": 0.003232160999999678,
        "build_auth_time": 0.0009068150000000053,
        "login_time": 0.0023025529999998184,
        "acs_dispatch_time": 0.0039162789999998004,
        "finish_acs_dispatch_time": 0.01956376500000001
    },
    "t_user_18": {
        "redirect_time": 0.0032402279999996786,
        "build_auth_time": 0.0009053820000000101,
        "login_time": 0.0023155299999997325,
        "acs_dispatch_time": 0.003851550000000259,
        "finish_acs_dispatch_time": 0.01952629299999975
    },
    "t_user_19": {
        "redirect_time": 0.003291163000000097,
        "build_auth_time": 0.0009461990000003695,
        "login_time": 0.002324776999999667,
        "acs_dispatch_time": 0.003681802000000012,
        "finish_acs_dispatch_time": 0.017609490999999977
    },
    "t_user_20": {
        "redirect_time": 0.0031096729999999795,
        "build_auth_time": 0.0008732619999998192,
        "login_time": 0.002217897000000413,
        "acs_dispatch_time": 0.00352699199999984,
        "finish_acs_dispatch_time": 0.01690962099999993
    },
    "t_user_21": {
        "redirect_time": 0.003114792999999949,
        "build_auth_time": 0.0008838819999996694,
        "login_time": 0.00220759699999995,
        "acs_dispatch_time": 0.003604009000000019,
        "finish_acs_dispatch_time": 0.01741133099999992
    },
    "t_user_22": {
        "redirect_time": 0.0031562320000002586,
        "build_auth_time": 0.0009119840000000323,
        "login_time": 0.0022252819999999396,
        "acs_dispatch_time": 0.0036627990000002164,
        "finish_acs_dispatch_time": 0.017704214000000107
    },
    "t_user_23": {
        "redirect_time": 0.003230738999999705,
        "build_auth_time": 0.0009115440000000419,
        "login_time": 0.0022929449999997686,
        "acs_dispatch_time": 0.003577377000000048,
        "finish_acs_dispatch_time": 0.01666480299999984
    },
    "t_user_24": {
        "redirect_time": 0.003227422999999785,
        "build_auth_time": 0.0009164429999999335,
        "login_time": 0.0022742810000000446,
        "acs_dispatch_time": 0.0032461650000001896,
        "finish_acs_dispatch_time": 0.01745032000000002
    },
    "t_user_25": {
        "redirect_time": 0.003195492000000133,
        "build_auth_time": 0.0008834119999998613,
        "login_time": 0.0022927640000003358,
        "acs_dispatch_time": 0.004158601999999956,
        "finish_acs_dispatch_time": 0.017609735000000182
    },
    "t_user_26": {
        "redirect_time": 0.0031917759999999795,
        "build_auth_time": 0.0009250899999999618,
        "login_time": 0.002244003000000383,
        "acs_dispatch_time": 0.0038093219999999484,
        "finish_acs_dispatch_time": 0.01805513099999967
    },
    "t_user_27": {
        "redirect_time": 0.0032274719999998425,
        "build_auth_time": 0.0009540129999998648,
        "login_time": 0.0022423000000002524,
        "acs_dispatch_time": 0.003410608999999898,
        "finish_acs_dispatch_time": 0.018556220999999873
    },
    "t_user_28": {
        "redirect_time": 0.00321055399999981,
        "build_auth_time": 0.0009156109999999273,
        "login_time": 0.002269905999999988,
        "acs_dispatch_time": 0.0037719019999999936,
        "finish_acs_dispatch_time": 0.021252964999999957
    },
    "t_user_29": {
        "redirect_time": 0.0031450799999999113,
        "build_auth_time": 0.0008134610000003484,
        "login_time": 0.002308895999999727,
        "acs_dispatch_time": 0.004158642999999795,
        "finish_acs_dispatch_time": 0.017126692000000165
    },