{
    "t_user_1": {
        "redirect_time": 0.016615139,
        "pkce_time": 4.817000000001e-05,
        "get_access_token_time": 0.011739606999999985,
        "decode_id_token_time": 0.00021010299999968396,
        "complete_login_time": 0.013933558999999818,
        "dispatch_time": 0.054339206999999945
    },
    "t_user_2": {
        "redirect_time": 0.01534838999999999,
        "pkce_time": 5.162599999997e-05,
        "get_access_token_time": 0.012842426000000629,
        "decode_id_token_time": 0.000251019000000241,
        "complete_login_time": 0.014494596999999665,
        "dispatch_time": 0.055641873000000786
    },
    "t_user_3": {
        "redirect_time": 0.014738708999999961,
        "pkce_time": 4.158799999998e-05,
        "get_access_token_time": 0.012009767000000338,
        "decode_id_token_time": 0.00019552600000061204,
        "complete_login_time": 0.012995469999999898,
        "dispatch_time": 0.04877284199999998
    },
    "t_user_4": {
        "redirect_time": 0.014956214999999995,
        "pkce_time": 4.101600000006e-05,
        "get_access_token_time": 0.017807168999999234,
        "decode_id_token_time": 0.00024944599999976447,
        "complete_login_time": 0.01432928000000011,
        "dispatch_time": 0.056233581000000754
    },
    "t_user_5": {
        "redirect_time": 0.01441942499999993,
        "pkce_time": 4.003500000005e-05,
        "dispatch_time": 0.03498617199999998
    },
    "t_user_6": {
        "redirect_time": 0.017929843999999973,
        "pkce_time": 3.787e-05,
        "get_access_token_time": 0.012486560000000146,
        "decode_id_token_time": 0.00029273799999973704,
        "complete_login_time": 0.01623794200000006,
        "dispatch_time": 0.06385216899999957
    },
    "t_user_7": {
        "redirect_time": 0.01650407899999995,
        "pkce_time": 4.496400000009e-05,
        "get_access_token_time": 0.011813704999999786,
        "decode_id_token_time": 0.00021836799999963574,
        "complete_login_time": 0.013676041000000083,
        "dispatch_time": 0.05580848299999985
    },
    "t_user_8": {
        "redirect_time": 0.01621729000000005,
        "pkce_time": 4.943199999996e-05,
        "get_access_token_time": 0.011696686000000511,
        "decode_id_token_time": 0.0001947739999996756,
        "complete_login_time": 0.01329486300000049,
        "dispatch_time": 0.052710539000000445
    },
    "t_user_9": {
        "redirect_time": 0.015937150999999927,
        "pkce_time": 5.609500000003e-05,
        "get_access_token_time": 0.011873528999999827,
        "decode_id_token_time": 0.00018848200000043391,
        "complete_login_time": 0.014189148000000706,
        "dispatch_time": 0.04954297300000032
    },
    "t_user_10": {
        "redirect_time": 0.01552036000000001,
        "pkce_time": 5.012300000007e-05,
        "get_access_token_time": 0.012394701999999924,
        "decode_id_token_time": 0.0007029650000003329,
        "complete_login_time": 0.014916630000000097,
        "dispatch_time": 0.059450863000000354
    },
    "t_user_11": {
        "redirect_time": 0.01701997699999991,
        "pkce_time": 5.5154e-05,
        "get_access_token_time": 0.013802966000000083,
        "decode_id_token_time": 0.00021730699999977787,
        "complete_login_time": 0.013714277000000052,
        "dispatch_time": 0.05645922600000031
    },
    "t_user_12": {
        "redirect_time": 0.020921624999999944,
        "pkce_time": 3.983400000007e-05,
        "get_access_token_time": 0.012861460999999963,
        "decode_id_token_time": 0.00022811599999972287,
        "complete_login_time": 0.014134194999999572,
        "dispatch_time": 0.0543580050000001
    },
    "t_user_13": {
        "redirect_time": 0.01592110499999988,
        "pkce_time": 4.62069999998e-05,
        "get_access_token_time": 0.012208119000000295,
        "decode_id_token_time": 0.00020425100000043273,
        "complete_login_time": 0.013604476000000254,
        "dispatch_time": 0.05298585300000003
    },
    "t_user_14": {
        "redirect_time": 0.019221651999999922,
        "pkce_time": 5.281899999998e-05,
        "get_access_token_time": 0.016891516000000273,
        "decode_id_token_time": 0.00032817399999984787,
        "complete_login_time": 0.015897048000000247,
        "dispatch_time": 0.05916077799999986
    },
    "t_user_16": {
        "redirect_time": 0.016923988999999917,
        "pkce_time": 4.647600000007e-05,
        "get_access_token_time": 0.011696294000000051,
        "decode_id_token_time": 0.00019755900000006932,
        "complete_login_time": 0.014420571999999687,
        "dispatch_time": 0.05375355799999948
    },
    "t_user_17": {
        "redirect_time": 0.01362178100000011,
        "pkce_time": 3.750000000013e-05,
        "get_access_token_time": 0.012883297000000127,
        "decode_id_token_time": 0.00020948200000070472,
        "complete_login_time": 0.014465620000000179,
        "dispatch_time": 0.055567458000000514
    },
    "t_user_18": {
        "redirect_time": 0.015532128000000034,
        "pkce_time": 6.31069999999e-05,
        "get_access_token_time": 0.012350136000000234,
        "decode_id_token_time": 0.0002489250000001775,
        "complete_login_time": 0.01592773200000064,
        "dispatch_time": 0.053191276999999815
    },
    "t_user_20": {
        "redirect_time": 0.02084941200000001,
        "pkce_time": 8.933799999999e-05,
        "get_access_token_time": 0.02164974200000014,
        "decode_id_token_time": 0.00023338599999966902,
        "complete_login_time": 0.016182449000000432,
        "dispatch_time": 0.062597931
    },
    "t_user_19": {
        "redirect_time": 0.013746413999999874,
        "pkce_time": 4.111699999987e-05,
        "get_access_token_time": 0.012943705999999722,
        "decode_id_token_time": 0.0002225459999998236,
        "complete_login_time": 0.014279486999999591,
        "dispatch_time": 0.057395789000000086
    },
    "t_user_21": {
        "redirect_time": 0.014888181999999972,
        "pkce_time": 4.605600000018e-05,
        "get_access_token_time": 0.011805386000000695,
        "decode_id_token_time": 0.00022688399999992725,
        "complete_login_time": 0.014428470999999554,
        "dispatch_time": 0.05015964800000017
    },
    "t_user_22": {
        "redirect_time": 0.017692650999999948,
        "pkce_time": 5.413100000018e-05,
        "get_access_token_time": 0.01175354599999956,
        "decode_id_token_time": 0.00026607800000011395,
        "complete_login_time": 0.013938063999999528,
        "dispatch_time": 0.050668277999999844
    },
    "t_user_23": {
        "redirect_time": 0.015565789999999913,
        "pkce_time": 4.658700000015e-05,
        "get_access_token_time": 0.012165941000000124,
        "decode_id_token_time": 0.00022536200000011775,
        "complete_login_time": 0.014472867999999472,
        "dispatch_time": 0.05582100700000048
    },
    "t_user_24": {
        "redirect_time": 0.01625531399999991,
        "pkce_time": 5.129599999987e-05,
        "get_access_token_time": 0.01169710399999957,
        "decode_id_token_time": 0.00025361299999993037,
        "complete_login_time": 0.014380361999999813,
        "dispatch_time": 0.06388864000000005
    },
    "t_user_25": {
        "redirect_time": 0.014606338999999968,
        "pkce_time": 4.266000000008e-05,
        "get_access_token_time": 0.012040886000000306,
        "decode_id_token_time": 0.00021624399999975452,
        "complete_login_time": 0.014283186000000114,
        "dispatch_time": 0.04947672299999972
    },
    "t_user_27": {
        "redirect_time": 0.014878535999999887,
        "pkce_time": 4.0174e-05,
        "get_access_token_time": 0.012389274999999422,
        "decode_id_token_time": 0.00024491799999992736,
        "complete_login_time": 0.014640170999999924,
        "dispatch_time": 0.05666454899999973
    },
    "t_user_30": {
        "redirect_time": 0.01392342099999988,
        "pkce_time": 3.596700000008e-05,