{
    "t_user_1": {
        "redirect_time": 0.013691345000000021,
        "get_access_token_time": 0.011438156999999727,
        "decode_id_token_time": 0.0001802280000005041,
        "complete_login_time": 0.012306876000000244,
        "dispatch_time": 0.05258656999999989
    },
    "t_user_2": {
        "redirect_time": 0.013616092999999996,
        "get_access_token_time": 0.01641980299999979,
        "decode_id_token_time": 0.0006699629999999956,
        "complete_login_time": 0.014340605000000117,
        "dispatch_time": 0.05634159499999969
    },
    "t_user_3": {
        "redirect_time": 0.013394571999999938,
        "get_access_token_time": 0.011228943000000768,
        "decode_id_token_time": 0.00022529099999957225,
        "complete_login_time": 0.02779963299999988,
        "dispatch_time": 0.06469784899999986
    },
    "t_user_4": {
        "redirect_time": 0.014145145999999942,
        "get_access_token_time": 0.012561708999999865,
        "decode_id_token_time": 0.00020426299999964925,
        "complete_login_time": 0.0132913849999996,
        "dispatch_time": 0.05442079800000066
    },
    "t_user_5": {
        "redirect_time": 0.016447125000000007,
        "get_access_token_time": 0.014496745000000644,
        "decode_id_token_time": 0.00021418999999944788,
        "complete_login_time": 0.013509239999999423,
        "dispatch_time": 0.0515649060000003
    },
    "t_user_6": {
        "redirect_time": 0.01405724499999994,
        "get_access_token_time": 0.012787643999999432,
        "decode_id_token_time": 0.00021416099999971294,
        "complete_login_time": 0.013696984000000079,
        "dispatch_time": 0.05498270999999999
    },
    "t_user_7": {
        "redirect_time": 0.014399096,
        "get_access_token_time": 0.011927982000000448,
        "decode_id_token_time": 0.0002522310000001582,
        "complete_login_time": 0.013619216999999573,
        "dispatch_time": 0.04913334100000011
    },
    "t_user_8": {
        "redirect_time": 0.014900919000000012,
        "get_access_token_time": 0.012583562000000548,
        "decode_id_token_time": 0.0002111939999993595,
        "complete_login_time": 0.01372367100000016,
        "dispatch_time": 0.05384717800000027
    },
    "t_user_9": {
        "redirect_time": 0.013418380000000063,
        "get_access_token_time": 0.012383242000000294,
        "decode_id_token_time": 0.00022341800000003076,
        "complete_login_time": 0.013679803999999685,
        "dispatch_time": 0.05789377500000015
    },
    "t_user_10": {
        "redirect_time": 0.014407680000000034,
        "get_access_token_time": 0.012245017000000136,
        "decode_id_token_time": 0.00018649800000014594,
        "complete_login_time": 0.017386361999999878,
        "dispatch_time": 0.05198352900000014
    },
    "t_user_11": {
        "redirect_time": 0.014812611999999947,
        "get_access_token_time": 0.012345649000000236,
        "decode_id_token_time": 0.00020811899999984007,
        "complete_login_time": 0.01307505799999964,
        "dispatch_time": 0.04810848599999984
    },
    "t_user_12": {
        "redirect_time": 0.01889381499999998,
        "get_access_token_time": 0.011342539000000151,
        "decode_id_token_time": 0.00022017200000012949,
        "complete_login_time": 0.013876771999999704,
        "dispatch_time": 0.04733976300000009
    },
    "t_user_13": {
        "redirect_time": 0.013387556000000078,
        "get_access_token_time": 0.012672495000000339,
        "decode_id_token_time": 0.00022277600000020215,
        "complete_login_time": 0.014243994000000093,
        "dispatch_time": 0.050965837000000125
    },
    "t_user_14": {
        "redirect_time": 0.016127249999999815,
        "get_access_token_time": 0.011564783999999939,
        "decode_id_token_time": 0.00022787699999993194,
        "complete_login_time": 0.013817550999999817,
        "dispatch_time": 0.04874673899999982
    },
    "t_user_15": {
        "redirect_time": 0.014175606000000007,
        "get_access_token_time": 0.012715574000000007,
        "decode_id_token_time": 0.00021717600000004111,
        "complete_login_time": 0.016140622999999632,
        "dispatch_time": 0.05195854000000022
    },
    "t_user_16": {
        "redirect_time": 0.013410668999999986,
        "get_access_token_time": 0.012252139000000106,
        "decode_id_token_time": 0.00029029400000002425,
        "complete_login_time": 0.01795138800000018,
        "dispatch_time": 0.0533876099999997
    },
    "t_user_17": {
        "redirect_time": 0.014013784999999945,
        "get_access_token_time": 0.01147826899999993,
        "decode_id_token_time": 0.00022990900000019465,
        "complete_login_time": 0.013533998000000214,
        "dispatch_time": 0.04738025099999987
    },
    "t_user_18": {
        "redirect_time": 0.013559329000000009,
        "get_access_token_time": 0.012197981999999996,
        "decode_id_token_time": 0.0002263139999998387,
        "complete_login_time": 0.01348363000000008,
        "dispatch_time": 0.05109750999999996
    },
    "t_user_19": {
        "redirect_time": 0.01362791799999985,
        "get_access_token_time": 0.011566691000000073,
        "decode_id_token_time": 0.00021771699999995064,
        "complete_login_time": 0.014427081000000008,
        "dispatch_time": 0.051181912999999746
    },
    "t_user_20": {
        "redirect_time": 0.014487558999999983,
        "get_access_token_time": 0.011615363000000212,
        "decode_id_token_time": 0.00020984299999993183,
        "complete_login_time": 0.014021554000000158,
        "dispatch_time": 0.04736041300000027
    },
    "t_user_21": {
        "redirect_time": 0.013605199999999984,
        "get_access_token_time": 0.012189065999999915,
        "decode_id_token_time": 0.00024920499999980805,
        "complete_login_time": 0.014125327999999993,
        "dispatch_time": 0.05467156299999987
    },
    "t_user_22": {
        "redirect_time": 0.014424748000000154,
        "get_access_token_time": 0.016399497999999735,
        "decode_id_token_time": 0.00021715600000016266,
        "complete_login_time": 0.013997835999999708,
        "dispatch_time": 0.05339732700000033
    },
    "t_user_23": {
        "redirect_time": 0.014270143999999929,
        "get_access_token_time": 0.01380320200000007,
        "decode_id_token_time": 0.00021587399999978274,
        "complete_login_time": 0.013212874000000152,
        "dispatch_time": 0.055050829000000245
    },
    "t_user_24": {
        "redirect_time": 0.014943289000000082,
        "get_access_token_time": 0.012372762000000037,
        "decode_id_token_time": 0.00024643000000024173,
        "complete_login_time": 0.019342466999999974,
        "dispatch_time": 0.05592003400000012
    },
    "t_user_25": {
        "redirect_time": 0.013699670000000053,
        "get_access_token_time": 0.011319971000000262,
        "decode_id_token_time": 0.0001894940000002343,
        "complete_login_time": 0.012264025999999983,
        "dispatch_time": 0.04542730000000006
    },
    "t_user_27": {
        "redirect_time": 0.01344356999999996,
        "get_access_token_time": 0.01614135899999969,
        "decode_id_token_time": 0.00019729000000001662,
        "complete_login_time": 0.013866532999999848,
        "dispatch_time": 0.051761353999999926
    },
    "t_user_28": {
        "redirect_time": 0.01384794300000003,
        "get_access_token_time": 0.051269007000000144,
        "decode_id_token_time": 0.0001933020000000063,
        "complete_login_time": 0.01297845399999975,
        "dispatch_time": 0.08578280500000002
    },
    "t_user_26": {
        "redirect_time": 0.013307246999999967,
        "get_access_token_time": 0.012821690999999635,
        "decode_id_token_time": 0.00022081299999987536,
        "complete_login_time": 0.013524209000000287,
        "dispatch_time": 0.04779237399999969
    },
    "t_user_29": {
        "redirect_time": 0.014701855999999847,
        "get_access_token_time": 0.01350067399999988,