{
    "t_user_1": {
        "redirect_time": 0.014620246000000003,
        "get_access_token_time": 0.012678493000000124,
        "decode_id_token_time": 0.0006322420000000051,
        "complete_login_time": 0.01456555599999998,
        "dispatch_time": 0.054371791000000114
    },
    "t_user_2": {
        "redirect_time": 0.01395595999999999,
        "get_access_token_time": 0.012044785000000058,
        "decode_id_token_time": 0.00023620199999996316,
        "complete_login_time": 0.014546710999999934,
        "dispatch_time": 0.05173788100000021
    },
    "t_user_3": {
        "redirect_time": 0.01384441000000003,
        "get_access_token_time": 0.013757046999999911,
        "decode_id_token_time": 0.00022649299999999428,
        "complete_login_time": 0.013838789999999879,
        "dispatch_time": 0.051160748000000034
    },
    "t_user_4": {
        "redirect_time": 0.014416636999999954,
        "get_access_token_time": 0.013608983999999769,
        "decode_id_token_time": 0.00022040300000014668,
        "complete_login_time": 0.01387003900000039,
        "dispatch_time": 0.057030864999999764
    },
    "t_user_5": {
        "redirect_time": 0.01693867299999996,
        "get_access_token_time": 0.02032475399999978,
        "decode_id_token_time": 0.0002077190000000506,
        "complete_login_time": 0.013448919000000004,
        "dispatch_time": 0.058381028000000335
    },
    "t_user_6": {
        "redirect_time": 0.013623165999999909,
        "get_access_token_time": 0.012188023000000214,
        "decode_id_token_time": 0.00023029099999982705,
        "complete_login_time": 0.01362031099999994,
        "dispatch_time": 0.05196416800000003
    },
    "t_user_7": {
        "redirect_time": 0.013372255000000055,
        "get_access_token_time": 0.011421759000000087,
        "decode_id_token_time": 0.000225501999999711,
        "complete_login_time": 0.013464062999999804,
        "dispatch_time": 0.047395879999999835
    },
    "t_user_8": {
        "redirect_time": 0.015015233999999933,
        "get_access_token_time": 0.011858281999999942,
        "decode_id_token_time": 0.00022938899999980222,
        "complete_login_time": 0.013389844000000206,
        "dispatch_time": 0.0494796639999997
    },
    "t_user_9": {
        "redirect_time": 0.015518183000000074,
        "get_access_token_time": 0.015376400000000068,
        "decode_id_token_time": 0.00021873899999969026,
        "complete_login_time": 0.013380873000000015,
        "dispatch_time": 0.051275291000000056
    },
    "t_user_10": {
        "redirect_time": 0.014664128000000054,
        "get_access_token_time": 0.011310689999999735,
        "decode_id_token_time": 0.0002190089999998257,
        "complete_login_time": 0.013577188000000184,
        "dispatch_time": 0.04843291300000008
    },
    "t_user_11": {
        "redirect_time": 0.014677551000000011,
        "get_access_token_time": 0.011475654999999918,
        "decode_id_token_time": 0.00022161500000006384,
        "complete_login_time": 0.01521944200000025,
        "dispatch_time": 0.05353272099999984
    },
    "t_user_12": {
        "redirect_time": 0.018245375000000008,
        "get_access_token_time": 0.018011409999999728,
        "decode_id_token_time": 0.00021784700000004875,
        "complete_login_time": 0.013315924000000035,
        "dispatch_time": 0.055909454000000025
    },
    "t_user_14": {
        "redirect_time": 0.014447507999999942,
        "get_access_token_time": 0.012906037000000037,
        "decode_id_token_time": 0.00021153500000004044,
        "complete_login_time": 0.01668286600000002,
        "dispatch_time": 0.054309814000000234
    },
    "t_user_13": {
        "redirect_time": 0.01800158400000007,
        "get_access_token_time": 0.011732186999999783,
        "decode_id_token_time": 0.0002215340000000232,
        "complete_login_time": 0.017825071000000303,
        "dispatch_time": 0.05335571399999983
    },
    "t_user_15": {
        "redirect_time": 0.015495099000000012,
        "get_access_token_time": 0.011428481000000268,
        "decode_id_token_time": 0.00019906200000008312,
        "complete_login_time": 0.01459397799999973,
        "dispatch_time": 0.05926188499999974
    },
    "t_user_16": {
        "redirect_time": 0.015133232000000163,
        "get_access_token_time": 0.015128866000000407,
        "decode_id_token_time": 0.0002272739999993334,
        "complete_login_time": 0.013164443999999165,
        "dispatch_time": 0.051330279999999284
    },
    "t_user_17": {
        "redirect_time": 0.014276938999999933,
        "get_access_token_time": 0.011586741000000345,
        "decode_id_token_time": 0.0002629910000004898,
        "complete_login_time": 0.013214922999999601,
        "dispatch_time": 0.04693373799999989
    },
    "t_user_18": {
        "redirect_time": 0.01350035500000013,
        "get_access_token_time": 0.012238579999999999,
        "decode_id_token_time": 0.00022590300000047137,
        "complete_login_time": 0.013281552000000474,
        "dispatch_time": 0.05159463000000031
    },
    "t_user_19": {
        "redirect_time": 0.013891608,
        "get_access_token_time": 0.01420058900000054,
        "decode_id_token_time": 0.0002425830000003515,
        "complete_login_time": 0.016892594999999844,
        "dispatch_time": 0.053949505000000286
    },
    "t_user_20": {
        "redirect_time": 0.014596637000000134,
        "get_access_token_time": 0.013013587000000548,
        "decode_id_token_time": 0.00023175299999955712,
        "complete_login_time": 0.013452272999999515,
        "dispatch_time": 0.060221621999999364
    },
    "t_user_21": {
        "redirect_time": 0.015332502999999997,
        "get_access_token_time": 0.01222706900000059,
        "decode_id_token_time": 0.00029354800000014336,
        "complete_login_time": 0.014256215000000516,
        "dispatch_time": 0.05545763699999995
    },
    "t_user_22": {
        "redirect_time": 0.015317190999999841,
        "get_access_token_time": 0.013988925000000485,
        "decode_id_token_time": 0.00020945199999999886,
        "complete_login_time": 0.013894416000000298,
        "dispatch_time": 0.05218432599999989
    },
    "t_user_23": {
        "redirect_time": 0.01673766100000007,
        "get_access_token_time": 0.012970869000000107,
        "decode_id_token_time": 0.00020603499999971575,
        "complete_login_time": 0.012832964999999419,
        "dispatch_time": 0.04801255499999968
    },
    "t_user_24": {
        "redirect_time": 0.013961404999999871,
        "get_access_token_time": 0.011933253999999671,
        "decode_id_token_time": 0.00024292400000014425,
        "complete_login_time": 0.013244798999999752,
        "dispatch_time": 0.05280278199999966
    },
    "t_user_25": {
        "redirect_time": 0.013513523000000083,
        "get_access_token_time": 0.01125862899999941,
        "decode_id_token_time": 0.0002965849999991832,
        "complete_login_time": 0.014151198999999615,
        "dispatch_time": 0.04747026099999996
    },
    "t_user_26": {
        "redirect_time": 0.013223886000000018,
        "get_access_token_time": 0.012522309000000398,
        "decode_id_token_time": 0.0002074780000000942,
        "complete_login_time": 0.014074641000000554,
        "dispatch_time": 0.05048632100000017
    },
    "t_user_27": {
        "redirect_time": 0.013617445000000172,
        "get_access_token_time": 0.012479643999999901,
        "decode_id_token_time": 0.00023379600000072998,
        "complete_login_time": 0.015607762000000136,
        "dispatch_time": 0.053516337999999664
    },
    "t_user_28": {
        "redirect_time": 0.013995028000000076,
        "get_access_token_time": 0.011949858000000368,
        "decode_id_token_time": 0.0002291479999998458,
        "complete_login_time": 0.013929853000000492,
        "dispatch_time": 0.05436091300000001
    },
    "t_user_29": {
        "redirect_time": 0.014618977000000033,
        "get_access_token_time": 0.014163595999999501,