{
    "t_user_1": {
        "redirect_time": 0.014296542999999995,
        "get_access_token_time": 0.012367012000000344,
        "decode_id_token_time": 0.0001817000000001734,
        "complete_login_time": 0.012963431000000192,
        "dispatch_time": 0.04963763099999996
    },
    "t_user_2": {
        "redirect_time": 0.013680526999999998,
        "get_access_token_time": 0.011241736000000113,
        "decode_id_token_time": 0.0006331550000000519,
        "complete_login_time": 0.014265168000000106,
        "dispatch_time": 0.05509390099999978
    },
    "t_user_3": {
        "redirect_time": 0.013475238999999917,
        "get_access_token_time": 0.01446939299999972,
        "decode_id_token_time": 0.0002483450000001497,
        "complete_login_time": 0.013826766000000212,
        "dispatch_time": 0.05613578499999994
    },
    "t_user_4": {
        "redirect_time": 0.01568949899999994,
        "get_access_token_time": 0.011756835999999993,
        "decode_id_token_time": 0.000239077000000254,
        "complete_login_time": 0.013684057999999943,
        "dispatch_time": 0.050275876000000164
    },
    "t_user_5": {
        "redirect_time": 0.01396604400000001,
        "get_access_token_time": 0.012322311000000141,
        "decode_id_token_time": 0.00020926100000018266,
        "complete_login_time": 0.014069257000000057,
        "dispatch_time": 0.05000469400000007
    },
    "t_user_6": {
        "redirect_time": 0.013906434000000023,
        "get_access_token_time": 0.012829933999999987,
        "decode_id_token_time": 0.00021605400000002106,
        "complete_login_time": 0.014171281999999952,
        "dispatch_time": 0.0503741729999998
    },
    "t_user_7": {
        "redirect_time": 0.014445193000000023,
        "get_access_token_time": 0.01076773299999978,
        "decode_id_token_time": 0.00020077499999970883,
        "complete_login_time": 0.013378706000000129,
        "dispatch_time": 0.045395046999999966
    },
    "t_user_8": {
        "redirect_time": 0.016194010999999953,
        "get_access_token_time": 0.011295198000000006,
        "decode_id_token_time": 0.00023963699999995924,
        "complete_login_time": 0.014293431000000023,
        "dispatch_time": 0.05364265999999995
    },
    "t_user_9": {
        "redirect_time": 0.014601131000000045,
        "get_access_token_time": 0.012879792000000112,
        "decode_id_token_time": 0.00021286800000019923,
        "complete_login_time": 0.013011641999999934,
        "dispatch_time": 0.048874491999999936
    },
    "t_user_10": {
        "redirect_time": 0.01359176800000006,
        "get_access_token_time": 0.011701511000000053,
        "decode_id_token_time": 0.00020785900000008795,
        "complete_login_time": 0.013711916000000102,
        "dispatch_time": 0.05328612399999999
    },
    "t_user_11": {
        "redirect_time": 0.013890033000000024,
        "get_access_token_time": 0.01158073100000001,
        "decode_id_token_time": 0.00022714399999967938,
        "complete_login_time": 0.019365354000000057,
        "dispatch_time": 0.05318242400000006
    },
    "t_user_12": {
        "redirect_time": 0.013930549999999986,
        "get_access_token_time": 0.011324607000000153,
        "decode_id_token_time": 0.00020983199999990987,
        "complete_login_time": 0.014543970000000073,
        "dispatch_time": 0.04968753300000017
    },
    "t_user_14": {
        "redirect_time": 0.017109111999999982,
        "get_access_token_time": 0.011498433999999946,
        "decode_id_token_time": 0.00019364199999971632,
        "complete_login_time": 0.012927432000000127,
        "dispatch_time": 0.046570664999999956
    },
    "t_user_13": {
        "redirect_time": 0.016409558000000102,
        "get_access_token_time": 0.012212027999999986,
        "decode_id_token_time": 0.0002524309999998309,
        "complete_login_time": 0.018345722999999925,
        "dispatch_time": 0.05381339400000007
    },
    "t_user_15": {
        "redirect_time": 0.01653437999999996,
        "get_access_token_time": 0.012535505000000224,
        "decode_id_token_time": 0.00023351699999984987,
        "complete_login_time": 0.013880298000000124,
        "dispatch_time": 0.05315395700000014
    },
    "t_user_16": {
        "redirect_time": 0.013825422000000032,
        "get_access_token_time": 0.012301019999999774,
        "decode_id_token_time": 0.00021601399999982007,
        "complete_login_time": 0.013342047999999718,
        "dispatch_time": 0.050116559000000116
    },
    "t_user_17": {
        "redirect_time": 0.01389124800000019,
        "get_access_token_time": 0.013219685000000148,
        "decode_id_token_time": 0.00021096399999986915,
        "complete_login_time": 0.013608006000000117,
        "dispatch_time": 0.05193303599999988
    },
    "t_user_18": {
        "redirect_time": 0.014259276999999848,
        "get_access_token_time": 0.012009844000000047,
        "decode_id_token_time": 0.00023528900000036046,
        "complete_login_time": 0.014063736999999854,
        "dispatch_time": 0.04945409199999995
    },
    "t_user_19": {
        "redirect_time": 0.015110688000000039,
        "get_access_token_time": 0.013239891000000004,
        "decode_id_token_time": 0.00019178799999997054,
        "complete_login_time": 0.013099811000000017,
        "dispatch_time": 0.04983362499999977
    },
    "t_user_20": {
        "redirect_time": 0.017181609000000098,
        "get_access_token_time": 0.013407705999999742,
        "decode_id_token_time": 0.00020462200000004316,
        "complete_login_time": 0.013253574999999795,
        "dispatch_time": 0.05101340700000012
    },
    "t_user_21": {
        "redirect_time": 0.014743331000000026,
        "get_access_token_time": 0.012332337000000138,
        "decode_id_token_time": 0.00018571700000036273,
        "complete_login_time": 0.012798500999999796,
        "dispatch_time": 0.05336372700000025
    },
    "t_user_22": {
        "redirect_time": 0.01503544499999987,
        "get_access_token_time": 0.011983675999999832,
        "decode_id_token_time": 0.0001982810000002999,
        "complete_login_time": 0.013521163999999697,
        "dispatch_time": 0.05371080199999989
    },
    "t_user_23": {
        "redirect_time": 0.025104702000000145,
        "get_access_token_time": 0.012606770999999739,
        "decode_id_token_time": 0.00019436300000030826,
        "complete_login_time": 0.01575557999999999,
        "dispatch_time": 0.051842404999999925
    },
    "t_user_25": {
        "redirect_time": 0.013469847999999951,
        "get_access_token_time": 0.011463067999999854,
        "decode_id_token_time": 0.00019077599999972605,
        "complete_login_time": 0.012526024000000024,
        "dispatch_time": 0.08207004899999992
    },
    "t_user_26": {
        "redirect_time": 0.016130777999999957,
        "get_access_token_time": 0.01160163199999964,
        "decode_id_token_time": 0.00019144799999981643,
        "complete_login_time": 0.012828543999999553,
        "dispatch_time": 0.05119758799999996
    },
    "t_user_27": {
        "redirect_time": 0.013639490999999948,
        "get_access_token_time": 0.011227827999999995,
        "decode_id_token_time": 0.0001982810000002999,
        "complete_login_time": 0.017514580999999474,
        "dispatch_time": 0.05150080099999954
    },
    "t_user_28": {
        "redirect_time": 0.01328028399999992,
        "get_access_token_time": 0.011214398999999986,
        "decode_id_token_time": 0.00017989599999967965,
        "complete_login_time": 0.01231883300000014,
        "dispatch_time": 0.048311223000000236
    },
    "t_user_30": {
        "redirect_time": 0.015546138000000154,
        "get_access_token_time": 0.012889705000000085,
        "decode_id_token_time": 0.00018844299999987157,
        "complete_login_time": 0.012870551999999869,
        "dispatch_time": 0.04761107100000039
    },
    "t_user_34": {
        "redirect_time": 0.0156960530000001,
        "get_access_token_time": 0.015034525000000798,