{
    "t_user_1": {
        "redirect_time": 0.013949676000000022,
        "get_access_token_time": 0.011589921999999753,
        "decode_id_token_time": 0.00020420199999993116,
        "complete_login_time": 0.012731347999999976,
        "dispatch_time": 0.047271177999999914
    },
    "t_user_2": {
        "redirect_time": 0.01449795399999998,
        "get_access_token_time": 0.011633280000000745,
        "decode_id_token_time": 0.00020935100000052387,
        "complete_login_time": 0.017414837999999655,
        "dispatch_time": 0.05096898799999927
    },
    "t_user_3": {
        "redirect_time": 0.013764234000000042,
        "get_access_token_time": 0.012000822000000078,
        "decode_id_token_time": 0.0002081689999999803,
        "complete_login_time": 0.014519153000000173,
        "dispatch_time": 0.060130727999999856
    },
    "t_user_4": {
        "redirect_time": 0.012964091000000066,
        "get_access_token_time": 0.011064302999999498,
        "decode_id_token_time": 0.00023364599999986524,
        "complete_login_time": 0.013842901000000296,
        "dispatch_time": 0.04764312699999973
    },
    "t_user_5": {
        "redirect_time": 0.014549056999999976,
        "get_access_token_time": 0.011671574999999379,
        "decode_id_token_time": 0.00020714700000024067,
        "complete_login_time": 0.014470636000000425,
        "dispatch_time": 0.04853572700000042
    },
    "t_user_6": {
        "redirect_time": 0.013495837999999982,
        "get_access_token_time": 0.011841991000000274,
        "decode_id_token_time": 0.0002483740000003287,
        "complete_login_time": 0.0141449920000003,
        "dispatch_time": 0.05262087999999965
    },
    "t_user_7": {
        "redirect_time": 0.013321409000000006,
        "get_access_token_time": 0.012022305999999983,
        "decode_id_token_time": 0.00020719800000001953,
        "complete_login_time": 0.012831328000000308,
        "dispatch_time": 0.05154959799999981
    },
    "t_user_8": {
        "redirect_time": 0.014721682999999985,
        "get_access_token_time": 0.012186328000000302,
        "decode_id_token_time": 0.00021701600000012533,
        "complete_login_time": 0.01330386600000022,
        "dispatch_time": 0.05333414300000028
    },
    "t_user_9": {
        "redirect_time": 0.013855407999999958,
        "get_access_token_time": 0.011647423999999962,
        "decode_id_token_time": 0.00022183500000005907,
        "complete_login_time": 0.016526653000000113,
        "dispatch_time": 0.05057343600000008
    },
    "t_user_10": {
        "redirect_time": 0.014228609999999975,
        "get_access_token_time": 0.011628410000000144,
        "decode_id_token_time": 0.00023963800000004198,
        "complete_login_time": 0.016263482999999912,
        "dispatch_time": 0.05783288800000008
    },
    "t_user_11": {
        "redirect_time": 0.014991265000000031,
        "get_access_token_time": 0.011654816000000068,
        "decode_id_token_time": 0.0002630209999998634,
        "complete_login_time": 0.014070154000000112,
        "dispatch_time": 0.04799598999999999
    },
    "t_user_12": {
        "redirect_time": 0.013686427999999973,
        "get_access_token_time": 0.012078440999999884,
        "decode_id_token_time": 0.00022862600000017608,
        "complete_login_time": 0.013784094000000024,
        "dispatch_time": 0.05270217400000021
    },
    "t_user_13": {
        "redirect_time": 0.01484170099999993,
        "get_access_token_time": 0.011430437000000016,
        "decode_id_token_time": 0.00020133700000002364,
        "complete_login_time": 0.012860904000000062,
        "dispatch_time": 0.04720057500000019
    },
    "t_user_14": {
        "redirect_time": 0.013757752000000067,
        "get_access_token_time": 0.012797197999999899,
        "decode_id_token_time": 0.00020584399999989955,
        "complete_login_time": 0.013157330999999939,
        "dispatch_time": 0.05027847999999979
    },
    "t_user_15": {
        "redirect_time": 0.01249510999999992,
        "get_access_token_time": 0.011765384999999906,
        "decode_id_token_time": 0.00023232500000025524,
        "complete_login_time": 0.01713914800000005,
        "dispatch_time": 0.0504715899999999
    },
    "t_user_16": {
        "redirect_time": 0.014194215999999926,
        "get_access_token_time": 0.01248496500000007,
        "decode_id_token_time": 0.00022129400000014954,
        "complete_login_time": 0.013424203000000023,
        "dispatch_time": 0.05033386499999981
    },
    "t_user_17": {
        "redirect_time": 0.021429804000000052,
        "get_access_token_time": 0.011631076999999657,
        "decode_id_token_time": 0.0006723860000001913,
        "complete_login_time": 0.016280467000000076,
        "dispatch_time": 0.0563259709999997
    },
    "t_user_18": {
        "redirect_time": 0.013983059000000075,
        "get_access_token_time": 0.011476710999999806,
        "decode_id_token_time": 0.00025390500000010974,
        "complete_login_time": 0.015158333999999662,
        "dispatch_time": 0.05040598099999993
    },
    "t_user_19": {
        "redirect_time": 0.015178613999999868,
        "get_access_token_time": 0.011519703999999908,
        "decode_id_token_time": 0.00027488399999997526,
        "complete_login_time": 0.014425365000000134,
        "dispatch_time": 0.04851788999999984
    },
    "t_user_20": {
        "redirect_time": 0.015864823000000028,
        "get_access_token_time": 0.012232699000000125,
        "decode_id_token_time": 0.00022744499999971524,
        "complete_login_time": 0.012781761999999919,
        "dispatch_time": 0.055161040999999855
    },
    "t_user_21": {
        "redirect_time": 0.016435474000000116,
        "get_access_token_time": 0.012393593000000092,
        "decode_id_token_time": 0.00021634400000003495,
        "complete_login_time": 0.013673153000000049,
        "dispatch_time": 0.04902051399999996
    },
    "t_user_22": {
        "redirect_time": 0.013356512999999959,
        "get_access_token_time": 0.013219220000000309,
        "decode_id_token_time": 0.00023111200000025534,
        "complete_login_time": 0.013880549999999658,
        "dispatch_time": 0.053422313
    },
    "t_user_23": {
        "redirect_time": 0.014931142999999869,
        "get_access_token_time": 0.011859648000000167,
        "decode_id_token_time": 0.00021298799999991402,
        "complete_login_time": 0.013598856999999853,
        "dispatch_time": 0.05157723499999989
    },
    "t_user_24": {
        "redirect_time": 0.013587395000000058,
        "get_access_token_time": 0.0111937430000002,
        "decode_id_token_time": 0.00019559500000010388,
        "complete_login_time": 0.01255207200000008,
        "dispatch_time": 0.04505003700000021
    },
    "t_user_25": {
        "redirect_time": 0.01424878900000004,
        "get_access_token_time": 0.011439610000000044,
        "decode_id_token_time": 0.00024250400000003225,
        "complete_login_time": 0.014624344000000011,
        "dispatch_time": 0.04843351599999979
    },
    "t_user_26": {
        "redirect_time": 0.01373636899999986,
        "get_access_token_time": 0.011739981000000288,
        "decode_id_token_time": 0.00020889000000012814,
        "complete_login_time": 0.019910682000000346,
        "dispatch_time": 0.05362759600000011
    },
    "t_user_28": {
        "redirect_time": 0.014215407000000013,
        "get_access_token_time": 0.011767214999999887,
        "decode_id_token_time": 0.0002096630000001376,
        "complete_login_time": 0.013600518000000061,
        "dispatch_time": 0.05168762800000026
    },
    "t_user_27": {
        "redirect_time": 0.013512423000000107,
        "get_access_token_time": 0.012709429999999688,
        "decode_id_token_time": 0.00022763500000033687,
        "complete_login_time": 0.02506718699999988,
        "dispatch_time": 0.06262109400000027
    },
    "t_user_29": {
        "redirect_time": 0.015622588999999909,
        "get_access_token_time": 0.014892960999999705,