{
    "t_user_1": {
        "redirect_time": 0.013586302999999966,
        "get_access_token_time": 0.012632142999999818,
        "decode_id_token_time": 0.0002262029999999804,
        "complete_login_time": 0.014088129999999754,
        "dispatch_time": 0.04869872800000019
    },
    "t_user_2": {
        "redirect_time": 0.01480365699999997,
        "get_access_token_time": 0.022732208999999948,
        "decode_id_token_time": 0.00022145400000006532,
        "complete_login_time": 0.014431827999999758,
        "dispatch_time": 0.05932081399999989
    },
    "t_user_3": {
        "redirect_time": 0.014269887000000092,
        "get_access_token_time": 0.012212642999999801,
        "decode_id_token_time": 0.0007395320000003203,
        "complete_login_time": 0.017606386000000196,
        "dispatch_time": 0.0546183870000001
    },
    "t_user_4": {
        "redirect_time": 0.013779249000000049,
        "get_access_token_time": 0.01294148900000014,
        "decode_id_token_time": 0.0002108640000000328,
        "complete_login_time": 0.018024562000000355,
        "dispatch_time": 0.0543635560000002
    },
    "t_user_5": {
        "redirect_time": 0.015096186999999928,
        "get_access_token_time": 0.012013735999999664,
        "decode_id_token_time": 0.00029621400000001685,
        "complete_login_time": 0.015599492999999853,
        "dispatch_time": 0.05101437099999995
    },
    "t_user_6": {
        "redirect_time": 0.01278159000000001,
        "get_access_token_time": 0.011552646000000166,
        "decode_id_token_time": 0.0002119070000001777,
        "complete_login_time": 0.013650136999999951,
        "dispatch_time": 0.051143605000000036
    },
    "t_user_7": {
        "redirect_time": 0.014769648000000024,
        "get_access_token_time": 0.010937929999999874,
        "decode_id_token_time": 0.0002329159999998609,
        "complete_login_time": 0.014152603999999958,
        "dispatch_time": 0.04812218200000018
    },
    "t_user_8": {
        "redirect_time": 0.01558424600000008,
        "get_access_token_time": 0.011742391999999935,
        "decode_id_token_time": 0.00022206499999999352,
        "complete_login_time": 0.01349065199999977,
        "dispatch_time": 0.05533482799999989
    },
    "t_user_9": {
        "redirect_time": 0.015878669999999984,
        "get_access_token_time": 0.012077823999999904,
        "decode_id_token_time": 0.00020257900000020257,
        "complete_login_time": 0.013093170999999959,
        "dispatch_time": 0.04725823299999998
    },
    "t_user_10": {
        "redirect_time": 0.014804583999999954,
        "get_access_token_time": 0.012511037999999974,
        "decode_id_token_time": 0.00022306700000029878,
        "complete_login_time": 0.013190591999999945,
        "dispatch_time": 0.04930501200000004
    },
    "t_user_11": {
        "redirect_time": 0.015071475999999917,
        "get_access_token_time": 0.013689163000000004,
        "decode_id_token_time": 0.00022314799999989532,
        "complete_login_time": 0.014759433999999683,
        "dispatch_time": 0.051762318999999835
    },
    "t_user_12": {
        "redirect_time": 0.018550464999999905,
        "get_access_token_time": 0.011565340000000202,
        "decode_id_token_time": 0.00019723799999971092,
        "complete_login_time": 0.01374888200000024,
        "dispatch_time": 0.051432836999999676
    },
    "t_user_14": {
        "redirect_time": 0.013877311999999975,
        "get_access_token_time": 0.049982416999999835,
        "decode_id_token_time": 0.00024087999999977683,
        "complete_login_time": 0.013552465000000069,
        "dispatch_time": 0.08604177000000002
    },
    "t_user_13": {
        "redirect_time": 0.016899171000000157,
        "get_access_token_time": 0.01137933000000002,
        "decode_id_token_time": 0.00021310900000015565,
        "complete_login_time": 0.014317866999999929,
        "dispatch_time": 0.05073694200000034
    },
    "t_user_15": {
        "redirect_time": 0.014716108999999866,
        "get_access_token_time": 0.012559728999999908,
        "decode_id_token_time": 0.00023592099999980576,
        "complete_login_time": 0.013124022000000402,
        "dispatch_time": 0.049669005000000155
    },
    "t_user_16": {
        "redirect_time": 0.016115695999999957,
        "get_access_token_time": 0.011678726999999611,
        "decode_id_token_time": 0.00021562399999996984,
        "complete_login_time": 0.013819047999999778,
        "dispatch_time": 0.05342413300000004
    },
    "t_user_17": {
        "redirect_time": 0.012892061000000066,
        "get_access_token_time": 0.012047396999999904,
        "decode_id_token_time": 0.0002006450000004989,
        "complete_login_time": 0.013158939999999397,
        "dispatch_time": 0.0492706269999994
    },
    "t_user_18": {
        "redirect_time": 0.014854630999999952,
        "get_access_token_time": 0.013399394000000342,
        "decode_id_token_time": 0.00030380699999987826,
        "complete_login_time": 0.014209053000000083,
        "dispatch_time": 0.04952964199999954
    },
    "t_user_19": {
        "redirect_time": 0.014935629999999867,
        "get_access_token_time": 0.011537710999999895,
        "decode_id_token_time": 0.0002140400000003595,
        "complete_login_time": 0.013199466999999743,
        "dispatch_time": 0.04624847799999987
    },
    "t_user_20": {
        "redirect_time": 0.015914867,
        "get_access_token_time": 0.014830589999999866,
        "decode_id_token_time": 0.0002122459999993609,
        "complete_login_time": 0.013579298999999878,
        "dispatch_time": 0.05003116299999988
    },
    "t_user_21": {
        "redirect_time": 0.014716431999999946,
        "get_access_token_time": 0.012220078000000356,
        "decode_id_token_time": 0.00022576199999946311,
        "complete_login_time": 0.013696074999999475,
        "dispatch_time": 0.052334416999999966
    },
    "t_user_22": {
        "redirect_time": 0.013881158000000005,
        "get_access_token_time": 0.011346241000000035,
        "decode_id_token_time": 0.00019864099999988838,
        "complete_login_time": 0.016957896000000083,
        "dispatch_time": 0.05102483300000049
    },
    "t_user_23": {
        "redirect_time": 0.014080505999999993,
        "get_access_token_time": 0.011767225000000714,
        "decode_id_token_time": 0.00020783900000065358,
        "complete_login_time": 0.013521156000000367,
        "dispatch_time": 0.049337879000000306
    },
    "t_user_24": {
        "redirect_time": 0.013452843000000048,
        "get_access_token_time": 0.012140147000000212,
        "decode_id_token_time": 0.00024862500000022436,
        "complete_login_time": 0.013763606999999567,
        "dispatch_time": 0.05452617500000034
    },
    "t_user_25": {
        "redirect_time": 0.013580267999999895,
        "get_access_token_time": 0.013634974000000355,
        "decode_id_token_time": 0.0002043609999997642,
        "complete_login_time": 0.014105468999999538,
        "dispatch_time": 0.048957584000000054
    },
    "t_user_26": {
        "redirect_time": 0.013842608999999895,
        "get_access_token_time": 0.011770174000000466,
        "decode_id_token_time": 0.00020964199999973232,
        "complete_login_time": 0.013328723000000764,
        "dispatch_time": 0.053638041000000136
    },
    "t_user_28": {
        "redirect_time": 0.013669063000000037,
        "get_access_token_time": 0.011518323999999858,
        "decode_id_token_time": 0.00019042599999963272,
        "complete_login_time": 0.017390631999999684,
        "dispatch_time": 0.05492957999999959
    },
    "t_user_27": {
        "redirect_time": 0.013146230999999897,
        "get_access_token_time": 0.011775710000000217,
        "decode_id_token_time": 0.00021441099999996993,
        "complete_login_time": 0.012947193000000468,
        "dispatch_time": 0.050886504000000166
    },
    "t_user_29": {
        "redirect_time": 0.01649238299999989,
        "get_access_token_time": 0.011161114000000083,