{
    "t_user_1": {
        "redirect_time": 0.014354570000000011,
        "get_access_token_time": 0.046642158000000045,
        "decode_id_token_time": 0.0002102929999998615,
        "complete_login_time": 0.01301648199999983,
        "dispatch_time": 0.08443191799999994
    },
    "t_user_2": {
        "redirect_time": 0.016117452000000032,
        "get_access_token_time": 0.011775239999999965,
        "decode_id_token_time": 0.0002134780000000447,
        "complete_login_time": 0.013161774000000293,
        "dispatch_time": 0.05187033299999966
    },
    "t_user_3": {
        "redirect_time": 0.01392758999999999,
        "get_access_token_time": 0.011152011000000073,
        "decode_id_token_time": 0.0001931909999997039,
        "complete_login_time": 0.013150962999999738,
        "dispatch_time": 0.05172012000000015
    },
    "t_user_4": {
        "redirect_time": 0.013918641000000065,
        "get_access_token_time": 0.012389552999999776,
        "decode_id_token_time": 0.0002053640000001522,
        "complete_login_time": 0.013264648999999906,
        "dispatch_time": 0.05086418399999992
    },
    "t_user_5": {
        "redirect_time": 0.012784369000000018,
        "get_access_token_time": 0.015199921999999866,
        "decode_id_token_time": 0.00023182400000010261,
        "complete_login_time": 0.014053026000000024,
        "dispatch_time": 0.053498540000000094
    },
    "t_user_6": {
        "redirect_time": 0.014753192999999998,
        "get_access_token_time": 0.012045780999999867,
        "decode_id_token_time": 0.00018718900000003202,
        "complete_login_time": 0.013335440000000087,
        "dispatch_time": 0.05378462600000011
    },
    "t_user_7": {
        "redirect_time": 0.014851975999999989,
        "get_access_token_time": 0.01229019099999995,
        "decode_id_token_time": 0.0002444869999997934,
        "complete_login_time": 0.014080360999999986,
        "dispatch_time": 0.05250185899999993
    },
    "t_user_8": {
        "redirect_time": 0.016320573000000005,
        "get_access_token_time": 0.011401675000000111,
        "decode_id_token_time": 0.00022975100000000026,
        "complete_login_time": 0.013540238000000038,
        "dispatch_time": 0.04746773400000004
    },
    "t_user_9": {
        "redirect_time": 0.015298934000000042,
        "get_access_token_time": 0.016793362000000034,
        "decode_id_token_time": 0.00021316799999970826,
        "complete_login_time": 0.014519151000000008,
        "dispatch_time": 0.05427274999999998
    },
    "t_user_10": {
        "redirect_time": 0.01431638099999999,
        "get_access_token_time": 0.011830817999999965,
        "decode_id_token_time": 0.000217126000000345,
        "complete_login_time": 0.019079357999999935,
        "dispatch_time": 0.053770799000000036
    },
    "t_user_11": {
        "redirect_time": 0.014717548999999996,
        "get_access_token_time": 0.011917305999999961,
        "decode_id_token_time": 0.00027130700000022046,
        "complete_login_time": 0.013998990000000155,
        "dispatch_time": 0.050501660000000115
    },
    "t_user_12": {
        "redirect_time": 0.015328387000000054,
        "get_access_token_time": 0.011079803999999971,
        "decode_id_token_time": 0.00021534300000025652,
        "complete_login_time": 0.012995143000000375,
        "dispatch_time": 0.045806931999999634
    },
    "t_user_14": {
        "redirect_time": 0.013445335999999974,
        "get_access_token_time": 0.012211742000000303,
        "decode_id_token_time": 0.0002460399999999474,
        "complete_login_time": 0.015077712000000076,
        "dispatch_time": 0.056002907000000324
    },
    "t_user_13": {
        "redirect_time": 0.013420635000000125,
        "get_access_token_time": 0.011689928000000016,
        "decode_id_token_time": 0.0001886419999999056,
        "complete_login_time": 0.012677089000000308,
        "dispatch_time": 0.04989404399999975
    },
    "t_user_15": {
        "redirect_time": 0.014393856000000094,
        "get_access_token_time": 0.011786076000000145,
        "decode_id_token_time": 0.00021055299999961363,
        "complete_login_time": 0.01330089000000001,
        "dispatch_time": 0.05174058599999998
    },
    "t_user_16": {
        "redirect_time": 0.01390659300000019,
        "get_access_token_time": 0.011766657999999985,
        "decode_id_token_time": 0.00022162399999992033,
        "complete_login_time": 0.017051994000000015,
        "dispatch_time": 0.05179707200000028
    },
    "t_user_17": {
        "redirect_time": 0.013679817000000094,
        "get_access_token_time": 0.012080697000000029,
        "decode_id_token_time": 0.0006781879999999685,
        "complete_login_time": 0.014548964000000053,
        "dispatch_time": 0.059948330999999966
    },
    "t_user_18": {
        "redirect_time": 0.015943779000000102,
        "get_access_token_time": 0.011566440000000178,
        "decode_id_token_time": 0.00022961900000018076,
        "complete_login_time": 0.013741024000000213,
        "dispatch_time": 0.04799438200000017
    },
    "t_user_19": {
        "redirect_time": 0.01412319300000009,
        "get_access_token_time": 0.011366049999999905,
        "decode_id_token_time": 0.00022369800000010542,
        "complete_login_time": 0.0129821889999997,
        "dispatch_time": 0.04653684200000008
    },
    "t_user_20": {
        "redirect_time": 0.015057263999999959,
        "get_access_token_time": 0.011631819999999848,
        "decode_id_token_time": 0.0002144409999997876,
        "complete_login_time": 0.013005964000000425,
        "dispatch_time": 0.04984721099999989
    },
    "t_user_21": {
        "redirect_time": 0.01564396999999995,
        "get_access_token_time": 0.012055234999999609,
        "decode_id_token_time": 0.0002477240000002823,
        "complete_login_time": 0.018035293999999702,
        "dispatch_time": 0.053450357000000004
    },
    "t_user_22": {
        "redirect_time": 0.015487229999999963,
        "get_access_token_time": 0.016850189999999987,
        "decode_id_token_time": 0.0002245090000001504,
        "complete_login_time": 0.013260159999999743,
        "dispatch_time": 0.05381098599999978
    },
    "t_user_23": {
        "redirect_time": 0.013424616,
        "get_access_token_time": 0.011434981999999927,
        "decode_id_token_time": 0.00022632300000013927,
        "complete_login_time": 0.014074937000000176,
        "dispatch_time": 0.05076340899999998
    },
    "t_user_24": {
        "redirect_time": 0.0177119240000001,
        "get_access_token_time": 0.017220571000000184,
        "decode_id_token_time": 0.0002707370000001319,
        "complete_login_time": 0.02057916999999998,
        "dispatch_time": 0.06282705299999991
    },
    "t_user_25": {
        "redirect_time": 0.014143449000000086,
        "get_access_token_time": 0.011876289999999567,
        "decode_id_token_time": 0.00026351300000015954,
        "complete_login_time": 0.013630142000000234,
        "dispatch_time": 0.05157573299999996
    },
    "t_user_26": {
        "redirect_time": 0.01358972699999983,
        "get_access_token_time": 0.01145193099999986,
        "decode_id_token_time": 0.00018963399999982755,
        "complete_login_time": 0.012899847999999992,
        "dispatch_time": 0.05875425600000028
    },
    "t_user_28": {
        "redirect_time": 0.014941470000000123,
        "get_access_token_time": 0.011721092999999794,
        "decode_id_token_time": 0.00022780599999983053,
        "complete_login_time": 0.013342892999999911,
        "dispatch_time": 0.05272083400000005
    },
    "t_user_27": {
        "redirect_time": 0.014560402000000083,
        "get_access_token_time": 0.011235906000000018,
        "decode_id_token_time": 0.00023954800000014487,
        "complete_login_time": 0.013690489000000028,
        "dispatch_time": 0.04857219600000029
    },
    "t_user_29": {
        "redirect_time": 0.01603281899999942,
        "get_access_token_time": 0.011437568999999925,