{
    "t_user_1": {
        "redirect_time": 0.013421872000000001,
        "get_access_token_time": 0.012678553000000647,
        "decode_id_token_time": 0.00020608500000030006,
        "complete_login_time": 0.013463857000000523,
        "dispatch_time": 0.04781156700000011
    },
    "t_user_2": {
        "redirect_time": 0.013455043999999972,
        "get_access_token_time": 0.012983069000000125,
        "decode_id_token_time": 0.0006815730000000464,
        "complete_login_time": 0.014803096000000071,
        "dispatch_time": 0.057522144
    },
    "t_user_3": {
        "redirect_time": 0.015035498999999897,
        "get_access_token_time": 0.012548920999999602,
        "decode_id_token_time": 0.00019698799999989802,
        "complete_login_time": 0.013045284000000379,
        "dispatch_time": 0.05417680399999991
    },
    "t_user_4": {
        "redirect_time": 0.014102969999999937,
        "get_access_token_time": 0.012357987999999764,
        "decode_id_token_time": 0.0002167459999995458,
        "complete_login_time": 0.0137805430000002,
        "dispatch_time": 0.05315271499999952
    },
    "t_user_5": {
        "redirect_time": 0.015300705000000026,
        "get_access_token_time": 0.011884923000000214,
        "decode_id_token_time": 0.0002509500000007492,
        "complete_login_time": 0.018538602999999654,
        "dispatch_time": 0.08823999199999966
    },
    "t_user_6": {
        "redirect_time": 0.014095329999999962,
        "get_access_token_time": 0.016510888,
        "decode_id_token_time": 0.0002238580000000212,
        "complete_login_time": 0.013860009000000062,
        "dispatch_time": 0.052194212000000295
    },
    "t_user_7": {
        "redirect_time": 0.013772752999999915,
        "get_access_token_time": 0.012388319999999897,
        "decode_id_token_time": 0.00022374800000024564,
        "complete_login_time": 0.01298909299999984,
        "dispatch_time": 0.051425405999999896
    },
    "t_user_8": {
        "redirect_time": 0.015856518999999958,
        "get_access_token_time": 0.012011559999999921,
        "decode_id_token_time": 0.00021242700000012604,
        "complete_login_time": 0.013937660000000296,
        "dispatch_time": 0.053830071000000146
    },
    "t_user_9": {
        "redirect_time": 0.014716888000000039,
        "get_access_token_time": 0.012563566999999942,
        "decode_id_token_time": 0.0002159630000000412,
        "complete_login_time": 0.013323470000000004,
        "dispatch_time": 0.051333855999999844
    },
    "t_user_10": {
        "redirect_time": 0.015092005000000075,
        "get_access_token_time": 0.011612535000000257,
        "decode_id_token_time": 0.00022344900000037526,
        "complete_login_time": 0.014187104999999978,
        "dispatch_time": 0.05237161800000001
    },
    "t_user_11": {
        "redirect_time": 0.016540872999999845,
        "get_access_token_time": 0.023612378999999795,
        "decode_id_token_time": 0.0002093509999996357,
        "complete_login_time": 0.015138508000000162,
        "dispatch_time": 0.06190334100000028
    },
    "t_user_12": {
        "redirect_time": 0.020200430000000047,
        "get_access_token_time": 0.014134029999999687,
        "decode_id_token_time": 0.00022953900000022287,
        "complete_login_time": 0.013581004999999813,
        "dispatch_time": 0.05286452800000019
    },
    "t_user_13": {
        "redirect_time": 0.0140796809999999,
        "get_access_token_time": 0.012579473999999813,
        "decode_id_token_time": 0.00025847300000014783,
        "complete_login_time": 0.013696290000000388,
        "dispatch_time": 0.053373768000000155
    },
    "t_user_14": {
        "redirect_time": 0.01782315099999998,
        "get_access_token_time": 0.011947082999999914,
        "decode_id_token_time": 0.00021580400000020816,
        "complete_login_time": 0.013499669999999853,
        "dispatch_time": 0.04909633400000013
    },
    "t_user_15": {
        "redirect_time": 0.015593707999999928,
        "get_access_token_time": 0.011842607000000172,
        "decode_id_token_time": 0.000238867000000198,
        "complete_login_time": 0.019529404000000028,
        "dispatch_time": 0.054207535999999834
    },
    "t_user_16": {
        "redirect_time": 0.01554759799999994,
        "get_access_token_time": 0.012230318999999934,
        "decode_id_token_time": 0.00025647899999992063,
        "complete_login_time": 0.01384244499999987,
        "dispatch_time": 0.05120067599999967
    },
    "t_user_17": {
        "redirect_time": 0.01353301699999987,
        "get_access_token_time": 0.0123032150000002,
        "decode_id_token_time": 0.0002455269999996901,
        "complete_login_time": 0.01493613699999985,
        "dispatch_time": 0.05922435900000034
    },
    "t_user_18": {
        "redirect_time": 0.014879539000000053,
        "get_access_token_time": 0.011299501000000323,
        "decode_id_token_time": 0.00022877800000031812,
        "complete_login_time": 0.013718547999999942,
        "dispatch_time": 0.04774906400000001
    },
    "t_user_19": {
        "redirect_time": 0.016666416999999933,
        "get_access_token_time": 0.013278420000000235,
        "decode_id_token_time": 0.00023958700000026312,
        "complete_login_time": 0.01373659000000016,
        "dispatch_time": 0.05077628600000006
    },
    "t_user_20": {
        "redirect_time": 0.013468880000000016,
        "get_access_token_time": 0.012246333999999859,
        "decode_id_token_time": 0.00023601099999970288,
        "complete_login_time": 0.013331362999999818,
        "dispatch_time": 0.052241481000000256
    },
    "t_user_21": {
        "redirect_time": 0.014423070999999954,
        "get_access_token_time": 0.01371930499999996,
        "decode_id_token_time": 0.0002256720000000101,
        "complete_login_time": 0.015034042000000358,
        "dispatch_time": 0.0546536350000002
    },
    "t_user_22": {
        "redirect_time": 0.014251044999999962,
        "get_access_token_time": 0.01199478200000037,
        "decode_id_token_time": 0.00020321000000000922,
        "complete_login_time": 0.01292043300000012,
        "dispatch_time": 0.04787021299999994
    },
    "t_user_23": {
        "redirect_time": 0.014152054000000192,
        "get_access_token_time": 0.011478118999999953,
        "decode_id_token_time": 0.0002362119999999024,
        "complete_login_time": 0.012929144999999753,
        "dispatch_time": 0.05053079699999996
    },
    "t_user_24": {
        "redirect_time": 0.013495502999999909,
        "get_access_token_time": 0.011842215000000156,
        "decode_id_token_time": 0.00022259500000032517,
        "complete_login_time": 0.015334849000000261,
        "dispatch_time": 0.06121690099999988
    },
    "t_user_25": {
        "redirect_time": 0.014389948000000041,
        "get_access_token_time": 0.011801583000000004,
        "decode_id_token_time": 0.00021259699999998105,
        "complete_login_time": 0.01536444200000009,
        "dispatch_time": 0.05213845799999994
    },
    "t_user_26": {
        "redirect_time": 0.013806763999999916,
        "get_access_token_time": 0.012083580000000094,
        "decode_id_token_time": 0.00018332199999981924,
        "complete_login_time": 0.012597720999999673,
        "dispatch_time": 0.05123957499999987
    },
    "t_user_28": {
        "redirect_time": 0.014909462999999956,
        "get_access_token_time": 0.01155485299999981,
        "decode_id_token_time": 0.00022468899999994463,
        "complete_login_time": 0.013172380999999955,
        "dispatch_time": 0.04739880499999982
    },
    "t_user_27": {
        "redirect_time": 0.014019009999999943,
        "get_access_token_time": 0.011488951000000025,
        "decode_id_token_time": 0.00020630599999993393,
        "complete_login_time": 0.013450804000000094,
        "dispatch_time": 0.047297920000000104
    },
    "t_user_29": {
        "redirect_time": 0.014593418000000025,
        "get_access_token_time": 0.012281940999999907,