{
    "t_user_1": {
        "redirect_time": 0.015443100999999959,
        "get_access_token_time": 0.013322894000000307,
        "decode_id_token_time": 0.0002401289999998113,
        "complete_login_time": 0.013849521000000031,
        "dispatch_time": 0.0498916949999999
    },
    "t_user_2": {
        "redirect_time": 0.013163934000000044,
        "get_access_token_time": 0.012819180000000152,
        "decode_id_token_time": 0.0002546660000000145,
        "complete_login_time": 0.020118815000000012,
        "dispatch_time": 0.05727726599999983
    },
    "t_user_3": {
        "redirect_time": 0.013678634999999995,
        "get_access_token_time": 0.012672149999999771,
        "decode_id_token_time": 0.0006556849999999059,
        "complete_login_time": 0.014341362000000135,
        "dispatch_time": 0.056099239999999995
    },
    "t_user_4": {
        "redirect_time": 0.014492904000000029,
        "get_access_token_time": 0.012446807999999976,
        "decode_id_token_time": 0.00024155299999994995,
        "complete_login_time": 0.016952669000000142,
        "dispatch_time": 0.054548553000000055
    },
    "t_user_5": {
        "redirect_time": 0.012889295999999995,
        "get_access_token_time": 0.013366758999999728,
        "decode_id_token_time": 0.00021457099999988571,
        "complete_login_time": 0.0163338839999998,
        "dispatch_time": 0.05250225499999983
    },
    "t_user_6": {
        "redirect_time": 0.013591495000000009,
        "get_access_token_time": 0.012393557000000222,
        "decode_id_token_time": 0.00021152499999965713,
        "complete_login_time": 0.014110872000000274,
        "dispatch_time": 0.0475772830000003
    },
    "t_user_7": {
        "redirect_time": 0.014314525999999939,
        "get_access_token_time": 0.01192959899999968,
        "decode_id_token_time": 0.0002373640000001842,
        "complete_login_time": 0.01335165699999985,
        "dispatch_time": 0.05168044900000002
    },
    "t_user_8": {
        "redirect_time": 0.015414281999999946,
        "get_access_token_time": 0.01178148900000009,
        "decode_id_token_time": 0.0002057440000000632,
        "complete_login_time": 0.01416568699999976,
        "dispatch_time": 0.05317603400000026
    },
    "t_user_9": {
        "redirect_time": 0.01595691499999996,
        "get_access_token_time": 0.013216508000000182,
        "decode_id_token_time": 0.00022067300000028212,
        "complete_login_time": 0.013455298000000226,
        "dispatch_time": 0.05100093300000008
    },
    "t_user_10": {
        "redirect_time": 0.014366906000000013,
        "get_access_token_time": 0.010999352000000684,
        "decode_id_token_time": 0.00023639299999977936,
        "complete_login_time": 0.022678240000000294,
        "dispatch_time": 0.056805159000000494
    },
    "t_user_11": {
        "redirect_time": 0.017537011000000047,
        "get_access_token_time": 0.015962296000000542,
        "decode_id_token_time": 0.00023583099999946455,
        "complete_login_time": 0.013771374000000058,
        "dispatch_time": 0.05491696700000048
    },
    "t_user_12": {
        "redirect_time": 0.01824161599999985,
        "get_access_token_time": 0.011803142000000655,
        "decode_id_token_time": 0.00020500399999967556,
        "complete_login_time": 0.01453360900000078,
        "dispatch_time": 0.04802516099999998
    },
    "t_user_13": {
        "redirect_time": 0.01608866799999986,
        "get_access_token_time": 0.012943068999999419,
        "decode_id_token_time": 0.00018915299999999746,
        "complete_login_time": 0.017045164999999862,
        "dispatch_time": 0.05308632200000041
    },
    "t_user_14": {
        "redirect_time": 0.018284737999999967,
        "get_access_token_time": 0.01396722199999978,
        "decode_id_token_time": 0.00021794700000032918,
        "complete_login_time": 0.013884155999999592,
        "dispatch_time": 0.05070123500000001
    },
    "t_user_15": {
        "redirect_time": 0.014161094000000096,
        "get_access_token_time": 0.011913966999999914,
        "decode_id_token_time": 0.0002142899999997283,
        "complete_login_time": 0.012974817999999999,
        "dispatch_time": 0.05149060599999977
    },
    "t_user_17": {
        "redirect_time": 0.015275812000000055,
        "get_access_token_time": 0.011226886999999408,
        "decode_id_token_time": 0.00020943100000003767,
        "complete_login_time": 0.01384809800000042,
        "dispatch_time": 0.04827899000000002
    },
    "t_user_16": {
        "redirect_time": 0.013765435999999909,
        "get_access_token_time": 0.01179658000000039,
        "decode_id_token_time": 0.00018165899999988966,
        "complete_login_time": 0.012925332000000012,
        "dispatch_time": 0.05214016600000004
    },
    "t_user_18": {
        "redirect_time": 0.016369280000000153,
        "get_access_token_time": 0.011476767999999637,
        "decode_id_token_time": 0.00020980100000045354,
        "complete_login_time": 0.016532201000000413,
        "dispatch_time": 0.05015312699999974
    },
    "t_user_19": {
        "redirect_time": 0.014002253000000131,
        "get_access_token_time": 0.012895610000000168,
        "decode_id_token_time": 0.00020251900000012313,
        "complete_login_time": 0.012952981999999835,
        "dispatch_time": 0.05043156400000015
    },
    "t_user_20": {
        "redirect_time": 0.014676088999999948,
        "get_access_token_time": 0.011204718000000113,
        "decode_id_token_time": 0.00021508100000033892,
        "complete_login_time": 0.013469667999999935,
        "dispatch_time": 0.05165476800000057
    },
    "t_user_21": {
        "redirect_time": 0.014429930000000146,
        "get_access_token_time": 0.011418284999999528,
        "decode_id_token_time": 0.0002452179999998805,
        "complete_login_time": 0.013942684999999955,
        "dispatch_time": 0.04941813200000045
    },
    "t_user_22": {
        "redirect_time": 0.014838080000000087,
        "get_access_token_time": 0.012673772000000305,
        "decode_id_token_time": 0.00022487900000012218,
        "complete_login_time": 0.013289830999999808,
        "dispatch_time": 0.052610375999999626
    },
    "t_user_23": {
        "redirect_time": 0.02013534199999989,
        "get_access_token_time": 0.011993255999999342,
        "decode_id_token_time": 0.000219620000000198,
        "complete_login_time": 0.013607879000000267,
        "dispatch_time": 0.04819537200000035
    },
    "t_user_24": {
        "redirect_time": 0.014294171999999827,
        "get_access_token_time": 0.011434264000000027,
        "decode_id_token_time": 0.00021157499999979734,
        "complete_login_time": 0.015567902999999994,
        "dispatch_time": 0.05000762800000036
    },
    "t_user_25": {
        "redirect_time": 0.01293542999999997,
        "get_access_token_time": 0.01170499399999958,
        "decode_id_token_time": 0.0002057840000002642,
        "complete_login_time": 0.01306609500000011,
        "dispatch_time": 0.046936867000000326
    },
    "t_user_26": {
        "redirect_time": 0.014143339000000088,
        "get_access_token_time": 0.01109702499999976,
        "decode_id_token_time": 0.00027202899999956287,
        "complete_login_time": 0.01799929099999975,
        "dispatch_time": 0.05564855500000032
    },
    "t_user_27": {
        "redirect_time": 0.013576811999999938,
        "get_access_token_time": 0.012946634999999596,
        "decode_id_token_time": 0.0002302399999996041,
        "complete_login_time": 0.01737091700000004,
        "dispatch_time": 0.05394485599999932
    },
    "t_user_28": {
        "redirect_time": 0.014754460000000025,
        "get_access_token_time": 0.01225986499999987,
        "decode_id_token_time": 0.0002029290000002959,
        "complete_login_time": 0.015935583000000086,
        "dispatch_time": 0.05000690600000013
    },
    "t_user_30": {
        "redirect_time": 0.01360132600000008,
        "get_access_token_time": 0.012016924000000095,