{
    "t_user_1": {
        "redirect_time": 0.013399165000000046,
        "get_access_token_time": 0.012310622000000215,
        "decode_id_token_time": 0.0001733640000001202,
        "complete_login_time": 0.012613879000000772,
        "dispatch_time": 0.04550306099999979
    },
    "t_user_2": {
        "redirect_time": 0.013582801000000089,
        "get_access_token_time": 0.010721927999999714,
        "decode_id_token_time": 0.00021203599999974898,
        "complete_login_time": 0.015991880999999708,
        "dispatch_time": 0.04824145799999968
    },
    "t_user_3": {
        "redirect_time": 0.016161306999999958,
        "get_access_token_time": 0.011635724999999653,
        "decode_id_token_time": 0.0002078389999997654,
        "complete_login_time": 0.013017454999999956,
        "dispatch_time": 0.04978683900000025
    },
    "t_user_4": {
        "redirect_time": 0.015281776999999996,
        "get_access_token_time": 0.01259563800000052,
        "decode_id_token_time": 0.00020797799999972,
        "complete_login_time": 0.013955530999999688,
        "dispatch_time": 0.057580612999999836
    },
    "t_user_5": {
        "redirect_time": 0.014091167000000016,
        "get_access_token_time": 0.011956736000000134,
        "decode_id_token_time": 0.000866961000000277,
        "complete_login_time": 0.014571337000000018,
        "dispatch_time": 0.0561342899999997
    },
    "t_user_6": {
        "redirect_time": 0.015612225000000035,
        "get_access_token_time": 0.01119026000000023,
        "decode_id_token_time": 0.00021540200000025322,
        "complete_login_time": 0.013207354999999588,
        "dispatch_time": 0.04767712599999996
    },
    "t_user_7": {
        "redirect_time": 0.014042999000000056,
        "get_access_token_time": 0.011455082000000338,
        "decode_id_token_time": 0.00022547199999944922,
        "complete_login_time": 0.01445678199999989,
        "dispatch_time": 0.05467380900000052
    },
    "t_user_8": {
        "redirect_time": 0.014934120999999911,
        "get_access_token_time": 0.011771738000000198,
        "decode_id_token_time": 0.0002910449999999898,
        "complete_login_time": 0.014146020999999731,
        "dispatch_time": 0.08749568600000002
    },
    "t_user_9": {
        "redirect_time": 0.013496002999999979,
        "get_access_token_time": 0.012996396000000132,
        "decode_id_token_time": 0.0002202220000002697,
        "complete_login_time": 0.01375704799999955,
        "dispatch_time": 0.05627549599999959
    },
    "t_user_10": {
        "redirect_time": 0.015627566000000037,
        "get_access_token_time": 0.011752251999999963,
        "decode_id_token_time": 0.0002340979999999604,
        "complete_login_time": 0.01298771700000012,
        "dispatch_time": 0.047815957000000076
    },
    "t_user_11": {
        "redirect_time": 0.016273550000000192,
        "get_access_token_time": 0.012153756000000016,
        "decode_id_token_time": 0.00019401300000021493,
        "complete_login_time": 0.013655344999999652,
        "dispatch_time": 0.06513521000000022
    },
    "t_user_12": {
        "redirect_time": 0.013299117000000082,
        "get_access_token_time": 0.011714093999999786,
        "decode_id_token_time": 0.0002076080000001923,
        "complete_login_time": 0.014301938000000014,
        "dispatch_time": 0.05642713499999985
    },
    "t_user_14": {
        "redirect_time": 0.014290004000000023,
        "get_access_token_time": 0.011770360999999951,
        "decode_id_token_time": 0.0002361909999999412,
        "complete_login_time": 0.015742257000000315,
        "dispatch_time": 0.049415645999999924
    },
    "t_user_13": {
        "redirect_time": 0.015817739999999914,
        "get_access_token_time": 0.011537367999999937,
        "decode_id_token_time": 0.00021376999999977997,
        "complete_login_time": 0.013642127000000226,
        "dispatch_time": 0.04723606499999988
    },
    "t_user_15": {
        "redirect_time": 0.013830135999999937,
        "get_access_token_time": 0.011999825999999825,
        "decode_id_token_time": 0.00022168399999999977,
        "complete_login_time": 0.0143126579999997,
        "dispatch_time": 0.05844106300000007
    },
    "t_user_16": {
        "redirect_time": 0.013890045000000129,
        "get_access_token_time": 0.012719471000000038,
        "decode_id_token_time": 0.00021022299999984284,
        "complete_login_time": 0.014699441999999951,
        "dispatch_time": 0.050836593000000097
    },
    "t_user_17": {
        "redirect_time": 0.014648274999999877,
        "get_access_token_time": 0.011847554000000038,
        "decode_id_token_time": 0.0002095209999999348,
        "complete_login_time": 0.016697784999999854,
        "dispatch_time": 0.051287800999999966
    },
    "t_user_18": {
        "redirect_time": 0.014911965000000027,
        "get_access_token_time": 0.011355861999999828,
        "decode_id_token_time": 0.0001863389999998688,
        "complete_login_time": 0.012363464999999962,
        "dispatch_time": 0.04761407499999981
    },
    "t_user_19": {
        "redirect_time": 0.015390065999999925,
        "get_access_token_time": 0.018347286000000018,
        "decode_id_token_time": 0.00023354700000011164,
        "complete_login_time": 0.013767463000000202,
        "dispatch_time": 0.05537260399999999
    },
    "t_user_20": {
        "redirect_time": 0.014208500000000068,
        "get_access_token_time": 0.011347753000000349,
        "decode_id_token_time": 0.00023161299999996388,
        "complete_login_time": 0.01367923900000001,
        "dispatch_time": 0.051287143999999785
    },
    "t_user_21": {
        "redirect_time": 0.01468661800000004,
        "get_access_token_time": 0.011920151000000434,
        "decode_id_token_time": 0.00021105400000021035,
        "complete_login_time": 0.01346297399999985,
        "dispatch_time": 0.05320372100000004
    },
    "t_user_22": {
        "redirect_time": 0.014447739000000182,
        "get_access_token_time": 0.011748412000000208,
        "decode_id_token_time": 0.00023342599999987002,
        "complete_login_time": 0.014223458000000022,
        "dispatch_time": 0.04828779899999969
    },
    "t_user_23": {
        "redirect_time": 0.02635141399999985,
        "get_access_token_time": 0.01289830599999986,
        "decode_id_token_time": 0.00022706500000024832,
        "complete_login_time": 0.01438721300000001,
        "dispatch_time": 0.0513738220000004
    },
    "t_user_24": {
        "redirect_time": 0.015640276000000064,
        "get_access_token_time": 0.01221681600000002,
        "decode_id_token_time": 0.00019621700000005404,
        "complete_login_time": 0.013210678000000087,
        "dispatch_time": 0.05322979399999994
    },
    "t_user_25": {
        "redirect_time": 0.014519331999999885,
        "get_access_token_time": 0.01232000000000033,
        "decode_id_token_time": 0.0002665790000002666,
        "complete_login_time": 0.014204510000000337,
        "dispatch_time": 0.052927246999999955
    },
    "t_user_26": {
        "redirect_time": 0.014978954999999905,
        "get_access_token_time": 0.01129763600000011,
        "decode_id_token_time": 0.00019919300000026396,
        "complete_login_time": 0.013225972999999946,
        "dispatch_time": 0.047275974999999804
    },
    "t_user_27": {
        "redirect_time": 0.015416011000000118,
        "get_access_token_time": 0.011571705999999793,
        "decode_id_token_time": 0.00021047300000009983,
        "complete_login_time": 0.013858104000000093,
        "dispatch_time": 0.05113491800000025
    },
    "t_user_28": {
        "redirect_time": 0.018631834999999874,
        "get_access_token_time": 0.012872109000000354,
        "decode_id_token_time": 0.00021612400000003973,
        "complete_login_time": 0.013971018000000335,
        "dispatch_time": 0.049628877000000404
    },
    "t_user_29": {
        "redirect_time": 0.013076908000000165,
        "get_access_token_time": 0.01132424000000043,