{
    "t_user_1": {
        "redirect_time": 0.013699165000000013,
        "get_access_token_time": 0.013622859000000043,
        "decode_id_token_time": 0.0006534320000000093,
        "complete_login_time": 0.01429301000000005,
        "dispatch_time": 0.05912388699999993
    },
    "t_user_2": {
        "redirect_time": 0.013114854000000009,
        "get_access_token_time": 0.01179068999999977,
        "decode_id_token_time": 0.00022081300000031945,
        "complete_login_time": 0.01317718999999995,
        "dispatch_time": 0.050543359999999815
    },
    "t_user_3": {
        "redirect_time": 0.013735717999999952,
        "get_access_token_time": 0.01208655099999989,
        "decode_id_token_time": 0.00021204699999977095,
        "complete_login_time": 0.013518952000000084,
        "dispatch_time": 0.04816680799999995
    },
    "t_user_4": {
        "redirect_time": 0.01431515300000008,
        "get_access_token_time": 0.012359050000000149,
        "decode_id_token_time": 0.0002245400000000508,
        "complete_login_time": 0.029300055000000214,
        "dispatch_time": 0.06619045400000001
    },
    "t_user_5": {
        "redirect_time": 0.013577228000000052,
        "get_access_token_time": 0.011541616000000143,
        "decode_id_token_time": 0.00022040200000006394,
        "complete_login_time": 0.015040947000000138,
        "dispatch_time": 0.05285852999999996
    },
    "t_user_6": {
        "redirect_time": 0.014068501999999983,
        "get_access_token_time": 0.018788515000000228,
        "decode_id_token_time": 0.00021715600000016266,
        "complete_login_time": 0.013755597999999924,
        "dispatch_time": 0.0571400040000003
    },
    "t_user_7": {
        "redirect_time": 0.014349661999999985,
        "get_access_token_time": 0.012314991999999858,
        "decode_id_token_time": 0.00020117499999994237,
        "complete_login_time": 0.013603578000000116,
        "dispatch_time": 0.04878762099999978
    },
    "t_user_8": {
        "redirect_time": 0.015567970999999958,
        "get_access_token_time": 0.011639434999999754,
        "decode_id_token_time": 0.00022488099999984357,
        "complete_login_time": 0.013729783000000051,
        "dispatch_time": 0.05020579299999994
    },
    "t_user_9": {
        "redirect_time": 0.016122754000000072,
        "get_access_token_time": 0.012185399000000263,
        "decode_id_token_time": 0.00020937099999995823,
        "complete_login_time": 0.013629583999999806,
        "dispatch_time": 0.04872147400000015
    },
    "t_user_10": {
        "redirect_time": 0.013865254000000049,
        "get_access_token_time": 0.01160494000000023,
        "decode_id_token_time": 0.0001990520000001439,
        "complete_login_time": 0.014166541000000255,
        "dispatch_time": 0.054318160000000226
    },
    "t_user_11": {
        "redirect_time": 0.013933697999999883,
        "get_access_token_time": 0.011513333000000348,
        "decode_id_token_time": 0.00021974099999999552,
        "complete_login_time": 0.014125702999999934,
        "dispatch_time": 0.04791016500000023
    },
    "t_user_12": {
        "redirect_time": 0.014655952999999888,
        "get_access_token_time": 0.013435898000000002,
        "decode_id_token_time": 0.00029781599999978425,
        "complete_login_time": 0.01422728899999992,
        "dispatch_time": 0.05164645900000009
    },
    "t_user_13": {
        "redirect_time": 0.01394365299999989,
        "get_access_token_time": 0.012278295999999855,
        "decode_id_token_time": 0.00023931800000021042,
        "complete_login_time": 0.013426332999999957,
        "dispatch_time": 0.0517227870000001
    },
    "t_user_14": {
        "redirect_time": 0.014479579999999936,
        "get_access_token_time": 0.012518513000000286,
        "decode_id_token_time": 0.00021512200000017856,
        "complete_login_time": 0.015502944999999713,
        "dispatch_time": 0.05349899300000027
    },
    "t_user_15": {
        "redirect_time": 0.014429140000000062,
        "get_access_token_time": 0.011367541000000259,
        "decode_id_token_time": 0.00021747700000007697,
        "complete_login_time": 0.01952276899999994,
        "dispatch_time": 0.05325854500000027
    },
    "t_user_16": {
        "redirect_time": 0.012730397999999976,
        "get_access_token_time": 0.016099055000000195,
        "decode_id_token_time": 0.00022541099999973113,
        "complete_login_time": 0.013994284999999884,
        "dispatch_time": 0.053029668999999835
    },
    "t_user_17": {
        "redirect_time": 0.015117405000000028,
        "get_access_token_time": 0.011770449000000127,
        "decode_id_token_time": 0.00017953500000000844,
        "complete_login_time": 0.012349260999999778,
        "dispatch_time": 0.04610705900000012
    },
    "t_user_18": {
        "redirect_time": 0.01473002000000001,
        "get_access_token_time": 0.011821391000000236,
        "decode_id_token_time": 0.00019236900000008106,
        "complete_login_time": 0.017686084000000157,
        "dispatch_time": 0.05152966800000014
    },
    "t_user_19": {
        "redirect_time": 0.01370242899999985,
        "get_access_token_time": 0.011167616999999908,
        "decode_id_token_time": 0.00019030500000027928,
        "complete_login_time": 0.01295251300000011,
        "dispatch_time": 0.045419660999999945
    },
    "t_user_20": {
        "redirect_time": 0.013577917999999967,
        "get_access_token_time": 0.011225300999999632,
        "decode_id_token_time": 0.00019072700000011267,
        "complete_login_time": 0.012776371000000175,
        "dispatch_time": 0.050522176999999946
    },
    "t_user_22": {
        "redirect_time": 0.017896209000000107,
        "get_access_token_time": 0.011558852999999925,
        "decode_id_token_time": 0.00022352700000016767,
        "complete_login_time": 0.013994840999999703,
        "dispatch_time": 0.04911130099999994
    },
    "t_user_21": {
        "redirect_time": 0.017753123000000093,
        "get_access_token_time": 0.012896848000000016,
        "decode_id_token_time": 0.0002031809999998302,
        "complete_login_time": 0.013482622999999805,
        "dispatch_time": 0.04800190800000026
    },
    "t_user_23": {
        "redirect_time": 0.01366889399999982,
        "get_access_token_time": 0.013082470999999707,
        "decode_id_token_time": 0.00021373000000002307,
        "complete_login_time": 0.013661681000000314,
        "dispatch_time": 0.04892700200000011
    },
    "t_user_24": {
        "redirect_time": 0.01472037600000009,
        "get_access_token_time": 0.01304304700000003,
        "decode_id_token_time": 0.00021721699999988076,
        "complete_login_time": 0.013043042999999699,
        "dispatch_time": 0.04924662200000007
    },
    "t_user_25": {
        "redirect_time": 0.013687349999999876,
        "get_access_token_time": 0.011828919999999687,
        "decode_id_token_time": 0.00020922000000034302,
        "complete_login_time": 0.014070504000000206,
        "dispatch_time": 0.08206153099999991
    },
    "t_user_28": {
        "redirect_time": 0.014098999000000001,
        "get_access_token_time": 0.013102656000000046,
        "decode_id_token_time": 0.0002704160000002176,
        "complete_login_time": 0.015346799000000022,
        "dispatch_time": 0.05875638200000033
    },
    "t_user_29": {
        "redirect_time": 0.014930810999999933,
        "get_access_token_time": 0.013868549000000119,
        "decode_id_token_time": 0.00022142500000033039,
        "complete_login_time": 0.013807464999999297,
        "dispatch_time": 0.056602300999999855
    },
    "t_user_30": {
        "redirect_time": 0.014415877999999882,
        "get_access_token_time": 0.012671574999999713,
        "decode_id_token_time": 0.00021266799999963837,
        "complete_login_time": 0.01315726099999992,
        "dispatch_time": 0.052718634999999736
    },
    "t_user_27": {
        "redirect_time": 0.01397075999999986,
        "get_access_token_time": 0.01237320300000011,