{
    "t_user_1": {
        "redirect_time": 0.01349260699999999,
        "get_access_token_time": 0.011565509999999612,
        "decode_id_token_time": 0.00021123600000017007,
        "complete_login_time": 0.014808191000000193,
        "dispatch_time": 0.048088382999999624
    },
    "t_user_2": {
        "redirect_time": 0.012907791000000057,
        "get_access_token_time": 0.012249053000000565,
        "decode_id_token_time": 0.0002220149999994092,
        "complete_login_time": 0.013960219000000329,
        "dispatch_time": 0.052787311000000336
    },
    "t_user_3": {
        "redirect_time": 0.014589856000000068,
        "get_access_token_time": 0.012665768000000188,
        "decode_id_token_time": 0.0002106539999999768,
        "complete_login_time": 0.013240408000000148,
        "dispatch_time": 0.04853206400000021
    },
    "t_user_4": {
        "redirect_time": 0.014693811000000001,
        "get_access_token_time": 0.011989728000000532,
        "decode_id_token_time": 0.00021580400000065225,
        "complete_login_time": 0.013489663999999735,
        "dispatch_time": 0.05240976099999983
    },
    "t_user_5": {
        "redirect_time": 0.01488070500000005,
        "get_access_token_time": 0.013575778999999955,
        "decode_id_token_time": 0.00021499200000008045,
        "complete_login_time": 0.013183804999999715,
        "dispatch_time": 0.05032100900000014
    },
    "t_user_6": {
        "redirect_time": 0.015514994000000004,
        "get_access_token_time": 0.011558990000000158,
        "decode_id_token_time": 0.00021833799999981807,
        "complete_login_time": 0.013394233999999727,
        "dispatch_time": 0.05322057400000002
    },
    "t_user_7": {
        "redirect_time": 0.014862154999999988,
        "get_access_token_time": 0.011378883000000783,
        "decode_id_token_time": 0.0002292680000000047,
        "complete_login_time": 0.01345119899999947,
        "dispatch_time": 0.05025555000000015
    },
    "t_user_8": {
        "redirect_time": 0.015136735000000012,
        "get_access_token_time": 0.01131489000000041,
        "decode_id_token_time": 0.00019793999999961898,
        "complete_login_time": 0.01368874800000075,
        "dispatch_time": 0.04794144300000003
    },
    "t_user_9": {
        "redirect_time": 0.015386669000000075,
        "get_access_token_time": 0.011880515000000091,
        "decode_id_token_time": 0.0002034809999997833,
        "complete_login_time": 0.013419928999999886,
        "dispatch_time": 0.06456223799999972
    },
    "t_user_10": {
        "redirect_time": 0.012990353999999926,
        "get_access_token_time": 0.012266891000000335,
        "decode_id_token_time": 0.0001999839999999864,
        "complete_login_time": 0.015998192999999716,
        "dispatch_time": 0.05138951500000033
    },
    "t_user_11": {
        "redirect_time": 0.014897954999999907,
        "get_access_token_time": 0.012814987000000055,
        "decode_id_token_time": 0.0002442279999996799,
        "complete_login_time": 0.013425019000000038,
        "dispatch_time": 0.049619230000000236
    },
    "t_user_12": {
        "redirect_time": 0.0171316130000001,
        "get_access_token_time": 0.013286164000000156,
        "decode_id_token_time": 0.00023994900000001707,
        "complete_login_time": 0.018864020000000092,
        "dispatch_time": 0.057269197000000105
    },
    "t_user_14": {
        "redirect_time": 0.013706656999999955,
        "get_access_token_time": 0.010999902000000006,
        "decode_id_token_time": 0.00022725399999989904,
        "complete_login_time": 0.013971070999999835,
        "dispatch_time": 0.048381924000000076
    },
    "t_user_13": {
        "redirect_time": 0.016133982000000158,
        "get_access_token_time": 0.012985148999999918,
        "decode_id_token_time": 0.00023632200000012205,
        "complete_login_time": 0.014883792000000007,
        "dispatch_time": 0.05025007699999984
    },
    "t_user_15": {
        "redirect_time": 0.014008790999999965,
        "get_access_token_time": 0.0117055989999999,
        "decode_id_token_time": 0.000227264999999921,
        "complete_login_time": 0.013617175999999898,
        "dispatch_time": 0.05167047799999969
    },
    "t_user_16": {
        "redirect_time": 0.013616259999999825,
        "get_access_token_time": 0.01459728199999999,
        "decode_id_token_time": 0.0006598640000001765,
        "complete_login_time": 0.014422995999999966,
        "dispatch_time": 0.05304671999999977
    },
    "t_user_17": {
        "redirect_time": 0.013708202999999974,
        "get_access_token_time": 0.014326730000000065,
        "decode_id_token_time": 0.00023171400000032705,
        "complete_login_time": 0.019031640000000127,
        "dispatch_time": 0.05646290499999962
    },
    "t_user_18": {
        "redirect_time": 0.015339651999999981,
        "get_access_token_time": 0.015563538000000321,
        "decode_id_token_time": 0.0002103540000000237,
        "complete_login_time": 0.01360536300000037,
        "dispatch_time": 0.056034104000000085
    },
    "t_user_19": {
        "redirect_time": 0.01414439100000009,
        "get_access_token_time": 0.015800433000000336,
        "decode_id_token_time": 0.0002406600000002257,
        "complete_login_time": 0.013705754999999709,
        "dispatch_time": 0.05255373399999996
    },
    "t_user_20": {
        "redirect_time": 0.016301518000000126,
        "get_access_token_time": 0.011697868999999805,
        "decode_id_token_time": 0.00025958500000022866,
        "complete_login_time": 0.013430709000000096,
        "dispatch_time": 0.05887580399999992
    },
    "t_user_21": {
        "redirect_time": 0.015610403000000161,
        "get_access_token_time": 0.017962202000000094,
        "decode_id_token_time": 0.00021966100000003763,
        "complete_login_time": 0.013623563999999977,
        "dispatch_time": 0.0565679010000002
    },
    "t_user_22": {
        "redirect_time": 0.013847592999999936,
        "get_access_token_time": 0.015347763000000292,
        "decode_id_token_time": 0.00021586399999984351,
        "complete_login_time": 0.013361970999999695,
        "dispatch_time": 0.052350255999999984
    },
    "t_user_23": {
        "redirect_time": 0.013858589000000032,
        "get_access_token_time": 0.012650835000000082,
        "decode_id_token_time": 0.00021877899999989125,
        "complete_login_time": 0.014061084999999807,
        "dispatch_time": 0.05099406399999973
    },
    "t_user_24": {
        "redirect_time": 0.012939075000000022,
        "get_access_token_time": 0.011801854999999861,
        "decode_id_token_time": 0.00024020999999985193,
        "complete_login_time": 0.014445955000000232,
        "dispatch_time": 0.04993640300000024
    },
    "t_user_25": {
        "redirect_time": 0.015238102999999947,
        "get_access_token_time": 0.013569568999999948,
        "decode_id_token_time": 0.0002878179999998842,
        "complete_login_time": 0.016080904999999923,
        "dispatch_time": 0.05306498199999998
    },
    "t_user_26": {
        "redirect_time": 0.013682608999999957,
        "get_access_token_time": 0.012760309999999997,
        "decode_id_token_time": 0.0002425240000003548,
        "complete_login_time": 0.02071125599999979,
        "dispatch_time": 0.06377236999999969
    },
    "t_user_28": {
        "redirect_time": 0.016707353000000147,
        "get_access_token_time": 0.013930315000000082,
        "decode_id_token_time": 0.0002173170000001612,
        "complete_login_time": 0.012818562000000089,
        "dispatch_time": 0.05622368600000005
    },
    "t_user_27": {
        "redirect_time": 0.013229523999999993,
        "get_access_token_time": 0.017170768999999808,
        "decode_id_token_time": 0.0002478020000000747,
        "complete_login_time": 0.013649267999999992,
        "dispatch_time": 0.05401477599999982
    },
    "t_user_29": {
        "redirect_time": 0.014265972000000016,
        "get_access_token_time": 0.011765154999999972,