{
    "t_user_1": {
        "redirect_time": 0.014035375000000017,
        "get_access_token_time": 0.011663443000000218,
        "decode_id_token_time": 0.0002102929999998615,
        "complete_login_time": 0.01341270700000008,
        "dispatch_time": 0.04730801100000015
    },
    "t_user_2": {
        "redirect_time": 0.01288476500000002,
        "get_access_token_time": 0.012721654999999998,
        "decode_id_token_time": 0.00021186499999981123,
        "complete_login_time": 0.013834192000000023,
        "dispatch_time": 0.050250661999999835
    },
    "t_user_3": {
        "redirect_time": 0.013225290000000056,
        "get_access_token_time": 0.012163004000000033,
        "decode_id_token_time": 0.00020142699999992075,
        "complete_login_time": 0.01383940199999989,
        "dispatch_time": 0.05503750500000004
    },
    "t_user_4": {
        "redirect_time": 0.013292184999999956,
        "get_access_token_time": 0.015037949000000328,
        "decode_id_token_time": 0.00020929100000000034,
        "complete_login_time": 0.014108352999999685,
        "dispatch_time": 0.05069436699999974
    },
    "t_user_5": {
        "redirect_time": 0.014956230999999987,
        "get_access_token_time": 0.014380767999999655,
        "decode_id_token_time": 0.0007549019999997242,
        "complete_login_time": 0.014740946999999949,
        "dispatch_time": 0.0555678770000001
    },
    "t_user_6": {
        "redirect_time": 0.014756581000000102,
        "get_access_token_time": 0.011397870000000143,
        "decode_id_token_time": 0.00020200800000003127,
        "complete_login_time": 0.01588408199999991,
        "dispatch_time": 0.04977176799999983
    },
    "t_user_7": {
        "redirect_time": 0.013352280999999966,
        "get_access_token_time": 0.011401346999999618,
        "decode_id_token_time": 0.0002302499999999874,
        "complete_login_time": 0.013198374999999984,
        "dispatch_time": 0.04885188299999976
    },
    "t_user_8": {
        "redirect_time": 0.01595615100000003,
        "get_access_token_time": 0.011533097000000048,
        "decode_id_token_time": 0.00024257299999996818,
        "complete_login_time": 0.013217335000000219,
        "dispatch_time": 0.050963598000000054
    },
    "t_user_9": {
        "redirect_time": 0.014807585000000012,
        "get_access_token_time": 0.011567853999999933,
        "decode_id_token_time": 0.00023365599999980446,
        "complete_login_time": 0.014713336999999882,
        "dispatch_time": 0.04878354000000007
    },
    "t_user_10": {
        "redirect_time": 0.014490270999999999,
        "get_access_token_time": 0.01264319299999972,
        "decode_id_token_time": 0.00020814900000010184,
        "complete_login_time": 0.017642554000000032,
        "dispatch_time": 0.052997356000000106
    },
    "t_user_11": {
        "redirect_time": 0.014668398999999832,
        "get_access_token_time": 0.011364759999999752,
        "decode_id_token_time": 0.00020954100000025733,
        "complete_login_time": 0.01325857500000005,
        "dispatch_time": 0.04952129699999963
    },
    "t_user_12": {
        "redirect_time": 0.01963416299999987,
        "get_access_token_time": 0.011782145999999827,
        "decode_id_token_time": 0.00020066499999993326,
        "complete_login_time": 0.0133047369999999,
        "dispatch_time": 0.0488016370000004
    },
    "t_user_13": {
        "redirect_time": 0.015010857999999905,
        "get_access_token_time": 0.013648695999999738,
        "decode_id_token_time": 0.00022926900000008743,
        "complete_login_time": 0.013929244999999923,
        "dispatch_time": 0.054938703000000366
    },
    "t_user_14": {
        "redirect_time": 0.016817215999999968,
        "get_access_token_time": 0.011717342000000297,
        "decode_id_token_time": 0.00021110499999998922,
        "complete_login_time": 0.01350092199999997,
        "dispatch_time": 0.05177539799999975
    },
    "t_user_15": {
        "redirect_time": 0.013301726000000125,
        "get_access_token_time": 0.01182653599999961,
        "decode_id_token_time": 0.0002510490000000587,
        "complete_login_time": 0.013909305999999955,
        "dispatch_time": 0.04965514500000001
    },
    "t_user_16": {
        "redirect_time": 0.016227167999999903,
        "get_access_token_time": 0.011758965999999926,
        "decode_id_token_time": 0.00020785900000008795,
        "complete_login_time": 0.013948781999999937,
        "dispatch_time": 0.04862645100000007
    },
    "t_user_17": {
        "redirect_time": 0.013616332000000009,
        "get_access_token_time": 0.012662906000000085,
        "decode_id_token_time": 0.0002004349999999988,
        "complete_login_time": 0.01723213899999987,
        "dispatch_time": 0.05240365499999999
    },
    "t_user_18": {
        "redirect_time": 0.017127004,
        "get_access_token_time": 0.011476072999999865,
        "decode_id_token_time": 0.0002016970000000562,
        "complete_login_time": 0.013564954000000018,
        "dispatch_time": 0.04786782899999986
    },
    "t_user_19": {
        "redirect_time": 0.015848768000000124,
        "get_access_token_time": 0.011703767999999837,
        "decode_id_token_time": 0.00021479199999996368,
        "complete_login_time": 0.01326667799999992,
        "dispatch_time": 0.04778022699999962
    },
    "t_user_20": {
        "redirect_time": 0.01533401000000012,
        "get_access_token_time": 0.012496081000000103,
        "decode_id_token_time": 0.0002280859999999052,
        "complete_login_time": 0.013768589999999747,
        "dispatch_time": 0.04802753999999965
    },
    "t_user_21": {
        "redirect_time": 0.013965510000000014,
        "get_access_token_time": 0.011885298000000155,
        "decode_id_token_time": 0.00020665600000047135,
        "complete_login_time": 0.01389792900000053,
        "dispatch_time": 0.05290001000000011
    },
    "t_user_22": {
        "redirect_time": 0.015821727999999924,
        "get_access_token_time": 0.012275747000000337,
        "decode_id_token_time": 0.00020486200000036092,
        "complete_login_time": 0.014239004999999416,
        "dispatch_time": 0.05072881200000001
    },
    "t_user_23": {
        "redirect_time": 0.022753782999999972,
        "get_access_token_time": 0.015241381000000054,
        "decode_id_token_time": 0.00022251600000000593,
        "complete_login_time": 0.013773161000000478,
        "dispatch_time": 0.050845123000000214
    },
    "t_user_24": {
        "redirect_time": 0.013849714000000013,
        "get_access_token_time": 0.012464489000000079,
        "decode_id_token_time": 0.00020713700000030144,
        "complete_login_time": 0.013794973000000432,
        "dispatch_time": 0.05467589300000064
    },
    "t_user_25": {
        "redirect_time": 0.015616536999999875,
        "get_access_token_time": 0.011401248000000308,
        "decode_id_token_time": 0.0001966080000004311,
        "complete_login_time": 0.013614963000000202,
        "dispatch_time": 0.05056278500000033
    },
    "t_user_26": {
        "redirect_time": 0.015444093999999797,
        "get_access_token_time": 0.011661281999999495,
        "decode_id_token_time": 0.00021339900000061363,
        "complete_login_time": 0.013077767000000406,
        "dispatch_time": 0.04812964600000047
    },
    "t_user_27": {
        "redirect_time": 0.017411572999999958,
        "get_access_token_time": 0.011207374999999686,
        "decode_id_token_time": 0.00021555300000031252,
        "complete_login_time": 0.013280550000000169,
        "dispatch_time": 0.04684372899999989
    },
    "t_user_29": {
        "redirect_time": 0.012961537000000023,
        "get_access_token_time": 0.011541777000000586,
        "decode_id_token_time": 0.0002198509999997711,
        "complete_login_time": 0.013140745999999481,
        "dispatch_time": 0.04932822999999953
    },
    "t_user_28": {
        "redirect_time": 0.013566838999999886,
        "get_access_token_time": 0.01147925400000016,