{
    "t_user_1": {
        "redirect_time": 0.01336810300000002,
        "get_access_token_time": 0.012841487000000207,
        "decode_id_token_time": 0.00021303800000005424,
        "complete_login_time": 0.013231895999999743,
        "dispatch_time": 0.04829723900000005
    },
    "t_user_2": {
        "redirect_time": 0.012657437999999965,
        "get_access_token_time": 0.011782342000000057,
        "decode_id_token_time": 0.00021603300000005987,
        "complete_login_time": 0.013963163000000112,
        "dispatch_time": 0.05274865499999981
    },
    "t_user_3": {
        "redirect_time": 0.013849447000000015,
        "get_access_token_time": 0.011224224000000227,
        "decode_id_token_time": 0.00022891799999991136,
        "complete_login_time": 0.013439704000000052,
        "dispatch_time": 0.04753247599999977
    },
    "t_user_4": {
        "redirect_time": 0.012674174000000038,
        "get_access_token_time": 0.011912290000000159,
        "decode_id_token_time": 0.0006765429999999739,
        "complete_login_time": 0.015409342999999964,
        "dispatch_time": 0.056213939000000046
    },
    "t_user_5": {
        "redirect_time": 0.01357556400000004,
        "get_access_token_time": 0.011888031999999882,
        "decode_id_token_time": 0.00022363800000002598,
        "complete_login_time": 0.013854171999999831,
        "dispatch_time": 0.05245198800000006
    },
    "t_user_6": {
        "redirect_time": 0.013653357000000033,
        "get_access_token_time": 0.012367666000000277,
        "decode_id_token_time": 0.00023820500000004685,
        "complete_login_time": 0.014393858999999676,
        "dispatch_time": 0.05069316800000001
    },
    "t_user_7": {
        "redirect_time": 0.013657407999999926,
        "get_access_token_time": 0.012607474999999813,
        "decode_id_token_time": 0.00023542100000017996,
        "complete_login_time": 0.01558903700000025,
        "dispatch_time": 0.05002731100000002
    },
    "t_user_8": {
        "redirect_time": 0.016022330999999945,
        "get_access_token_time": 0.011636531000000172,
        "decode_id_token_time": 0.00026738999999986746,
        "complete_login_time": 0.017922460000000306,
        "dispatch_time": 0.05201589300000009
    },
    "t_user_9": {
        "redirect_time": 0.015025040000000045,
        "get_access_token_time": 0.013254054999999987,
        "decode_id_token_time": 0.00021695499999996315,
        "complete_login_time": 0.01368788799999976,
        "dispatch_time": 0.05023820999999984
    },
    "t_user_10": {
        "redirect_time": 0.01485108699999993,
        "get_access_token_time": 0.01290377999999981,
        "decode_id_token_time": 0.00021954099999987875,
        "complete_login_time": 0.013436389999999854,
        "dispatch_time": 0.04893131100000003
    },
    "t_user_11": {
        "redirect_time": 0.015119274999999988,
        "get_access_token_time": 0.012644867999999754,
        "decode_id_token_time": 0.00021911900000048945,
        "complete_login_time": 0.013526260999999984,
        "dispatch_time": 0.04856725799999939
    },
    "t_user_12": {
        "redirect_time": 0.018043184000000156,
        "get_access_token_time": 0.011612058999999952,
        "decode_id_token_time": 0.0002916450000007842,
        "complete_login_time": 0.013581912999999446,
        "dispatch_time": 0.0485879029999996
    },
    "t_user_13": {
        "redirect_time": 0.015079808000000083,
        "get_access_token_time": 0.011445424999999787,
        "decode_id_token_time": 0.00021727599999987746,
        "complete_login_time": 0.01367227400000015,
        "dispatch_time": 0.05294503699999975
    },
    "t_user_14": {
        "redirect_time": 0.013020467000000036,
        "get_access_token_time": 0.011892783000000406,
        "decode_id_token_time": 0.00022447000000003214,
        "complete_login_time": 0.014203312000000246,
        "dispatch_time": 0.050671770000000116
    },
    "t_user_15": {
        "redirect_time": 0.01558960999999992,
        "get_access_token_time": 0.01164196200000056,
        "decode_id_token_time": 0.0002170759999993166,
        "complete_login_time": 0.01340511799999966,
        "dispatch_time": 0.047600775999999456
    },
    "t_user_16": {
        "redirect_time": 0.013183061000000107,
        "get_access_token_time": 0.01119103999999993,
        "decode_id_token_time": 0.0002020280000003538,
        "complete_login_time": 0.012822785999999198,
        "dispatch_time": 0.04963304099999988
    },
    "t_user_17": {
        "redirect_time": 0.013790574000000166,
        "get_access_token_time": 0.011867715000000167,
        "decode_id_token_time": 0.00021445099999972683,
        "complete_login_time": 0.01892300600000052,
        "dispatch_time": 0.05414477699999942
    },
    "t_user_18": {
        "redirect_time": 0.013873092000000087,
        "get_access_token_time": 0.012513228000000431,
        "decode_id_token_time": 0.00021674500000035124,
        "complete_login_time": 0.013279649000000227,
        "dispatch_time": 0.04887607900000024
    },
    "t_user_19": {
        "redirect_time": 0.014576998000000119,
        "get_access_token_time": 0.011842999999999826,
        "decode_id_token_time": 0.0002578419999998971,
        "complete_login_time": 0.018910038999999657,
        "dispatch_time": 0.05392554499999935
    },
    "t_user_20": {
        "redirect_time": 0.01419400000000004,
        "get_access_token_time": 0.01183825599999988,
        "decode_id_token_time": 0.0001886630000003109,
        "complete_login_time": 0.013335413000000074,
        "dispatch_time": 0.04753914000000048
    },
    "t_user_21": {
        "redirect_time": 0.013373504000000036,
        "get_access_token_time": 0.012435964999999882,
        "decode_id_token_time": 0.00021811800000026693,
        "complete_login_time": 0.013407995999999756,
        "dispatch_time": 0.0495559400000003
    },
    "t_user_22": {
        "redirect_time": 0.015584257999999851,
        "get_access_token_time": 0.012053220999999503,
        "decode_id_token_time": 0.00022276600000026292,
        "complete_login_time": 0.017300097999999764,
        "dispatch_time": 0.05147151899999969
    },
    "t_user_23": {
        "redirect_time": 0.017921936000000027,
        "get_access_token_time": 0.011546583000000332,
        "decode_id_token_time": 0.00023877599999977406,
        "complete_login_time": 0.013893290999999586,
        "dispatch_time": 0.04867709999999992
    },
    "t_user_24": {
        "redirect_time": 0.014390603999999918,
        "get_access_token_time": 0.014490901999999473,
        "decode_id_token_time": 0.00023618999999985846,
        "complete_login_time": 0.014031491999999979,
        "dispatch_time": 0.05188896700000001
    },
    "t_user_25": {
        "redirect_time": 0.014289668999999838,
        "get_access_token_time": 0.01159314800000022,
        "decode_id_token_time": 0.00020577500000040772,
        "complete_login_time": 0.0126525820000003,
        "dispatch_time": 0.051045166999999836
    },
    "t_user_26": {
        "redirect_time": 0.014327366999999924,
        "get_access_token_time": 0.011382875999999875,
        "decode_id_token_time": 0.0002129480000006012,
        "complete_login_time": 0.018267798000000113,
        "dispatch_time": 0.052485385999999856
    },
    "t_user_28": {
        "redirect_time": 0.013399937999999834,
        "get_access_token_time": 0.010924114999999901,
        "decode_id_token_time": 0.0002218640000002381,
        "complete_login_time": 0.013833117999999978,
        "dispatch_time": 0.05073218700000037
    },
    "t_user_27": {
        "redirect_time": 0.014410996000000065,
        "get_access_token_time": 0.011429410999999945,
        "decode_id_token_time": 0.00019498500000025842,
        "complete_login_time": 0.013435822999999125,
        "dispatch_time": 0.05604510499999993
    },
    "t_user_29": {
        "redirect_time": 0.014641644999999981,
        "get_access_token_time": 0.011954524000000077,