{
    "t_user_1": {
        "redirect_time": 0.014142093999999994,
        "get_access_token_time": 0.011506476000000099,
        "decode_id_token_time": 0.00020491400000022253,
        "complete_login_time": 0.01373590800000013,
        "dispatch_time": 0.04685261600000068
    },
    "t_user_2": {
        "redirect_time": 0.013674517999999969,
        "get_access_token_time": 0.01174251199999965,
        "decode_id_token_time": 0.00020190600000002945,
        "complete_login_time": 0.016951303000000806,
        "dispatch_time": 0.05201133200000019
    },
    "t_user_3": {
        "redirect_time": 0.014238460000000064,
        "get_access_token_time": 0.01280843900000006,
        "decode_id_token_time": 0.00022780599999983053,
        "complete_login_time": 0.01752810199999999,
        "dispatch_time": 0.054415244999999945
    },
    "t_user_4": {
        "redirect_time": 0.013547576000000006,
        "get_access_token_time": 0.012957381000000545,
        "decode_id_token_time": 0.00025780300000022294,
        "complete_login_time": 0.02070513399999996,
        "dispatch_time": 0.05658375600000021
    },
    "t_user_5": {
        "redirect_time": 0.014097024999999985,
        "get_access_token_time": 0.01381072399999983,
        "decode_id_token_time": 0.00018878300000046977,
        "complete_login_time": 0.01255498600000049,
        "dispatch_time": 0.048895007999999685
    },
    "t_user_6": {
        "redirect_time": 0.013741834000000064,
        "get_access_token_time": 0.011497688999999589,
        "decode_id_token_time": 0.00021498200000014123,
        "complete_login_time": 0.012686036999999928,
        "dispatch_time": 0.050237813999999936
    },
    "t_user_7": {
        "redirect_time": 0.014493447999999964,
        "get_access_token_time": 0.012072300000000702,
        "decode_id_token_time": 0.00022911900000011087,
        "complete_login_time": 0.01266556100000038,
        "dispatch_time": 0.0460818500000002
    },
    "t_user_8": {
        "redirect_time": 0.01440256899999992,
        "get_access_token_time": 0.013220985999999435,
        "decode_id_token_time": 0.0002015269999997571,
        "complete_login_time": 0.013311574999999465,
        "dispatch_time": 0.05196474700000042
    },
    "t_user_9": {
        "redirect_time": 0.01669486600000003,
        "get_access_token_time": 0.010967001999999226,
        "decode_id_token_time": 0.00020608499999941188,
        "complete_login_time": 0.013399803999999627,
        "dispatch_time": 0.04608736799999935
    },
    "t_user_10": {
        "redirect_time": 0.01553072600000005,
        "get_access_token_time": 0.012927107000000326,
        "decode_id_token_time": 0.00018892399999970166,
        "complete_login_time": 0.012765786000000112,
        "dispatch_time": 0.047076188999999324
    },
    "t_user_11": {
        "redirect_time": 0.013361039000000074,
        "get_access_token_time": 0.01135230300000023,
        "decode_id_token_time": 0.00021109500000005,
        "complete_login_time": 0.013135280999999832,
        "dispatch_time": 0.05711254900000018
    },
    "t_user_13": {
        "redirect_time": 0.015033490999999843,
        "get_access_token_time": 0.01122017200000025,
        "decode_id_token_time": 0.00022890799999997213,
        "complete_login_time": 0.013238154999999807,
        "dispatch_time": 0.04933850800000039
    },
    "t_user_14": {
        "redirect_time": 0.014921487000000067,
        "get_access_token_time": 0.012475322000000233,
        "decode_id_token_time": 0.00024141099999974713,
        "complete_login_time": 0.014933845999999917,
        "dispatch_time": 0.05460551499999999
    },
    "t_user_12": {
        "redirect_time": 0.01639586500000001,
        "get_access_token_time": 0.011179048999999885,
        "decode_id_token_time": 0.00021954099999987875,
        "complete_login_time": 0.012818101999999776,
        "dispatch_time": 0.045953460000000224
    },
    "t_user_15": {
        "redirect_time": 0.013883804,
        "get_access_token_time": 0.018465764999999745,
        "decode_id_token_time": 0.0002478830000001153,
        "complete_login_time": 0.013906995000000144,
        "dispatch_time": 0.06029761500000008
    },
    "t_user_16": {
        "redirect_time": 0.014936539999999887,
        "get_access_token_time": 0.01630013599999991,
        "decode_id_token_time": 0.00025574799999983355,
        "complete_login_time": 0.014426455000000171,
        "dispatch_time": 0.054688801000000176
    },
    "t_user_17": {
        "redirect_time": 0.01298285499999996,
        "get_access_token_time": 0.012759400999999837,
        "decode_id_token_time": 0.0006647210000001458,
        "complete_login_time": 0.01567165600000031,
        "dispatch_time": 0.05935197799999958
    },
    "t_user_18": {
        "redirect_time": 0.018690268000000065,
        "get_access_token_time": 0.015837383000000038,
        "decode_id_token_time": 0.00022252599999994516,
        "complete_login_time": 0.01400624199999978,
        "dispatch_time": 0.05634966900000027
    },
    "t_user_19": {
        "redirect_time": 0.015221886000000184,
        "get_access_token_time": 0.0123573170000002,
        "decode_id_token_time": 0.00021596400000012395,
        "complete_login_time": 0.01545892300000018,
        "dispatch_time": 0.05151273899999964
    },
    "t_user_20": {
        "redirect_time": 0.01603263399999988,
        "get_access_token_time": 0.012796928000000207,
        "decode_id_token_time": 0.00027948299999991377,
        "complete_login_time": 0.013617517000000134,
        "dispatch_time": 0.056416679999999886
    },
    "t_user_21": {
        "redirect_time": 0.014197277000000064,
        "get_access_token_time": 0.012706656999999844,
        "decode_id_token_time": 0.0002257619999999072,
        "complete_login_time": 0.014039055000000022,
        "dispatch_time": 0.050806640999999875
    },
    "t_user_22": {
        "redirect_time": 0.014146522999999966,
        "get_access_token_time": 0.011953362999999939,
        "decode_id_token_time": 0.00021327900000001065,
        "complete_login_time": 0.014786845999999798,
        "dispatch_time": 0.0552577030000001
    },
    "t_user_23": {
        "redirect_time": 0.014925928000000033,
        "get_access_token_time": 0.011536054000000018,
        "decode_id_token_time": 0.0002208330000001979,
        "complete_login_time": 0.013513322999999744,
        "dispatch_time": 0.04708586499999967
    },
    "t_user_24": {
        "redirect_time": 0.013676116999999932,
        "get_access_token_time": 0.012798011999999748,
        "decode_id_token_time": 0.00023047100000006537,
        "complete_login_time": 0.013153108000000024,
        "dispatch_time": 0.04846428699999983
    },
    "t_user_25": {
        "redirect_time": 0.014308044999999936,
        "get_access_token_time": 0.01198761000000026,
        "decode_id_token_time": 0.00023526000000018144,
        "complete_login_time": 0.014684228000000132,
        "dispatch_time": 0.05646535400000019
    },
    "t_user_26": {
        "redirect_time": 0.014738686999999917,
        "get_access_token_time": 0.011931514000000032,
        "decode_id_token_time": 0.00022512100000016133,
        "complete_login_time": 0.01427468300000001,
        "dispatch_time": 0.0520559989999998
    },
    "t_user_28": {
        "redirect_time": 0.014267287000000017,
        "get_access_token_time": 0.011655696000000049,
        "decode_id_token_time": 0.0002266020000001312,
        "complete_login_time": 0.014500631000000208,
        "dispatch_time": 0.048941998999999736
    },
    "t_user_27": {
        "redirect_time": 0.01328492800000003,
        "get_access_token_time": 0.018753566999999638,
        "decode_id_token_time": 0.00023170300000030508,
        "complete_login_time": 0.013976135000000056,
        "dispatch_time": 0.05644273700000024
    },
    "t_user_29": {
        "redirect_time": 0.014082836000000043,
        "get_access_token_time": 0.011633671999999873,