{
    "t_user_1": {
        "redirect_time": 0.013165268000000008,
        "get_access_token_time": 0.011853169000000108,
        "decode_id_token_time": 0.00022648299999961097,
        "complete_login_time": 0.017921089000000112,
        "dispatch_time": 0.05285135799999985
    },
    "t_user_2": {
        "redirect_time": 0.013253341000000085,
        "get_access_token_time": 0.011423642000000012,
        "decode_id_token_time": 0.00021303800000005424,
        "complete_login_time": 0.01589395600000021,
        "dispatch_time": 0.0551441119999998
    },
    "t_user_3": {
        "redirect_time": 0.014467978999999964,
        "get_access_token_time": 0.011526348999999936,
        "decode_id_token_time": 0.00025470500000013274,
        "complete_login_time": 0.01727275699999975,
        "dispatch_time": 0.05187517700000033
    },
    "t_user_4": {
        "redirect_time": 0.014301912999999944,
        "get_access_token_time": 0.011392013000000034,
        "decode_id_token_time": 0.00020431200000015082,
        "complete_login_time": 0.014053822999999799,
        "dispatch_time": 0.047657697
    },
    "t_user_5": {
        "redirect_time": 0.01305755799999997,
        "get_access_token_time": 0.011124745000000047,
        "decode_id_token_time": 0.0002497560000001009,
        "complete_login_time": 0.014406557000000042,
        "dispatch_time": 0.05040031300000036
    },
    "t_user_6": {
        "redirect_time": 0.014271860000000025,
        "get_access_token_time": 0.011491620000000147,
        "decode_id_token_time": 0.00022610299999969996,
        "complete_login_time": 0.014067891000000277,
        "dispatch_time": 0.04857033100000008
    },
    "t_user_7": {
        "redirect_time": 0.014418278999999923,
        "get_access_token_time": 0.01259543299999999,
        "decode_id_token_time": 0.00022919799999998602,
        "complete_login_time": 0.014401378000000076,
        "dispatch_time": 0.054463407000000075
    },
    "t_user_8": {
        "redirect_time": 0.015339911999999956,
        "get_access_token_time": 0.013588788999999935,
        "decode_id_token_time": 0.00020444299999988758,
        "complete_login_time": 0.013877443000000156,
        "dispatch_time": 0.04908610800000002
    },
    "t_user_9": {
        "redirect_time": 0.013689924999999992,
        "get_access_token_time": 0.01647406699999987,
        "decode_id_token_time": 0.00020881000000017025,
        "complete_login_time": 0.013476725999999939,
        "dispatch_time": 0.053236046000000314
    },
    "t_user_10": {
        "redirect_time": 0.014243942999999981,
        "get_access_token_time": 0.01422944000000026,
        "decode_id_token_time": 0.00021164599999989875,
        "complete_login_time": 0.013149791000000022,
        "dispatch_time": 0.0491368940000001
    },
    "t_user_11": {
        "redirect_time": 0.014279213999999985,
        "get_access_token_time": 0.011456372000000048,
        "decode_id_token_time": 0.0004138540000000468,
        "complete_login_time": 0.014262283999999958,
        "dispatch_time": 0.047121483000000186
    },
    "t_user_12": {
        "redirect_time": 0.0177576450000001,
        "get_access_token_time": 0.011402859000000376,
        "decode_id_token_time": 0.00020434099999988575,
        "complete_login_time": 0.01359500899999988,
        "dispatch_time": 0.046643635999999766
    },
    "t_user_14": {
        "redirect_time": 0.014767029000000154,
        "get_access_token_time": 0.011662123999999885,
        "decode_id_token_time": 0.0007072220000001739,
        "complete_login_time": 0.014272503999999797,
        "dispatch_time": 0.05939118200000015
    },
    "t_user_13": {
        "redirect_time": 0.016067895999999804,
        "get_access_token_time": 0.011460037000000423,
        "decode_id_token_time": 0.00023340599999999156,
        "complete_login_time": 0.013657051000000031,
        "dispatch_time": 0.05103064600000007
    },
    "t_user_15": {
        "redirect_time": 0.01409696199999999,
        "get_access_token_time": 0.011406207999999918,
        "decode_id_token_time": 0.00020184700000003275,
        "complete_login_time": 0.013181297000000036,
        "dispatch_time": 0.051127456999999765
    },
    "t_user_16": {
        "redirect_time": 0.014249127999999889,
        "get_access_token_time": 0.011653190000000091,
        "decode_id_token_time": 0.00023330699999979387,
        "complete_login_time": 0.01383104000000035,
        "dispatch_time": 0.05083974399999969
    },
    "t_user_17": {
        "redirect_time": 0.013096162000000078,
        "get_access_token_time": 0.011797464999999896,
        "decode_id_token_time": 0.00020490300000020056,
        "complete_login_time": 0.01310950600000016,
        "dispatch_time": 0.04759833200000019
    },
    "t_user_18": {
        "redirect_time": 0.013574726999999953,
        "get_access_token_time": 0.021054171000000288,
        "decode_id_token_time": 0.00022765599999985398,
        "complete_login_time": 0.013568561000000035,
        "dispatch_time": 0.05733126499999974
    },
    "t_user_19": {
        "redirect_time": 0.015217363999999955,
        "get_access_token_time": 0.012348637000000107,
        "decode_id_token_time": 0.00020325999999970534,
        "complete_login_time": 0.01385768200000026,
        "dispatch_time": 0.049382393999999774
    },
    "t_user_20": {
        "redirect_time": 0.014193275000000005,
        "get_access_token_time": 0.012680324999999826,
        "decode_id_token_time": 0.00019218899999984274,
        "complete_login_time": 0.013371100999999719,
        "dispatch_time": 0.05194897199999993
    },
    "t_user_21": {
        "redirect_time": 0.013858804000000058,
        "get_access_token_time": 0.012352352999999816,
        "decode_id_token_time": 0.00025443599999963595,
        "complete_login_time": 0.013503328000000092,
        "dispatch_time": 0.04947714199999975
    },
    "t_user_22": {
        "redirect_time": 0.013271910000000053,
        "get_access_token_time": 0.012760071999999845,
        "decode_id_token_time": 0.0002172280000003468,
        "complete_login_time": 0.015033995000000022,
        "dispatch_time": 0.04973008000000023
    },
    "t_user_23": {
        "redirect_time": 0.013326388999999939,
        "get_access_token_time": 0.013411614000000238,
        "decode_id_token_time": 0.00023037100000022903,
        "complete_login_time": 0.013417217999999842,
        "dispatch_time": 0.04881537700000038
    },
    "t_user_24": {
        "redirect_time": 0.014468716999999964,
        "get_access_token_time": 0.013285415999999994,
        "decode_id_token_time": 0.0002194499999998989,
        "complete_login_time": 0.015408295000000294,
        "dispatch_time": 0.053047121000000086
    },
    "t_user_25": {
        "redirect_time": 0.013765194999999952,
        "get_access_token_time": 0.012140741000000066,
        "decode_id_token_time": 0.0002086999999999506,
        "complete_login_time": 0.013419231999999948,
        "dispatch_time": 0.05338213600000019
    },
    "t_user_26": {
        "redirect_time": 0.014845303000000198,
        "get_access_token_time": 0.011789311000000247,
        "decode_id_token_time": 0.0002565090000001824,
        "complete_login_time": 0.013620362000000164,
        "dispatch_time": 0.0613836339999998
    },
    "t_user_27": {
        "redirect_time": 0.014525794999999952,
        "get_access_token_time": 0.01101466600000034,
        "decode_id_token_time": 0.00025094899999977827,
        "complete_login_time": 0.013558503999999694,
        "dispatch_time": 0.04587923799999949
    },
    "t_user_28": {
        "redirect_time": 0.016143494999999897,
        "get_access_token_time": 0.012115181000000419,
        "decode_id_token_time": 0.00022607199999935546,
        "complete_login_time": 0.01343444699999985,
        "dispatch_time": 0.05181580100000005
    },
    "t_user_29": {
        "redirect_time": 0.013821250999999979,
        "get_access_token_time": 0.011763848000000188,