{
    "t_user_1": {
        "redirect_time": 0.0034499470000000088,
        "build_auth_time": 0.000993136000000061,
        "login_time": 0.0024379770000000356,
        "acs_dispatch_time": 0.004354665999999785,
        "finish_acs_dispatch_time": 0.018797938999999708
    },
    "t_user_2": {
        "redirect_time": 0.003352357000000028,
        "build_auth_time": 0.0009866050000000293,
        "login_time": 0.002343470000000014,
        "acs_dispatch_time": 0.003902582999999904,
        "finish_acs_dispatch_time": 0.016512751000000048
    },
    "t_user_3": {
        "redirect_time": 0.0038312010000000063,
        "build_auth_time": 0.0014988320000000055,
        "login_time": 0.0023120909999999606,
        "acs_dispatch_time": 0.003832494000000075,
        "finish_acs_dispatch_time": 0.019833729000000133
    },
    "t_user_4": {
        "redirect_time": 0.0031905340000000226,
        "build_auth_time": 0.000885795000000078,
        "login_time": 0.002283708999999967,
        "acs_dispatch_time": 0.0036390230000002965,
        "finish_acs_dispatch_time": 0.020311255000000195
    },
    "t_user_5": {
        "redirect_time": 0.003315487999999922,
        "build_auth_time": 0.0009706749999999209,
        "login_time": 0.002325697000000071,
        "acs_dispatch_time": 0.004522343999999734,
        "finish_acs_dispatch_time": 0.026279998999999776
    },
    "t_user_6": {
        "redirect_time": 0.004700656000000025,
        "build_auth_time": 0.00224685899999999,
        "login_time": 0.002425273000000061,
        "acs_dispatch_time": 0.003537417999999626,
        "finish_acs_dispatch_time": 0.018976849000000406
    },
    "t_user_7": {
        "redirect_time": 0.0033872120000000283,
        "build_auth_time": 0.0009722079999999744,
        "login_time": 0.0023788570000000675,
        "acs_dispatch_time": 0.0038881189999999677,
        "finish_acs_dispatch_time": 0.018373851999999857
    },
    "t_user_8": {
        "redirect_time": 0.003262796999999984,
        "build_auth_time": 0.0009406579999999831,
        "login_time": 0.0022998570000000162,
        "acs_dispatch_time": 0.004001168999999916,
        "finish_acs_dispatch_time": 0.018409478000000146
    },
    "t_user_9": {
        "redirect_time": 0.0034881090000000725,
        "build_auth_time": 0.0010627960000000325,
        "login_time": 0.0024036029999999764,
        "acs_dispatch_time": 0.0036143959999996866,
        "finish_acs_dispatch_time": 0.01914396599999968
    },
    "t_user_10": {
        "redirect_time": 0.0031964749999999764,
        "build_auth_time": 0.0008748549999999522,
        "login_time": 0.0023017320000000563
    },
    "t_user_11": {
        "redirect_time": 0.0032121339999999776,
        "build_auth_time": 0.0009596640000000267,
        "login_time": 0.0022241669999999436,
        "acs_dispatch_time": 0.0035760760000007608,
        "finish_acs_dispatch_time": 0.02348562199999993
    },
    "t_user_12": {
        "redirect_time": 0.0032342480000000506,
        "build_auth_time": 0.000953111000000062,
        "login_time": 0.0022624110000000197,
        "acs_dispatch_time": 0.0037705479999994296,
        "finish_acs_dispatch_time": 0.019241204000000067
    },
    "t_user_13": {
        "redirect_time": 0.003338510999999933,
        "build_auth_time": 0.0009964330000000743,
        "login_time": 0.002323111999999794
    },
    "t_user_15": {
        "redirect_time": 0.003222964000000106,
        "build_auth_time": 0.0009440860000000662,
        "login_time": 0.00225927200000009,
        "acs_dispatch_time": 0.004094474000000403,
        "finish_acs_dispatch_time": 0.01856303399999959
    },
    "t_user_14": {
        "redirect_time": 0.003221652999999991,
        "build_auth_time": 0.000929187000000109,
        "login_time": 0.0022737809999999747
    },
    "t_user_16": {
        "redirect_time": 0.003223245000000041,
        "build_auth_time": 0.0009284649999998784,
        "login_time": 0.002273099000000167
    },
    "t_user_17": {
        "redirect_time": 0.003276675000000173,
        "build_auth_time": 0.00093190200000004,
        "login_time": 0.0023265489999999556,
        "acs_dispatch_time": 0.0035588490000000306,
        "finish_acs_dispatch_time": 0.018424932000000283
    },
    "t_user_18": {
        "redirect_time": 0.003145841000000038,
        "build_auth_time": 0.0008971369999999368,
        "login_time": 0.0022283659999999816
    },
    "t_user_19": {
        "redirect_time": 0.003235098000000214,
        "build_auth_time": 0.0009384740000000225,
        "login_time": 0.00227633599999999
    },
    "t_user_20": {
        "redirect_time": 0.0031734840000001707,
        "build_auth_time": 0.0009040310000001384,
        "login_time": 0.00224593900000003
    },
    "t_user_21": {
        "redirect_time": 0.0033473680000000172,
        "build_auth_time": 0.0009429239999998451,
        "login_time": 0.0023864909999999906
    },
    "t_user_22": {
        "redirect_time": 0.003325996999999914,
        "build_auth_time": 0.0009875459999999503,
        "login_time": 0.002312722999999961
    },
    "t_user_23": {
        "redirect_time": 0.003215232000000068,
        "build_auth_time": 0.0009252900000000785,
        "login_time": 0.0022696439999998486,
        "acs_dispatch_time": 0.003283147999999514,
        "finish_acs_dispatch_time": 0.018176992999999975
    },
    "t_user_25": {
        "redirect_time": 0.003659321999999854,
        "build_auth_time": 0.0010896279999998981,
        "login_time": 0.0025443769999999866,
        "acs_dispatch_time": 0.003769456999999754,
        "finish_acs_dispatch_time": 0.018000877000000415
    },
    "t_user_24": {
        "redirect_time": 0.0034064289999999886,
        "build_auth_time": 0.0010158389999999073,
        "login_time": 0.0023700419999999056,
        "acs_dispatch_time": 0.0037788439999992818,
        "finish_acs_dispatch_time": 0.02104948800000006
    },
    "t_user_26": {
        "redirect_time": 0.0032353890000000884,
        "build_auth_time": 0.0009326330000001271,
        "login_time": 0.002282267999999865,
        "acs_dispatch_time": 0.0035932860000000844,
        "finish_acs_dispatch_time": 0.018232008000000022
    },
    "t_user_28": {
        "redirect_time": 0.0032621980000000494,
        "build_auth_time": 0.0009386559999999822,
        "login_time": 0.0023029730000001525,
        "acs_dispatch_time": 0.0036340529999998594,
        "finish_acs_dispatch_time": 0.018343842000000166
    },
    "t_user_27": {
        "redirect_time": 0.003073472000000077,
        "build_auth_time": 0.000886186000000011,
        "login_time": 0.002154425000000071,
        "acs_dispatch_time": 0.004201732999999486,
        "finish_acs_dispatch_time": 0.018305901000000624
    },
    "t_user_29": {
        "redirect_time": 0.0033560729999999594,
        "build_auth_time": 0.0009562570000001269,
        "login_time": 0.0023771729999999547
    },
    "t_user_30": {
        "redirect_time": 0.0032365800000000444,
        "build_auth_time": 0.0009560770000001106,
        "login_time": 0.0022600740000000563,
        "acs_dispatch_time": 0.003710445000000284,
        "finish_acs_dispatch_time": 0.017885922999999693
    },
    "t_user_31": {
        "redirect_time": 0.0031867869999999687,
        "build_auth_time": 0.0009343969999999757,
        "login_time": 0.0022334850000000905,
        "acs_dispatch_time": 0.003420882000000347,
        "finish_acs_dispatch_time": 0.01786107800000014
    },
    "t_user_32": {
        "redirect_time": 0.0031384370000000494,
        "build_auth_time": 0.000905251999999912,
        "login_time": 0.002214830000000001,
        "acs_dispatch_time": 0.0038080289999999906,
        "finish_acs_dispatch_time": 0.019096960000000607
    },
    "t_user_33": {
        "redirect_time": 0.003180256000000048,
        "build_auth_time": 0.0008834120000000834,
        "login_time": 0.002271455999999894,
        "acs_dispatch_time": 0.004587624000000012,