{
    "t_user_1": {
        "redirect_time": 0.0032343249999999824,
        "build_auth_time": 0.0008686129999999626,
        "login_time": 0.002340664999999964,
        "acs_dispatch_time": 0.0038267440000003816,
        "finish_acs_dispatch_time": 0.017675864000000097
    },
    "t_user_2": {
        "redirect_time": 0.0031985310000000045,
        "build_auth_time": 0.0009175260000000574,
        "login_time": 0.002260295999999995,
        "acs_dispatch_time": 0.0041877899999995805,
        "finish_acs_dispatch_time": 0.024551461999999802
    },
    "t_user_3": {
        "redirect_time": 0.004062775000000074,
        "build_auth_time": 0.001648072000000056,
        "login_time": 0.0023920909999999296,
        "acs_dispatch_time": 0.0038204889999997604,
        "finish_acs_dispatch_time": 0.020714966999999973
    },
    "t_user_4": {
        "redirect_time": 0.0035306220000000943,
        "build_auth_time": 0.0010484910000000403,
        "login_time": 0.002433730000000023,
        "acs_dispatch_time": 0.004567759000000393,
        "finish_acs_dispatch_time": 0.019767589999999835
    },
    "t_user_5": {
        "redirect_time": 0.0031744919999999732,
        "build_auth_time": 0.000892147999999926,
        "login_time": 0.002260644000000034,
        "acs_dispatch_time": 0.0035918049999996704,
        "finish_acs_dispatch_time": 0.018368442999999957
    },
    "t_user_6": {
        "redirect_time": 0.003794221000000042,
        "build_auth_time": 0.0014793750000000605,
        "login_time": 0.002292624999999937,
        "acs_dispatch_time": 0.0036700969999996502,
        "finish_acs_dispatch_time": 0.01861443499999993
    },
    "t_user_7": {
        "redirect_time": 0.0032614370000000337,
        "build_auth_time": 0.0009362400000000326,
        "login_time": 0.002300411000000002,
        "acs_dispatch_time": 0.003741202999999693,
        "finish_acs_dispatch_time": 0.019012018999999825
    },
    "t_user_8": {
        "redirect_time": 0.0034077219999999464,
        "build_auth_time": 0.0010415979999999214,
        "login_time": 0.002344864000000002
    },
    "t_user_9": {
        "redirect_time": 0.0033379009999999765,
        "build_auth_time": 0.0009752529999998982,
        "login_time": 0.0023386730000000133
    },
    "t_user_10": {
        "redirect_time": 0.0032456359999999407,
        "build_auth_time": 0.0009477620000000186,
        "login_time": 0.0022624980000000017,
        "acs_dispatch_time": 0.0036830640000005133,
        "finish_acs_dispatch_time": 0.01778161499999964
    },
    "t_user_11": {
        "redirect_time": 0.0033552219999999355,
        "build_auth_time": 0.0010514659999999454,
        "login_time": 0.0022826470000000265,
        "acs_dispatch_time": 0.0038138690000000253,
        "finish_acs_dispatch_time": 0.021812887999999475
    },
    "t_user_12": {
        "redirect_time": 0.0033102489999999873,
        "build_auth_time": 0.0009977450000000498,
        "login_time": 0.0022897210000000223
    },
    "t_user_13": {
        "redirect_time": 0.003231181000000083,
        "build_auth_time": 0.0009143799999999924,
        "login_time": 0.002291684000000016
    },
    "t_user_14": {
        "redirect_time": 0.0033006300000000266,
        "build_auth_time": 0.0009545550000000791,
        "login_time": 0.002310939000000012,
        "acs_dispatch_time": 0.0035944180000004877,
        "finish_acs_dispatch_time": 0.017107475000000427
    },
    "t_user_15": {
        "redirect_time": 0.003153924999999891,
        "build_auth_time": 0.0008932500000000676,
        "login_time": 0.002240958000000015
    },
    "t_user_16": {
        "redirect_time": 0.0032011120000001725,
        "build_auth_time": 0.0009238250000001003,
        "login_time": 0.002257399999999965
    },
    "t_user_17": {
        "redirect_time": 0.0031766589999999706,
        "build_auth_time": 0.0009110340000000328,
        "login_time": 0.002243825000000088,
        "acs_dispatch_time": 0.003864080999999686,
        "finish_acs_dispatch_time": 0.018882813000000276
    },
    "t_user_18": {
        "redirect_time": 0.003290220999999871,
        "build_auth_time": 0.0009648220000000318,
        "login_time": 0.002298138000000005,
        "acs_dispatch_time": 0.003867898000000203,
        "finish_acs_dispatch_time": 0.018497470999999877
    },
    "t_user_19": {
        "redirect_time": 0.0031632619999999445,
        "build_auth_time": 0.00091836699999992,
        "login_time": 0.002226068999999997,
        "acs_dispatch_time": 0.004126203999999856,
        "finish_acs_dispatch_time": 0.018263244999999984
    },
    "t_user_20": {
        "redirect_time": 0.0034603980000000867,
        "build_auth_time": 0.0010233630000000549,
        "login_time": 0.0023928619999999956,
        "acs_dispatch_time": 0.0039097159999998965,
        "finish_acs_dispatch_time": 0.018874131999999655
    },
    "t_user_21": {
        "redirect_time": 0.003167780999999925,
        "build_auth_time": 0.0009146589999999843,
        "login_time": 0.00223346499999999,
        "acs_dispatch_time": 0.004428219999999872,
        "finish_acs_dispatch_time": 0.020644850000000048
    },
    "t_user_22": {
        "redirect_time": 0.003225848000000031,
        "build_auth_time": 0.0009133779999999092,
        "login_time": 0.00227934800000007,
        "acs_dispatch_time": 0.003550359000000114,
        "finish_acs_dispatch_time": 0.01781059699999954
    },
    "t_user_23": {
        "redirect_time": 0.0037101469999998304,
        "build_auth_time": 0.0011480059999999792,
        "login_time": 0.0025368729999999395,
        "acs_dispatch_time": 0.004037746000000286,
        "finish_acs_dispatch_time": 0.0184375870000002
    },
    "t_user_25": {
        "redirect_time": 0.003178812000000031,
        "build_auth_time": 0.0009072960000000574,
        "login_time": 0.0022491339999999305,
        "acs_dispatch_time": 0.003575794999999715,
        "finish_acs_dispatch_time": 0.020026020000000422
    },
    "t_user_24": {
        "redirect_time": 0.0031855359999999333,
        "build_auth_time": 0.0009412699999999941,
        "login_time": 0.002212215999999989,
        "acs_dispatch_time": 0.004261296999999775,
        "finish_acs_dispatch_time": 0.016625431000000024
    },
    "t_user_26": {
        "redirect_time": 0.003327611000000008,
        "build_auth_time": 0.0008797840000001056,
        "login_time": 0.002427748999999979,
        "acs_dispatch_time": 0.0038829459999996097,
        "finish_acs_dispatch_time": 0.01750713500000023
    },
    "t_user_28": {
        "redirect_time": 0.0034579519999999864,
        "build_auth_time": 0.0009221820000000491,
        "login_time": 0.002510162999999954,
        "acs_dispatch_time": 0.004899237000000056,
        "finish_acs_dispatch_time": 0.018469327000000035
    },
    "t_user_27": {
        "redirect_time": 0.0032975539999999803,
        "build_auth_time": 0.0010547910000000549,
        "login_time": 0.00222172300000012,
        "acs_dispatch_time": 0.004097078000000032,
        "finish_acs_dispatch_time": 0.0224076649999998
    },
    "t_user_29": {
        "redirect_time": 0.0033566449999999914,
        "build_auth_time": 0.0010162700000000413,
        "login_time": 0.002309337999999883,
        "acs_dispatch_time": 0.003555159000000252,
        "finish_acs_dispatch_time": 0.01779886899999994
    },
    "t_user_30": {
        "redirect_time": 0.0034285279999999307,
        "build_auth_time": 0.001063247000000045,
        "login_time": 0.0023397029999998598,
        "acs_dispatch_time": 0.0040918300000001295,
        "finish_acs_dispatch_time": 0.01865643799999983
    },
    "t_user_31": {
        "redirect_time": 0.0032214810000001926,
        "build_auth_time": 0.0009522100000001199,
        "login_time": 0.0022441339999998977,
        "acs_dispatch_time": 0.0040062270000005284,
        "finish_acs_dispatch_time": 0.01911696800000051
    },
    "t_user_32": {
        "redirect_time": 0.0033098070000001645,