{
    "t_user_1": {
        "redirect_time": 0.003160617000000032,
        "build_auth_time": 0.0008916559999999629,
        "login_time": 0.002240958999999987,
        "acs_dispatch_time": 0.0043754970000002835,
        "finish_acs_dispatch_time": 0.016916619999999938
    },
    "t_user_2": {
        "redirect_time": 0.003538905999999953,
        "build_auth_time": 0.0011307149999999488,
        "login_time": 0.0023809700000000378,
        "acs_dispatch_time": 0.004809541000000195,
        "finish_acs_dispatch_time": 0.024654611000000326
    },
    "t_user_3": {
        "redirect_time": 0.0039472979999999325,
        "build_auth_time": 0.0016464069999999609,
        "login_time": 0.002276194999999981,
        "acs_dispatch_time": 0.003923306999999987,
        "finish_acs_dispatch_time": 0.018780225999999622
    },
    "t_user_4": {
        "redirect_time": 0.0033783669999999377,
        "build_auth_time": 0.0010100290000000234,
        "login_time": 0.002343781999999961,
        "acs_dispatch_time": 0.0035750629999995454,
        "finish_acs_dispatch_time": 0.017079677999999987
    },
    "t_user_5": {
        "redirect_time": 0.003807999000000062,
        "build_auth_time": 0.0011849459999999645,
        "login_time": 0.002581736000000001,
        "acs_dispatch_time": 0.0053039599999999965,
        "finish_acs_dispatch_time": 0.01984348899999988
    },
    "t_user_6": {
        "redirect_time": 0.0032312519999999623,
        "build_auth_time": 0.0009146799999999455,
        "login_time": 0.0022977969999999903,
        "acs_dispatch_time": 0.0034734590000002896,
        "finish_acs_dispatch_time": 0.018811526999999995
    },
    "t_user_7": {
        "redirect_time": 0.00350419099999999,
        "build_auth_time": 0.0008653269999999713,
        "login_time": 0.0026190369999999907,
        "acs_dispatch_time": 0.0046513049999998834,
        "finish_acs_dispatch_time": 0.021330531999999902
    },
    "t_user_8": {
        "redirect_time": 0.003905971000000008,
        "build_auth_time": 0.0016265099999999144,
        "login_time": 0.002258301000000018,
        "acs_dispatch_time": 0.004877076000000091,
        "finish_acs_dispatch_time": 0.01877702499999989
    },
    "t_user_9": {
        "redirect_time": 0.003158105000000022,
        "build_auth_time": 0.0008898539999999677,
        "login_time": 0.002249816000000071,
        "acs_dispatch_time": 0.003398162999999954,
        "finish_acs_dispatch_time": 0.018040509000000426
    },
    "t_user_10": {
        "redirect_time": 0.0033909790000000717,
        "build_auth_time": 0.0009268730000000502,
        "login_time": 0.0024437179999999836,
        "acs_dispatch_time": 0.0030742489999999734,
        "finish_acs_dispatch_time": 0.0463425639999997
    },
    "t_user_11": {
        "redirect_time": 0.0031355520000000414,
        "build_auth_time": 0.0009062349999999775,
        "login_time": 0.0022093300000000093,
        "acs_dispatch_time": 0.004024982000000232,
        "finish_acs_dispatch_time": 0.01875529500000006
    },
    "t_user_12": {
        "redirect_time": 0.003095535000000038,
        "build_auth_time": 0.0008739530000000384,
        "login_time": 0.0022032480000000465,
        "acs_dispatch_time": 0.0034118990000000515,
        "finish_acs_dispatch_time": 0.018659537000000004
    },
    "t_user_13": {
        "redirect_time": 0.0032627080000000586,
        "build_auth_time": 0.0009109620000000707,
        "login_time": 0.0023209779999999736,
        "acs_dispatch_time": 0.004038500000000056,
        "finish_acs_dispatch_time": 0.01973639699999996
    },
    "t_user_14": {
        "redirect_time": 0.0029510160000001395,
        "build_auth_time": 0.0008145230000000669,
        "login_time": 0.0021201520000000418,
        "acs_dispatch_time": 0.004246525999999751,
        "finish_acs_dispatch_time": 0.01986823999999965
    },
    "t_user_15": {
        "redirect_time": 0.003213826999999947,
        "build_auth_time": 0.000924386999999971,
        "login_time": 0.0022515590000000696,
        "acs_dispatch_time": 0.00381616100000004,
        "finish_acs_dispatch_time": 0.018423998999999913
    },
    "t_user_16": {
        "redirect_time": 0.003187379999999962,
        "build_auth_time": 0.0009144400000000719,
        "login_time": 0.0022513089999998126,
        "acs_dispatch_time": 0.0037419329999996975,
        "finish_acs_dispatch_time": 0.018794407999999763
    },
    "t_user_17": {
        "redirect_time": 0.003119561000000104,
        "build_auth_time": 0.0008770989999999923,
        "login_time": 0.0022223350000001307,
        "acs_dispatch_time": 0.0041500779999998905,
        "finish_acs_dispatch_time": 0.020257156999999637
    },
    "t_user_18": {
        "redirect_time": 0.003207857999999897,
        "build_auth_time": 0.000956709,
        "login_time": 0.002227122999999942,
        "acs_dispatch_time": 0.004112800999999777,
        "finish_acs_dispatch_time": 0.018992383999999696
    },
    "t_user_19": {
        "redirect_time": 0.00314828399999989,
        "build_auth_time": 0.0009260909999999622,
        "login_time": 0.002202886999999931,
        "acs_dispatch_time": 0.0038420199999995575,
        "finish_acs_dispatch_time": 0.019469994999999685
    },
    "t_user_20": {
        "redirect_time": 0.003226839999999953,
        "build_auth_time": 0.000955014999999948,
        "login_time": 0.0022557250000001527,
        "acs_dispatch_time": 0.004055571000000313,
        "finish_acs_dispatch_time": 0.019424525999999886
    },
    "t_user_21": {
        "redirect_time": 0.0035086260000001257,
        "build_auth_time": 0.0010723530000000814,
        "login_time": 0.002404964999999981,
        "acs_dispatch_time": 0.004028440999999994,
        "finish_acs_dispatch_time": 0.018380331999999555
    },
    "t_user_22": {
        "redirect_time": 0.003240238000000062,
        "build_auth_time": 0.0009606159999999697,
        "login_time": 0.0022590740000001386,
        "acs_dispatch_time": 0.0041549070000002075,
        "finish_acs_dispatch_time": 0.018803680999999628
    },
    "t_user_23": {
        "redirect_time": 0.0031327070000000123,
        "build_auth_time": 0.0008864179999998889,
        "login_time": 0.0022281050000001468,
        "acs_dispatch_time": 0.003975402000000017,
        "finish_acs_dispatch_time": 0.019490852000000558
    },
    "t_user_24": {
        "redirect_time": 0.0033348049999999407,
        "build_auth_time": 0.0009224949999999676,
        "login_time": 0.002387032999999983,
        "acs_dispatch_time": 0.004103900999999688,
        "finish_acs_dispatch_time": 0.02016575800000009
    },
    "t_user_25": {
        "redirect_time": 0.003214209999999884,
        "build_auth_time": 0.0009372720000000445,
        "login_time": 0.0022550369999998487,
        "acs_dispatch_time": 0.0037296830000004277,
        "finish_acs_dispatch_time": 0.019293509000000597
    },
    "t_user_26": {
        "redirect_time": 0.0033362350000001317,
        "build_auth_time": 0.0009263420000000799,
        "login_time": 0.0023880919999998973,
        "acs_dispatch_time": 0.0039062520000001655,
        "finish_acs_dispatch_time": 0.01805232099999987
    },
    "t_user_27": {
        "redirect_time": 0.003370069000000031,
        "build_auth_time": 0.0010069830000001279,
        "login_time": 0.0023326189999999247,
        "acs_dispatch_time": 0.004220045000000283,
        "finish_acs_dispatch_time": 0.019190741000000067
    },
    "t_user_28": {
        "redirect_time": 0.0033149180000000555,
        "build_auth_time": 0.0009504170000000922,
        "login_time": 0.0023441129999999255,
        "acs_dispatch_time": 0.003923462999999572,
        "finish_acs_dispatch_time": 0.021231863999999767
    },
    "t_user_29": {
        "redirect_time": 0.0030805069999999546,
        "build_auth_time": 0.0009047300000000202,
        "login_time": 0.0021487069999999164,
        "acs_dispatch_time": 0.004891442999999995,
        "finish_acs_dispatch_time": 0.020405053000000173
    },