{
    "t_user_1": {
        "redirect_time": 0.003186859000000042,
        "build_auth_time": 0.0008840039999999938,
        "login_time": 0.0022812640000000606,
        "acs_dispatch_time": 0.004192810000000158,
        "finish_acs_dispatch_time": 0.027041061999999894
    },
    "t_user_2": {
        "redirect_time": 0.0031698969999999216,
        "build_auth_time": 0.000939517999999917,
        "login_time": 0.0022091190000000926,
        "acs_dispatch_time": 0.0036456219999996264,
        "finish_acs_dispatch_time": 0.01930898599999953
    },
    "t_user_3": {
        "redirect_time": 0.0037092530000000234,
        "build_auth_time": 0.0014314360000000637,
        "login_time": 0.002250054999999973,
        "acs_dispatch_time": 0.0041094630000007015,
        "finish_acs_dispatch_time": 0.018138006999999234
    },
    "t_user_4": {
        "redirect_time": 0.0031760659999999774,
        "build_auth_time": 0.0009124249999999945,
        "login_time": 0.002242340999999981,
        "acs_dispatch_time": 0.0038072469999996805,
        "finish_acs_dispatch_time": 0.01961222600000001
    },
    "t_user_5": {
        "redirect_time": 0.0033774740000001024,
        "build_auth_time": 0.0009387339999999966,
        "login_time": 0.0024145340000000237,
        "acs_dispatch_time": 0.0036866579999998983,
        "finish_acs_dispatch_time": 0.01957048299999986
    },
    "t_user_6": {
        "redirect_time": 0.0031809849999999695,
        "build_auth_time": 0.0008962249999999727,
        "login_time": 0.0022635710000000753,
        "acs_dispatch_time": 0.0038604849999996915,
        "finish_acs_dispatch_time": 0.018527521000000213
    },
    "t_user_7": {
        "redirect_time": 0.0031810570000000427,
        "build_auth_time": 0.0009176060000000152,
        "login_time": 0.002243344000000036,
        "acs_dispatch_time": 0.0031880939999999747,
        "finish_acs_dispatch_time": 0.023906661999999912
    },
    "t_user_8": {
        "redirect_time": 0.00325545599999999,
        "build_auth_time": 0.0009070959999999406,
        "login_time": 0.0023244250000000743,
        "acs_dispatch_time": 0.0034328649999997296,
        "finish_acs_dispatch_time": 0.01895113199999976
    },
    "t_user_9": {
        "redirect_time": 0.0031668500000000543,
        "build_auth_time": 0.0009201090000000578,
        "login_time": 0.002215662000000007,
        "acs_dispatch_time": 0.004109515000000119,
        "finish_acs_dispatch_time": 0.018908934999999794
    },
    "t_user_10": {
        "redirect_time": 0.003232411999999907,
        "build_auth_time": 0.0009423699999999702,
        "login_time": 0.0022676099999999755,
        "acs_dispatch_time": 0.004133705999999737,
        "finish_acs_dispatch_time": 0.01893650899999999
    },
    "t_user_11": {
        "redirect_time": 0.0031697949999999198,
        "build_auth_time": 0.0009003229999999807,
        "login_time": 0.002248462999999923,
        "acs_dispatch_time": 0.003853192999999866,
        "finish_acs_dispatch_time": 0.01677367200000024
    },
    "t_user_12": {
        "redirect_time": 0.003316079000000083,
        "build_auth_time": 0.000922664000000073,
        "login_time": 0.00236975099999992,
        "acs_dispatch_time": 0.003888098999999645,
        "finish_acs_dispatch_time": 0.019142502999999866
    },
    "t_user_14": {
        "redirect_time": 0.003281826000000043,
        "build_auth_time": 0.0008892219999998563,
        "login_time": 0.0023717250000001577,
        "acs_dispatch_time": 0.004384684000000139,
        "finish_acs_dispatch_time": 0.01791187700000041
    },
    "t_user_13": {
        "redirect_time": 0.0030869000000000035,
        "build_auth_time": 0.0009046400000001231,
        "login_time": 0.002159857999999959,
        "acs_dispatch_time": 0.0037612170000000944,
        "finish_acs_dispatch_time": 0.01934121700000002
    },
    "t_user_15": {
        "redirect_time": 0.0031902850000000704,
        "build_auth_time": 0.000957520000000045,
        "login_time": 0.0022111540000000485,
        "acs_dispatch_time": 0.004039968999999921,
        "finish_acs_dispatch_time": 0.018289488000000187
    },
    "t_user_16": {
        "redirect_time": 0.003196914999999967,
        "build_auth_time": 0.0008942220000001111,
        "login_time": 0.002282474999999895,
        "acs_dispatch_time": 0.0034241710000002534,
        "finish_acs_dispatch_time": 0.016873747999999633
    },
    "t_user_17": {
        "redirect_time": 0.0032870339999999665,
        "build_auth_time": 0.0009395260000000238,
        "login_time": 0.0023222309999999524,
        "acs_dispatch_time": 0.0036977340000001746,
        "finish_acs_dispatch_time": 0.018040756000000435
    },
    "t_user_18": {
        "redirect_time": 0.0032711349999998696,
        "build_auth_time": 0.0009553059999998226,
        "login_time": 0.0022961720000000962,
        "acs_dispatch_time": 0.0036503640000002946,
        "finish_acs_dispatch_time": 0.021392832000000084
    },
    "t_user_19": {
        "redirect_time": 0.0031981290000000495,
        "build_auth_time": 0.0009308509999998993,
        "login_time": 0.002242692000000046,
        "acs_dispatch_time": 0.0037631270000000328,
        "finish_acs_dispatch_time": 0.02134640300000079
    },
    "t_user_20": {
        "redirect_time": 0.003162380999999881,
        "build_auth_time": 0.000920118999999886,
        "login_time": 0.0022215540000001255,
        "acs_dispatch_time": 0.005526885000000092,
        "finish_acs_dispatch_time": 0.016788106999999997
    },
    "t_user_22": {
        "redirect_time": 0.0032526619999999618,
        "build_auth_time": 0.0008903040000001194,
        "login_time": 0.0023361279999998263,
        "acs_dispatch_time": 0.003612892999999673,
        "finish_acs_dispatch_time": 0.01855322100000034
    },
    "t_user_21": {
        "redirect_time": 0.0031533649999999636,
        "build_auth_time": 0.0008803449999998936,
        "login_time": 0.002243825999999949,
        "acs_dispatch_time": 0.0038809559999997134,
        "finish_acs_dispatch_time": 0.01781787899999987
    },
    "t_user_23": {
        "redirect_time": 0.003152954999999791,
        "build_auth_time": 0.000873052999999846,
        "login_time": 0.0022530720000000226,
        "acs_dispatch_time": 0.003888816999999989,
        "finish_acs_dispatch_time": 0.020914231000000783
    },
    "t_user_24": {
        "redirect_time": 0.003179454999999942,
        "build_auth_time": 0.0008849149999998751,
        "login_time": 0.0022751540000001125,
        "acs_dispatch_time": 0.003525289999999792,
        "finish_acs_dispatch_time": 0.017509164999999882
    },
    "t_user_25": {
        "redirect_time": 0.0031244100000000774,
        "build_auth_time": 0.0009079570000001258,
        "login_time": 0.002192889000000031,
        "acs_dispatch_time": 0.004043138000000113,
        "finish_acs_dispatch_time": 0.01801996699999986
    },
    "t_user_26": {
        "redirect_time": 0.003050402000000174,
        "build_auth_time": 0.0008515820000001284,
        "login_time": 0.0021777709999999395,
        "acs_dispatch_time": 0.0037509939999997854,
        "finish_acs_dispatch_time": 0.017763393999999266
    },
    "t_user_28": {
        "redirect_time": 0.0032173949999998452,
        "build_auth_time": 0.0009268129999999708,
        "login_time": 0.0022662669999999885,
        "acs_dispatch_time": 0.0035767280000005286,
        "finish_acs_dispatch_time": 0.01800894299999989
    },
    "t_user_27": {
        "redirect_time": 0.003226771000000017,
        "build_auth_time": 0.000858805000000018,
        "login_time": 0.002338640999999919,
        "acs_dispatch_time": 0.003929073000000116,
        "finish_acs_dispatch_time": 0.018434377999999363
    },
    "t_user_29": {
        "redirect_time": 0.003165067000000077,
        "build_auth_time": 0.0009017669999999978,
        "login_time": 0.0022395559999999204,
        "acs_dispatch_time": 0.003707419000000378,
        "finish_acs_dispatch_time": 0.017996751999999283
    },