{
    "t_user_1": {
        "redirect_time": 0.00319096499999999,
        "build_auth_time": 0.0009214720000000343,
        "login_time": 0.002249465000000006,
        "acs_dispatch_time": 0.003855858000000545,
        "finish_acs_dispatch_time": 0.023929370000000283
    },
    "t_user_2": {
        "redirect_time": 0.003251398000000072,
        "build_auth_time": 0.0009499160000000506,
        "login_time": 0.00228022299999997,
        "acs_dispatch_time": 0.004121728000000324,
        "finish_acs_dispatch_time": 0.018192964999999894
    },
    "t_user_3": {
        "redirect_time": 0.003948901999999976,
        "build_auth_time": 0.0017164490000000088,
        "login_time": 0.0022117440000000155,
        "acs_dispatch_time": 0.003625376999999652,
        "finish_acs_dispatch_time": 0.017633610999999938
    },
    "t_user_4": {
        "redirect_time": 0.003175745999999924,
        "build_auth_time": 0.0009069149999999526,
        "login_time": 0.0022474009999999822,
        "acs_dispatch_time": 0.003932872000000032,
        "finish_acs_dispatch_time": 0.019800613000000133
    },
    "t_user_5": {
        "redirect_time": 0.0036352769999999923,
        "build_auth_time": 0.001070903000000012,
        "login_time": 0.0025386459999999778,
        "acs_dispatch_time": 0.003625178000000062,
        "finish_acs_dispatch_time": 0.01845962400000012
    },
    "t_user_6": {
        "redirect_time": 0.0037784950000000483,
        "build_auth_time": 0.0010693700000000694,
        "login_time": 0.00268265599999995,
        "acs_dispatch_time": 0.004616261999999871,
        "finish_acs_dispatch_time": 0.022236698000000388
    },
    "t_user_7": {
        "redirect_time": 0.0032312010000000724,
        "build_auth_time": 0.0009127060000000409,
        "login_time": 0.0022871970000000186,
        "acs_dispatch_time": 0.003207965999999729,
        "finish_acs_dispatch_time": 0.018528374000000625
    },
    "t_user_8": {
        "redirect_time": 0.003222464000000036,
        "build_auth_time": 0.00093073999999993,
        "login_time": 0.0022716670000000327,
        "acs_dispatch_time": 0.0037423680000001625,
        "finish_acs_dispatch_time": 0.021200370000000746
    },
    "t_user_9": {
        "redirect_time": 0.003679487999999953,
        "build_auth_time": 0.0011176979999999448,
        "login_time": 0.0025372750000000055,
        "acs_dispatch_time": 0.0037776679999996787,
        "finish_acs_dispatch_time": 0.018102821999999907
    },
    "t_user_10": {
        "redirect_time": 0.003280143000000013,
        "build_auth_time": 0.0009508679999999936,
        "login_time": 0.00229890899999996,
        "acs_dispatch_time": 0.004167820999999794,
        "finish_acs_dispatch_time": 0.01790762800000012
    },
    "t_user_11": {
        "redirect_time": 0.003217051999999998,
        "build_auth_time": 0.0009288170000000262,
        "login_time": 0.002266955999999931,
        "acs_dispatch_time": 0.0037093749999996817,
        "finish_acs_dispatch_time": 0.01927420099999999
    },
    "t_user_12": {
        "redirect_time": 0.0033099370000000405,
        "build_auth_time": 0.000978389000000024,
        "login_time": 0.002310699999999999,
        "acs_dispatch_time": 0.003195060999999999,
        "finish_acs_dispatch_time": 0.01816776099999995
    },
    "t_user_14": {
        "redirect_time": 0.0032472619999999175,
        "build_auth_time": 0.000928977000000053,
        "login_time": 0.002297425999999936,
        "acs_dispatch_time": 0.004017938999999693,
        "finish_acs_dispatch_time": 0.018123710000000237
    },
    "t_user_13": {
        "redirect_time": 0.0030535179999999773,
        "build_auth_time": 0.0008921379999999868,
        "login_time": 0.002143155999999813,
        "acs_dispatch_time": 0.003588859999999805,
        "finish_acs_dispatch_time": 0.01818691600000033
    },
    "t_user_15": {
        "redirect_time": 0.0031789030000000107,
        "build_auth_time": 0.0009120060000000763,
        "login_time": 0.002245887999999807,
        "acs_dispatch_time": 0.004034094999999738,
        "finish_acs_dispatch_time": 0.02208347799999988
    },
    "t_user_16": {
        "redirect_time": 0.0032642329999998942,
        "build_auth_time": 0.0009431730000000194,
        "login_time": 0.0023001609999999673,
        "acs_dispatch_time": 0.003607021000000099,
        "finish_acs_dispatch_time": 0.018932042000000315
    },
    "t_user_17": {
        "redirect_time": 0.003197265999999921,
        "build_auth_time": 0.0009309399999999357,
        "login_time": 0.002246088000000146,
        "acs_dispatch_time": 0.0036311390000003385,
        "finish_acs_dispatch_time": 0.018798276000000058
    },
    "t_user_18": {
        "redirect_time": 0.0033895649999999833,
        "build_auth_time": 0.0011323770000000177,
        "login_time": 0.002235296999999914,
        "acs_dispatch_time": 0.003759387000000114,
        "finish_acs_dispatch_time": 0.02112207499999963
    },
    "t_user_19": {
        "redirect_time": 0.003216252000000086,
        "build_auth_time": 0.0009109130000000132,
        "login_time": 0.0022839789999999915,
        "acs_dispatch_time": 0.004191072999999879,
        "finish_acs_dispatch_time": 0.018878582000000144
    },
    "t_user_20": {
        "redirect_time": 0.003265322999999931,
        "build_auth_time": 0.0009670680000000154,
        "login_time": 0.0022755729999999197,
        "acs_dispatch_time": 0.0037420159999994596,
        "finish_acs_dispatch_time": 0.020680932999999513
    },
    "t_user_21": {
        "redirect_time": 0.00353608900000002,
        "build_auth_time": 0.0011502700000001198,
        "login_time": 0.002367292999999826,
        "acs_dispatch_time": 0.00435186200000004,
        "finish_acs_dispatch_time": 0.022495182000000113
    },
    "t_user_22": {
        "redirect_time": 0.0031269769999999752,
        "build_auth_time": 0.0008868789999998405,
        "login_time": 0.002209882000000052,
        "acs_dispatch_time": 0.003967851000000522,
        "finish_acs_dispatch_time": 0.019125232999999575
    },
    "t_user_23": {
        "redirect_time": 0.003166980999999902,
        "build_auth_time": 0.0009088989999999075,
        "login_time": 0.002238214999999988,
        "acs_dispatch_time": 0.00413656100000015,
        "finish_acs_dispatch_time": 0.020992487000000004
    },
    "t_user_24": {
        "redirect_time": 0.0030773429999999546,
        "build_auth_time": 0.0008772589999999081,
        "login_time": 0.0021811780000000613,
        "acs_dispatch_time": 0.003717627000000334,
        "finish_acs_dispatch_time": 0.020186835999999708
    },
    "t_user_25": {
        "redirect_time": 0.0032146980000000713,
        "build_auth_time": 0.0009544130000000983,
        "login_time": 0.0022375619999999152,
        "acs_dispatch_time": 0.0037729229999996505,
        "finish_acs_dispatch_time": 0.018618996999999915
    },
    "t_user_28": {
        "redirect_time": 0.0032855419999999746,
        "build_auth_time": 0.0009082480000000004,
        "login_time": 0.00235672599999992,
        "acs_dispatch_time": 0.003961335999999704,
        "finish_acs_dispatch_time": 0.01943438600000036
    },
    "t_user_27": {
        "redirect_time": 0.002970163000000081,
        "build_auth_time": 0.0008393090000000658,
        "login_time": 0.0021137409999998358,
        "acs_dispatch_time": 0.004339219000000227,
        "finish_acs_dispatch_time": 0.01919461099999964
    },
    "t_user_26": {
        "redirect_time": 0.0029797499999999477,
        "build_auth_time": 0.0008666199999998181,
        "login_time": 0.0020944340000002004,
        "acs_dispatch_time": 0.0036615739999996677,
        "finish_acs_dispatch_time": 0.018207163999999665
    },
    "t_user_29": {
        "redirect_time": 0.0035348379999999846,
        "build_auth_time": 0.001008093999999904,
        "login_time": 0.0025030090000000005,
        "acs_dispatch_time": 0.004145347999999771,
        "finish_acs_dispatch_time": 0.020702818000000178
    },