{
    "t_user_1": {
        "redirect_time": 0.003136030999999928,
        "build_auth_time": 0.0009007939999999826,
        "login_time": 0.0022141980000000006,
        "acs_dispatch_time": 0.0037814080000000416,
        "finish_acs_dispatch_time": 0.01937557699999992
    },
    "t_user_2": {
        "redirect_time": 0.0032370929999999687,
        "build_auth_time": 0.0009316510000000333,
        "login_time": 0.002274362999999946,
        "acs_dispatch_time": 0.00421441499999986,
        "finish_acs_dispatch_time": 0.018751202999999883
    },
    "t_user_3": {
        "redirect_time": 0.0037995920000000183,
        "build_auth_time": 0.0015265230000000019,
        "login_time": 0.002251739000000086,
        "acs_dispatch_time": 0.003910247000000311,
        "finish_acs_dispatch_time": 0.019670942999999497
    },
    "t_user_4": {
        "redirect_time": 0.003449588000000059,
        "build_auth_time": 0.0011560409999999965,
        "login_time": 0.002270233000000066,
        "acs_dispatch_time": 0.004234695000000066,
        "finish_acs_dispatch_time": 0.01831163800000013
    },
    "t_user_5": {
        "redirect_time": 0.0031784519999999983,
        "build_auth_time": 0.0009329340000000519,
        "login_time": 0.0022251599999999483,
        "acs_dispatch_time": 0.0035969929999999373,
        "finish_acs_dispatch_time": 0.017909739000000258
    },
    "t_user_6": {
        "redirect_time": 0.0031954330000000253,
        "build_auth_time": 0.0009264119999999876,
        "login_time": 0.0022469000000000516,
        "acs_dispatch_time": 0.003598634000000267,
        "finish_acs_dispatch_time": 0.01836423399999987
    },
    "t_user_7": {
        "redirect_time": 0.0031774700000000156,
        "build_auth_time": 0.000912024999999983,
        "login_time": 0.0022407789999999705,
        "acs_dispatch_time": 0.004341483000000146,
        "finish_acs_dispatch_time": 0.01870917099999936
    },
    "t_user_8": {
        "redirect_time": 0.0031784910000000055,
        "build_auth_time": 0.0009402279999999319,
        "login_time": 0.0022115230000000485,
        "acs_dispatch_time": 0.003689481999999522,
        "finish_acs_dispatch_time": 0.018440707999999972
    },
    "t_user_9": {
        "redirect_time": 0.003288328000000007,
        "build_auth_time": 0.0009577200000000508,
        "login_time": 0.0023082660000000033,
        "acs_dispatch_time": 0.0035079780000000227,
        "finish_acs_dispatch_time": 0.01716854300000037
    },
    "t_user_10": {
        "redirect_time": 0.0031833009999999717,
        "build_auth_time": 0.000911423999999994,
        "login_time": 0.00223747299999999,
        "acs_dispatch_time": 0.0037110780000002563,
        "finish_acs_dispatch_time": 0.01745460500000018
    },
    "t_user_11": {
        "redirect_time": 0.0032248470000000307,
        "build_auth_time": 0.0009226040000001046,
        "login_time": 0.0022816049999999644,
        "acs_dispatch_time": 0.0036483909999995845,
        "finish_acs_dispatch_time": 0.0176467520000001
    },
    "t_user_12": {
        "redirect_time": 0.0036090359999999544,
        "build_auth_time": 0.0011199539999999786,
        "login_time": 0.0024608289999999977,
        "acs_dispatch_time": 0.0040486699999999765,
        "finish_acs_dispatch_time": 0.024085719999999977
    },
    "t_user_14": {
        "redirect_time": 0.003234095000000048,
        "build_auth_time": 0.0009596439999999262,
        "login_time": 0.002244936999999947,
        "acs_dispatch_time": 0.0032146109999997563,
        "finish_acs_dispatch_time": 0.01751068700000058
    },
    "t_user_13": {
        "redirect_time": 0.0034717909999999463,
        "build_auth_time": 0.0008824999999998973,
        "login_time": 0.0025677510000001735,
        "acs_dispatch_time": 0.003145160999999952,
        "finish_acs_dispatch_time": 0.018677476999999776
    },
    "t_user_15": {
        "redirect_time": 0.0032041389999999392,
        "build_auth_time": 0.0009110930000000295,
        "login_time": 0.002270293999999895,
        "acs_dispatch_time": 0.003762725000000078,
        "finish_acs_dispatch_time": 0.018164916000000364
    },
    "t_user_16": {
        "redirect_time": 0.0032738979999999973,
        "build_auth_time": 0.0009636919999997939,
        "login_time": 0.002287955000000119,
        "acs_dispatch_time": 0.005814352999999883,
        "finish_acs_dispatch_time": 0.01987789299999987
    },
    "t_user_17": {
        "redirect_time": 0.0032399240000000606,
        "build_auth_time": 0.0009258080000000835,
        "login_time": 0.0022936080000000025,
        "acs_dispatch_time": 0.004360307999999868,
        "finish_acs_dispatch_time": 0.01852078300000004
    },
    "t_user_18": {
        "redirect_time": 0.003284960999999864,
        "build_auth_time": 0.0009596439999999262,
        "login_time": 0.0022810650000000265,
        "acs_dispatch_time": 0.0038003159999999703,
        "finish_acs_dispatch_time": 0.020223718
    },
    "t_user_19": {
        "redirect_time": 0.0031583139999999954,
        "build_auth_time": 0.0008936210000001221,
        "login_time": 0.002242171000000015,
        "acs_dispatch_time": 0.003955041999999853,
        "finish_acs_dispatch_time": 0.017338753999999845
    },
    "t_user_20": {
        "redirect_time": 0.003224708000000076,
        "build_auth_time": 0.0009433940000000973,
        "login_time": 0.0022590419999999334,
        "acs_dispatch_time": 0.0038689309999999644,
        "finish_acs_dispatch_time": 0.017591928000000312
    },
    "t_user_21": {
        "redirect_time": 0.0032361990000000507,
        "build_auth_time": 0.0009109130000000132,
        "login_time": 0.002301631999999998,
        "acs_dispatch_time": 0.0037411740000004023,
        "finish_acs_dispatch_time": 0.017850264000000227
    },
    "t_user_22": {
        "redirect_time": 0.0032615469999999203,
        "build_auth_time": 0.0009658559999998761,
        "login_time": 0.002249064000000134,
        "acs_dispatch_time": 0.003794438999999983,
        "finish_acs_dispatch_time": 0.01887924200000013
    },
    "t_user_23": {
        "redirect_time": 0.003446312000000118,
        "build_auth_time": 0.000984590000000063,
        "login_time": 0.002440282000000016,
        "acs_dispatch_time": 0.004131976000000037,
        "finish_acs_dispatch_time": 0.017330038999999964
    },
    "t_user_24": {
        "redirect_time": 0.0033454739999998484,
        "build_auth_time": 0.000975072999999993,
        "login_time": 0.002347828999999857,
        "acs_dispatch_time": 0.004302170999999966,
        "finish_acs_dispatch_time": 0.02108508500000017
    },
    "t_user_25": {
        "redirect_time": 0.0032538419999998958,
        "build_auth_time": 0.000937982999999809,
        "login_time": 0.0022680000000001588,
        "acs_dispatch_time": 0.003782538999999474,
        "finish_acs_dispatch_time": 0.018481208999999943
    },
    "t_user_26": {
        "redirect_time": 0.0031945920000000516,
        "build_auth_time": 0.0009090490000001061,
        "login_time": 0.002257530000000063,
        "acs_dispatch_time": 0.003710157000000436,
        "finish_acs_dispatch_time": 0.01817887099999993
    },
    "t_user_28": {
        "redirect_time": 0.0032697630000000366,
        "build_auth_time": 0.0009462300000000479,
        "login_time": 0.0023003489999999793,
        "acs_dispatch_time": 0.00440194000000016,
        "finish_acs_dispatch_time": 0.02001317800000013
    },
    "t_user_27": {
        "redirect_time": 0.0031281100000000173,
        "build_auth_time": 0.0008650670000001082,
        "login_time": 0.002243064999999822,
        "acs_dispatch_time": 0.0040228490000000505,
        "finish_acs_dispatch_time": 0.01787480199999969
    },
    "t_user_29": {
        "redirect_time": 0.003248762999999988,
        "build_auth_time": 0.0009454070000001202,
        "login_time": 0.002282377000000002,
        "acs_dispatch_time": 0.003796464999999749,
        "finish_acs_dispatch_time": 0.017383498000000053
    },