{
    "t_user_1": {
        "redirect_time": 0.0035308410000000068,
        "build_auth_time": 0.0011433779999999727,
        "login_time": 0.002363267999999974,
        "acs_dispatch_time": 0.003696178999999411,
        "finish_acs_dispatch_time": 0.018324428999999753
    },
    "t_user_2": {
        "redirect_time": 0.0033005289999999965,
        "build_auth_time": 0.0009965429999999609,
        "login_time": 0.0022820559999999768,
        "acs_dispatch_time": 0.004362282999999856,
        "finish_acs_dispatch_time": 0.020613282000000233
    },
    "t_user_3": {
        "redirect_time": 0.0037229180000000195,
        "build_auth_time": 0.0014357539999999558,
        "login_time": 0.002265324000000013,
        "acs_dispatch_time": 0.003372802000000341,
        "finish_acs_dispatch_time": 0.018727097000000192
    },
    "t_user_4": {
        "redirect_time": 0.003207795999999985,
        "build_auth_time": 0.0009167139999999296,
        "login_time": 0.0022700930000000286,
        "acs_dispatch_time": 0.0036566369999997406,
        "finish_acs_dispatch_time": 0.01858450100000031
    },
    "t_user_5": {
        "redirect_time": 0.0031614600000000603,
        "build_auth_time": 0.0008962759999999736,
        "login_time": 0.002242732000000025,
        "acs_dispatch_time": 0.0035262010000005617,
        "finish_acs_dispatch_time": 0.018982353000000174
    },
    "t_user_6": {
        "redirect_time": 0.003430181000000032,
        "build_auth_time": 0.001012922999999999,
        "login_time": 0.0023949469999999806,
        "acs_dispatch_time": 0.003851807000000207,
        "finish_acs_dispatch_time": 0.018844416999999503
    },
    "t_user_7": {
        "redirect_time": 0.0034287110000000842,
        "build_auth_time": 0.0010488810000000015,
        "login_time": 0.0023485520000000593,
        "acs_dispatch_time": 0.004423666000000104,
        "finish_acs_dispatch_time": 0.020774593999999702
    },
    "t_user_8": {
        "redirect_time": 0.0035784759999999416,
        "build_auth_time": 0.0010500329999999503,
        "login_time": 0.0024976660000000095,
        "acs_dispatch_time": 0.004098246999999944,
        "finish_acs_dispatch_time": 0.01889244000000012
    },
    "t_user_9": {
        "redirect_time": 0.003123317999999986,
        "build_auth_time": 0.000901834999999962,
        "login_time": 0.0022018360000000126,
        "acs_dispatch_time": 0.00364336899999973,
        "finish_acs_dispatch_time": 0.01805962599999944
    },
    "t_user_10": {
        "redirect_time": 0.0032859920000000153,
        "build_auth_time": 0.0009690319999999808,
        "login_time": 0.002292224000000065,
        "acs_dispatch_time": 0.003971615000000206,
        "finish_acs_dispatch_time": 0.020395506999999924
    },
    "t_user_11": {
        "redirect_time": 0.003220429999999941,
        "build_auth_time": 0.000966536999999934,
        "login_time": 0.0022304699999999844,
        "acs_dispatch_time": 0.002867312000000233,
        "finish_acs_dispatch_time": 0.01751278700000025
    },
    "t_user_12": {
        "redirect_time": 0.00327945900000004,
        "build_auth_time": 0.000935307999999968,
        "login_time": 0.0023085040000000445,
        "acs_dispatch_time": 0.0040000579999999175,
        "finish_acs_dispatch_time": 0.02226588400000029
    },
    "t_user_13": {
        "redirect_time": 0.0032271139999999754,
        "build_auth_time": 0.0008805059999998921,
        "login_time": 0.0023262700000001857,
        "acs_dispatch_time": 0.004243248999999949,
        "finish_acs_dispatch_time": 0.018731472999999887
    },
    "t_user_14": {
        "redirect_time": 0.00323111900000006,
        "build_auth_time": 0.0009170739999999622,
        "login_time": 0.0022923740000000414,
        "acs_dispatch_time": 0.003407752000000208,
        "finish_acs_dispatch_time": 0.01777698300000008
    },
    "t_user_15": {
        "redirect_time": 0.003494362000000084,
        "build_auth_time": 0.001028582,
        "login_time": 0.002440352999999895,
        "acs_dispatch_time": 0.0037784110000007587,
        "finish_acs_dispatch_time": 0.01892698900000056
    },
    "t_user_16": {
        "redirect_time": 0.003161659999999955,
        "build_auth_time": 0.0009506870000000056,
        "login_time": 0.002188661000000147,
        "acs_dispatch_time": 0.003797347999999978,
        "finish_acs_dispatch_time": 0.018692739999999652
    },
    "t_user_17": {
        "redirect_time": 0.0031501179999999795,
        "build_auth_time": 0.0009134570000000064,
        "login_time": 0.0022145389999999043,
        "acs_dispatch_time": 0.003889721000000179,
        "finish_acs_dispatch_time": 0.017439372999999758
    },
    "t_user_18": {
        "redirect_time": 0.0034425350000000243,
        "build_auth_time": 0.001057006000000138,
        "login_time": 0.0023639679999998275,
        "acs_dispatch_time": 0.0036554930000001207,
        "finish_acs_dispatch_time": 0.017061734000000328
    },
    "t_user_19": {
        "redirect_time": 0.0031935610000000114,
        "build_auth_time": 0.0008596880000000251,
        "login_time": 0.00231621999999998,
        "acs_dispatch_time": 0.003261586999999899,
        "finish_acs_dispatch_time": 0.02221275399999989
    },
    "t_user_20": {
        "redirect_time": 0.0031941800000001574,
        "build_auth_time": 0.0009067150000001689,
        "login_time": 0.002257899999999813,
        "acs_dispatch_time": 0.003973085000000154,
        "finish_acs_dispatch_time": 0.0191591670000002
    },
    "t_user_21": {
        "redirect_time": 0.0033517069999999816,
        "build_auth_time": 0.0009924059999999457,
        "login_time": 0.0023382409999999076,
        "acs_dispatch_time": 0.005923643000000034,
        "finish_acs_dispatch_time": 0.021583952000000295
    },
    "t_user_22": {
        "redirect_time": 0.0031768000000000907,
        "build_auth_time": 0.0009123570000000303,
        "login_time": 0.0022319029999999795,
        "acs_dispatch_time": 0.003693465000000007,
        "finish_acs_dispatch_time": 0.018331707000000197
    },
    "t_user_23": {
        "redirect_time": 0.004176187000000109,
        "build_auth_time": 0.001507087000000018,
        "login_time": 0.0026404970000000194,
        "acs_dispatch_time": 0.004377672999999582,
        "finish_acs_dispatch_time": 0.018457009999999663
    },
    "t_user_24": {
        "redirect_time": 0.003205533999999899,
        "build_auth_time": 0.000982978999999995,
        "login_time": 0.0022016160000000173,
        "acs_dispatch_time": 0.004132616999999783,
        "finish_acs_dispatch_time": 0.0237773240000001
    },
    "t_user_25": {
        "redirect_time": 0.0032137079999998708,
        "build_auth_time": 0.0009354589999999163,
        "login_time": 0.0022587620000000808,
        "acs_dispatch_time": 0.0037855849999997027,
        "finish_acs_dispatch_time": 0.01811993299999992
    },
    "t_user_26": {
        "redirect_time": 0.003425773000000021,
        "build_auth_time": 0.0009491739999998305,
        "login_time": 0.0024538570000001148,
        "acs_dispatch_time": 0.004718930000000121,
        "finish_acs_dispatch_time": 0.017567216000000663
    },
    "t_user_27": {
        "redirect_time": 0.0032396860000001304,
        "build_auth_time": 0.0009184380000000214,
        "login_time": 0.0023006890000001334,
        "acs_dispatch_time": 0.004498520000000283,
        "finish_acs_dispatch_time": 0.017880927999999408
    },
    "t_user_29": {
        "redirect_time": 0.003290591000000065,
        "build_auth_time": 0.0009743119999998662,
        "login_time": 0.0022938760000001945,
        "acs_dispatch_time": 0.003982783999999739,
        "finish_acs_dispatch_time": 0.0200444209999997
    },
    "t_user_28": {
        "redirect_time": 0.0030551210000000495,
        "build_auth_time": 0.0008672109999998678,
        "login_time": 0.002170077000000159,
        "acs_dispatch_time": 0.0036707229999999313,
        "finish_acs_dispatch_time": 0.020068124000000243
    },