{
    "t_user_1": {
        "redirect_time": 0.003222314000000004,
        "build_auth_time": 0.0008700170000000007,
        "login_time": 0.002330115999999993,
        "acs_dispatch_time": 0.003299800000000186,
        "finish_acs_dispatch_time": 0.0168854740000004
    },
    "t_user_2": {
        "redirect_time": 0.0031322649999999674,
        "build_auth_time": 0.0008730009999999844,
        "login_time": 0.002240078000000034,
        "acs_dispatch_time": 0.0038534839999995185,
        "finish_acs_dispatch_time": 0.020885867999999697
    },
    "t_user_3": {
        "redirect_time": 0.0034912069999999407,
        "build_auth_time": 0.0009498270000000142,
        "login_time": 0.002519078999999924,
        "acs_dispatch_time": 0.003552352999999897,
        "finish_acs_dispatch_time": 0.017015648000000105
    },
    "t_user_4": {
        "redirect_time": 0.0036218609999999485,
        "build_auth_time": 0.0013897779999999527,
        "login_time": 0.0022121560000000207,
        "acs_dispatch_time": 0.0038242390000000626,
        "finish_acs_dispatch_time": 0.01736134399999978
    },
    "t_user_5": {
        "redirect_time": 0.0035725389999999857,
        "build_auth_time": 0.0009502160000000037,
        "login_time": 0.002601493999999982,
        "acs_dispatch_time": 0.003881813000000456,
        "finish_acs_dispatch_time": 0.02018580599999975
    },
    "t_user_6": {
        "redirect_time": 0.003254794000000061,
        "build_auth_time": 0.0009188780000000119,
        "login_time": 0.0023159390000000446,
        "acs_dispatch_time": 0.003701049000000012,
        "finish_acs_dispatch_time": 0.01913717100000012
    },
    "t_user_7": {
        "redirect_time": 0.003184230999999982,
        "build_auth_time": 0.0009390750000000114,
        "login_time": 0.0022232150000000006,
        "acs_dispatch_time": 0.0036721849999996614,
        "finish_acs_dispatch_time": 0.020992956000000174
    },
    "t_user_8": {
        "redirect_time": 0.003219937000000006,
        "build_auth_time": 0.0009054819999999575,
        "login_time": 0.0022908710000000276,
        "acs_dispatch_time": 0.004506432999999976,
        "finish_acs_dispatch_time": 0.018025694999999953
    },
    "t_user_9": {
        "redirect_time": 0.0032504840000000534,
        "build_auth_time": 0.000975663000000071,
        "login_time": 0.002243813999999955,
        "acs_dispatch_time": 0.0039042249999998724,
        "finish_acs_dispatch_time": 0.01938488100000013
    },
    "t_user_10": {
        "redirect_time": 0.003158974999999953,
        "build_auth_time": 0.0008892419999999568,
        "login_time": 0.00224808200000004,
        "acs_dispatch_time": 0.007689070000000076,
        "finish_acs_dispatch_time": 0.018161917000000027
    },
    "t_user_11": {
        "redirect_time": 0.00378155899999999,
        "build_auth_time": 0.001509060000000062,
        "login_time": 0.0022533229999999183,
        "acs_dispatch_time": 0.0029854079999998007,
        "finish_acs_dispatch_time": 0.01683144400000014
    },
    "t_user_12": {
        "redirect_time": 0.0031388679999999614,
        "build_auth_time": 0.0008750459999999904,
        "login_time": 0.002243082999999979,
        "acs_dispatch_time": 0.00438992799999971,
        "finish_acs_dispatch_time": 0.018318843999999945
    },
    "t_user_14": {
        "redirect_time": 0.0034018390000001286,
        "build_auth_time": 0.0009763550000001509,
        "login_time": 0.0024048159999998653,
        "acs_dispatch_time": 0.003935495999999539,
        "finish_acs_dispatch_time": 0.018408953000000672
    },
    "t_user_13": {
        "redirect_time": 0.002999618999999898,
        "build_auth_time": 0.0008277779999998902,
        "login_time": 0.00214408899999996,
        "acs_dispatch_time": 0.0036304180000001907,
        "finish_acs_dispatch_time": 0.019400660000000514
    },
    "t_user_15": {
        "redirect_time": 0.0034758560000001104,
        "build_auth_time": 0.0011300910000000552,
        "login_time": 0.0023252059999998576,
        "acs_dispatch_time": 0.0037512690000003346,
        "finish_acs_dispatch_time": 0.018276862000000005
    },
    "t_user_16": {
        "redirect_time": 0.0033913599999999544,
        "build_auth_time": 0.0010177030000000364,
        "login_time": 0.0023401450000000157,
        "acs_dispatch_time": 0.0038119860000001005,
        "finish_acs_dispatch_time": 0.019022596999999752
    },
    "t_user_17": {
        "redirect_time": 0.003313784000000153,
        "build_auth_time": 0.0009442749999999389,
        "login_time": 0.0023276610000000364,
        "acs_dispatch_time": 0.00402699599999945,
        "finish_acs_dispatch_time": 0.01964067100000033
    },
    "t_user_18": {
        "redirect_time": 0.003206123000000005,
        "build_auth_time": 0.0008885509999998487,
        "login_time": 0.0022977250000000282,
        "acs_dispatch_time": 0.003984092999999689,
        "finish_acs_dispatch_time": 0.01840429499999985
    },
    "t_user_19": {
        "redirect_time": 0.003058435000000026,
        "build_auth_time": 0.0008360020000000024,
        "login_time": 0.002202577000000039,
        "acs_dispatch_time": 0.003616944000000011,
        "finish_acs_dispatch_time": 0.01878445899999992
    },
    "t_user_20": {
        "redirect_time": 0.003105804999999906,
        "build_auth_time": 0.0008765479999999215,
        "login_time": 0.0022065350000000095,
        "acs_dispatch_time": 0.004149308000000129,
        "finish_acs_dispatch_time": 0.05004381999999996
    },
    "t_user_21": {
        "redirect_time": 0.003247180000000016,
        "build_auth_time": 0.0009098199999999501,
        "login_time": 0.002314898000000065,
        "acs_dispatch_time": 0.004078722000000035,
        "finish_acs_dispatch_time": 0.01962626499999942
    },
    "t_user_22": {
        "redirect_time": 0.003089667000000018,
        "build_auth_time": 0.0008975589999999922,
        "login_time": 0.002173442999999997,
        "acs_dispatch_time": 0.0035361690000002,
        "finish_acs_dispatch_time": 0.017349587
    },
    "t_user_23": {
        "redirect_time": 0.0038863250000000793,
        "build_auth_time": 0.0015309130000000781,
        "login_time": 0.0023340720000000204,
        "acs_dispatch_time": 0.003697591999999972,
        "finish_acs_dispatch_time": 0.0190740749999998
    },
    "t_user_24": {
        "redirect_time": 0.003189439999999877,
        "build_auth_time": 0.0009302789999998673,
        "login_time": 0.0022411079999999917,
        "acs_dispatch_time": 0.0037055459999999485,
        "finish_acs_dispatch_time": 0.01732244699999974
    },
    "t_user_25": {
        "redirect_time": 0.003191455999999926,
        "build_auth_time": 0.0009026459999998959,
        "login_time": 0.002271437999999959,
        "acs_dispatch_time": 0.0038029070000007437,
        "finish_acs_dispatch_time": 0.018813394000000372
    },
    "t_user_26": {
        "redirect_time": 0.003287115000000007,
        "build_auth_time": 0.0009554649999998777,
        "login_time": 0.002312253000000153,
        "acs_dispatch_time": 0.0037629439999999903,
        "finish_acs_dispatch_time": 0.017102620999999374
    },
    "t_user_27": {
        "redirect_time": 0.003506795999999923,
        "build_auth_time": 0.0010880439999998437,
        "login_time": 0.0023955380000000304,
        "acs_dispatch_time": 0.0035883290000002788,
        "finish_acs_dispatch_time": 0.017650065999999853
    },
    "t_user_28": {
        "redirect_time": 0.0035089280000000223,
        "build_auth_time": 0.001126815999999975,
        "login_time": 0.0023501730000001775,
        "acs_dispatch_time": 0.003728109999999951,
        "finish_acs_dispatch_time": 0.02314888100000001
    },
    "t_user_30": {
        "redirect_time": 0.0031350700000001286,
        "build_auth_time": 0.000888941000000143,
        "login_time": 0.0022266220000000114,
        "acs_dispatch_time": 0.003654159999999962,
        "finish_acs_dispatch_time": 0.017017350000000597
    },