{
    "t_user_1": {
        "redirect_time": 0.00334460200000003,
        "build_auth_time": 0.0009467100000000173,
        "login_time": 0.0023662729999999743,
        "acs_dispatch_time": 0.003484455000000608,
        "finish_acs_dispatch_time": 0.019447924000000505
    },
    "t_user_2": {
        "redirect_time": 0.003129389000000038,
        "build_auth_time": 0.0009033780000000657,
        "login_time": 0.0022064549999999405,
        "acs_dispatch_time": 0.0035005440000004384,
        "finish_acs_dispatch_time": 0.019528722999999637
    },
    "t_user_3": {
        "redirect_time": 0.0037902160000000684,
        "build_auth_time": 0.0014719619999999933,
        "login_time": 0.0022962830000000656,
        "acs_dispatch_time": 0.004190442999999711,
        "finish_acs_dispatch_time": 0.02095319100000026
    },
    "t_user_4": {
        "redirect_time": 0.003234446000000002,
        "build_auth_time": 0.0009365110000000287,
        "login_time": 0.00227791799999999,
        "acs_dispatch_time": 0.0039061729999998462,
        "finish_acs_dispatch_time": 0.01968838400000017
    },
    "t_user_5": {
        "redirect_time": 0.0033471170000000106,
        "build_auth_time": 0.00101465700000003,
        "login_time": 0.0023089560000000287,
        "acs_dispatch_time": 0.003680080999999724,
        "finish_acs_dispatch_time": 0.01835986399999978
    },
    "t_user_6": {
        "redirect_time": 0.0034067870000000777,
        "build_auth_time": 0.000999768000000012,
        "login_time": 0.0023788570000000675,
        "acs_dispatch_time": 0.003621691999999843,
        "finish_acs_dispatch_time": 0.01922529599999967
    },
    "t_user_7": {
        "redirect_time": 0.003441402999999954,
        "build_auth_time": 0.0009813559999999333,
        "login_time": 0.002415695000000051,
        "acs_dispatch_time": 0.0037365620000002764,
        "finish_acs_dispatch_time": 0.01881551999999953
    },
    "t_user_8": {
        "redirect_time": 0.003188371000000023,
        "build_auth_time": 0.0009229760000000198,
        "login_time": 0.0022463099999999736,
        "acs_dispatch_time": 0.0038075360000000558,
        "finish_acs_dispatch_time": 0.019532605000000203
    },
    "t_user_9": {
        "redirect_time": 0.003452884999999961,
        "build_auth_time": 0.0009317520000000634,
        "login_time": 0.002490816000000007,
        "acs_dispatch_time": 0.003109621000000118,
        "finish_acs_dispatch_time": 0.01789671699999973
    },
    "t_user_10": {
        "redirect_time": 0.0032451159999999923,
        "build_auth_time": 0.0009610359999999707,
        "login_time": 0.0022634610000000777,
        "acs_dispatch_time": 0.004147906999999229,
        "finish_acs_dispatch_time": 0.019157642000000585
    },
    "t_user_11": {
        "redirect_time": 0.0032769750000000153,
        "build_auth_time": 0.000950757999999996,
        "login_time": 0.002298304999999945,
        "acs_dispatch_time": 0.004172721999999851,
        "finish_acs_dispatch_time": 0.022471393999999645
    },
    "t_user_12": {
        "redirect_time": 0.003292121999999953,
        "build_auth_time": 0.0009739500000000012,
        "login_time": 0.0022994370000000153,
        "acs_dispatch_time": 0.004159446000000067,
        "finish_acs_dispatch_time": 0.017864386000000287
    },
    "t_user_13": {
        "redirect_time": 0.0033834139999999735,
        "build_auth_time": 0.0009971229999998776,
        "login_time": 0.0023585489999999876,
        "acs_dispatch_time": 0.0039741070000003376,
        "finish_acs_dispatch_time": 0.01863693899999941
    },
    "t_user_14": {
        "redirect_time": 0.0033116199999998486,
        "build_auth_time": 0.0009602140000000148,
        "login_time": 0.0023289339999998937,
        "acs_dispatch_time": 0.0037870509999997637,
        "finish_acs_dispatch_time": 0.01907275200000047
    },
    "t_user_15": {
        "redirect_time": 0.0032603550000001036,
        "build_auth_time": 0.0009384340000000435,
        "login_time": 0.002301953999999995,
        "acs_dispatch_time": 0.0037345390000007583,
        "finish_acs_dispatch_time": 0.01743476399999988
    },
    "t_user_16": {
        "redirect_time": 0.0032127249999998053,
        "build_auth_time": 0.0009334659999999939,
        "login_time": 0.0022566369999998948,
        "acs_dispatch_time": 0.003906221000000265,
        "finish_acs_dispatch_time": 0.017732865000000153
    },
    "t_user_17": {
        "redirect_time": 0.003490173999999957,
        "build_auth_time": 0.0009249700000000249,
        "login_time": 0.002519708999999981,
        "acs_dispatch_time": 0.004221160000000168,
        "finish_acs_dispatch_time": 0.018865552000000285
    },
    "t_user_18": {
        "redirect_time": 0.0032505749999998113,
        "build_auth_time": 0.0009662749999999054,
        "login_time": 0.002266416999999965,
        "acs_dispatch_time": 0.0035797909999999433,
        "finish_acs_dispatch_time": 0.01793087999999976
    },
    "t_user_19": {
        "redirect_time": 0.0038697840000001538,
        "build_auth_time": 0.0015945710000000446,
        "login_time": 0.0022552660000001445,
        "acs_dispatch_time": 0.004163082999999901,
        "finish_acs_dispatch_time": 0.020581648999999924
    },
    "t_user_20": {
        "redirect_time": 0.003535600999999833,
        "build_auth_time": 0.0009334269999998757,
        "login_time": 0.0025804640000000045,
        "acs_dispatch_time": 0.004441184000000042,
        "finish_acs_dispatch_time": 0.021175082000000067
    },
    "t_user_21": {
        "redirect_time": 0.0033069910000000924,
        "build_auth_time": 0.0009125150000000026,
        "login_time": 0.0023655720000002045,
        "acs_dispatch_time": 0.003746022000000071,
        "finish_acs_dispatch_time": 0.017927028999999983
    },
    "t_user_22": {
        "redirect_time": 0.003103018000000013,
        "build_auth_time": 0.0008745240000000987,
        "login_time": 0.0022079459999999607,
        "acs_dispatch_time": 0.003716860000000821,
        "finish_acs_dispatch_time": 0.021259177999999324
    },
    "t_user_23": {
        "redirect_time": 0.0030847970000000835,
        "build_auth_time": 0.0008635350000001374,
        "login_time": 0.0022026869999998144,
        "acs_dispatch_time": 0.0034552990000000783,
        "finish_acs_dispatch_time": 0.01807638200000028
    },
    "t_user_24": {
        "redirect_time": 0.003106607999999955,
        "build_auth_time": 0.0008869479999999985,
        "login_time": 0.0021977989999999448,
        "acs_dispatch_time": 0.003880172000000126,
        "finish_acs_dispatch_time": 0.01868914900000007
    },
    "t_user_25": {
        "redirect_time": 0.003196263000000199,
        "build_auth_time": 0.0008878700000001238,
        "login_time": 0.002284538000000058,
        "acs_dispatch_time": 0.0034061580000006586,
        "finish_acs_dispatch_time": 0.018660549999999887
    },
    "t_user_26": {
        "redirect_time": 0.0032853440000000234,
        "build_auth_time": 0.0008993609999998764,
        "login_time": 0.002367098000000123,
        "acs_dispatch_time": 0.004382590999999714,
        "finish_acs_dispatch_time": 0.02122991599999935
    },
    "t_user_27": {
        "redirect_time": 0.0032019759999999398,
        "build_auth_time": 0.0009010750000000289,
        "login_time": 0.0022802319999999376,
        "acs_dispatch_time": 0.003879362000000164,
        "finish_acs_dispatch_time": 0.01998703699999993
    },
    "t_user_28": {
        "redirect_time": 0.003022099000000056,
        "build_auth_time": 0.000839137999999906,
        "login_time": 0.002167020999999991,
        "acs_dispatch_time": 0.0036761920000003556,
        "finish_acs_dispatch_time": 0.021937031999999412
    },
    "t_user_29": {
        "redirect_time": 0.0035790700000000175,
        "build_auth_time": 0.0011915489999998474,
        "login_time": 0.0023645480000000774,
        "acs_dispatch_time": 0.00357505500000066,
        "finish_acs_dispatch_time": 0.01854174000000075
    },