{
    "t_user_1": {
        "redirect_time": 0.003415726000000008,
        "build_auth_time": 0.0008285980000000137,
        "login_time": 0.002565686999999983,
        "acs_dispatch_time": 0.002956064000000036,
        "finish_acs_dispatch_time": 0.018094945999999945
    },
    "t_user_2": {
        "redirect_time": 0.003086630999999951,
        "build_auth_time": 0.0008723010000000198,
        "login_time": 0.0021947839999999497,
        "acs_dispatch_time": 0.0033293970000000117,
        "finish_acs_dispatch_time": 0.016972133999999972
    },
    "t_user_3": {
        "redirect_time": 0.003672515999999959,
        "build_auth_time": 0.0013954589999999323,
        "login_time": 0.0022557069999999957,
        "acs_dispatch_time": 0.0040850969999999265,
        "finish_acs_dispatch_time": 0.020553212000000043
    },
    "t_user_4": {
        "redirect_time": 0.003249855000000079,
        "build_auth_time": 0.0008313340000000169,
        "login_time": 0.0023989340000000192,
        "acs_dispatch_time": 0.0029875579999999458,
        "finish_acs_dispatch_time": 0.01708373799999996
    },
    "t_user_5": {
        "redirect_time": 0.003159896999999967,
        "build_auth_time": 0.0008885509999999597,
        "login_time": 0.0022428129999999546,
        "acs_dispatch_time": 0.003050003999999995,
        "finish_acs_dispatch_time": 0.017595414000000087
    },
    "t_user_6": {
        "redirect_time": 0.003164915000000046,
        "build_auth_time": 0.0008780310000000568,
        "login_time": 0.0022593629999999587,
        "acs_dispatch_time": 0.0032965030000000617,
        "finish_acs_dispatch_time": 0.016076213999999922
    },
    "t_user_7": {
        "redirect_time": 0.0030116609999999433,
        "build_auth_time": 0.0008436379999999799,
        "login_time": 0.002146442000000026,
        "acs_dispatch_time": 0.0033025749999999743,
        "finish_acs_dispatch_time": 0.017152848999999915
    },
    "t_user_8": {
        "redirect_time": 0.0032191969999999515,
        "build_auth_time": 0.000880235000000118,
        "login_time": 0.0023177930000000124,
        "acs_dispatch_time": 0.0035606150000000447,
        "finish_acs_dispatch_time": 0.017492467999999928
    },
    "t_user_9": {
        "redirect_time": 0.003133567000000115,
        "build_auth_time": 0.0008468030000001736,
        "login_time": 0.002268158999999992,
        "acs_dispatch_time": 0.0035959199999999747,
        "finish_acs_dispatch_time": 0.017078260000000123
    },
    "t_user_10": {
        "redirect_time": 0.0031965550000001564,
        "build_auth_time": 0.0008656270000000355,
        "login_time": 0.0023074140000001186,
        "acs_dispatch_time": 0.0032503999999999866,
        "finish_acs_dispatch_time": 0.01858308799999997
    },
    "t_user_11": {
        "redirect_time": 0.0031105049999999856,
        "build_auth_time": 0.000883033000000033,
        "login_time": 0.0022060420000000747,
        "acs_dispatch_time": 0.0033951569999999265,
        "finish_acs_dispatch_time": 0.017096471999999974
    },
    "t_user_12": {
        "redirect_time": 0.0032575499999998314,
        "build_auth_time": 0.0009221529999998701,
        "login_time": 0.002311202000000012,
        "acs_dispatch_time": 0.003430803999999954,
        "finish_acs_dispatch_time": 0.015702676999999943
    },
    "t_user_14": {
        "redirect_time": 0.0031422020000000384,
        "build_auth_time": 0.0008491780000001725,
        "login_time": 0.0022709729999998984,
        "acs_dispatch_time": 0.0036128050000001632,
        "finish_acs_dispatch_time": 0.018508377000000076
    },
    "t_user_13": {
        "redirect_time": 0.0034842639999999037,
        "build_auth_time": 0.000831394999999846,
        "login_time": 0.0026323809999999614,
        "acs_dispatch_time": 0.0037913590000000497,
        "finish_acs_dispatch_time": 0.018285652999999957
    },
    "t_user_15": {
        "redirect_time": 0.0030930620000000353,
        "build_auth_time": 0.0008596969999996595,
        "login_time": 0.002211854000000013,
        "acs_dispatch_time": 0.003638861999999854,
        "finish_acs_dispatch_time": 0.01760094599999995
    },
    "t_user_16": {
        "redirect_time": 0.003067945000000183,
        "build_auth_time": 0.0008415440000000274,
        "login_time": 0.0022054520000001077,
        "acs_dispatch_time": 0.003291031999999916,
        "finish_acs_dispatch_time": 0.016273485000000143
    },
    "t_user_17": {
        "redirect_time": 0.0032738390000002227,
        "build_auth_time": 0.0008897629999999879,
        "login_time": 0.0023592190000001345,
        "acs_dispatch_time": 0.003153615999999637,
        "finish_acs_dispatch_time": 0.016302943999999986
    },
    "t_user_18": {
        "redirect_time": 0.00306484600000001,
        "build_auth_time": 0.000842856000000225,
        "login_time": 0.0022001989999997917,
        "acs_dispatch_time": 0.003491798999999851,
        "finish_acs_dispatch_time": 0.016885615000000076
    },
    "t_user_19": {
        "redirect_time": 0.0029880360000000827,
        "build_auth_time": 0.0008226780000000211,
        "login_time": 0.0021459020000000883,
        "acs_dispatch_time": 0.0036490220000002793,
        "finish_acs_dispatch_time": 0.016404232999999824
    },
    "t_user_20": {
        "redirect_time": 0.0031499780000001643,
        "build_auth_time": 0.0008919270000000701,
        "login_time": 0.00223466700000019,
        "acs_dispatch_time": 0.003575903999999852,
        "finish_acs_dispatch_time": 0.017076754000000083
    },
    "t_user_21": {
        "redirect_time": 0.0030628159999999127,
        "build_auth_time": 0.0008528640000000642,
        "login_time": 0.0021891019999999983,
        "acs_dispatch_time": 0.003471006999999915,
        "finish_acs_dispatch_time": 0.016925861999999903
    },
    "t_user_22": {
        "redirect_time": 0.0031118880000002846,
        "build_auth_time": 0.000852474000000214,
        "login_time": 0.002237952999999848,
        "acs_dispatch_time": 0.003510160000000262,
        "finish_acs_dispatch_time": 0.01801543799999994
    },
    "t_user_23": {
        "redirect_time": 0.0031289100000000403,
        "build_auth_time": 0.000867412999999928,
        "login_time": 0.002237291000000141,
        "acs_dispatch_time": 0.003615459000000154,
        "finish_acs_dispatch_time": 0.01625356499999997
    },
    "t_user_24": {
        "redirect_time": 0.0033688650000001097,
        "build_auth_time": 0.0008673809999999449,
        "login_time": 0.0024787919999997854,
        "acs_dispatch_time": 0.0033668140000000513,
        "finish_acs_dispatch_time": 0.01744016600000009
    },
    "t_user_25": {
        "redirect_time": 0.0030550909999997877,
        "build_auth_time": 0.0008622319999997963,
        "login_time": 0.002171680000000009,
        "acs_dispatch_time": 0.0034180200000002436,
        "finish_acs_dispatch_time": 0.01711146699999988
    },
    "t_user_26": {
        "redirect_time": 0.0031170579999999504,
        "build_auth_time": 0.0008642870000001857,
        "login_time": 0.0022317009999999193,
        "acs_dispatch_time": 0.0033890040000001953,
        "finish_acs_dispatch_time": 0.015792326000000134
    },
    "t_user_27": {
        "redirect_time": 0.0032202719999996354,
        "build_auth_time": 0.0009518009999998078,
        "login_time": 0.002240447999999784,
        "acs_dispatch_time": 0.0032368939999996016,
        "finish_acs_dispatch_time": 0.015269830000000262
    },
    "t_user_28": {
        "redirect_time": 0.0030744879999997643,
        "build_auth_time": 0.0008486959999998156,
        "login_time": 0.0022039209999999976,
        "acs_dispatch_time": 0.0029966190000001447,
        "finish_acs_dispatch_time": 0.01812352500000003
    },
    "t_user_29": {
        "redirect_time": 0.0031816949999998734,
        "build_auth_time": 0.0008564799999999373,
        "login_time": 0.0023034549999998433,
        "acs_dispatch_time": 0.0035191430000001134,