{
    "t_user_1": {
        "redirect_time": 0.0032593530000000204,
        "build_auth_time": 0.0008931500000000092,
        "login_time": 0.002342769999999994,
        "acs_dispatch_time": 0.002831413000000005,
        "finish_acs_dispatch_time": 0.017131489000000055
    },
    "t_user_2": {
        "redirect_time": 0.00313613299999993,
        "build_auth_time": 0.000865577999999978,
        "login_time": 0.0022396070000000323,
        "acs_dispatch_time": 0.0026780250000000283,
        "finish_acs_dispatch_time": 0.018787989000000005
    },
    "t_user_3": {
        "redirect_time": 0.0034768290000000146,
        "build_auth_time": 0.0013197579999999487,
        "login_time": 0.002136852999999994,
        "acs_dispatch_time": 0.004723324999999945,
        "finish_acs_dispatch_time": 0.019853569000000015
    },
    "t_user_4": {
        "redirect_time": 0.0030948140000000013,
        "build_auth_time": 0.0008816080000000337,
        "login_time": 0.0021922279999999628,
        "acs_dispatch_time": 0.0033698290000000464,
        "finish_acs_dispatch_time": 0.016895201000000082
    },
    "t_user_5": {
        "redirect_time": 0.003135688000000081,
        "build_auth_time": 0.0008863460000000378,
        "login_time": 0.002224765999999989,
        "acs_dispatch_time": 0.0035112760000000076,
        "finish_acs_dispatch_time": 0.017293430999999915
    },
    "t_user_6": {
        "redirect_time": 0.003047585999999991,
        "build_auth_time": 0.0008465719999999344,
        "login_time": 0.0021805660000000504,
        "acs_dispatch_time": 0.002926246999999993,
        "finish_acs_dispatch_time": 0.016485050999999973
    },
    "t_user_7": {
        "redirect_time": 0.0030683149999999326,
        "build_auth_time": 0.0008826299999999954,
        "login_time": 0.002161569999999946,
        "acs_dispatch_time": 0.0030171809999999244,
        "finish_acs_dispatch_time": 0.015745386999999944
    },
    "t_user_8": {
        "redirect_time": 0.0033029140000000456,
        "build_auth_time": 0.0010117800000000177,
        "login_time": 0.002267149000000024,
        "acs_dispatch_time": 0.0030217990000001027,
        "finish_acs_dispatch_time": 0.016268613000000043
    },
    "t_user_9": {
        "redirect_time": 0.003009135999999968,
        "build_auth_time": 0.0008184809999998155,
        "login_time": 0.0021723410000000776,
        "acs_dispatch_time": 0.0033508229999998917,
        "finish_acs_dispatch_time": 0.018583261999999934
    },
    "t_user_10": {
        "redirect_time": 0.0030452930000000045,
        "build_auth_time": 0.0008646169999999564,
        "login_time": 0.0021613289999999896,
        "acs_dispatch_time": 0.003190068999999962,
        "finish_acs_dispatch_time": 0.016664652000000002
    },
    "t_user_11": {
        "redirect_time": 0.0032316310000000126,
        "build_auth_time": 0.0009154309999999111,
        "login_time": 0.0022836090000000198,
        "acs_dispatch_time": 0.0035917250000001566,
        "finish_acs_dispatch_time": 0.016398061000000075
    },
    "t_user_12": {
        "redirect_time": 0.0030909180000000536,
        "build_auth_time": 0.0008903840000000773,
        "login_time": 0.0021818289999999685,
        "acs_dispatch_time": 0.0036467259999999335,
        "finish_acs_dispatch_time": 0.01859906499999986
    },
    "t_user_13": {
        "redirect_time": 0.0029574600000001894,
        "build_auth_time": 0.000809614000000014,
        "login_time": 0.002129292000000005,
        "acs_dispatch_time": 0.0040263529999999825,
        "finish_acs_dispatch_time": 0.017601841999999923
    },
    "t_user_14": {
        "redirect_time": 0.0028773610000001337,
        "build_auth_time": 0.0008289310000000327,
        "login_time": 0.002033933000000099,
        "acs_dispatch_time": 0.0038236280000001344,
        "finish_acs_dispatch_time": 0.01620313200000001
    },
    "t_user_15": {
        "redirect_time": 0.003135691000000218,
        "build_auth_time": 0.0008794540000001128,
        "login_time": 0.0022360589999999014,
        "acs_dispatch_time": 0.003437766000000231,
        "finish_acs_dispatch_time": 0.016100449000000072
    },
    "t_user_16": {
        "redirect_time": 0.0030767789999996964,
        "build_auth_time": 0.0008597769999996174,
        "login_time": 0.002197596000000246,
        "acs_dispatch_time": 0.0039458250000001804,
        "finish_acs_dispatch_time": 0.018364473000000103
    },
    "t_user_17": {
        "redirect_time": 0.0031607899999999134,
        "build_auth_time": 0.000913940000000224,
        "login_time": 0.0022278849999999295,
        "acs_dispatch_time": 0.0031027220000003908,
        "finish_acs_dispatch_time": 0.015823054999999808
    },
    "t_user_18": {
        "redirect_time": 0.0030699589999998445,
        "build_auth_time": 0.0008593979999997892,
        "login_time": 0.002190273000000076,
        "acs_dispatch_time": 0.0034930869999998393,
        "finish_acs_dispatch_time": 0.016275376999999924
    },
    "t_user_19": {
        "redirect_time": 0.003044751000000012,
        "build_auth_time": 0.0008489069999999543,
        "login_time": 0.0021757370000003995,
        "acs_dispatch_time": 0.003472997999999894,
        "finish_acs_dispatch_time": 0.017068950000000083
    },
    "t_user_20": {
        "redirect_time": 0.0030898970000001746,
        "build_auth_time": 0.0008616520000002126,
        "login_time": 0.002206193000000134,
        "acs_dispatch_time": 0.002902673999999994,
        "finish_acs_dispatch_time": 0.017600363999999757
    },
    "t_user_21": {
        "redirect_time": 0.0030800359999996196,
        "build_auth_time": 0.0008535859999998507,
        "login_time": 0.00220512099999981,
        "acs_dispatch_time": 0.0033630159999997744,
        "finish_acs_dispatch_time": 0.016711861000000106
    },
    "t_user_22": {
        "redirect_time": 0.003126384000000204,
        "build_auth_time": 0.000902968000000115,
        "login_time": 0.002201985999999767,
        "acs_dispatch_time": 0.0034592769999997053,
        "finish_acs_dispatch_time": 0.01804207900000021
    },
    "t_user_23": {
        "redirect_time": 0.0031252639999999055,
        "build_auth_time": 0.0008761979999998282,
        "login_time": 0.0022282570000000668,
        "acs_dispatch_time": 0.003329206999999723,
        "finish_acs_dispatch_time": 0.017627947999999893
    },
    "t_user_24": {
        "redirect_time": 0.003166600999999769,
        "build_auth_time": 0.0009105419999997366,
        "login_time": 0.0022330260000003044,
        "acs_dispatch_time": 0.003645805000000113,
        "finish_acs_dispatch_time": 0.01943467599999993
    },
    "t_user_25": {
        "redirect_time": 0.0030939230000002205,
        "build_auth_time": 0.0009051320000001972,
        "login_time": 0.0021668999999997496,
        "acs_dispatch_time": 0.0032948890000001896,
        "finish_acs_dispatch_time": 0.016869379999999712
    },
    "t_user_26": {
        "redirect_time": 0.003107767000000372,
        "build_auth_time": 0.0008658980000002536,
        "login_time": 0.0022221519999998662,
        "acs_dispatch_time": 0.004404941999999856,
        "finish_acs_dispatch_time": 0.020577480000000037
    },
    "t_user_27": {
        "redirect_time": 0.002997451000000151,
        "build_auth_time": 0.0008270960000000827,
        "login_time": 0.002152462000000188,
        "acs_dispatch_time": 0.0036223419999998896,
        "finish_acs_dispatch_time": 0.018335383999999788
    },
    "t_user_28": {
        "redirect_time": 0.0029863709999999877,
        "build_auth_time": 0.0008329170000003217,
        "login_time": 0.002133786999999998,
        "acs_dispatch_time": 0.0035749470000001615,
        "finish_acs_dispatch_time": 0.0170140889999999
    },
    "t_user_29": {
        "redirect_time": 0.0033489009999998487,
        "build_auth_time": 0.0009846309999996805,
        "login_time": 0.002340275000000336,
        "acs_dispatch_time": 0.0028898609999998826,