{
    "t_user_1": {
        "redirect_time": 0.00306424700000002,
        "build_auth_time": 0.0008600679999999916,
        "login_time": 0.0021828300000000245,
        "acs_dispatch_time": 0.0031589360000000566,
        "finish_acs_dispatch_time": 0.016385360999999987
    },
    "t_user_2": {
        "redirect_time": 0.003004346999999963,
        "build_auth_time": 0.0008054560000000377,
        "login_time": 0.0021776109999999127,
        "acs_dispatch_time": 0.002692223000000049,
        "finish_acs_dispatch_time": 0.016271324999999948
    },
    "t_user_3": {
        "redirect_time": 0.003079878999999952,
        "build_auth_time": 0.0008494289999999571,
        "login_time": 0.0022118349999999953,
        "acs_dispatch_time": 0.003786685000000012,
        "finish_acs_dispatch_time": 0.02043506499999992
    },
    "t_user_4": {
        "redirect_time": 0.0035755050000000344,
        "build_auth_time": 0.0013915310000000014,
        "login_time": 0.0021639760000000674,
        "acs_dispatch_time": 0.002938492999999931,
        "finish_acs_dispatch_time": 0.016331100000000043
    },
    "t_user_5": {
        "redirect_time": 0.00300500799999992,
        "build_auth_time": 0.0008509509999999887,
        "login_time": 0.002135111999999939,
        "acs_dispatch_time": 0.002954974999999971,
        "finish_acs_dispatch_time": 0.016849405000000095
    },
    "t_user_6": {
        "redirect_time": 0.0031675300000000295,
        "build_auth_time": 0.0008621410000000385,
        "login_time": 0.002282214999999921,
        "acs_dispatch_time": 0.0033051780000001862,
        "finish_acs_dispatch_time": 0.016405729000000147
    },
    "t_user_7": {
        "redirect_time": 0.0031854260000000467,
        "build_auth_time": 0.000909939999999998,
        "login_time": 0.002255397999999964,
        "acs_dispatch_time": 0.003579219999999994,
        "finish_acs_dispatch_time": 0.01569662599999999
    },
    "t_user_8": {
        "redirect_time": 0.0031234099999999376,
        "build_auth_time": 0.0008993619999999591,
        "login_time": 0.002203029000000023,
        "acs_dispatch_time": 0.003325961000000044,
        "finish_acs_dispatch_time": 0.016617809000000205
    },
    "t_user_9": {
        "redirect_time": 0.0031164249999999782,
        "build_auth_time": 0.0009110230000000108,
        "login_time": 0.0021846229999999967,
        "acs_dispatch_time": 0.003087151999999982,
        "finish_acs_dispatch_time": 0.01587503300000015
    },
    "t_user_10": {
        "redirect_time": 0.0033093250000000296,
        "build_auth_time": 0.0008407720000001007,
        "login_time": 0.002448675999999983,
        "acs_dispatch_time": 0.0032608359999999337,
        "finish_acs_dispatch_time": 0.016899416
    },
    "t_user_11": {
        "redirect_time": 0.003070028999999863,
        "build_auth_time": 0.0008754169999998229,
        "login_time": 0.0021746540000000536,
        "acs_dispatch_time": 0.0033886240000000623,
        "finish_acs_dispatch_time": 0.01708092700000008
    },
    "t_user_12": {
        "redirect_time": 0.003130171000000015,
        "build_auth_time": 0.0008766890000000416,
        "login_time": 0.0022316309999999007,
        "acs_dispatch_time": 0.0032721669999999925,
        "finish_acs_dispatch_time": 0.01634245000000001
    },
    "t_user_13": {
        "redirect_time": 0.0030774119999998906,
        "build_auth_time": 0.0008529449999998828,
        "login_time": 0.0022040089999999513,
        "acs_dispatch_time": 0.003011161999999956,
        "finish_acs_dispatch_time": 0.01584715999999986
    },
    "t_user_14": {
        "redirect_time": 0.003070007999999902,
        "build_auth_time": 0.0008268949999998831,
        "login_time": 0.0022246990000001077,
        "acs_dispatch_time": 0.003276424999999916,
        "finish_acs_dispatch_time": 0.01619090599999984
    },
    "t_user_15": {
        "redirect_time": 0.003135513000000145,
        "build_auth_time": 0.0008767100000000028,
        "login_time": 0.002238685000000018,
        "acs_dispatch_time": 0.003570561000000083,
        "finish_acs_dispatch_time": 0.01685307199999997
    },
    "t_user_16": {
        "redirect_time": 0.0030132419999997495,
        "build_auth_time": 0.0008370339999999032,
        "login_time": 0.00215743299999982,
        "acs_dispatch_time": 0.0033289879999998107,
        "finish_acs_dispatch_time": 0.01668329799999979
    },
    "t_user_17": {
        "redirect_time": 0.003125683000000379,
        "build_auth_time": 0.0008939110000003581,
        "login_time": 0.0022059439999999597,
        "acs_dispatch_time": 0.0034111390000002295,
        "finish_acs_dispatch_time": 0.01699160299999969
    },
    "t_user_18": {
        "redirect_time": 0.00307219099999978,
        "build_auth_time": 0.0008606079999999849,
        "login_time": 0.0021916669999999527,
        "acs_dispatch_time": 0.0035740750000003985,
        "finish_acs_dispatch_time": 0.018858094000000047
    },
    "t_user_19": {
        "redirect_time": 0.0033213300000003443,
        "build_auth_time": 0.0010166300000000739,
        "login_time": 0.002283080000000215,
        "acs_dispatch_time": 0.003187094000000279,
        "finish_acs_dispatch_time": 0.016708772999999955
    },
    "t_user_20": {
        "redirect_time": 0.00302348100000005,
        "build_auth_time": 0.00085915599999975,
        "login_time": 0.0021451990000000976,
        "acs_dispatch_time": 0.0033205949999999262,
        "finish_acs_dispatch_time": 0.017210386999999994
    },
    "t_user_21": {
        "redirect_time": 0.0031108739999998747,
        "build_auth_time": 0.0008523239999997934,
        "login_time": 0.002238772000000111,
        "acs_dispatch_time": 0.0034564929999998384,
        "finish_acs_dispatch_time": 0.01653606200000013
    },
    "t_user_22": {
        "redirect_time": 0.003087572000000094,
        "build_auth_time": 0.0008532350000001188,
        "login_time": 0.0022127469999997373,
        "acs_dispatch_time": 0.003448885000000068,
        "finish_acs_dispatch_time": 0.017827296000000104
    },
    "t_user_23": {
        "redirect_time": 0.003038297000000245,
        "build_auth_time": 0.0008556290000001354,
        "login_time": 0.0021619589999999356,
        "acs_dispatch_time": 0.003536980000000245,
        "finish_acs_dispatch_time": 0.017529457000000193
    },
    "t_user_24": {
        "redirect_time": 0.0031244199999997946,
        "build_auth_time": 0.0008465929999998956,
        "login_time": 0.002256556999999937,
        "acs_dispatch_time": 0.0035044339999998897,
        "finish_acs_dispatch_time": 0.017774204000000182
    },
    "t_user_25": {
        "redirect_time": 0.0030293509999999024,
        "build_auth_time": 0.0008447889999998459,
        "login_time": 0.002164052999999999,
        "acs_dispatch_time": 0.0034110960000002244,
        "finish_acs_dispatch_time": 0.016756951000000075
    },
    "t_user_26": {
        "redirect_time": 0.003172401000000047,
        "build_auth_time": 0.0009228349999998997,
        "login_time": 0.002228345999999881,
        "acs_dispatch_time": 0.003376241000000224,
        "finish_acs_dispatch_time": 0.01661421900000004
    },
    "t_user_27": {
        "redirect_time": 0.0031217559999996425,
        "build_auth_time": 0.0008636849999996699,
        "login_time": 0.0022342170000002604,
        "acs_dispatch_time": 0.0034560029999997077,
        "finish_acs_dispatch_time": 0.017048983000000018
    },
    "t_user_29": {
        "redirect_time": 0.003127082999999864,
        "build_auth_time": 0.0009102900000002023,
        "login_time": 0.0021963549999997056,
        "acs_dispatch_time": 0.003309545000000025,
        "finish_acs_dispatch_time": 0.01718590200000003
    },
    "t_user_28": {
        "redirect_time": 0.0034545670000003526,
        "build_auth_time": 0.0013187640000000833,
        "login_time": 0.002117378999999975,
        "acs_dispatch_time": 0.0033080050000000583,
        "finish_acs_dispatch_time": 0.017227593999999957
    },