{
    "t_user_1": {
        "redirect_time": 0.0031450670000000014,
        "build_auth_time": 0.0008666900000000033,
        "login_time": 0.002248220000000023,
        "acs_dispatch_time": 0.0026058399999999704,
        "finish_acs_dispatch_time": 0.01668973600000001
    },
    "t_user_2": {
        "redirect_time": 0.003376370999999989,
        "build_auth_time": 0.0010495119999999192,
        "login_time": 0.0023014420000000424,
        "acs_dispatch_time": 0.0038094330000000287,
        "finish_acs_dispatch_time": 0.022057489999999902
    },
    "t_user_3": {
        "redirect_time": 0.003695828000000012,
        "build_auth_time": 0.0013897969999999704,
        "login_time": 0.0022804929999999946,
        "acs_dispatch_time": 0.0042439420000000005,
        "finish_acs_dispatch_time": 0.016393961999999984
    },
    "t_user_4": {
        "redirect_time": 0.0031684720000000333,
        "build_auth_time": 0.0009296579999999999,
        "login_time": 0.002218496999999986,
        "acs_dispatch_time": 0.0024661480000000013,
        "finish_acs_dispatch_time": 0.0174959979999999
    },
    "t_user_5": {
        "redirect_time": 0.003043109000000044,
        "build_auth_time": 0.0008659779999999895,
        "login_time": 0.002156553000000061,
        "acs_dispatch_time": 0.004222052000000032,
        "finish_acs_dispatch_time": 0.015588056000000017
    },
    "t_user_6": {
        "redirect_time": 0.003131384000000015,
        "build_auth_time": 0.0008810080000000164,
        "login_time": 0.002230427999999951,
        "acs_dispatch_time": 0.003287303999999991,
        "finish_acs_dispatch_time": 0.017135973999999887
    },
    "t_user_7": {
        "redirect_time": 0.003042926999999973,
        "build_auth_time": 0.0008570409999999473,
        "login_time": 0.002164896999999999,
        "acs_dispatch_time": 0.002897679000000153,
        "finish_acs_dispatch_time": 0.017024629000000013
    },
    "t_user_8": {
        "redirect_time": 0.003158694999999989,
        "build_auth_time": 0.0009032979999999968,
        "login_time": 0.0022317830000000427,
        "acs_dispatch_time": 0.004242322999999937,
        "finish_acs_dispatch_time": 0.017922420000000105
    },
    "t_user_9": {
        "redirect_time": 0.003020266000000049,
        "build_auth_time": 0.0008524030000001126,
        "login_time": 0.0021485769999998183,
        "acs_dispatch_time": 0.003142754000000192,
        "finish_acs_dispatch_time": 0.020017042000000096
    },
    "t_user_10": {
        "redirect_time": 0.0032686589999999516,
        "build_auth_time": 0.0010177529999999546,
        "login_time": 0.0022314100000000447,
        "acs_dispatch_time": 0.003285559000000049,
        "finish_acs_dispatch_time": 0.017848469999999894
    },
    "t_user_11": {
        "redirect_time": 0.0032829659999999983,
        "build_auth_time": 0.000970045000000086,
        "login_time": 0.002290047999999878,
        "acs_dispatch_time": 0.0033469360000000226,
        "finish_acs_dispatch_time": 0.01828593700000014
    },
    "t_user_12": {
        "redirect_time": 0.0031047239999999476,
        "build_auth_time": 0.0008475039999999989,
        "login_time": 0.002236130000000003,
        "acs_dispatch_time": 0.003568910999999897,
        "finish_acs_dispatch_time": 0.016547332000000026
    },
    "t_user_14": {
        "redirect_time": 0.003146222000000032,
        "build_auth_time": 0.0009234869999998896,
        "login_time": 0.0022012959999999637,
        "acs_dispatch_time": 0.0030894439999999967,
        "finish_acs_dispatch_time": 0.0158957329999998
    },
    "t_user_13": {
        "redirect_time": 0.0032087499999999824,
        "build_auth_time": 0.0009381049999999114,
        "login_time": 0.0022485939999998816,
        "acs_dispatch_time": 0.0035902910000000787,
        "finish_acs_dispatch_time": 0.017156133000000073
    },
    "t_user_15": {
        "redirect_time": 0.003103652000000068,
        "build_auth_time": 0.0008536459999999302,
        "login_time": 0.0022286860000000352,
        "acs_dispatch_time": 0.0034778609999999155,
        "finish_acs_dispatch_time": 0.015771787999999898
    },
    "t_user_16": {
        "redirect_time": 0.00310441199999989,
        "build_auth_time": 0.0008606079999999849,
        "login_time": 0.002221612999999678,
        "acs_dispatch_time": 0.003481700000000032,
        "finish_acs_dispatch_time": 0.017278763000000197
    },
    "t_user_17": {
        "redirect_time": 0.003082771999999956,
        "build_auth_time": 0.0008724509999997743,
        "login_time": 0.002189262999999997,
        "acs_dispatch_time": 0.003398391999999806,
        "finish_acs_dispatch_time": 0.015526938000000268
    },
    "t_user_18": {
        "redirect_time": 0.0031788600000002276,
        "build_auth_time": 0.0008381450000003454,
        "login_time": 0.0023193049999998827,
        "acs_dispatch_time": 0.0031530040000000703,
        "finish_acs_dispatch_time": 0.015072197999999926
    },
    "t_user_19": {
        "redirect_time": 0.0030815099999998985,
        "build_auth_time": 0.0008472339999996414,
        "login_time": 0.0022135070000000034,
        "acs_dispatch_time": 0.00326319900000005,
        "finish_acs_dispatch_time": 0.015204793000000105
    },
    "t_user_20": {
        "redirect_time": 0.0030209279999997563,
        "build_auth_time": 0.0008369939999997023,
        "login_time": 0.0021631250000000435,
        "acs_dispatch_time": 0.004127183999999673,
        "finish_acs_dispatch_time": 0.01691808100000003
    },
    "t_user_21": {
        "redirect_time": 0.0031550479999999936,
        "build_auth_time": 0.0008924390000002447,
        "login_time": 0.002238282999999619,
        "acs_dispatch_time": 0.0034173399999999354,
        "finish_acs_dispatch_time": 0.01670339899999984
    },
    "t_user_22": {
        "redirect_time": 0.0031423720000001154,
        "build_auth_time": 0.0008508499999999586,
        "login_time": 0.002270663000000006,
        "acs_dispatch_time": 0.003050764999999789,
        "finish_acs_dispatch_time": 0.017266228999999633
    },
    "t_user_23": {
        "redirect_time": 0.0030833120000002268,
        "build_auth_time": 0.0008590950000000319,
        "login_time": 0.0022011640000001442,
        "acs_dispatch_time": 0.003887788000000114,
        "finish_acs_dispatch_time": 0.018664331999999728
    },
    "t_user_24": {
        "redirect_time": 0.003234326000000287,
        "build_auth_time": 0.0009001630000002869,
        "login_time": 0.002313504999999605,
        "acs_dispatch_time": 0.003228813000000219,
        "finish_acs_dispatch_time": 0.016747289
    },
    "t_user_25": {
        "redirect_time": 0.003076802000000267,
        "build_auth_time": 0.0008524840000001532,
        "login_time": 0.002204270000000008,
        "acs_dispatch_time": 0.003626231999999785,
        "finish_acs_dispatch_time": 0.017172469999999773
    },
    "t_user_26": {
        "redirect_time": 0.0031601970000001423,
        "build_auth_time": 0.0009322440000003596,
        "login_time": 0.0022070339999999966,
        "acs_dispatch_time": 0.003044931999999889,
        "finish_acs_dispatch_time": 0.016892579999999935
    },
    "t_user_28": {
        "redirect_time": 0.003004066999999999,
        "build_auth_time": 0.0008340900000001206,
        "login_time": 0.002150098999999628,
        "acs_dispatch_time": 0.003138416999999727,
        "finish_acs_dispatch_time": 0.01696620400000004
    },
    "t_user_27": {
        "redirect_time": 0.0032260090000000297,
        "build_auth_time": 0.0007830530000001446,
        "login_time": 0.0024243710000000362,
        "acs_dispatch_time": 0.0037918740000000284,
        "finish_acs_dispatch_time": 0.015484297000000424
    },
    "t_user_29": {
        "redirect_time": 0.003074537000000266,
        "build_auth_time": 0.0008475640000003004,
        "login_time": 0.0022044900000000034,
        "acs_dispatch_time": 0.002835306999999787,
        "finish_acs_dispatch_time": 0.01684398699999967
    },