{
    "t_user_1": {
        "redirect_time": 0.003050663000000009,
        "build_auth_time": 0.0008239609999999842,
        "login_time": 0.002205453000000024,
        "acs_dispatch_time": 0.003971704999999992,
        "finish_acs_dispatch_time": 0.019701685000000024
    },
    "t_user_2": {
        "redirect_time": 0.003080249000000035,
        "build_auth_time": 0.0008414030000000183,
        "login_time": 0.002217786999999971,
        "acs_dispatch_time": 0.0032608189999999704,
        "finish_acs_dispatch_time": 0.015645974000000007
    },
    "t_user_3": {
        "redirect_time": 0.0035143200000000707,
        "build_auth_time": 0.0013475390000000642,
        "login_time": 0.002148266999999926,
        "acs_dispatch_time": 0.0036338509999999102,
        "finish_acs_dispatch_time": 0.015591614000000087
    },
    "t_user_4": {
        "redirect_time": 0.003155390999999952,
        "build_auth_time": 0.0008423239999999499,
        "login_time": 0.002289081999999998,
        "acs_dispatch_time": 0.003065330999999949,
        "finish_acs_dispatch_time": 0.015149057999999993
    },
    "t_user_5": {
        "redirect_time": 0.003109681999999947,
        "build_auth_time": 0.0008666910000000305,
        "login_time": 0.0022222629999999466,
        "acs_dispatch_time": 0.002831342999999986,
        "finish_acs_dispatch_time": 0.015102467999999925
    },
    "t_user_6": {
        "redirect_time": 0.003138148999999979,
        "build_auth_time": 0.0009036999999999518,
        "login_time": 0.002213339000000092,
        "acs_dispatch_time": 0.0028827399999999948,
        "finish_acs_dispatch_time": 0.021470317999999988
    },
    "t_user_7": {
        "redirect_time": 0.0030868099999999954,
        "build_auth_time": 0.0008728510000000078,
        "login_time": 0.0021932599999999747,
        "acs_dispatch_time": 0.00288282899999992,
        "finish_acs_dispatch_time": 0.018806673999999912
    },
    "t_user_8": {
        "redirect_time": 0.003456302000000022,
        "build_auth_time": 0.0011236010000000851,
        "login_time": 0.002307784999999951,
        "acs_dispatch_time": 0.0038501459999999987,
        "finish_acs_dispatch_time": 0.018032609999999893
    },
    "t_user_9": {
        "redirect_time": 0.0031683310000001352,
        "build_auth_time": 0.0009103210000001027,
        "login_time": 0.0022343759999998714,
        "acs_dispatch_time": 0.0029667479999999635,
        "finish_acs_dispatch_time": 0.01600544199999998
    },
    "t_user_10": {
        "redirect_time": 0.0031130800000001013,
        "build_auth_time": 0.0008731619999999829,
        "login_time": 0.0022187190000000356,
        "acs_dispatch_time": 0.00363424999999995,
        "finish_acs_dispatch_time": 0.017052591000000117
    },
    "t_user_11": {
        "redirect_time": 0.0030252959999998996,
        "build_auth_time": 0.0008588869999999194,
        "login_time": 0.002145600000000192,
        "acs_dispatch_time": 0.0036029650000000135,
        "finish_acs_dispatch_time": 0.01682153800000008
    },
    "t_user_12": {
        "redirect_time": 0.0031105639999999823,
        "build_auth_time": 0.0009151789999999327,
        "login_time": 0.0021746259999999573,
        "acs_dispatch_time": 0.0032160119999999903,
        "finish_acs_dispatch_time": 0.016200349000000003
    },
    "t_user_13": {
        "redirect_time": 0.0030423569999999955,
        "build_auth_time": 0.0008604480000000692,
        "login_time": 0.002161120999999877,
        "acs_dispatch_time": 0.0034930389999998646,
        "finish_acs_dispatch_time": 0.01736476499999995
    },
    "t_user_14": {
        "redirect_time": 0.0031490060000001208,
        "build_auth_time": 0.0009019960000000715,
        "login_time": 0.0022230349999998733,
        "acs_dispatch_time": 0.003447945000000008,
        "finish_acs_dispatch_time": 0.017435144000000014
    },
    "t_user_15": {
        "redirect_time": 0.003106145999999921,
        "build_auth_time": 0.000909100000000107,
        "login_time": 0.0021737019999998886,
        "acs_dispatch_time": 0.0032429510000002715,
        "finish_acs_dispatch_time": 0.016211088000000373
    },
    "t_user_16": {
        "redirect_time": 0.003121825999999661,
        "build_auth_time": 0.0008870989999998358,
        "login_time": 0.0022129459999997714,
        "acs_dispatch_time": 0.0032503350000001596,
        "finish_acs_dispatch_time": 0.01692662399999989
    },
    "t_user_17": {
        "redirect_time": 0.003153175000000008,
        "build_auth_time": 0.0008952440000000728,
        "login_time": 0.0022375530000000587,
        "acs_dispatch_time": 0.0033795469999997607,
        "finish_acs_dispatch_time": 0.018101904000000335
    },
    "t_user_18": {
        "redirect_time": 0.00309694000000027,
        "build_auth_time": 0.0008496880000001816,
        "login_time": 0.002224951000000086,
        "acs_dispatch_time": 0.0036311390000003385,
        "finish_acs_dispatch_time": 0.0176251500000002
    },
    "t_user_19": {
        "redirect_time": 0.0030693079999997153,
        "build_auth_time": 0.0008552989999999205,
        "login_time": 0.002192007000000107,
        "acs_dispatch_time": 0.003304726000000091,
        "finish_acs_dispatch_time": 0.016672782999999747
    },
    "t_user_20": {
        "redirect_time": 0.0030971590000001825,
        "build_auth_time": 0.0008716990000001701,
        "login_time": 0.002205642999999924,
        "acs_dispatch_time": 0.00362614799999994,
        "finish_acs_dispatch_time": 0.017213255999999788
    },
    "t_user_21": {
        "redirect_time": 0.0030181009999998842,
        "build_auth_time": 0.0008495470000000616,
        "login_time": 0.002148215999999703,
        "acs_dispatch_time": 0.003814661999999913,
        "finish_acs_dispatch_time": 0.01610448799999986
    },
    "t_user_22": {
        "redirect_time": 0.003057816000000102,
        "build_auth_time": 0.0008580729999998482,
        "login_time": 0.0021797550000002275,
        "acs_dispatch_time": 0.0032186169999999237,
        "finish_acs_dispatch_time": 0.01599792599999983
    },
    "t_user_23": {
        "redirect_time": 0.0029964310000001326,
        "build_auth_time": 0.0008342790000002154,
        "login_time": 0.0021429660000000794,
        "acs_dispatch_time": 0.0030880650000000287,
        "finish_acs_dispatch_time": 0.01676493300000015
    },
    "t_user_24": {
        "redirect_time": 0.003085036999999957,
        "build_auth_time": 0.0008875189999999478,
        "login_time": 0.002177399999999885,
        "acs_dispatch_time": 0.0035223669999999707,
        "finish_acs_dispatch_time": 0.016792367999999946
    },
    "t_user_25": {
        "redirect_time": 0.0030911169999998656,
        "build_auth_time": 0.0008548779999997258,
        "login_time": 0.002215159999999994,
        "acs_dispatch_time": 0.003546058000000407,
        "finish_acs_dispatch_time": 0.016599774000000345
    },
    "t_user_26": {
        "redirect_time": 0.0032445840000003834,
        "build_auth_time": 0.0009191280000000468,
        "login_time": 0.002301631999999998,
        "acs_dispatch_time": 0.0037377670000000585,
        "finish_acs_dispatch_time": 0.01717905100000028
    },
    "t_user_27": {
        "redirect_time": 0.00312331900000018,
        "build_auth_time": 0.0009116040000001213,
        "login_time": 0.002190074000000042,
        "acs_dispatch_time": 0.004010763000000139,
        "finish_acs_dispatch_time": 0.018716798000000257
    },
    "t_user_28": {
        "redirect_time": 0.0030867200000002093,
        "build_auth_time": 0.0008537660000000891,
        "login_time": 0.0022123559999998044,
        "acs_dispatch_time": 0.0033648809999999862,
        "finish_acs_dispatch_time": 0.01678359400000007
    },
    "t_user_29": {
        "redirect_time": 0.003200194000000156,
        "build_auth_time": 0.0009075259999997698,
        "login_time": 0.0022608980000002887,
        "acs_dispatch_time": 0.0034848149999997524,
        "finish_acs_dispatch_time": 0.05096826600000037
    },