{
    "t_user_1": {
        "redirect_time": 0.003125413999999993,
        "build_auth_time": 0.0008886510000000181,
        "login_time": 0.002216334999999958,
        "acs_dispatch_time": 0.00310703999999995,
        "finish_acs_dispatch_time": 0.016178485999999936
    },
    "t_user_2": {
        "redirect_time": 0.0030355330000000347,
        "build_auth_time": 0.0008372640000000042,
        "login_time": 0.0021780420000000467,
        "acs_dispatch_time": 0.003764527000000073,
        "finish_acs_dispatch_time": 0.021718213999999958
    },
    "t_user_3": {
        "redirect_time": 0.003669177999999995,
        "build_auth_time": 0.0014412929999999546,
        "login_time": 0.0022069660000000324,
        "acs_dispatch_time": 0.004044621999999998,
        "finish_acs_dispatch_time": 0.015886915999999918
    },
    "t_user_4": {
        "redirect_time": 0.003054470999999892,
        "build_auth_time": 0.0008143929999999688,
        "login_time": 0.002220841999999945,
        "acs_dispatch_time": 0.003575150999999943,
        "finish_acs_dispatch_time": 0.016614872999999974
    },
    "t_user_5": {
        "redirect_time": 0.002998496000000017,
        "build_auth_time": 0.000822548000000034,
        "login_time": 0.0021575239999999107,
        "acs_dispatch_time": 0.0028110639999999742,
        "finish_acs_dispatch_time": 0.01560821499999998
    },
    "t_user_6": {
        "redirect_time": 0.0038472609999999907,
        "build_auth_time": 0.0016148379999999518,
        "login_time": 0.0022107330000000758,
        "acs_dispatch_time": 0.0037429289999999504,
        "finish_acs_dispatch_time": 0.018413011999999895
    },
    "t_user_7": {
        "redirect_time": 0.0030045870000000585,
        "build_auth_time": 0.0008421050000000374,
        "login_time": 0.0021419839999999857,
        "acs_dispatch_time": 0.0037608980000000125,
        "finish_acs_dispatch_time": 0.01693061100000004
    },
    "t_user_8": {
        "redirect_time": 0.0029943780000000197,
        "build_auth_time": 0.0008400200000000524,
        "login_time": 0.002134710999999956,
        "acs_dispatch_time": 0.0030217889999999414,
        "finish_acs_dispatch_time": 0.017307962000000066
    },
    "t_user_9": {
        "redirect_time": 0.0030004999999999615,
        "build_auth_time": 0.0008514219999999906,
        "login_time": 0.0021297919999999637,
        "acs_dispatch_time": 0.003120535000000091,
        "finish_acs_dispatch_time": 0.01614900499999994
    },
    "t_user_10": {
        "redirect_time": 0.0030330499999999816,
        "build_auth_time": 0.0008608789999999811,
        "login_time": 0.0021522030000000747,
        "acs_dispatch_time": 0.0032488150000000715,
        "finish_acs_dispatch_time": 0.017228214000000186
    },
    "t_user_11": {
        "redirect_time": 0.0031062669999999404,
        "build_auth_time": 0.0008463119999999602,
        "login_time": 0.0022367910000000713,
        "acs_dispatch_time": 0.0033375280000000895,
        "finish_acs_dispatch_time": 0.01609703099999993
    },
    "t_user_12": {
        "redirect_time": 0.0030749580000000165,
        "build_auth_time": 0.0008826189999999734,
        "login_time": 0.00217344400000008,
        "acs_dispatch_time": 0.0032458470000000794,
        "finish_acs_dispatch_time": 0.016340937999999916
    },
    "t_user_13": {
        "redirect_time": 0.00314374900000014,
        "build_auth_time": 0.0008775520000001702,
        "login_time": 0.0022453080000000014,
        "acs_dispatch_time": 0.0031577629999999246,
        "finish_acs_dispatch_time": 0.01722059999999992
    },
    "t_user_14": {
        "redirect_time": 0.003089165000000005,
        "build_auth_time": 0.0008385989999999399,
        "login_time": 0.002229435999999918,
        "acs_dispatch_time": 0.0033952760000000026,
        "finish_acs_dispatch_time": 0.019784588999999908
    },
    "t_user_15": {
        "redirect_time": 0.0031274569999997226,
        "build_auth_time": 0.000859586999999884,
        "login_time": 0.002244555999999953,
        "acs_dispatch_time": 0.0033165500000000847,
        "finish_acs_dispatch_time": 0.015484101999999833
    },
    "t_user_16": {
        "redirect_time": 0.0032515260000001156,
        "build_auth_time": 0.0008436359999999254,
        "login_time": 0.0023878630000000456,
        "acs_dispatch_time": 0.0034281100000002063,
        "finish_acs_dispatch_time": 0.018428499000000098
    },
    "t_user_17": {
        "redirect_time": 0.003030003999999753,
        "build_auth_time": 0.0008419429999997341,
        "login_time": 0.002167362000000228,
        "acs_dispatch_time": 0.003545489999999596,
        "finish_acs_dispatch_time": 0.016484467999999808
    },
    "t_user_18": {
        "redirect_time": 0.0031319539999996593,
        "build_auth_time": 0.0008342299999997138,
        "login_time": 0.0022779370000001187,
        "acs_dispatch_time": 0.003556208999999644,
        "finish_acs_dispatch_time": 0.016811675000000026
    },
    "t_user_19": {
        "redirect_time": 0.003341929000000299,
        "build_auth_time": 0.0009986070000000957,
        "login_time": 0.002319245999999886,
        "acs_dispatch_time": 0.0033262039999999438,
        "finish_acs_dispatch_time": 0.01656888500000031
    },
    "t_user_20": {
        "redirect_time": 0.003219918999999738,
        "build_auth_time": 0.0008980689999997793,
        "login_time": 0.002300039000000087,
        "acs_dispatch_time": 0.003570853999999901,
        "finish_acs_dispatch_time": 0.016677011999999714
    },
    "t_user_21": {
        "redirect_time": 0.003153805000000176,
        "build_auth_time": 0.0008456699999999095,
        "login_time": 0.0022874660000002933,
        "acs_dispatch_time": 0.0033588780000002316,
        "finish_acs_dispatch_time": 0.016187102000000397
    },
    "t_user_22": {
        "redirect_time": 0.0032382329999998127,
        "build_auth_time": 0.0008634039999999565,
        "login_time": 0.002349782999999661,
        "acs_dispatch_time": 0.003365809000000386,
        "finish_acs_dispatch_time": 0.0180147719999999
    },
    "t_user_23": {
        "redirect_time": 0.0031338070000002105,
        "build_auth_time": 0.0009141979999998107,
        "login_time": 0.0021992010000002615,
        "acs_dispatch_time": 0.0033875740000000043,
        "finish_acs_dispatch_time": 0.01673415399999989
    },
    "t_user_24": {
        "redirect_time": 0.003066261000000292,
        "build_auth_time": 0.0008552289999999019,
        "login_time": 0.0021894520000000917,
        "acs_dispatch_time": 0.0035985369999997907,
        "finish_acs_dispatch_time": 0.016729687000000215
    },
    "t_user_25": {
        "redirect_time": 0.0030546509999997973,
        "build_auth_time": 0.0008552590000001636,
        "login_time": 0.0021787439999996216,
        "acs_dispatch_time": 0.004000787999999922,
        "finish_acs_dispatch_time": 0.01685479600000006
    },
    "t_user_26": {
        "redirect_time": 0.0030969480000000438,
        "build_auth_time": 0.0008630530000002246,
        "login_time": 0.0022137879999997168,
        "acs_dispatch_time": 0.00345525999999996,
        "finish_acs_dispatch_time": 0.016126244000000067
    },
    "t_user_27": {
        "redirect_time": 0.0032234239999997527,
        "build_auth_time": 0.0009300180000000324,
        "login_time": 0.002262999999999682,
        "acs_dispatch_time": 0.003322373000000045,
        "finish_acs_dispatch_time": 0.01770585300000027
    },
    "t_user_28": {
        "redirect_time": 0.0030572559999999527,
        "build_auth_time": 0.0008492890000000308,
        "login_time": 0.0021869080000000984,
        "acs_dispatch_time": 0.003196697999999998,
        "finish_acs_dispatch_time": 0.01704720599999998
    },
    "t_user_29": {
        "redirect_time": 0.0031801059999998493,
        "build_auth_time": 0.0009181269999998243,
        "login_time": 0.002235458999999995,
        "acs_dispatch_time": 0.004091186999999774,
        "finish_acs_dispatch_time": 0.04839960600000026
    },