{
    "t_user_1": {
        "redirect_time": 0.003095234999999974,
        "build_auth_time": 0.0008613899999999619,
        "login_time": 0.002212655000000008,
        "acs_dispatch_time": 0.004135570000000088,
        "finish_acs_dispatch_time": 0.026013399000000104
    },
    "t_user_2": {
        "redirect_time": 0.0030641270000000276,
        "build_auth_time": 0.0008669999999999511,
        "login_time": 0.0021778610000000587,
        "acs_dispatch_time": 0.003911751000000074,
        "finish_acs_dispatch_time": 0.01782195299999989
    },
    "t_user_3": {
        "redirect_time": 0.003539784999999962,
        "build_auth_time": 0.0013732370000000271,
        "login_time": 0.002139789000000003,
        "acs_dispatch_time": 0.0034643340000000133,
        "finish_acs_dispatch_time": 0.017955881999999868
    },
    "t_user_4": {
        "redirect_time": 0.003053474999999972,
        "build_auth_time": 0.0008508089999998969,
        "login_time": 0.0021832200000000412,
        "acs_dispatch_time": 0.0034814769999998996,
        "finish_acs_dispatch_time": 0.018898519000000058
    },
    "t_user_5": {
        "redirect_time": 0.0030351030000000945,
        "build_auth_time": 0.0008483460000000553,
        "login_time": 0.0021672510000000367,
        "acs_dispatch_time": 0.004152526999999906,
        "finish_acs_dispatch_time": 0.018323497000000133
    },
    "t_user_6": {
        "redirect_time": 0.0030595190000000105,
        "build_auth_time": 0.0008574430000000133,
        "login_time": 0.002183471000000048,
        "acs_dispatch_time": 0.00398558800000004,
        "finish_acs_dispatch_time": 0.017530692000000014
    },
    "t_user_7": {
        "redirect_time": 0.003104443999999984,
        "build_auth_time": 0.000875547000000032,
        "login_time": 0.0022069660000000324,
        "acs_dispatch_time": 0.0037295379999999767,
        "finish_acs_dispatch_time": 0.01810919200000005
    },
    "t_user_8": {
        "redirect_time": 0.0032889160000000306,
        "build_auth_time": 0.0008557590000000115,
        "login_time": 0.002411467000000056,
        "acs_dispatch_time": 0.0036290130000000698,
        "finish_acs_dispatch_time": 0.017039417999999973
    },
    "t_user_9": {
        "redirect_time": 0.003119791999999899,
        "build_auth_time": 0.0008823499999999207,
        "login_time": 0.002215271000000074,
        "acs_dispatch_time": 0.0034598079999998976,
        "finish_acs_dispatch_time": 0.018664990999999853
    },
    "t_user_10": {
        "redirect_time": 0.0031466639999999657,
        "build_auth_time": 0.0008650690000000516,
        "login_time": 0.002260024999999999,
        "acs_dispatch_time": 0.0047527779999998465,
        "finish_acs_dispatch_time": 0.01770921099999989
    },
    "t_user_11": {
        "redirect_time": 0.003041634999999987,
        "build_auth_time": 0.0008349309999999832,
        "login_time": 0.002187358000000028,
        "acs_dispatch_time": 0.0032949470000001035,
        "finish_acs_dispatch_time": 0.018296579999999896
    },
    "t_user_12": {
        "redirect_time": 0.003135922000000013,
        "build_auth_time": 0.000878052000000018,
        "login_time": 0.0022363509999998588,
        "acs_dispatch_time": 0.0032627910000000426,
        "finish_acs_dispatch_time": 0.016595142000000118
    },
    "t_user_13": {
        "redirect_time": 0.003206862000000088,
        "build_auth_time": 0.000839908999999972,
        "login_time": 0.0023455219999999333,
        "acs_dispatch_time": 0.00340174999999987,
        "finish_acs_dispatch_time": 0.017708873999999986
    },
    "t_user_14": {
        "redirect_time": 0.0030124020000001916,
        "build_auth_time": 0.0008540260000000632,
        "login_time": 0.0021403019999999273,
        "acs_dispatch_time": 0.0031777200000000505,
        "finish_acs_dispatch_time": 0.016106124
    },
    "t_user_15": {
        "redirect_time": 0.0030667630000000834,
        "build_auth_time": 0.0008259139999999832,
        "login_time": 0.00222228400000013,
        "acs_dispatch_time": 0.0033683080000002086,
        "finish_acs_dispatch_time": 0.01667618400000004
    },
    "t_user_16": {
        "redirect_time": 0.0030643580000000448,
        "build_auth_time": 0.0008436669999998259,
        "login_time": 0.002200654000000135,
        "acs_dispatch_time": 0.003432495000000202,
        "finish_acs_dispatch_time": 0.015967054999999952
    },
    "t_user_17": {
        "redirect_time": 0.0031048939999998026,
        "build_auth_time": 0.0008886310000000286,
        "login_time": 0.002194561999999678,
        "acs_dispatch_time": 0.003391058000000058,
        "finish_acs_dispatch_time": 0.01715782499999996
    },
    "t_user_18": {
        "redirect_time": 0.003174793999999981,
        "build_auth_time": 0.0008745550000002211,
        "login_time": 0.002272486999999934,
        "acs_dispatch_time": 0.0035145299999999047,
        "finish_acs_dispatch_time": 0.016553752999999727
    },
    "t_user_19": {
        "redirect_time": 0.003017591999999958,
        "build_auth_time": 0.0008506200000000241,
        "login_time": 0.002148787999999957,
        "acs_dispatch_time": 0.003386123000000296,
        "finish_acs_dispatch_time": 0.01723217999999971
    },
    "t_user_20": {
        "redirect_time": 0.00323407600000003,
        "build_auth_time": 0.0009946389999999639,
        "login_time": 0.0022183170000000807,
        "acs_dispatch_time": 0.003590109000000119,
        "finish_acs_dispatch_time": 0.01803162700000005
    },
    "t_user_21": {
        "redirect_time": 0.0031253040000001064,
        "build_auth_time": 0.0009068459999999057,
        "login_time": 0.0021978500000003898,
        "acs_dispatch_time": 0.0034317829999999105,
        "finish_acs_dispatch_time": 0.01742451299999992
    },
    "t_user_22": {
        "redirect_time": 0.0030433300000001218,
        "build_auth_time": 0.0008679219999998544,
        "login_time": 0.0021538979999999874,
        "acs_dispatch_time": 0.003615968999999719,
        "finish_acs_dispatch_time": 0.017751973999999837
    },
    "t_user_23": {
        "redirect_time": 0.003143514000000014,
        "build_auth_time": 0.0008648459999998082,
        "login_time": 0.002257338000000164,
        "acs_dispatch_time": 0.004384346999999789,
        "finish_acs_dispatch_time": 0.018231337000000014
    },
    "t_user_24": {
        "redirect_time": 0.003703023999999999,
        "build_auth_time": 0.0011234620000002415,
        "login_time": 0.0025445660000000814,
        "acs_dispatch_time": 0.00336861399999977,
        "finish_acs_dispatch_time": 0.01644689099999974
    },
    "t_user_25": {
        "redirect_time": 0.003174082999999772,
        "build_auth_time": 0.0009256799999999288,
        "login_time": 0.0022266329999998113,
        "acs_dispatch_time": 0.003316748000000036,
        "finish_acs_dispatch_time": 0.016404010000000024
    },
    "t_user_26": {
        "redirect_time": 0.0031410320000002656,
        "build_auth_time": 0.0008917059999999921,
        "login_time": 0.002227405000000182,
        "acs_dispatch_time": 0.002727076000000217,
        "finish_acs_dispatch_time": 0.015596327999999993
    },
    "t_user_27": {
        "redirect_time": 0.0031161349999999644,
        "build_auth_time": 0.0008353809999999129,
        "login_time": 0.00226102699999986,
        "acs_dispatch_time": 0.003329114000000022,
        "finish_acs_dispatch_time": 0.01616997699999967
    },
    "t_user_28": {
        "redirect_time": 0.0030235300000001075,
        "build_auth_time": 0.0008226769999999384,
        "login_time": 0.002179463000000048,
        "acs_dispatch_time": 0.00288753900000005,
        "finish_acs_dispatch_time": 0.016047975000000214
    },
    "t_user_29": {
        "redirect_time": 0.0031741749999998348,
        "build_auth_time": 0.0008811879999996997,
        "login_time": 0.002268139999999974,
        "acs_dispatch_time": 0.003134800000000215,
        "finish_acs_dispatch_time": 0.016015960999999912
    },