{
    "t_user_1": {
        "redirect_time": 0.0030893069999999856,
        "build_auth_time": 0.0008612800000000198,
        "login_time": 0.002205654999999973,
        "acs_dispatch_time": 0.0038618510000000272,
        "finish_acs_dispatch_time": 0.02533016499999996
    },
    "t_user_2": {
        "redirect_time": 0.003043069000000065,
        "build_auth_time": 0.000867091000000042,
        "login_time": 0.0021528440000000426,
        "acs_dispatch_time": 0.0034687030000000174,
        "finish_acs_dispatch_time": 0.022276787999999992
    },
    "t_user_3": {
        "redirect_time": 0.0035996090000000036,
        "build_auth_time": 0.0013868830000000054,
        "login_time": 0.0021902240000000184,
        "acs_dispatch_time": 0.004789496000000004,
        "finish_acs_dispatch_time": 0.01793193999999998
    },
    "t_user_4": {
        "redirect_time": 0.003032990000000013,
        "build_auth_time": 0.0008266150000000305,
        "login_time": 0.0021854769999999357,
        "acs_dispatch_time": 0.0037647969999999864,
        "finish_acs_dispatch_time": 0.01746373900000009
    },
    "t_user_5": {
        "redirect_time": 0.0030489590000000177,
        "build_auth_time": 0.0008672010000000396,
        "login_time": 0.0021606389999999642,
        "acs_dispatch_time": 0.0032920039999999595,
        "finish_acs_dispatch_time": 0.01607583899999998
    },
    "t_user_6": {
        "redirect_time": 0.0030965480000000323,
        "build_auth_time": 0.0008762979999999976,
        "login_time": 0.002196556000000016,
        "acs_dispatch_time": 0.002973671000000011,
        "finish_acs_dispatch_time": 0.01729965400000011
    },
    "t_user_7": {
        "redirect_time": 0.003132856000000017,
        "build_auth_time": 0.0008810270000000342,
        "login_time": 0.0022257199999999866,
        "acs_dispatch_time": 0.004070298000000028,
        "finish_acs_dispatch_time": 0.016819751999999966
    },
    "t_user_8": {
        "redirect_time": 0.003602804000000015,
        "build_auth_time": 0.0013254270000000457,
        "login_time": 0.0022531919999999594,
        "acs_dispatch_time": 0.003567834999999908,
        "finish_acs_dispatch_time": 0.016914090999999853
    },
    "t_user_9": {
        "redirect_time": 0.003037888000000155,
        "build_auth_time": 0.0008585540000001224,
        "login_time": 0.0021599679999999566,
        "acs_dispatch_time": 0.0034451910000001806,
        "finish_acs_dispatch_time": 0.01639894900000005
    },
    "t_user_10": {
        "redirect_time": 0.0031705879999999187,
        "build_auth_time": 0.0008747959999999555,
        "login_time": 0.0022752340000000704,
        "acs_dispatch_time": 0.0032133500000000037,
        "finish_acs_dispatch_time": 0.02069690199999985
    },
    "t_user_11": {
        "redirect_time": 0.0033044269999999987,
        "build_auth_time": 0.0009899920000000506,
        "login_time": 0.0022848699999999944,
        "acs_dispatch_time": 0.003340012999999864,
        "finish_acs_dispatch_time": 0.017483103
    },
    "t_user_12": {
        "redirect_time": 0.003314036000000131,
        "build_auth_time": 0.0009048110000000609,
        "login_time": 0.0023839180000000404,
        "acs_dispatch_time": 0.0037344299999999553,
        "finish_acs_dispatch_time": 0.017549312999999955
    },
    "t_user_13": {
        "redirect_time": 0.0031731809999999694,
        "build_auth_time": 0.000987003999999958,
        "login_time": 0.002163294000000038,
        "acs_dispatch_time": 0.0035966950000001496,
        "finish_acs_dispatch_time": 0.017045131999999796
    },
    "t_user_14": {
        "redirect_time": 0.0032512470000001237,
        "build_auth_time": 0.0009532400000000774,
        "login_time": 0.0022440950000000015,
        "acs_dispatch_time": 0.0034650689999999873,
        "finish_acs_dispatch_time": 0.01708880200000018
    },
    "t_user_15": {
        "redirect_time": 0.0031299220000002848,
        "build_auth_time": 0.0008984600000001564,
        "login_time": 0.0022082590000001012,
        "acs_dispatch_time": 0.0037269140000000256,
        "finish_acs_dispatch_time": 0.018841781000000335
    },
    "t_user_16": {
        "redirect_time": 0.0032840109999998646,
        "build_auth_time": 0.0009390359999996711,
        "login_time": 0.002322482999999931,
        "acs_dispatch_time": 0.0036705489999997454,
        "finish_acs_dispatch_time": 0.017920675000000053
    },
    "t_user_17": {
        "redirect_time": 0.003246239000000095,
        "build_auth_time": 0.0009451569999998632,
        "login_time": 0.002269642999999988,
        "acs_dispatch_time": 0.003557709999999936,
        "finish_acs_dispatch_time": 0.019104049000000067
    },
    "t_user_18": {
        "redirect_time": 0.0034383670000002198,
        "build_auth_time": 0.0009594439999998094,
        "login_time": 0.0024517720000001297,
        "acs_dispatch_time": 0.003519499000000259,
        "finish_acs_dispatch_time": 0.017385929000000022
    },
    "t_user_19": {
        "redirect_time": 0.0031295790000003265,
        "build_auth_time": 0.000912304000000308,
        "login_time": 0.002193870999999792,
        "acs_dispatch_time": 0.0032410569999998806,
        "finish_acs_dispatch_time": 0.016317347999999843
    },
    "t_user_20": {
        "redirect_time": 0.0031766890000000103,
        "build_auth_time": 0.0008791339999998371,
        "login_time": 0.0022712450000001994,
        "acs_dispatch_time": 0.0030591379999997947,
        "finish_acs_dispatch_time": 0.017334335000000145
    },
    "t_user_21": {
        "redirect_time": 0.0030984729999996574,
        "build_auth_time": 0.0008510609999996532,
        "login_time": 0.0022270640000003894,
        "acs_dispatch_time": 0.0034691449999999513,
        "finish_acs_dispatch_time": 0.01771785700000006
    },
    "t_user_22": {
        "redirect_time": 0.003143967000000192,
        "build_auth_time": 0.0008931700000003318,
        "login_time": 0.0022290069999999496,
        "acs_dispatch_time": 0.003529055000000003,
        "finish_acs_dispatch_time": 0.018763744999999776
    },
    "t_user_23": {
        "redirect_time": 0.0030594580000000704,
        "build_auth_time": 0.0008284780000002989,
        "login_time": 0.0022091089999998204,
        "acs_dispatch_time": 0.003620699999999921,
        "finish_acs_dispatch_time": 0.017969526999999985
    },
    "t_user_24": {
        "redirect_time": 0.0030343720000001184,
        "build_auth_time": 0.000834880999999843,
        "login_time": 0.0021800050000000404,
        "acs_dispatch_time": 0.0034982230000002446,
        "finish_acs_dispatch_time": 0.016385217999999924
    },
    "t_user_25": {
        "redirect_time": 0.0030565439999996613,
        "build_auth_time": 0.0008613499999996499,
        "login_time": 0.0021758279999999353,
        "acs_dispatch_time": 0.0038512320000001488,
        "finish_acs_dispatch_time": 0.01950915899999961
    },
    "t_user_26": {
        "redirect_time": 0.0031120879999999573,
        "build_auth_time": 0.0008770500000001569,
        "login_time": 0.002214057999999852,
        "acs_dispatch_time": 0.003380270000000074,
        "finish_acs_dispatch_time": 0.01822695200000002
    },
    "t_user_27": {
        "redirect_time": 0.0032010819999999107,
        "build_auth_time": 0.0009701239999997391,
        "login_time": 0.0022049490000002336,
        "acs_dispatch_time": 0.0036486380000000374,
        "finish_acs_dispatch_time": 0.01797269400000001
    },
    "t_user_28": {
        "redirect_time": 0.0029767650000001034,
        "build_auth_time": 0.000836633000000031,
        "login_time": 0.0021199140000001115,
        "acs_dispatch_time": 0.003411308000000002,
        "finish_acs_dispatch_time": 0.01568167900000006
    },
    "t_user_29": {
        "redirect_time": 0.0030154260000001543,
        "build_auth_time": 0.0008634440000001575,
        "login_time": 0.0021265749999996864,
        "acs_dispatch_time": 0.0034149179999998225,
        "finish_acs_dispatch_time": 0.01615618399999974
    },