{
    "t_user_1": {
        "redirect_time": 0.0030434689999999653,
        "build_auth_time": 0.0008398399999999806,
        "login_time": 0.0021843429999999775,
        "acs_dispatch_time": 0.004301471999999973,
        "finish_acs_dispatch_time": 0.020388243000000084
    },
    "t_user_2": {
        "redirect_time": 0.0030629039999999774,
        "build_auth_time": 0.0008622309999999911,
        "login_time": 0.0021798040000000074,
        "acs_dispatch_time": 0.003381429000000047,
        "finish_acs_dispatch_time": 0.017390286000000144
    },
    "t_user_3": {
        "redirect_time": 0.003652537999999983,
        "build_auth_time": 0.00139202099999991,
        "login_time": 0.0022342580000001,
        "acs_dispatch_time": 0.0027384699999999373,
        "finish_acs_dispatch_time": 0.017804472999999987
    },
    "t_user_4": {
        "redirect_time": 0.0031404790000000293,
        "build_auth_time": 0.0008841630000000489,
        "login_time": 0.002234524999999987,
        "acs_dispatch_time": 0.0029567360000000154,
        "finish_acs_dispatch_time": 0.01519359500000006
    },
    "t_user_5": {
        "redirect_time": 0.00316817200000008,
        "build_auth_time": 0.0009500850000000449,
        "login_time": 0.0021975690000000103,
        "acs_dispatch_time": 0.002872190000000052,
        "finish_acs_dispatch_time": 0.015720654999999972
    },
    "t_user_6": {
        "redirect_time": 0.0031484670000000436,
        "build_auth_time": 0.0009070660000000119,
        "login_time": 0.002219630000000028,
        "acs_dispatch_time": 0.0033163780000000642,
        "finish_acs_dispatch_time": 0.017858231000000058
    },
    "t_user_7": {
        "redirect_time": 0.003046555000000062,
        "build_auth_time": 0.0008443790000000062,
        "login_time": 0.0021801850000000567,
        "acs_dispatch_time": 0.0028568939999999987,
        "finish_acs_dispatch_time": 0.01713714200000005
    },
    "t_user_8": {
        "redirect_time": 0.0029771269999999683,
        "build_auth_time": 0.0008169780000000237,
        "login_time": 0.0021399109999999943,
        "acs_dispatch_time": 0.002927593999999978,
        "finish_acs_dispatch_time": 0.016792924999999848
    },
    "t_user_9": {
        "redirect_time": 0.0029743399999999642,
        "build_auth_time": 0.000813320999999978,
        "login_time": 0.002142214000000031,
        "acs_dispatch_time": 0.003133679000000056,
        "finish_acs_dispatch_time": 0.016829737000000122
    },
    "t_user_10": {
        "redirect_time": 0.003090247000000046,
        "build_auth_time": 0.0008244320000001526,
        "login_time": 0.002235618999999911,
        "acs_dispatch_time": 0.0033213510000000834,
        "finish_acs_dispatch_time": 0.01737378300000003
    },
    "t_user_11": {
        "redirect_time": 0.0031078989999999695,
        "build_auth_time": 0.0008736730000000748,
        "login_time": 0.0022121849999998666,
        "acs_dispatch_time": 0.0033177020000001445,
        "finish_acs_dispatch_time": 0.016426483000000047
    },
    "t_user_12": {
        "redirect_time": 0.0036624940000000716,
        "build_auth_time": 0.0008993200000000368,
        "login_time": 0.002713661000000034,
        "acs_dispatch_time": 0.003487952000000183,
        "finish_acs_dispatch_time": 0.016693330999999922
    },
    "t_user_14": {
        "redirect_time": 0.003118087000000047,
        "build_auth_time": 0.0008039829999999526,
        "login_time": 0.0022916829999999333,
        "acs_dispatch_time": 0.003234489000000007,
        "finish_acs_dispatch_time": 0.01683148499999998
    },
    "t_user_13": {
        "redirect_time": 0.003152593000000037,
        "build_auth_time": 0.0008763080000000478,
        "login_time": 0.0022549649999998866,
        "acs_dispatch_time": 0.003252161000000031,
        "finish_acs_dispatch_time": 0.01689863299999983
    },
    "t_user_15": {
        "redirect_time": 0.003125193000000026,
        "build_auth_time": 0.0009648639999999542,
        "login_time": 0.0021416229999999814,
        "acs_dispatch_time": 0.0034051669999999312,
        "finish_acs_dispatch_time": 0.017427145999999727
    },
    "t_user_16": {
        "redirect_time": 0.0030430480000003257,
        "build_auth_time": 0.000866530000000143,
        "login_time": 0.0021542860000001163,
        "acs_dispatch_time": 0.0033642680000003367,
        "finish_acs_dispatch_time": 0.017142918999999868
    },
    "t_user_17": {
        "redirect_time": 0.0030640980000002926,
        "build_auth_time": 0.0008403820000002504,
        "login_time": 0.002203628999999818,
        "acs_dispatch_time": 0.003421856000000112,
        "finish_acs_dispatch_time": 0.01771205699999978
    },
    "t_user_18": {
        "redirect_time": 0.003288125000000086,
        "build_auth_time": 0.0008528230000002246,
        "login_time": 0.002414322999999996,
        "acs_dispatch_time": 0.0034039379999999397,
        "finish_acs_dispatch_time": 0.016484646999999963
    },
    "t_user_19": {
        "redirect_time": 0.0032250679999998866,
        "build_auth_time": 0.0009232759999999729,
        "login_time": 0.00227997000000002,
        "acs_dispatch_time": 0.0033578470000001914,
        "finish_acs_dispatch_time": 0.016226451000000086
    },
    "t_user_20": {
        "redirect_time": 0.0030675259999997095,
        "build_auth_time": 0.0008387889999998954,
        "login_time": 0.002209892000000213,
        "acs_dispatch_time": 0.003061072999999581,
        "finish_acs_dispatch_time": 0.015701147999999776
    },
    "t_user_21": {
        "redirect_time": 0.003022238999999871,
        "build_auth_time": 0.0008536370000000737,
        "login_time": 0.002142163999999891,
        "acs_dispatch_time": 0.0033935309999999497,
        "finish_acs_dispatch_time": 0.015803836999999987
    },
    "t_user_22": {
        "redirect_time": 0.0030537769999998687,
        "build_auth_time": 0.0008681029999997314,
        "login_time": 0.002166529000000139,
        "acs_dispatch_time": 0.0030234500000001496,
        "finish_acs_dispatch_time": 0.016010281000000237
    },
    "t_user_23": {
        "redirect_time": 0.0030896629999999092,
        "build_auth_time": 0.0008709769999999395,
        "login_time": 0.0021989289999999606,
        "acs_dispatch_time": 0.0035550959999999243,
        "finish_acs_dispatch_time": 0.016331996999999987
    },
    "t_user_24": {
        "redirect_time": 0.0030600299999998803,
        "build_auth_time": 0.0008496879999997375,
        "login_time": 0.0021885010000000094,
        "acs_dispatch_time": 0.003446772000000209,
        "finish_acs_dispatch_time": 0.01601736099999984
    },
    "t_user_25": {
        "redirect_time": 0.0030046370000000877,
        "build_auth_time": 0.0008308240000003408,
        "login_time": 0.0021533549999999124,
        "acs_dispatch_time": 0.0028409099999997522,
        "finish_acs_dispatch_time": 0.017016912999999967
    },
    "t_user_26": {
        "redirect_time": 0.0034011549999997115,
        "build_auth_time": 0.001001841999999975,
        "login_time": 0.0023770819999997528,
        "acs_dispatch_time": 0.00311189799999978,
        "finish_acs_dispatch_time": 0.015704760000000206
    },
    "t_user_27": {
        "redirect_time": 0.0031155549999999366,
        "build_auth_time": 0.0008804360000000955,
        "login_time": 0.0022160840000000626,
        "acs_dispatch_time": 0.0034718990000000005,
        "finish_acs_dispatch_time": 0.016557927000000028
    },
    "t_user_28": {
        "redirect_time": 0.003125042000000189,
        "build_auth_time": 0.0008932399999999063,
        "login_time": 0.002207557000000193,
        "acs_dispatch_time": 0.003192599000000129,
        "finish_acs_dispatch_time": 0.01678207399999998
    },
    "t_user_29": {
        "redirect_time": 0.003094955999999982,
        "build_auth_time": 0.0008414740000000087,
        "login_time": 0.0022324419999999456,
        "acs_dispatch_time": 0.0027828500000000034,
        "finish_acs_dispatch_time": 0.015742411000000178
    },