{
    "t_user_1": {
        "redirect_time": 0.0030216880000000224,
        "build_auth_time": 0.0008201030000000165,
        "login_time": 0.0021810569999999863,
        "acs_dispatch_time": 0.0038974339999999774,
        "finish_acs_dispatch_time": 0.01584181600000001
    },
    "t_user_2": {
        "redirect_time": 0.003000818999999988,
        "build_auth_time": 0.0008546269999999967,
        "login_time": 0.002125604000000003,
        "acs_dispatch_time": 0.0031930909999999812,
        "finish_acs_dispatch_time": 0.015988345999999987
    },
    "t_user_3": {
        "redirect_time": 0.003815172999999894,
        "build_auth_time": 0.0014538479999999243,
        "login_time": 0.0023390340000000176,
        "acs_dispatch_time": 0.0027167679999999805,
        "finish_acs_dispatch_time": 0.015463766999999962
    },
    "t_user_4": {
        "redirect_time": 0.003140721999999929,
        "build_auth_time": 0.0009116849999999399,
        "login_time": 0.0022073860000000334,
        "acs_dispatch_time": 0.004663318999999944,
        "finish_acs_dispatch_time": 0.021086806000000013
    },
    "t_user_5": {
        "redirect_time": 0.0030765500000000667,
        "build_auth_time": 0.0008793930000000616,
        "login_time": 0.002177870999999998,
        "acs_dispatch_time": 0.0030691870000000288,
        "finish_acs_dispatch_time": 0.01587080900000004
    },
    "t_user_6": {
        "redirect_time": 0.0030957249999999936,
        "build_auth_time": 0.0008435270000000106,
        "login_time": 0.002230858999999974,
        "acs_dispatch_time": 0.0033354720000000615,
        "finish_acs_dispatch_time": 0.017226506000000086
    },
    "t_user_7": {
        "redirect_time": 0.0029939160000000964,
        "build_auth_time": 0.000815605000000108,
        "login_time": 0.002157862999999982,
        "acs_dispatch_time": 0.0038108530000000584,
        "finish_acs_dispatch_time": 0.020552495999999865
    },
    "t_user_8": {
        "redirect_time": 0.0031590059999999642,
        "build_auth_time": 0.0009095099999998357,
        "login_time": 0.002225671000000151,
        "acs_dispatch_time": 0.0036311069999999113,
        "finish_acs_dispatch_time": 0.019311203
    },
    "t_user_9": {
        "redirect_time": 0.0032104910000001485,
        "build_auth_time": 0.0009108120000000941,
        "login_time": 0.0022699340000000845,
        "acs_dispatch_time": 0.003503918999999911,
        "finish_acs_dispatch_time": 0.017306041000000105
    },
    "t_user_10": {
        "redirect_time": 0.0033060900000001503,
        "build_auth_time": 0.0010002289999999636,
        "login_time": 0.0022768960000001393,
        "acs_dispatch_time": 0.0031313129999999134,
        "finish_acs_dispatch_time": 0.016604067999999916
    },
    "t_user_11": {
        "redirect_time": 0.0030421899999999447,
        "build_auth_time": 0.0008404829999999475,
        "login_time": 0.0021804470000001963,
        "acs_dispatch_time": 0.0034602389999998096,
        "finish_acs_dispatch_time": 0.016878999999999866
    },
    "t_user_12": {
        "redirect_time": 0.0030483589999998895,
        "build_auth_time": 0.0008657089999999368,
        "login_time": 0.0021620719999999594,
        "acs_dispatch_time": 0.003268606999999868,
        "finish_acs_dispatch_time": 0.016413255000000015
    },
    "t_user_13": {
        "redirect_time": 0.0032229839999999843,
        "build_auth_time": 0.0009524999999999118,
        "login_time": 0.0022470600000001895,
        "acs_dispatch_time": 0.002932984000000083,
        "finish_acs_dispatch_time": 0.015187029000000019
    },
    "t_user_14": {
        "redirect_time": 0.003559874999999879,
        "build_auth_time": 0.001446934999999927,
        "login_time": 0.0020954970000000017,
        "acs_dispatch_time": 0.0031008439999999915,
        "finish_acs_dispatch_time": 0.01611882199999992
    },
    "t_user_15": {
        "redirect_time": 0.003026678000000338,
        "build_auth_time": 0.0008339190000001828,
        "login_time": 0.0021723310000001383,
        "acs_dispatch_time": 0.0035099110000000877,
        "finish_acs_dispatch_time": 0.016959302000000065
    },
    "t_user_16": {
        "redirect_time": 0.0030567139999999604,
        "build_auth_time": 0.0008479650000001726,
        "login_time": 0.002185895999999854,
        "acs_dispatch_time": 0.00422766199999991,
        "finish_acs_dispatch_time": 0.015891150000000298
    },
    "t_user_17": {
        "redirect_time": 0.0030807099999998755,
        "build_auth_time": 0.0008670409999997908,
        "login_time": 0.0021944619999998416,
        "acs_dispatch_time": 0.0035843700000000034,
        "finish_acs_dispatch_time": 0.01686801399999993
    },
    "t_user_18": {
        "redirect_time": 0.003146964000000363,
        "build_auth_time": 0.0008864980000002909,
        "login_time": 0.002237853000000012,
        "acs_dispatch_time": 0.0035750519999999675,
        "finish_acs_dispatch_time": 0.01779230899999984
    },
    "t_user_19": {
        "redirect_time": 0.0031959650000001893,
        "build_auth_time": 0.0009073550000002761,
        "login_time": 0.002264845999999654,
        "acs_dispatch_time": 0.0035297879999998116,
        "finish_acs_dispatch_time": 0.017265373999999944
    },
    "t_user_20": {
        "redirect_time": 0.0032237180000000976,
        "build_auth_time": 0.000911895000000218,
        "login_time": 0.0022874569999999927,
        "acs_dispatch_time": 0.003977483000000337,
        "finish_acs_dispatch_time": 0.02076331400000031
    },
    "t_user_21": {
        "redirect_time": 0.0032087579999999782,
        "build_auth_time": 0.0009461889999999862,
        "login_time": 0.0022383430000001425,
        "acs_dispatch_time": 0.0035626390000000896,
        "finish_acs_dispatch_time": 0.015706985000000007
    },
    "t_user_22": {
        "redirect_time": 0.0030965969999998677,
        "build_auth_time": 0.0008777799999997171,
        "login_time": 0.0021967350000000607,
        "acs_dispatch_time": 0.003373375000000234,
        "finish_acs_dispatch_time": 0.016844596000000323
    },
    "t_user_23": {
        "redirect_time": 0.004436494000000124,
        "build_auth_time": 0.0012866960000001981,
        "login_time": 0.0031221769999998372,
        "acs_dispatch_time": 0.0033803480000003105,
        "finish_acs_dispatch_time": 0.017087952999999878
    },
    "t_user_24": {
        "redirect_time": 0.0031244419999998385,
        "build_auth_time": 0.0009365909999998756,
        "login_time": 0.002167253000000091,
        "acs_dispatch_time": 0.0033072230000001923,
        "finish_acs_dispatch_time": 0.015663414000000042
    },
    "t_user_25": {
        "redirect_time": 0.003065460999999825,
        "build_auth_time": 0.0008948730000000182,
        "login_time": 0.0021503499999999676,
        "acs_dispatch_time": 0.0030122910000001113,
        "finish_acs_dispatch_time": 0.02040872000000027
    },
    "t_user_26": {
        "redirect_time": 0.0031492279999998374,
        "build_auth_time": 0.0008893119999999755,
        "login_time": 0.0022391969999997485,
        "acs_dispatch_time": 0.003386457000000398,
        "finish_acs_dispatch_time": 0.01761843200000035
    },
    "t_user_28": {
        "redirect_time": 0.00309975600000012,
        "build_auth_time": 0.0008514520000000303,
        "login_time": 0.0022248299999998444,
        "acs_dispatch_time": 0.003283718999999685,
        "finish_acs_dispatch_time": 0.01647232799999987
    },
    "t_user_27": {
        "redirect_time": 0.0029409560000002166,
        "build_auth_time": 0.0008022300000001259,
        "login_time": 0.0021216439999998116,
        "acs_dispatch_time": 0.003075640000000046,
        "finish_acs_dispatch_time": 0.0156803240000003
    },
    "t_user_29": {
        "redirect_time": 0.0031686630000002936,
        "build_auth_time": 0.0009016850000000964,
        "login_time": 0.0022447360000001915,
        "acs_dispatch_time": 0.003309417999999731,
        "finish_acs_dispatch_time": 0.04596556399999985
    },